"","ccode","abbrev","country","year","ccode_gw","ccode_polity","coup1","coup2","coup3","coup4","date1","date2","date3","date4","version"
"1",2,"USA","United States of America",1950,NA,NA,0,0,0,0,"","","","","V2025.09.12"
"2",2,"USA","United States of America",1951,NA,NA,0,0,0,0,"","","","","V2025.09.12"
"3",2,"USA","United States of America",1952,NA,NA,0,0,0,0,"","","","","V2025.09.12"
"4",2,"USA","United States of America",1953,NA,NA,0,0,0,0,"","","","","V2025.09.12"
"5",2,"USA","United States of America",1954,NA,NA,0,0,0,0,"","","","","V2025.09.12"
"6",2,"USA","United States of America",1955,NA,NA,0,0,0,0,"","","","","V2025.09.12"
"7",2,"USA","United States of America",1956,NA,NA,0,0,0,0,"","","","","V2025.09.12"
"8",2,"USA","United States of America",1957,NA,NA,0,0,0,0,"","","","","V2025.09.12"
"9",2,"USA","United States of America",1958,NA,NA,0,0,0,0,"","","","","V2025.09.12"
"10",2,"USA","United States of America",1959,NA,NA,0,0,0,0,"","","","","V2025.09.12"
"11",2,"USA","United States of America",1960,NA,NA,0,0,0,0,"","","","","V2025.09.12"
"12",2,"USA","United States of America",1961,NA,NA,0,0,0,0,"","","","","V2025.09.12"
"13",2,"USA","United States of America",1962,NA,NA,0,0,0,0,"","","","","V2025.09.12"
"14",2,"USA","United States of America",1963,NA,NA,0,0,0,0,"","","","","V2025.09.12"
"15",2,"USA","United States of America",1964,NA,NA,0,0,0,0,"","","","","V2025.09.12"
"16",2,"USA","United States of America",1965,NA,NA,0,0,0,0,"","","","","V2025.09.12"
"17",2,"USA","United States of America",1966,NA,NA,0,0,0,0,"","","","","V2025.09.12"
"18",2,"USA","United States of America",1967,NA,NA,0,0,0,0,"","","","","V2025.09.12"
"19",2,"USA","United States of America",1968,NA,NA,0,0,0,0,"","","","","V2025.09.12"
"20",2,"USA","United States of America",1969,NA,NA,0,0,0,0,"","","","","V2025.09.12"
"21",2,"USA","United States of America",1970,NA,NA,0,0,0,0,"","","","","V2025.09.12"
"22",2,"USA","United States of America",1971,NA,NA,0,0,0,0,"","","","","V2025.09.12"
"23",2,"USA","United States of America",1972,NA,NA,0,0,0,0,"","","","","V2025.09.12"
"24",2,"USA","United States of America",1973,NA,NA,0,0,0,0,"","","","","V2025.09.12"
"25",2,"USA","United States of America",1974,NA,NA,0,0,0,0,"","","","","V2025.09.12"
"26",2,"USA","United States of America",1975,NA,NA,0,0,0,0,"","","","","V2025.09.12"
"27",2,"USA","United States of America",1976,NA,NA,0,0,0,0,"","","","","V2025.09.12"
"28",2,"USA","United States of America",1977,NA,NA,0,0,0,0,"","","","","V2025.09.12"
"29",2,"USA","United States of America",1978,NA,NA,0,0,0,0,"","","","","V2025.09.12"
"30",2,"USA","United States of America",1979,NA,NA,0,0,0,0,"","","","","V2025.09.12"
"31",2,"USA","United States of America",1980,NA,NA,0,0,0,0,"","","","","V2025.09.12"
"32",2,"USA","United States of America",1981,NA,NA,0,0,0,0,"","","","","V2025.09.12"
"33",2,"USA","United States of America",1982,NA,NA,0,0,0,0,"","","","","V2025.09.12"
"34",2,"USA","United States of America",1983,NA,NA,0,0,0,0,"","","","","V2025.09.12"
"35",2,"USA","United States of America",1984,NA,NA,0,0,0,0,"","","","","V2025.09.12"
"36",2,"USA","United States of America",1985,NA,NA,0,0,0,0,"","","","","V2025.09.12"
"37",2,"USA","United States of America",1986,NA,NA,0,0,0,0,"","","","","V2025.09.12"
"38",2,"USA","United States of America",1987,NA,NA,0,0,0,0,"","","","","V2025.09.12"
"39",2,"USA","United States of America",1988,NA,NA,0,0,0,0,"","","","","V2025.09.12"
"40",2,"USA","United States of America",1989,NA,NA,0,0,0,0,"","","","","V2025.09.12"
"41",2,"USA","United States of America",1990,NA,NA,0,0,0,0,"","","","","V2025.09.12"
"42",2,"USA","United States of America",1991,NA,NA,0,0,0,0,"","","","","V2025.09.12"
"43",2,"USA","United States of America",1992,NA,NA,0,0,0,0,"","","","","V2025.09.12"
"44",2,"USA","United States of America",1993,NA,NA,0,0,0,0,"","","","","V2025.09.12"
"45",2,"USA","United States of America",1994,NA,NA,0,0,0,0,"","","","","V2025.09.12"
"46",2,"USA","United States of America",1995,NA,NA,0,0,0,0,"","","","","V2025.09.12"
"47",2,"USA","United States of America",1996,NA,NA,0,0,0,0,"","","","","V2025.09.12"
"48",2,"USA","United States of America",1997,NA,NA,0,0,0,0,"","","","","V2025.09.12"
"49",2,"USA","United States of America",1998,NA,NA,0,0,0,0,"","","","","V2025.09.12"
"50",2,"USA","United States of America",1999,NA,NA,0,0,0,0,"","","","","V2025.09.12"
"51",2,"USA","United States of America",2000,NA,NA,0,0,0,0,"","","","","V2025.09.12"
"52",2,"USA","United States of America",2001,NA,NA,0,0,0,0,"","","","","V2025.09.12"
"53",2,"USA","United States of America",2002,NA,NA,0,0,0,0,"","","","","V2025.09.12"
"54",2,"USA","United States of America",2003,NA,NA,0,0,0,0,"","","","","V2025.09.12"
"55",2,"USA","United States of America",2004,NA,NA,0,0,0,0,"","","","","V2025.09.12"
"56",2,"USA","United States of America",2005,NA,NA,0,0,0,0,"","","","","V2025.09.12"
"57",2,"USA","United States of America",2006,NA,NA,0,0,0,0,"","","","","V2025.09.12"
"58",2,"USA","United States of America",2007,NA,NA,0,0,0,0,"","","","","V2025.09.12"
"59",2,"USA","United States of America",2008,NA,NA,0,0,0,0,"","","","","V2025.09.12"
"60",2,"USA","United States of America",2009,NA,NA,0,0,0,0,"","","","","V2025.09.12"
"61",2,"USA","United States of America",2010,NA,NA,0,0,0,0,"","","","","V2025.09.12"
"62",2,"USA","United States of America",2011,NA,NA,0,0,0,0,"","","","","V2025.09.12"
"63",2,"USA","United States of America",2012,NA,NA,0,0,0,0,"","","","","V2025.09.12"
"64",2,"USA","United States of America",2013,NA,NA,0,0,0,0,"","","","","V2025.09.12"
"65",2,"USA","United States of America",2014,NA,NA,0,0,0,0,"","","","","V2025.09.12"
"66",2,"USA","United States of America",2015,NA,NA,0,0,0,0,"","","","","V2025.09.12"
"67",2,"USA","United States of America",2016,NA,NA,0,0,0,0,"","","","","V2025.09.12"
"68",2,"USA","United States of America",2017,NA,NA,0,0,0,0,"","","","","V2025.09.12"
"69",2,"USA","United States of America",2018,NA,NA,0,0,0,0,"","","","","V2025.09.12"
"70",2,"USA","United States of America",2019,NA,NA,0,0,0,0,"","","","","V2025.09.12"
"71",2,"USA","United States of America",2020,NA,NA,0,0,0,0,"","","","","V2025.09.12"
"72",2,"USA","United States of America",2021,NA,NA,0,0,0,0,"","","","","V2025.09.12"
"73",2,"USA","United States of America",2022,NA,NA,0,0,0,0,"","","","","V2025.09.12"
"74",2,"USA","United States of America",2023,NA,NA,0,0,0,0,"","","","","V2025.09.12"
"75",2,"USA","United States of America",2024,NA,NA,0,0,0,0,"","","","","V2025.09.12"
"76",20,"CAN","Canada",1950,NA,NA,0,0,0,0,"","","","","V2025.09.12"
"77",20,"CAN","Canada",1951,NA,NA,0,0,0,0,"","","","","V2025.09.12"
"78",20,"CAN","Canada",1952,NA,NA,0,0,0,0,"","","","","V2025.09.12"
"79",20,"CAN","Canada",1953,NA,NA,0,0,0,0,"","","","","V2025.09.12"
"80",20,"CAN","Canada",1954,NA,NA,0,0,0,0,"","","","","V2025.09.12"
"81",20,"CAN","Canada",1955,NA,NA,0,0,0,0,"","","","","V2025.09.12"
"82",20,"CAN","Canada",1956,NA,NA,0,0,0,0,"","","","","V2025.09.12"
"83",20,"CAN","Canada",1957,NA,NA,0,0,0,0,"","","","","V2025.09.12"
"84",20,"CAN","Canada",1958,NA,NA,0,0,0,0,"","","","","V2025.09.12"
"85",20,"CAN","Canada",1959,NA,NA,0,0,0,0,"","","","","V2025.09.12"
"86",20,"CAN","Canada",1960,NA,NA,0,0,0,0,"","","","","V2025.09.12"
"87",20,"CAN","Canada",1961,NA,NA,0,0,0,0,"","","","","V2025.09.12"
"88",20,"CAN","Canada",1962,NA,NA,0,0,0,0,"","","","","V2025.09.12"
"89",20,"CAN","Canada",1963,NA,NA,0,0,0,0,"","","","","V2025.09.12"
"90",20,"CAN","Canada",1964,NA,NA,0,0,0,0,"","","","","V2025.09.12"
"91",20,"CAN","Canada",1965,NA,NA,0,0,0,0,"","","","","V2025.09.12"
"92",20,"CAN","Canada",1966,NA,NA,0,0,0,0,"","","","","V2025.09.12"
"93",20,"CAN","Canada",1967,NA,NA,0,0,0,0,"","","","","V2025.09.12"
"94",20,"CAN","Canada",1968,NA,NA,0,0,0,0,"","","","","V2025.09.12"
"95",20,"CAN","Canada",1969,NA,NA,0,0,0,0,"","","","","V2025.09.12"
"96",20,"CAN","Canada",1970,NA,NA,0,0,0,0,"","","","","V2025.09.12"
"97",20,"CAN","Canada",1971,NA,NA,0,0,0,0,"","","","","V2025.09.12"
"98",20,"CAN","Canada",1972,NA,NA,0,0,0,0,"","","","","V2025.09.12"
"99",20,"CAN","Canada",1973,NA,NA,0,0,0,0,"","","","","V2025.09.12"
"100",20,"CAN","Canada",1974,NA,NA,0,0,0,0,"","","","","V2025.09.12"
"101",20,"CAN","Canada",1975,NA,NA,0,0,0,0,"","","","","V2025.09.12"
"102",20,"CAN","Canada",1976,NA,NA,0,0,0,0,"","","","","V2025.09.12"
"103",20,"CAN","Canada",1977,NA,NA,0,0,0,0,"","","","","V2025.09.12"
"104",20,"CAN","Canada",1978,NA,NA,0,0,0,0,"","","","","V2025.09.12"
"105",20,"CAN","Canada",1979,NA,NA,0,0,0,0,"","","","","V2025.09.12"
"106",20,"CAN","Canada",1980,NA,NA,0,0,0,0,"","","","","V2025.09.12"
"107",20,"CAN","Canada",1981,NA,NA,0,0,0,0,"","","","","V2025.09.12"
"108",20,"CAN","Canada",1982,NA,NA,0,0,0,0,"","","","","V2025.09.12"
"109",20,"CAN","Canada",1983,NA,NA,0,0,0,0,"","","","","V2025.09.12"
"110",20,"CAN","Canada",1984,NA,NA,0,0,0,0,"","","","","V2025.09.12"
"111",20,"CAN","Canada",1985,NA,NA,0,0,0,0,"","","","","V2025.09.12"
"112",20,"CAN","Canada",1986,NA,NA,0,0,0,0,"","","","","V2025.09.12"
"113",20,"CAN","Canada",1987,NA,NA,0,0,0,0,"","","","","V2025.09.12"
"114",20,"CAN","Canada",1988,NA,NA,0,0,0,0,"","","","","V2025.09.12"
"115",20,"CAN","Canada",1989,NA,NA,0,0,0,0,"","","","","V2025.09.12"
"116",20,"CAN","Canada",1990,NA,NA,0,0,0,0,"","","","","V2025.09.12"
"117",20,"CAN","Canada",1991,NA,NA,0,0,0,0,"","","","","V2025.09.12"
"118",20,"CAN","Canada",1992,NA,NA,0,0,0,0,"","","","","V2025.09.12"
"119",20,"CAN","Canada",1993,NA,NA,0,0,0,0,"","","","","V2025.09.12"
"120",20,"CAN","Canada",1994,NA,NA,0,0,0,0,"","","","","V2025.09.12"
"121",20,"CAN","Canada",1995,NA,NA,0,0,0,0,"","","","","V2025.09.12"
"122",20,"CAN","Canada",1996,NA,NA,0,0,0,0,"","","","","V2025.09.12"
"123",20,"CAN","Canada",1997,NA,NA,0,0,0,0,"","","","","V2025.09.12"
"124",20,"CAN","Canada",1998,NA,NA,0,0,0,0,"","","","","V2025.09.12"
"125",20,"CAN","Canada",1999,NA,NA,0,0,0,0,"","","","","V2025.09.12"
"126",20,"CAN","Canada",2000,NA,NA,0,0,0,0,"","","","","V2025.09.12"
"127",20,"CAN","Canada",2001,NA,NA,0,0,0,0,"","","","","V2025.09.12"
"128",20,"CAN","Canada",2002,NA,NA,0,0,0,0,"","","","","V2025.09.12"
"129",20,"CAN","Canada",2003,NA,NA,0,0,0,0,"","","","","V2025.09.12"
"130",20,"CAN","Canada",2004,NA,NA,0,0,0,0,"","","","","V2025.09.12"
"131",20,"CAN","Canada",2005,NA,NA,0,0,0,0,"","","","","V2025.09.12"
"132",20,"CAN","Canada",2006,NA,NA,0,0,0,0,"","","","","V2025.09.12"
"133",20,"CAN","Canada",2007,NA,NA,0,0,0,0,"","","","","V2025.09.12"
"134",20,"CAN","Canada",2008,NA,NA,0,0,0,0,"","","","","V2025.09.12"
"135",20,"CAN","Canada",2009,NA,NA,0,0,0,0,"","","","","V2025.09.12"
"136",20,"CAN","Canada",2010,NA,NA,0,0,0,0,"","","","","V2025.09.12"
"137",20,"CAN","Canada",2011,NA,NA,0,0,0,0,"","","","","V2025.09.12"
"138",20,"CAN","Canada",2012,NA,NA,0,0,0,0,"","","","","V2025.09.12"
"139",20,"CAN","Canada",2013,NA,NA,0,0,0,0,"","","","","V2025.09.12"
"140",20,"CAN","Canada",2014,NA,NA,0,0,0,0,"","","","","V2025.09.12"
"141",20,"CAN","Canada",2015,NA,NA,0,0,0,0,"","","","","V2025.09.12"
"142",20,"CAN","Canada",2016,NA,NA,0,0,0,0,"","","","","V2025.09.12"
"143",20,"CAN","Canada",2017,NA,NA,0,0,0,0,"","","","","V2025.09.12"
"144",20,"CAN","Canada",2018,NA,NA,0,0,0,0,"","","","","V2025.09.12"
"145",20,"CAN","Canada",2019,NA,NA,0,0,0,0,"","","","","V2025.09.12"
"146",20,"CAN","Canada",2020,NA,NA,0,0,0,0,"","","","","V2025.09.12"
"147",20,"CAN","Canada",2021,NA,NA,0,0,0,0,"","","","","V2025.09.12"
"148",20,"CAN","Canada",2022,NA,NA,0,0,0,0,"","","","","V2025.09.12"
"149",20,"CAN","Canada",2023,NA,NA,0,0,0,0,"","","","","V2025.09.12"
"150",20,"CAN","Canada",2024,NA,NA,0,0,0,0,"","","","","V2025.09.12"
"151",31,"BHM","Bahamas",1973,NA,NA,0,0,0,0,"","","","","V2025.09.12"
"152",31,"BHM","Bahamas",1974,NA,NA,0,0,0,0,"","","","","V2025.09.12"
"153",31,"BHM","Bahamas",1975,NA,NA,0,0,0,0,"","","","","V2025.09.12"
"154",31,"BHM","Bahamas",1976,NA,NA,0,0,0,0,"","","","","V2025.09.12"
"155",31,"BHM","Bahamas",1977,NA,NA,0,0,0,0,"","","","","V2025.09.12"
"156",31,"BHM","Bahamas",1978,NA,NA,0,0,0,0,"","","","","V2025.09.12"
"157",31,"BHM","Bahamas",1979,NA,NA,0,0,0,0,"","","","","V2025.09.12"
"158",31,"BHM","Bahamas",1980,NA,NA,0,0,0,0,"","","","","V2025.09.12"
"159",31,"BHM","Bahamas",1981,NA,NA,0,0,0,0,"","","","","V2025.09.12"
"160",31,"BHM","Bahamas",1982,NA,NA,0,0,0,0,"","","","","V2025.09.12"
"161",31,"BHM","Bahamas",1983,NA,NA,0,0,0,0,"","","","","V2025.09.12"
"162",31,"BHM","Bahamas",1984,NA,NA,0,0,0,0,"","","","","V2025.09.12"
"163",31,"BHM","Bahamas",1985,NA,NA,0,0,0,0,"","","","","V2025.09.12"
"164",31,"BHM","Bahamas",1986,NA,NA,0,0,0,0,"","","","","V2025.09.12"
"165",31,"BHM","Bahamas",1987,NA,NA,0,0,0,0,"","","","","V2025.09.12"
"166",31,"BHM","Bahamas",1988,NA,NA,0,0,0,0,"","","","","V2025.09.12"
"167",31,"BHM","Bahamas",1989,NA,NA,0,0,0,0,"","","","","V2025.09.12"
"168",31,"BHM","Bahamas",1990,NA,NA,0,0,0,0,"","","","","V2025.09.12"
"169",31,"BHM","Bahamas",1991,NA,NA,0,0,0,0,"","","","","V2025.09.12"
"170",31,"BHM","Bahamas",1992,NA,NA,0,0,0,0,"","","","","V2025.09.12"
"171",31,"BHM","Bahamas",1993,NA,NA,0,0,0,0,"","","","","V2025.09.12"
"172",31,"BHM","Bahamas",1994,NA,NA,0,0,0,0,"","","","","V2025.09.12"
"173",31,"BHM","Bahamas",1995,NA,NA,0,0,0,0,"","","","","V2025.09.12"
"174",31,"BHM","Bahamas",1996,NA,NA,0,0,0,0,"","","","","V2025.09.12"
"175",31,"BHM","Bahamas",1997,NA,NA,0,0,0,0,"","","","","V2025.09.12"
"176",31,"BHM","Bahamas",1998,NA,NA,0,0,0,0,"","","","","V2025.09.12"
"177",31,"BHM","Bahamas",1999,NA,NA,0,0,0,0,"","","","","V2025.09.12"
"178",31,"BHM","Bahamas",2000,NA,NA,0,0,0,0,"","","","","V2025.09.12"
"179",31,"BHM","Bahamas",2001,NA,NA,0,0,0,0,"","","","","V2025.09.12"
"180",31,"BHM","Bahamas",2002,NA,NA,0,0,0,0,"","","","","V2025.09.12"
"181",31,"BHM","Bahamas",2003,NA,NA,0,0,0,0,"","","","","V2025.09.12"
"182",31,"BHM","Bahamas",2004,NA,NA,0,0,0,0,"","","","","V2025.09.12"
"183",31,"BHM","Bahamas",2005,NA,NA,0,0,0,0,"","","","","V2025.09.12"
"184",31,"BHM","Bahamas",2006,NA,NA,0,0,0,0,"","","","","V2025.09.12"
"185",31,"BHM","Bahamas",2007,NA,NA,0,0,0,0,"","","","","V2025.09.12"
"186",31,"BHM","Bahamas",2008,NA,NA,0,0,0,0,"","","","","V2025.09.12"
"187",31,"BHM","Bahamas",2009,NA,NA,0,0,0,0,"","","","","V2025.09.12"
"188",31,"BHM","Bahamas",2010,NA,NA,0,0,0,0,"","","","","V2025.09.12"
"189",31,"BHM","Bahamas",2011,NA,NA,0,0,0,0,"","","","","V2025.09.12"
"190",31,"BHM","Bahamas",2012,NA,NA,0,0,0,0,"","","","","V2025.09.12"
"191",31,"BHM","Bahamas",2013,NA,NA,0,0,0,0,"","","","","V2025.09.12"
"192",31,"BHM","Bahamas",2014,NA,NA,0,0,0,0,"","","","","V2025.09.12"
"193",31,"BHM","Bahamas",2015,NA,NA,0,0,0,0,"","","","","V2025.09.12"
"194",31,"BHM","Bahamas",2016,NA,NA,0,0,0,0,"","","","","V2025.09.12"
"195",31,"BHM","Bahamas",2017,NA,NA,0,0,0,0,"","","","","V2025.09.12"
"196",31,"BHM","Bahamas",2018,NA,NA,0,0,0,0,"","","","","V2025.09.12"
"197",31,"BHM","Bahamas",2019,NA,NA,0,0,0,0,"","","","","V2025.09.12"
"198",31,"BHM","Bahamas",2020,NA,NA,0,0,0,0,"","","","","V2025.09.12"
"199",31,"BHM","Bahamas",2021,NA,NA,0,0,0,0,"","","","","V2025.09.12"
"200",31,"BHM","Bahamas",2022,NA,NA,0,0,0,0,"","","","","V2025.09.12"
"201",31,"BHM","Bahamas",2023,NA,NA,0,0,0,0,"","","","","V2025.09.12"
"202",31,"BHM","Bahamas",2024,NA,NA,0,0,0,0,"","","","","V2025.09.12"
"203",40,"CUB","Cuba",1950,NA,NA,0,0,0,0,"","","","","V2025.09.12"
"204",40,"CUB","Cuba",1951,NA,NA,0,0,0,0,"","","","","V2025.09.12"
"205",40,"CUB","Cuba",1952,NA,NA,2,0,0,0,"10mar1952","","","","V2025.09.12"
"206",40,"CUB","Cuba",1953,NA,NA,0,0,0,0,"","","","","V2025.09.12"
"207",40,"CUB","Cuba",1954,NA,NA,0,0,0,0,"","","","","V2025.09.12"
"208",40,"CUB","Cuba",1955,NA,NA,0,0,0,0,"","","","","V2025.09.12"
"209",40,"CUB","Cuba",1956,NA,NA,0,0,0,0,"","","","","V2025.09.12"
"210",40,"CUB","Cuba",1957,NA,NA,1,0,0,0,"05sep1957","","","","V2025.09.12"
"211",40,"CUB","Cuba",1958,NA,NA,0,0,0,0,"","","","","V2025.09.12"
"212",40,"CUB","Cuba",1959,NA,NA,0,0,0,0,"","","","","V2025.09.12"
"213",40,"CUB","Cuba",1960,NA,NA,0,0,0,0,"","","","","V2025.09.12"
"214",40,"CUB","Cuba",1961,NA,NA,0,0,0,0,"","","","","V2025.09.12"
"215",40,"CUB","Cuba",1962,NA,NA,0,0,0,0,"","","","","V2025.09.12"
"216",40,"CUB","Cuba",1963,NA,NA,0,0,0,0,"","","","","V2025.09.12"
"217",40,"CUB","Cuba",1964,NA,NA,0,0,0,0,"","","","","V2025.09.12"
"218",40,"CUB","Cuba",1965,NA,NA,0,0,0,0,"","","","","V2025.09.12"
"219",40,"CUB","Cuba",1966,NA,NA,0,0,0,0,"","","","","V2025.09.12"
"220",40,"CUB","Cuba",1967,NA,NA,0,0,0,0,"","","","","V2025.09.12"
"221",40,"CUB","Cuba",1968,NA,NA,0,0,0,0,"","","","","V2025.09.12"
"222",40,"CUB","Cuba",1969,NA,NA,0,0,0,0,"","","","","V2025.09.12"
"223",40,"CUB","Cuba",1970,NA,NA,0,0,0,0,"","","","","V2025.09.12"
"224",40,"CUB","Cuba",1971,NA,NA,0,0,0,0,"","","","","V2025.09.12"
"225",40,"CUB","Cuba",1972,NA,NA,0,0,0,0,"","","","","V2025.09.12"
"226",40,"CUB","Cuba",1973,NA,NA,0,0,0,0,"","","","","V2025.09.12"
"227",40,"CUB","Cuba",1974,NA,NA,0,0,0,0,"","","","","V2025.09.12"
"228",40,"CUB","Cuba",1975,NA,NA,0,0,0,0,"","","","","V2025.09.12"
"229",40,"CUB","Cuba",1976,NA,NA,0,0,0,0,"","","","","V2025.09.12"
"230",40,"CUB","Cuba",1977,NA,NA,0,0,0,0,"","","","","V2025.09.12"
"231",40,"CUB","Cuba",1978,NA,NA,0,0,0,0,"","","","","V2025.09.12"
"232",40,"CUB","Cuba",1979,NA,NA,0,0,0,0,"","","","","V2025.09.12"
"233",40,"CUB","Cuba",1980,NA,NA,0,0,0,0,"","","","","V2025.09.12"
"234",40,"CUB","Cuba",1981,NA,NA,0,0,0,0,"","","","","V2025.09.12"
"235",40,"CUB","Cuba",1982,NA,NA,0,0,0,0,"","","","","V2025.09.12"
"236",40,"CUB","Cuba",1983,NA,NA,0,0,0,0,"","","","","V2025.09.12"
"237",40,"CUB","Cuba",1984,NA,NA,0,0,0,0,"","","","","V2025.09.12"
"238",40,"CUB","Cuba",1985,NA,NA,0,0,0,0,"","","","","V2025.09.12"
"239",40,"CUB","Cuba",1986,NA,NA,0,0,0,0,"","","","","V2025.09.12"
"240",40,"CUB","Cuba",1987,NA,NA,0,0,0,0,"","","","","V2025.09.12"
"241",40,"CUB","Cuba",1988,NA,NA,0,0,0,0,"","","","","V2025.09.12"
"242",40,"CUB","Cuba",1989,NA,NA,0,0,0,0,"","","","","V2025.09.12"
"243",40,"CUB","Cuba",1990,NA,NA,0,0,0,0,"","","","","V2025.09.12"
"244",40,"CUB","Cuba",1991,NA,NA,0,0,0,0,"","","","","V2025.09.12"
"245",40,"CUB","Cuba",1992,NA,NA,0,0,0,0,"","","","","V2025.09.12"
"246",40,"CUB","Cuba",1993,NA,NA,0,0,0,0,"","","","","V2025.09.12"
"247",40,"CUB","Cuba",1994,NA,NA,0,0,0,0,"","","","","V2025.09.12"
"248",40,"CUB","Cuba",1995,NA,NA,0,0,0,0,"","","","","V2025.09.12"
"249",40,"CUB","Cuba",1996,NA,NA,0,0,0,0,"","","","","V2025.09.12"
"250",40,"CUB","Cuba",1997,NA,NA,0,0,0,0,"","","","","V2025.09.12"
"251",40,"CUB","Cuba",1998,NA,NA,0,0,0,0,"","","","","V2025.09.12"
"252",40,"CUB","Cuba",1999,NA,NA,0,0,0,0,"","","","","V2025.09.12"
"253",40,"CUB","Cuba",2000,NA,NA,0,0,0,0,"","","","","V2025.09.12"
"254",40,"CUB","Cuba",2001,NA,NA,0,0,0,0,"","","","","V2025.09.12"
"255",40,"CUB","Cuba",2002,NA,NA,0,0,0,0,"","","","","V2025.09.12"
"256",40,"CUB","Cuba",2003,NA,NA,0,0,0,0,"","","","","V2025.09.12"
"257",40,"CUB","Cuba",2004,NA,NA,0,0,0,0,"","","","","V2025.09.12"
"258",40,"CUB","Cuba",2005,NA,NA,0,0,0,0,"","","","","V2025.09.12"
"259",40,"CUB","Cuba",2006,NA,NA,0,0,0,0,"","","","","V2025.09.12"
"260",40,"CUB","Cuba",2007,NA,NA,0,0,0,0,"","","","","V2025.09.12"
"261",40,"CUB","Cuba",2008,NA,NA,0,0,0,0,"","","","","V2025.09.12"
"262",40,"CUB","Cuba",2009,NA,NA,0,0,0,0,"","","","","V2025.09.12"
"263",40,"CUB","Cuba",2010,NA,NA,0,0,0,0,"","","","","V2025.09.12"
"264",40,"CUB","Cuba",2011,NA,NA,0,0,0,0,"","","","","V2025.09.12"
"265",40,"CUB","Cuba",2012,NA,NA,0,0,0,0,"","","","","V2025.09.12"
"266",40,"CUB","Cuba",2013,NA,NA,0,0,0,0,"","","","","V2025.09.12"
"267",40,"CUB","Cuba",2014,NA,NA,0,0,0,0,"","","","","V2025.09.12"
"268",40,"CUB","Cuba",2015,NA,NA,0,0,0,0,"","","","","V2025.09.12"
"269",40,"CUB","Cuba",2016,NA,NA,0,0,0,0,"","","","","V2025.09.12"
"270",40,"CUB","Cuba",2017,NA,NA,0,0,0,0,"","","","","V2025.09.12"
"271",40,"CUB","Cuba",2018,NA,NA,0,0,0,0,"","","","","V2025.09.12"
"272",40,"CUB","Cuba",2019,NA,NA,0,0,0,0,"","","","","V2025.09.12"
"273",40,"CUB","Cuba",2020,NA,NA,0,0,0,0,"","","","","V2025.09.12"
"274",40,"CUB","Cuba",2021,NA,NA,0,0,0,0,"","","","","V2025.09.12"
"275",40,"CUB","Cuba",2022,NA,NA,0,0,0,0,"","","","","V2025.09.12"
"276",40,"CUB","Cuba",2023,NA,NA,0,0,0,0,"","","","","V2025.09.12"
"277",40,"CUB","Cuba",2024,NA,NA,0,0,0,0,"","","","","V2025.09.12"
"278",41,"HAI","Haiti",1950,NA,NA,2,0,0,0,"10may1950","","","","V2025.09.12"
"279",41,"HAI","Haiti",1951,NA,NA,0,0,0,0,"","","","","V2025.09.12"
"280",41,"HAI","Haiti",1952,NA,NA,0,0,0,0,"","","","","V2025.09.12"
"281",41,"HAI","Haiti",1953,NA,NA,0,0,0,0,"","","","","V2025.09.12"
"282",41,"HAI","Haiti",1954,NA,NA,0,0,0,0,"","","","","V2025.09.12"
"283",41,"HAI","Haiti",1955,NA,NA,0,0,0,0,"","","","","V2025.09.12"
"284",41,"HAI","Haiti",1956,NA,NA,2,0,0,0,"12dec1956","","","","V2025.09.12"
"285",41,"HAI","Haiti",1957,NA,NA,2,2,2,0,"02apr1957","21may1957","14jun1957","","V2025.09.12"
"286",41,"HAI","Haiti",1958,NA,NA,0,0,0,0,"","","","","V2025.09.12"
"287",41,"HAI","Haiti",1959,NA,NA,0,0,0,0,"","","","","V2025.09.12"
"288",41,"HAI","Haiti",1960,NA,NA,0,0,0,0,"","","","","V2025.09.12"
"289",41,"HAI","Haiti",1961,NA,NA,0,0,0,0,"","","","","V2025.09.12"
"290",41,"HAI","Haiti",1962,NA,NA,0,0,0,0,"","","","","V2025.09.12"
"291",41,"HAI","Haiti",1963,NA,NA,0,0,0,0,"","","","","V2025.09.12"
"292",41,"HAI","Haiti",1964,NA,NA,0,0,0,0,"","","","","V2025.09.12"
"293",41,"HAI","Haiti",1965,NA,NA,0,0,0,0,"","","","","V2025.09.12"
"294",41,"HAI","Haiti",1966,NA,NA,0,0,0,0,"","","","","V2025.09.12"
"295",41,"HAI","Haiti",1967,NA,NA,0,0,0,0,"","","","","V2025.09.12"
"296",41,"HAI","Haiti",1968,NA,NA,0,0,0,0,"","","","","V2025.09.12"
"297",41,"HAI","Haiti",1969,NA,NA,0,0,0,0,"","","","","V2025.09.12"
"298",41,"HAI","Haiti",1970,NA,NA,1,0,0,0,"24apr1970","","","","V2025.09.12"
"299",41,"HAI","Haiti",1971,NA,NA,0,0,0,0,"","","","","V2025.09.12"
"300",41,"HAI","Haiti",1972,NA,NA,0,0,0,0,"","","","","V2025.09.12"
"301",41,"HAI","Haiti",1973,NA,NA,0,0,0,0,"","","","","V2025.09.12"
"302",41,"HAI","Haiti",1974,NA,NA,0,0,0,0,"","","","","V2025.09.12"
"303",41,"HAI","Haiti",1975,NA,NA,0,0,0,0,"","","","","V2025.09.12"
"304",41,"HAI","Haiti",1976,NA,NA,0,0,0,0,"","","","","V2025.09.12"
"305",41,"HAI","Haiti",1977,NA,NA,0,0,0,0,"","","","","V2025.09.12"
"306",41,"HAI","Haiti",1978,NA,NA,0,0,0,0,"","","","","V2025.09.12"
"307",41,"HAI","Haiti",1979,NA,NA,0,0,0,0,"","","","","V2025.09.12"
"308",41,"HAI","Haiti",1980,NA,NA,0,0,0,0,"","","","","V2025.09.12"
"309",41,"HAI","Haiti",1981,NA,NA,0,0,0,0,"","","","","V2025.09.12"
"310",41,"HAI","Haiti",1982,NA,NA,0,0,0,0,"","","","","V2025.09.12"
"311",41,"HAI","Haiti",1983,NA,NA,0,0,0,0,"","","","","V2025.09.12"
"312",41,"HAI","Haiti",1984,NA,NA,0,0,0,0,"","","","","V2025.09.12"
"313",41,"HAI","Haiti",1985,NA,NA,0,0,0,0,"","","","","V2025.09.12"
"314",41,"HAI","Haiti",1986,NA,NA,2,0,0,0,"07feb1986","","","","V2025.09.12"
"315",41,"HAI","Haiti",1987,NA,NA,0,0,0,0,"","","","","V2025.09.12"
"316",41,"HAI","Haiti",1988,NA,NA,2,2,0,0,"20jun1988","18sep1988","","","V2025.09.12"
"317",41,"HAI","Haiti",1989,NA,NA,1,1,0,0,"02apr1989","05apr1989","","","V2025.09.12"
"318",41,"HAI","Haiti",1990,NA,NA,0,0,0,0,"","","","","V2025.09.12"
"319",41,"HAI","Haiti",1991,NA,NA,1,2,0,0,"07jan1991","30sep1991","","","V2025.09.12"
"320",41,"HAI","Haiti",1992,NA,NA,0,0,0,0,"","","","","V2025.09.12"
"321",41,"HAI","Haiti",1993,NA,NA,0,0,0,0,"","","","","V2025.09.12"
"322",41,"HAI","Haiti",1994,NA,NA,0,0,0,0,"","","","","V2025.09.12"
"323",41,"HAI","Haiti",1995,NA,NA,0,0,0,0,"","","","","V2025.09.12"
"324",41,"HAI","Haiti",1996,NA,NA,0,0,0,0,"","","","","V2025.09.12"
"325",41,"HAI","Haiti",1997,NA,NA,0,0,0,0,"","","","","V2025.09.12"
"326",41,"HAI","Haiti",1998,NA,NA,0,0,0,0,"","","","","V2025.09.12"
"327",41,"HAI","Haiti",1999,NA,NA,0,0,0,0,"","","","","V2025.09.12"
"328",41,"HAI","Haiti",2000,NA,NA,0,0,0,0,"","","","","V2025.09.12"
"329",41,"HAI","Haiti",2001,NA,NA,0,0,0,0,"","","","","V2025.09.12"
"330",41,"HAI","Haiti",2002,NA,NA,0,0,0,0,"","","","","V2025.09.12"
"331",41,"HAI","Haiti",2003,NA,NA,0,0,0,0,"","","","","V2025.09.12"
"332",41,"HAI","Haiti",2004,NA,NA,0,0,0,0,"","","","","V2025.09.12"
"333",41,"HAI","Haiti",2005,NA,NA,0,0,0,0,"","","","","V2025.09.12"
"334",41,"HAI","Haiti",2006,NA,NA,0,0,0,0,"","","","","V2025.09.12"
"335",41,"HAI","Haiti",2007,NA,NA,0,0,0,0,"","","","","V2025.09.12"
"336",41,"HAI","Haiti",2008,NA,NA,0,0,0,0,"","","","","V2025.09.12"
"337",41,"HAI","Haiti",2009,NA,NA,0,0,0,0,"","","","","V2025.09.12"
"338",41,"HAI","Haiti",2010,NA,NA,0,0,0,0,"","","","","V2025.09.12"
"339",41,"HAI","Haiti",2011,NA,NA,0,0,0,0,"","","","","V2025.09.12"
"340",41,"HAI","Haiti",2012,NA,NA,0,0,0,0,"","","","","V2025.09.12"
"341",41,"HAI","Haiti",2013,NA,NA,0,0,0,0,"","","","","V2025.09.12"
"342",41,"HAI","Haiti",2014,NA,NA,0,0,0,0,"","","","","V2025.09.12"
"343",41,"HAI","Haiti",2015,NA,NA,0,0,0,0,"","","","","V2025.09.12"
"344",41,"HAI","Haiti",2016,NA,NA,0,0,0,0,"","","","","V2025.09.12"
"345",41,"HAI","Haiti",2017,NA,NA,0,0,0,0,"","","","","V2025.09.12"
"346",41,"HAI","Haiti",2018,NA,NA,0,0,0,0,"","","","","V2025.09.12"
"347",41,"HAI","Haiti",2019,NA,NA,0,0,0,0,"","","","","V2025.09.12"
"348",41,"HAI","Haiti",2020,NA,NA,0,0,0,0,"","","","","V2025.09.12"
"349",41,"HAI","Haiti",2021,NA,NA,0,0,0,0,"","","","","V2025.09.12"
"350",41,"HAI","Haiti",2022,NA,NA,0,0,0,0,"","","","","V2025.09.12"
"351",41,"HAI","Haiti",2023,NA,NA,0,0,0,0,"","","","","V2025.09.12"
"352",41,"HAI","Haiti",2024,NA,NA,0,0,0,0,"","","","","V2025.09.12"
"353",42,"DOM","Dominican Republic",1950,NA,NA,0,0,0,0,"","","","","V2025.09.12"
"354",42,"DOM","Dominican Republic",1951,NA,NA,0,0,0,0,"","","","","V2025.09.12"
"355",42,"DOM","Dominican Republic",1952,NA,NA,0,0,0,0,"","","","","V2025.09.12"
"356",42,"DOM","Dominican Republic",1953,NA,NA,0,0,0,0,"","","","","V2025.09.12"
"357",42,"DOM","Dominican Republic",1954,NA,NA,0,0,0,0,"","","","","V2025.09.12"
"358",42,"DOM","Dominican Republic",1955,NA,NA,0,0,0,0,"","","","","V2025.09.12"
"359",42,"DOM","Dominican Republic",1956,NA,NA,0,0,0,0,"","","","","V2025.09.12"
"360",42,"DOM","Dominican Republic",1957,NA,NA,0,0,0,0,"","","","","V2025.09.12"
"361",42,"DOM","Dominican Republic",1958,NA,NA,0,0,0,0,"","","","","V2025.09.12"
"362",42,"DOM","Dominican Republic",1959,NA,NA,0,0,0,0,"","","","","V2025.09.12"
"363",42,"DOM","Dominican Republic",1960,NA,NA,0,0,0,0,"","","","","V2025.09.12"
"364",42,"DOM","Dominican Republic",1961,NA,NA,0,0,0,0,"","","","","V2025.09.12"
"365",42,"DOM","Dominican Republic",1962,NA,NA,1,0,0,0,"16jan1962","","","","V2025.09.12"
"366",42,"DOM","Dominican Republic",1963,NA,NA,2,0,0,0,"25sep1963","","","","V2025.09.12"
"367",42,"DOM","Dominican Republic",1964,NA,NA,0,0,0,0,"","","","","V2025.09.12"
"368",42,"DOM","Dominican Republic",1965,NA,NA,2,1,0,0,"25apr1965","22nov1965","","","V2025.09.12"
"369",42,"DOM","Dominican Republic",1966,NA,NA,0,0,0,0,"","","","","V2025.09.12"
"370",42,"DOM","Dominican Republic",1967,NA,NA,0,0,0,0,"","","","","V2025.09.12"
"371",42,"DOM","Dominican Republic",1968,NA,NA,0,0,0,0,"","","","","V2025.09.12"
"372",42,"DOM","Dominican Republic",1969,NA,NA,0,0,0,0,"","","","","V2025.09.12"
"373",42,"DOM","Dominican Republic",1970,NA,NA,0,0,0,0,"","","","","V2025.09.12"
"374",42,"DOM","Dominican Republic",1971,NA,NA,0,0,0,0,"","","","","V2025.09.12"
"375",42,"DOM","Dominican Republic",1972,NA,NA,0,0,0,0,"","","","","V2025.09.12"
"376",42,"DOM","Dominican Republic",1973,NA,NA,0,0,0,0,"","","","","V2025.09.12"
"377",42,"DOM","Dominican Republic",1974,NA,NA,0,0,0,0,"","","","","V2025.09.12"
"378",42,"DOM","Dominican Republic",1975,NA,NA,0,0,0,0,"","","","","V2025.09.12"
"379",42,"DOM","Dominican Republic",1976,NA,NA,0,0,0,0,"","","","","V2025.09.12"
"380",42,"DOM","Dominican Republic",1977,NA,NA,0,0,0,0,"","","","","V2025.09.12"
"381",42,"DOM","Dominican Republic",1978,NA,NA,0,0,0,0,"","","","","V2025.09.12"
"382",42,"DOM","Dominican Republic",1979,NA,NA,0,0,0,0,"","","","","V2025.09.12"
"383",42,"DOM","Dominican Republic",1980,NA,NA,0,0,0,0,"","","","","V2025.09.12"
"384",42,"DOM","Dominican Republic",1981,NA,NA,0,0,0,0,"","","","","V2025.09.12"
"385",42,"DOM","Dominican Republic",1982,NA,NA,0,0,0,0,"","","","","V2025.09.12"
"386",42,"DOM","Dominican Republic",1983,NA,NA,0,0,0,0,"","","","","V2025.09.12"
"387",42,"DOM","Dominican Republic",1984,NA,NA,0,0,0,0,"","","","","V2025.09.12"
"388",42,"DOM","Dominican Republic",1985,NA,NA,0,0,0,0,"","","","","V2025.09.12"
"389",42,"DOM","Dominican Republic",1986,NA,NA,0,0,0,0,"","","","","V2025.09.12"
"390",42,"DOM","Dominican Republic",1987,NA,NA,0,0,0,0,"","","","","V2025.09.12"
"391",42,"DOM","Dominican Republic",1988,NA,NA,0,0,0,0,"","","","","V2025.09.12"
"392",42,"DOM","Dominican Republic",1989,NA,NA,0,0,0,0,"","","","","V2025.09.12"
"393",42,"DOM","Dominican Republic",1990,NA,NA,0,0,0,0,"","","","","V2025.09.12"
"394",42,"DOM","Dominican Republic",1991,NA,NA,0,0,0,0,"","","","","V2025.09.12"
"395",42,"DOM","Dominican Republic",1992,NA,NA,0,0,0,0,"","","","","V2025.09.12"
"396",42,"DOM","Dominican Republic",1993,NA,NA,0,0,0,0,"","","","","V2025.09.12"
"397",42,"DOM","Dominican Republic",1994,NA,NA,0,0,0,0,"","","","","V2025.09.12"
"398",42,"DOM","Dominican Republic",1995,NA,NA,0,0,0,0,"","","","","V2025.09.12"
"399",42,"DOM","Dominican Republic",1996,NA,NA,0,0,0,0,"","","","","V2025.09.12"
"400",42,"DOM","Dominican Republic",1997,NA,NA,0,0,0,0,"","","","","V2025.09.12"
"401",42,"DOM","Dominican Republic",1998,NA,NA,0,0,0,0,"","","","","V2025.09.12"
"402",42,"DOM","Dominican Republic",1999,NA,NA,0,0,0,0,"","","","","V2025.09.12"
"403",42,"DOM","Dominican Republic",2000,NA,NA,0,0,0,0,"","","","","V2025.09.12"
"404",42,"DOM","Dominican Republic",2001,NA,NA,0,0,0,0,"","","","","V2025.09.12"
"405",42,"DOM","Dominican Republic",2002,NA,NA,0,0,0,0,"","","","","V2025.09.12"
"406",42,"DOM","Dominican Republic",2003,NA,NA,0,0,0,0,"","","","","V2025.09.12"
"407",42,"DOM","Dominican Republic",2004,NA,NA,0,0,0,0,"","","","","V2025.09.12"
"408",42,"DOM","Dominican Republic",2005,NA,NA,0,0,0,0,"","","","","V2025.09.12"
"409",42,"DOM","Dominican Republic",2006,NA,NA,0,0,0,0,"","","","","V2025.09.12"
"410",42,"DOM","Dominican Republic",2007,NA,NA,0,0,0,0,"","","","","V2025.09.12"
"411",42,"DOM","Dominican Republic",2008,NA,NA,0,0,0,0,"","","","","V2025.09.12"
"412",42,"DOM","Dominican Republic",2009,NA,NA,0,0,0,0,"","","","","V2025.09.12"
"413",42,"DOM","Dominican Republic",2010,NA,NA,0,0,0,0,"","","","","V2025.09.12"
"414",42,"DOM","Dominican Republic",2011,NA,NA,0,0,0,0,"","","","","V2025.09.12"
"415",42,"DOM","Dominican Republic",2012,NA,NA,0,0,0,0,"","","","","V2025.09.12"
"416",42,"DOM","Dominican Republic",2013,NA,NA,0,0,0,0,"","","","","V2025.09.12"
"417",42,"DOM","Dominican Republic",2014,NA,NA,0,0,0,0,"","","","","V2025.09.12"
"418",42,"DOM","Dominican Republic",2015,NA,NA,0,0,0,0,"","","","","V2025.09.12"
"419",42,"DOM","Dominican Republic",2016,NA,NA,0,0,0,0,"","","","","V2025.09.12"
"420",42,"DOM","Dominican Republic",2017,NA,NA,0,0,0,0,"","","","","V2025.09.12"
"421",42,"DOM","Dominican Republic",2018,NA,NA,0,0,0,0,"","","","","V2025.09.12"
"422",42,"DOM","Dominican Republic",2019,NA,NA,0,0,0,0,"","","","","V2025.09.12"
"423",42,"DOM","Dominican Republic",2020,NA,NA,0,0,0,0,"","","","","V2025.09.12"
"424",42,"DOM","Dominican Republic",2021,NA,NA,0,0,0,0,"","","","","V2025.09.12"
"425",42,"DOM","Dominican Republic",2022,NA,NA,0,0,0,0,"","","","","V2025.09.12"
"426",42,"DOM","Dominican Republic",2023,NA,NA,0,0,0,0,"","","","","V2025.09.12"
"427",42,"DOM","Dominican Republic",2024,NA,NA,0,0,0,0,"","","","","V2025.09.12"
"428",51,"JAM","Jamaica",1962,NA,NA,0,0,0,0,"","","","","V2025.09.12"
"429",51,"JAM","Jamaica",1963,NA,NA,0,0,0,0,"","","","","V2025.09.12"
"430",51,"JAM","Jamaica",1964,NA,NA,0,0,0,0,"","","","","V2025.09.12"
"431",51,"JAM","Jamaica",1965,NA,NA,0,0,0,0,"","","","","V2025.09.12"
"432",51,"JAM","Jamaica",1966,NA,NA,0,0,0,0,"","","","","V2025.09.12"
"433",51,"JAM","Jamaica",1967,NA,NA,0,0,0,0,"","","","","V2025.09.12"
"434",51,"JAM","Jamaica",1968,NA,NA,0,0,0,0,"","","","","V2025.09.12"
"435",51,"JAM","Jamaica",1969,NA,NA,0,0,0,0,"","","","","V2025.09.12"
"436",51,"JAM","Jamaica",1970,NA,NA,0,0,0,0,"","","","","V2025.09.12"
"437",51,"JAM","Jamaica",1971,NA,NA,0,0,0,0,"","","","","V2025.09.12"
"438",51,"JAM","Jamaica",1972,NA,NA,0,0,0,0,"","","","","V2025.09.12"
"439",51,"JAM","Jamaica",1973,NA,NA,0,0,0,0,"","","","","V2025.09.12"
"440",51,"JAM","Jamaica",1974,NA,NA,0,0,0,0,"","","","","V2025.09.12"
"441",51,"JAM","Jamaica",1975,NA,NA,0,0,0,0,"","","","","V2025.09.12"
"442",51,"JAM","Jamaica",1976,NA,NA,0,0,0,0,"","","","","V2025.09.12"
"443",51,"JAM","Jamaica",1977,NA,NA,0,0,0,0,"","","","","V2025.09.12"
"444",51,"JAM","Jamaica",1978,NA,NA,0,0,0,0,"","","","","V2025.09.12"
"445",51,"JAM","Jamaica",1979,NA,NA,0,0,0,0,"","","","","V2025.09.12"
"446",51,"JAM","Jamaica",1980,NA,NA,0,0,0,0,"","","","","V2025.09.12"
"447",51,"JAM","Jamaica",1981,NA,NA,0,0,0,0,"","","","","V2025.09.12"
"448",51,"JAM","Jamaica",1982,NA,NA,0,0,0,0,"","","","","V2025.09.12"
"449",51,"JAM","Jamaica",1983,NA,NA,0,0,0,0,"","","","","V2025.09.12"
"450",51,"JAM","Jamaica",1984,NA,NA,0,0,0,0,"","","","","V2025.09.12"
"451",51,"JAM","Jamaica",1985,NA,NA,0,0,0,0,"","","","","V2025.09.12"
"452",51,"JAM","Jamaica",1986,NA,NA,0,0,0,0,"","","","","V2025.09.12"
"453",51,"JAM","Jamaica",1987,NA,NA,0,0,0,0,"","","","","V2025.09.12"
"454",51,"JAM","Jamaica",1988,NA,NA,0,0,0,0,"","","","","V2025.09.12"
"455",51,"JAM","Jamaica",1989,NA,NA,0,0,0,0,"","","","","V2025.09.12"
"456",51,"JAM","Jamaica",1990,NA,NA,0,0,0,0,"","","","","V2025.09.12"
"457",51,"JAM","Jamaica",1991,NA,NA,0,0,0,0,"","","","","V2025.09.12"
"458",51,"JAM","Jamaica",1992,NA,NA,0,0,0,0,"","","","","V2025.09.12"
"459",51,"JAM","Jamaica",1993,NA,NA,0,0,0,0,"","","","","V2025.09.12"
"460",51,"JAM","Jamaica",1994,NA,NA,0,0,0,0,"","","","","V2025.09.12"
"461",51,"JAM","Jamaica",1995,NA,NA,0,0,0,0,"","","","","V2025.09.12"
"462",51,"JAM","Jamaica",1996,NA,NA,0,0,0,0,"","","","","V2025.09.12"
"463",51,"JAM","Jamaica",1997,NA,NA,0,0,0,0,"","","","","V2025.09.12"
"464",51,"JAM","Jamaica",1998,NA,NA,0,0,0,0,"","","","","V2025.09.12"
"465",51,"JAM","Jamaica",1999,NA,NA,0,0,0,0,"","","","","V2025.09.12"
"466",51,"JAM","Jamaica",2000,NA,NA,0,0,0,0,"","","","","V2025.09.12"
"467",51,"JAM","Jamaica",2001,NA,NA,0,0,0,0,"","","","","V2025.09.12"
"468",51,"JAM","Jamaica",2002,NA,NA,0,0,0,0,"","","","","V2025.09.12"
"469",51,"JAM","Jamaica",2003,NA,NA,0,0,0,0,"","","","","V2025.09.12"
"470",51,"JAM","Jamaica",2004,NA,NA,0,0,0,0,"","","","","V2025.09.12"
"471",51,"JAM","Jamaica",2005,NA,NA,0,0,0,0,"","","","","V2025.09.12"
"472",51,"JAM","Jamaica",2006,NA,NA,0,0,0,0,"","","","","V2025.09.12"
"473",51,"JAM","Jamaica",2007,NA,NA,0,0,0,0,"","","","","V2025.09.12"
"474",51,"JAM","Jamaica",2008,NA,NA,0,0,0,0,"","","","","V2025.09.12"
"475",51,"JAM","Jamaica",2009,NA,NA,0,0,0,0,"","","","","V2025.09.12"
"476",51,"JAM","Jamaica",2010,NA,NA,0,0,0,0,"","","","","V2025.09.12"
"477",51,"JAM","Jamaica",2011,NA,NA,0,0,0,0,"","","","","V2025.09.12"
"478",51,"JAM","Jamaica",2012,NA,NA,0,0,0,0,"","","","","V2025.09.12"
"479",51,"JAM","Jamaica",2013,NA,NA,0,0,0,0,"","","","","V2025.09.12"
"480",51,"JAM","Jamaica",2014,NA,NA,0,0,0,0,"","","","","V2025.09.12"
"481",51,"JAM","Jamaica",2015,NA,NA,0,0,0,0,"","","","","V2025.09.12"
"482",51,"JAM","Jamaica",2016,NA,NA,0,0,0,0,"","","","","V2025.09.12"
"483",51,"JAM","Jamaica",2017,NA,NA,0,0,0,0,"","","","","V2025.09.12"
"484",51,"JAM","Jamaica",2018,NA,NA,0,0,0,0,"","","","","V2025.09.12"
"485",51,"JAM","Jamaica",2019,NA,NA,0,0,0,0,"","","","","V2025.09.12"
"486",51,"JAM","Jamaica",2020,NA,NA,0,0,0,0,"","","","","V2025.09.12"
"487",51,"JAM","Jamaica",2021,NA,NA,0,0,0,0,"","","","","V2025.09.12"
"488",51,"JAM","Jamaica",2022,NA,NA,0,0,0,0,"","","","","V2025.09.12"
"489",51,"JAM","Jamaica",2023,NA,NA,0,0,0,0,"","","","","V2025.09.12"
"490",51,"JAM","Jamaica",2024,NA,NA,0,0,0,0,"","","","","V2025.09.12"
"491",52,"TRI","Trinidad and Tobago",1962,NA,NA,0,0,0,0,"","","","","V2025.09.12"
"492",52,"TRI","Trinidad and Tobago",1963,NA,NA,0,0,0,0,"","","","","V2025.09.12"
"493",52,"TRI","Trinidad and Tobago",1964,NA,NA,0,0,0,0,"","","","","V2025.09.12"
"494",52,"TRI","Trinidad and Tobago",1965,NA,NA,0,0,0,0,"","","","","V2025.09.12"
"495",52,"TRI","Trinidad and Tobago",1966,NA,NA,0,0,0,0,"","","","","V2025.09.12"
"496",52,"TRI","Trinidad and Tobago",1967,NA,NA,0,0,0,0,"","","","","V2025.09.12"
"497",52,"TRI","Trinidad and Tobago",1968,NA,NA,0,0,0,0,"","","","","V2025.09.12"
"498",52,"TRI","Trinidad and Tobago",1969,NA,NA,0,0,0,0,"","","","","V2025.09.12"
"499",52,"TRI","Trinidad and Tobago",1970,NA,NA,0,0,0,0,"","","","","V2025.09.12"
"500",52,"TRI","Trinidad and Tobago",1971,NA,NA,0,0,0,0,"","","","","V2025.09.12"
"501",52,"TRI","Trinidad and Tobago",1972,NA,NA,0,0,0,0,"","","","","V2025.09.12"
"502",52,"TRI","Trinidad and Tobago",1973,NA,NA,0,0,0,0,"","","","","V2025.09.12"
"503",52,"TRI","Trinidad and Tobago",1974,NA,NA,0,0,0,0,"","","","","V2025.09.12"
"504",52,"TRI","Trinidad and Tobago",1975,NA,NA,0,0,0,0,"","","","","V2025.09.12"
"505",52,"TRI","Trinidad and Tobago",1976,NA,NA,0,0,0,0,"","","","","V2025.09.12"
"506",52,"TRI","Trinidad and Tobago",1977,NA,NA,0,0,0,0,"","","","","V2025.09.12"
"507",52,"TRI","Trinidad and Tobago",1978,NA,NA,0,0,0,0,"","","","","V2025.09.12"
"508",52,"TRI","Trinidad and Tobago",1979,NA,NA,0,0,0,0,"","","","","V2025.09.12"
"509",52,"TRI","Trinidad and Tobago",1980,NA,NA,0,0,0,0,"","","","","V2025.09.12"
"510",52,"TRI","Trinidad and Tobago",1981,NA,NA,0,0,0,0,"","","","","V2025.09.12"
"511",52,"TRI","Trinidad and Tobago",1982,NA,NA,0,0,0,0,"","","","","V2025.09.12"
"512",52,"TRI","Trinidad and Tobago",1983,NA,NA,0,0,0,0,"","","","","V2025.09.12"
"513",52,"TRI","Trinidad and Tobago",1984,NA,NA,0,0,0,0,"","","","","V2025.09.12"
"514",52,"TRI","Trinidad and Tobago",1985,NA,NA,0,0,0,0,"","","","","V2025.09.12"
"515",52,"TRI","Trinidad and Tobago",1986,NA,NA,0,0,0,0,"","","","","V2025.09.12"
"516",52,"TRI","Trinidad and Tobago",1987,NA,NA,0,0,0,0,"","","","","V2025.09.12"
"517",52,"TRI","Trinidad and Tobago",1988,NA,NA,0,0,0,0,"","","","","V2025.09.12"
"518",52,"TRI","Trinidad and Tobago",1989,NA,NA,0,0,0,0,"","","","","V2025.09.12"
"519",52,"TRI","Trinidad and Tobago",1990,NA,NA,0,0,0,0,"","","","","V2025.09.12"
"520",52,"TRI","Trinidad and Tobago",1991,NA,NA,0,0,0,0,"","","","","V2025.09.12"
"521",52,"TRI","Trinidad and Tobago",1992,NA,NA,0,0,0,0,"","","","","V2025.09.12"
"522",52,"TRI","Trinidad and Tobago",1993,NA,NA,0,0,0,0,"","","","","V2025.09.12"
"523",52,"TRI","Trinidad and Tobago",1994,NA,NA,0,0,0,0,"","","","","V2025.09.12"
"524",52,"TRI","Trinidad and Tobago",1995,NA,NA,0,0,0,0,"","","","","V2025.09.12"
"525",52,"TRI","Trinidad and Tobago",1996,NA,NA,0,0,0,0,"","","","","V2025.09.12"
"526",52,"TRI","Trinidad and Tobago",1997,NA,NA,0,0,0,0,"","","","","V2025.09.12"
"527",52,"TRI","Trinidad and Tobago",1998,NA,NA,0,0,0,0,"","","","","V2025.09.12"
"528",52,"TRI","Trinidad and Tobago",1999,NA,NA,0,0,0,0,"","","","","V2025.09.12"
"529",52,"TRI","Trinidad and Tobago",2000,NA,NA,0,0,0,0,"","","","","V2025.09.12"
"530",52,"TRI","Trinidad and Tobago",2001,NA,NA,0,0,0,0,"","","","","V2025.09.12"
"531",52,"TRI","Trinidad and Tobago",2002,NA,NA,0,0,0,0,"","","","","V2025.09.12"
"532",52,"TRI","Trinidad and Tobago",2003,NA,NA,0,0,0,0,"","","","","V2025.09.12"
"533",52,"TRI","Trinidad and Tobago",2004,NA,NA,0,0,0,0,"","","","","V2025.09.12"
"534",52,"TRI","Trinidad and Tobago",2005,NA,NA,0,0,0,0,"","","","","V2025.09.12"
"535",52,"TRI","Trinidad and Tobago",2006,NA,NA,0,0,0,0,"","","","","V2025.09.12"
"536",52,"TRI","Trinidad and Tobago",2007,NA,NA,0,0,0,0,"","","","","V2025.09.12"
"537",52,"TRI","Trinidad and Tobago",2008,NA,NA,0,0,0,0,"","","","","V2025.09.12"
"538",52,"TRI","Trinidad and Tobago",2009,NA,NA,0,0,0,0,"","","","","V2025.09.12"
"539",52,"TRI","Trinidad and Tobago",2010,NA,NA,0,0,0,0,"","","","","V2025.09.12"
"540",52,"TRI","Trinidad and Tobago",2011,NA,NA,0,0,0,0,"","","","","V2025.09.12"
"541",52,"TRI","Trinidad and Tobago",2012,NA,NA,0,0,0,0,"","","","","V2025.09.12"
"542",52,"TRI","Trinidad and Tobago",2013,NA,NA,0,0,0,0,"","","","","V2025.09.12"
"543",52,"TRI","Trinidad and Tobago",2014,NA,NA,0,0,0,0,"","","","","V2025.09.12"
"544",52,"TRI","Trinidad and Tobago",2015,NA,NA,0,0,0,0,"","","","","V2025.09.12"
"545",52,"TRI","Trinidad and Tobago",2016,NA,NA,0,0,0,0,"","","","","V2025.09.12"
"546",52,"TRI","Trinidad and Tobago",2017,NA,NA,0,0,0,0,"","","","","V2025.09.12"
"547",52,"TRI","Trinidad and Tobago",2018,NA,NA,0,0,0,0,"","","","","V2025.09.12"
"548",52,"TRI","Trinidad and Tobago",2019,NA,NA,0,0,0,0,"","","","","V2025.09.12"
"549",52,"TRI","Trinidad and Tobago",2020,NA,NA,0,0,0,0,"","","","","V2025.09.12"
"550",52,"TRI","Trinidad and Tobago",2021,NA,NA,0,0,0,0,"","","","","V2025.09.12"
"551",52,"TRI","Trinidad and Tobago",2022,NA,NA,0,0,0,0,"","","","","V2025.09.12"
"552",52,"TRI","Trinidad and Tobago",2023,NA,NA,0,0,0,0,"","","","","V2025.09.12"
"553",52,"TRI","Trinidad and Tobago",2024,NA,NA,0,0,0,0,"","","","","V2025.09.12"
"554",53,"BAR","Barbados",1966,NA,NA,0,0,0,0,"","","","","V2025.09.12"
"555",53,"BAR","Barbados",1967,NA,NA,0,0,0,0,"","","","","V2025.09.12"
"556",53,"BAR","Barbados",1968,NA,NA,0,0,0,0,"","","","","V2025.09.12"
"557",53,"BAR","Barbados",1969,NA,NA,0,0,0,0,"","","","","V2025.09.12"
"558",53,"BAR","Barbados",1970,NA,NA,0,0,0,0,"","","","","V2025.09.12"
"559",53,"BAR","Barbados",1971,NA,NA,0,0,0,0,"","","","","V2025.09.12"
"560",53,"BAR","Barbados",1972,NA,NA,0,0,0,0,"","","","","V2025.09.12"
"561",53,"BAR","Barbados",1973,NA,NA,0,0,0,0,"","","","","V2025.09.12"
"562",53,"BAR","Barbados",1974,NA,NA,0,0,0,0,"","","","","V2025.09.12"
"563",53,"BAR","Barbados",1975,NA,NA,0,0,0,0,"","","","","V2025.09.12"
"564",53,"BAR","Barbados",1976,NA,NA,0,0,0,0,"","","","","V2025.09.12"
"565",53,"BAR","Barbados",1977,NA,NA,0,0,0,0,"","","","","V2025.09.12"
"566",53,"BAR","Barbados",1978,NA,NA,0,0,0,0,"","","","","V2025.09.12"
"567",53,"BAR","Barbados",1979,NA,NA,0,0,0,0,"","","","","V2025.09.12"
"568",53,"BAR","Barbados",1980,NA,NA,0,0,0,0,"","","","","V2025.09.12"
"569",53,"BAR","Barbados",1981,NA,NA,0,0,0,0,"","","","","V2025.09.12"
"570",53,"BAR","Barbados",1982,NA,NA,0,0,0,0,"","","","","V2025.09.12"
"571",53,"BAR","Barbados",1983,NA,NA,0,0,0,0,"","","","","V2025.09.12"
"572",53,"BAR","Barbados",1984,NA,NA,0,0,0,0,"","","","","V2025.09.12"
"573",53,"BAR","Barbados",1985,NA,NA,0,0,0,0,"","","","","V2025.09.12"
"574",53,"BAR","Barbados",1986,NA,NA,0,0,0,0,"","","","","V2025.09.12"
"575",53,"BAR","Barbados",1987,NA,NA,0,0,0,0,"","","","","V2025.09.12"
"576",53,"BAR","Barbados",1988,NA,NA,0,0,0,0,"","","","","V2025.09.12"
"577",53,"BAR","Barbados",1989,NA,NA,0,0,0,0,"","","","","V2025.09.12"
"578",53,"BAR","Barbados",1990,NA,NA,0,0,0,0,"","","","","V2025.09.12"
"579",53,"BAR","Barbados",1991,NA,NA,0,0,0,0,"","","","","V2025.09.12"
"580",53,"BAR","Barbados",1992,NA,NA,0,0,0,0,"","","","","V2025.09.12"
"581",53,"BAR","Barbados",1993,NA,NA,0,0,0,0,"","","","","V2025.09.12"
"582",53,"BAR","Barbados",1994,NA,NA,0,0,0,0,"","","","","V2025.09.12"
"583",53,"BAR","Barbados",1995,NA,NA,0,0,0,0,"","","","","V2025.09.12"
"584",53,"BAR","Barbados",1996,NA,NA,0,0,0,0,"","","","","V2025.09.12"
"585",53,"BAR","Barbados",1997,NA,NA,0,0,0,0,"","","","","V2025.09.12"
"586",53,"BAR","Barbados",1998,NA,NA,0,0,0,0,"","","","","V2025.09.12"
"587",53,"BAR","Barbados",1999,NA,NA,0,0,0,0,"","","","","V2025.09.12"
"588",53,"BAR","Barbados",2000,NA,NA,0,0,0,0,"","","","","V2025.09.12"
"589",53,"BAR","Barbados",2001,NA,NA,0,0,0,0,"","","","","V2025.09.12"
"590",53,"BAR","Barbados",2002,NA,NA,0,0,0,0,"","","","","V2025.09.12"
"591",53,"BAR","Barbados",2003,NA,NA,0,0,0,0,"","","","","V2025.09.12"
"592",53,"BAR","Barbados",2004,NA,NA,0,0,0,0,"","","","","V2025.09.12"
"593",53,"BAR","Barbados",2005,NA,NA,0,0,0,0,"","","","","V2025.09.12"
"594",53,"BAR","Barbados",2006,NA,NA,0,0,0,0,"","","","","V2025.09.12"
"595",53,"BAR","Barbados",2007,NA,NA,0,0,0,0,"","","","","V2025.09.12"
"596",53,"BAR","Barbados",2008,NA,NA,0,0,0,0,"","","","","V2025.09.12"
"597",53,"BAR","Barbados",2009,NA,NA,0,0,0,0,"","","","","V2025.09.12"
"598",53,"BAR","Barbados",2010,NA,NA,0,0,0,0,"","","","","V2025.09.12"
"599",53,"BAR","Barbados",2011,NA,NA,0,0,0,0,"","","","","V2025.09.12"
"600",53,"BAR","Barbados",2012,NA,NA,0,0,0,0,"","","","","V2025.09.12"
"601",53,"BAR","Barbados",2013,NA,NA,0,0,0,0,"","","","","V2025.09.12"
"602",53,"BAR","Barbados",2014,NA,NA,0,0,0,0,"","","","","V2025.09.12"
"603",53,"BAR","Barbados",2015,NA,NA,0,0,0,0,"","","","","V2025.09.12"
"604",53,"BAR","Barbados",2016,NA,NA,0,0,0,0,"","","","","V2025.09.12"
"605",53,"BAR","Barbados",2017,NA,NA,0,0,0,0,"","","","","V2025.09.12"
"606",53,"BAR","Barbados",2018,NA,NA,0,0,0,0,"","","","","V2025.09.12"
"607",53,"BAR","Barbados",2019,NA,NA,0,0,0,0,"","","","","V2025.09.12"
"608",53,"BAR","Barbados",2020,NA,NA,0,0,0,0,"","","","","V2025.09.12"
"609",53,"BAR","Barbados",2021,NA,NA,0,0,0,0,"","","","","V2025.09.12"
"610",53,"BAR","Barbados",2022,NA,NA,0,0,0,0,"","","","","V2025.09.12"
"611",53,"BAR","Barbados",2023,NA,NA,0,0,0,0,"","","","","V2025.09.12"
"612",53,"BAR","Barbados",2024,NA,NA,0,0,0,0,"","","","","V2025.09.12"
"613",54,"DMA","Dominica",1978,NA,NA,0,0,0,0,"","","","","V2025.09.12"
"614",54,"DMA","Dominica",1979,NA,NA,0,0,0,0,"","","","","V2025.09.12"
"615",54,"DMA","Dominica",1980,NA,NA,0,0,0,0,"","","","","V2025.09.12"
"616",54,"DMA","Dominica",1981,NA,NA,1,0,0,0,"19dec1981","","","","V2025.09.12"
"617",54,"DMA","Dominica",1982,NA,NA,0,0,0,0,"","","","","V2025.09.12"
"618",54,"DMA","Dominica",1983,NA,NA,0,0,0,0,"","","","","V2025.09.12"
"619",54,"DMA","Dominica",1984,NA,NA,0,0,0,0,"","","","","V2025.09.12"
"620",54,"DMA","Dominica",1985,NA,NA,0,0,0,0,"","","","","V2025.09.12"
"621",54,"DMA","Dominica",1986,NA,NA,0,0,0,0,"","","","","V2025.09.12"
"622",54,"DMA","Dominica",1987,NA,NA,0,0,0,0,"","","","","V2025.09.12"
"623",54,"DMA","Dominica",1988,NA,NA,0,0,0,0,"","","","","V2025.09.12"
"624",54,"DMA","Dominica",1989,NA,NA,0,0,0,0,"","","","","V2025.09.12"
"625",54,"DMA","Dominica",1990,NA,NA,0,0,0,0,"","","","","V2025.09.12"
"626",54,"DMA","Dominica",1991,NA,NA,0,0,0,0,"","","","","V2025.09.12"
"627",54,"DMA","Dominica",1992,NA,NA,0,0,0,0,"","","","","V2025.09.12"
"628",54,"DMA","Dominica",1993,NA,NA,0,0,0,0,"","","","","V2025.09.12"
"629",54,"DMA","Dominica",1994,NA,NA,0,0,0,0,"","","","","V2025.09.12"
"630",54,"DMA","Dominica",1995,NA,NA,0,0,0,0,"","","","","V2025.09.12"
"631",54,"DMA","Dominica",1996,NA,NA,0,0,0,0,"","","","","V2025.09.12"
"632",54,"DMA","Dominica",1997,NA,NA,0,0,0,0,"","","","","V2025.09.12"
"633",54,"DMA","Dominica",1998,NA,NA,0,0,0,0,"","","","","V2025.09.12"
"634",54,"DMA","Dominica",1999,NA,NA,0,0,0,0,"","","","","V2025.09.12"
"635",54,"DMA","Dominica",2000,NA,NA,0,0,0,0,"","","","","V2025.09.12"
"636",54,"DMA","Dominica",2001,NA,NA,0,0,0,0,"","","","","V2025.09.12"
"637",54,"DMA","Dominica",2002,NA,NA,0,0,0,0,"","","","","V2025.09.12"
"638",54,"DMA","Dominica",2003,NA,NA,0,0,0,0,"","","","","V2025.09.12"
"639",54,"DMA","Dominica",2004,NA,NA,0,0,0,0,"","","","","V2025.09.12"
"640",54,"DMA","Dominica",2005,NA,NA,0,0,0,0,"","","","","V2025.09.12"
"641",54,"DMA","Dominica",2006,NA,NA,0,0,0,0,"","","","","V2025.09.12"
"642",54,"DMA","Dominica",2007,NA,NA,0,0,0,0,"","","","","V2025.09.12"
"643",54,"DMA","Dominica",2008,NA,NA,0,0,0,0,"","","","","V2025.09.12"
"644",54,"DMA","Dominica",2009,NA,NA,0,0,0,0,"","","","","V2025.09.12"
"645",54,"DMA","Dominica",2010,NA,NA,0,0,0,0,"","","","","V2025.09.12"
"646",54,"DMA","Dominica",2011,NA,NA,0,0,0,0,"","","","","V2025.09.12"
"647",54,"DMA","Dominica",2012,NA,NA,0,0,0,0,"","","","","V2025.09.12"
"648",54,"DMA","Dominica",2013,NA,NA,0,0,0,0,"","","","","V2025.09.12"
"649",54,"DMA","Dominica",2014,NA,NA,0,0,0,0,"","","","","V2025.09.12"
"650",54,"DMA","Dominica",2015,NA,NA,0,0,0,0,"","","","","V2025.09.12"
"651",54,"DMA","Dominica",2016,NA,NA,0,0,0,0,"","","","","V2025.09.12"
"652",54,"DMA","Dominica",2017,NA,NA,0,0,0,0,"","","","","V2025.09.12"
"653",54,"DMA","Dominica",2018,NA,NA,0,0,0,0,"","","","","V2025.09.12"
"654",54,"DMA","Dominica",2019,NA,NA,0,0,0,0,"","","","","V2025.09.12"
"655",54,"DMA","Dominica",2020,NA,NA,0,0,0,0,"","","","","V2025.09.12"
"656",54,"DMA","Dominica",2021,NA,NA,0,0,0,0,"","","","","V2025.09.12"
"657",54,"DMA","Dominica",2022,NA,NA,0,0,0,0,"","","","","V2025.09.12"
"658",54,"DMA","Dominica",2023,NA,NA,0,0,0,0,"","","","","V2025.09.12"
"659",54,"DMA","Dominica",2024,NA,NA,0,0,0,0,"","","","","V2025.09.12"
"660",55,"GRN","Grenada",1974,NA,NA,0,0,0,0,"","","","","V2025.09.12"
"661",55,"GRN","Grenada",1975,NA,NA,0,0,0,0,"","","","","V2025.09.12"
"662",55,"GRN","Grenada",1976,NA,NA,0,0,0,0,"","","","","V2025.09.12"
"663",55,"GRN","Grenada",1977,NA,NA,0,0,0,0,"","","","","V2025.09.12"
"664",55,"GRN","Grenada",1978,NA,NA,0,0,0,0,"","","","","V2025.09.12"
"665",55,"GRN","Grenada",1979,NA,NA,2,0,0,0,"13mar1979","","","","V2025.09.12"
"666",55,"GRN","Grenada",1980,NA,NA,0,0,0,0,"","","","","V2025.09.12"
"667",55,"GRN","Grenada",1981,NA,NA,0,0,0,0,"","","","","V2025.09.12"
"668",55,"GRN","Grenada",1982,NA,NA,0,0,0,0,"","","","","V2025.09.12"
"669",55,"GRN","Grenada",1983,NA,NA,2,0,0,0,"14oct1983","","","","V2025.09.12"
"670",55,"GRN","Grenada",1984,NA,NA,0,0,0,0,"","","","","V2025.09.12"
"671",55,"GRN","Grenada",1985,NA,NA,0,0,0,0,"","","","","V2025.09.12"
"672",55,"GRN","Grenada",1986,NA,NA,0,0,0,0,"","","","","V2025.09.12"
"673",55,"GRN","Grenada",1987,NA,NA,0,0,0,0,"","","","","V2025.09.12"
"674",55,"GRN","Grenada",1988,NA,NA,0,0,0,0,"","","","","V2025.09.12"
"675",55,"GRN","Grenada",1989,NA,NA,0,0,0,0,"","","","","V2025.09.12"
"676",55,"GRN","Grenada",1990,NA,NA,0,0,0,0,"","","","","V2025.09.12"
"677",55,"GRN","Grenada",1991,NA,NA,0,0,0,0,"","","","","V2025.09.12"
"678",55,"GRN","Grenada",1992,NA,NA,0,0,0,0,"","","","","V2025.09.12"
"679",55,"GRN","Grenada",1993,NA,NA,0,0,0,0,"","","","","V2025.09.12"
"680",55,"GRN","Grenada",1994,NA,NA,0,0,0,0,"","","","","V2025.09.12"
"681",55,"GRN","Grenada",1995,NA,NA,0,0,0,0,"","","","","V2025.09.12"
"682",55,"GRN","Grenada",1996,NA,NA,0,0,0,0,"","","","","V2025.09.12"
"683",55,"GRN","Grenada",1997,NA,NA,0,0,0,0,"","","","","V2025.09.12"
"684",55,"GRN","Grenada",1998,NA,NA,0,0,0,0,"","","","","V2025.09.12"
"685",55,"GRN","Grenada",1999,NA,NA,0,0,0,0,"","","","","V2025.09.12"
"686",55,"GRN","Grenada",2000,NA,NA,0,0,0,0,"","","","","V2025.09.12"
"687",55,"GRN","Grenada",2001,NA,NA,0,0,0,0,"","","","","V2025.09.12"
"688",55,"GRN","Grenada",2002,NA,NA,0,0,0,0,"","","","","V2025.09.12"
"689",55,"GRN","Grenada",2003,NA,NA,0,0,0,0,"","","","","V2025.09.12"
"690",55,"GRN","Grenada",2004,NA,NA,0,0,0,0,"","","","","V2025.09.12"
"691",55,"GRN","Grenada",2005,NA,NA,0,0,0,0,"","","","","V2025.09.12"
"692",55,"GRN","Grenada",2006,NA,NA,0,0,0,0,"","","","","V2025.09.12"
"693",55,"GRN","Grenada",2007,NA,NA,0,0,0,0,"","","","","V2025.09.12"
"694",55,"GRN","Grenada",2008,NA,NA,0,0,0,0,"","","","","V2025.09.12"
"695",55,"GRN","Grenada",2009,NA,NA,0,0,0,0,"","","","","V2025.09.12"
"696",55,"GRN","Grenada",2010,NA,NA,0,0,0,0,"","","","","V2025.09.12"
"697",55,"GRN","Grenada",2011,NA,NA,0,0,0,0,"","","","","V2025.09.12"
"698",55,"GRN","Grenada",2012,NA,NA,0,0,0,0,"","","","","V2025.09.12"
"699",55,"GRN","Grenada",2013,NA,NA,0,0,0,0,"","","","","V2025.09.12"
"700",55,"GRN","Grenada",2014,NA,NA,0,0,0,0,"","","","","V2025.09.12"
"701",55,"GRN","Grenada",2015,NA,NA,0,0,0,0,"","","","","V2025.09.12"
"702",55,"GRN","Grenada",2016,NA,NA,0,0,0,0,"","","","","V2025.09.12"
"703",55,"GRN","Grenada",2017,NA,NA,0,0,0,0,"","","","","V2025.09.12"
"704",55,"GRN","Grenada",2018,NA,NA,0,0,0,0,"","","","","V2025.09.12"
"705",55,"GRN","Grenada",2019,NA,NA,0,0,0,0,"","","","","V2025.09.12"
"706",55,"GRN","Grenada",2020,NA,NA,0,0,0,0,"","","","","V2025.09.12"
"707",55,"GRN","Grenada",2021,NA,NA,0,0,0,0,"","","","","V2025.09.12"
"708",55,"GRN","Grenada",2022,NA,NA,0,0,0,0,"","","","","V2025.09.12"
"709",55,"GRN","Grenada",2023,NA,NA,0,0,0,0,"","","","","V2025.09.12"
"710",55,"GRN","Grenada",2024,NA,NA,0,0,0,0,"","","","","V2025.09.12"
"711",56,"SLU","Saint Lucia",1979,NA,NA,0,0,0,0,"","","","","V2025.09.12"
"712",56,"SLU","Saint Lucia",1980,NA,NA,0,0,0,0,"","","","","V2025.09.12"
"713",56,"SLU","Saint Lucia",1981,NA,NA,0,0,0,0,"","","","","V2025.09.12"
"714",56,"SLU","Saint Lucia",1982,NA,NA,0,0,0,0,"","","","","V2025.09.12"
"715",56,"SLU","Saint Lucia",1983,NA,NA,0,0,0,0,"","","","","V2025.09.12"
"716",56,"SLU","Saint Lucia",1984,NA,NA,0,0,0,0,"","","","","V2025.09.12"
"717",56,"SLU","Saint Lucia",1985,NA,NA,0,0,0,0,"","","","","V2025.09.12"
"718",56,"SLU","Saint Lucia",1986,NA,NA,0,0,0,0,"","","","","V2025.09.12"
"719",56,"SLU","Saint Lucia",1987,NA,NA,0,0,0,0,"","","","","V2025.09.12"
"720",56,"SLU","Saint Lucia",1988,NA,NA,0,0,0,0,"","","","","V2025.09.12"
"721",56,"SLU","Saint Lucia",1989,NA,NA,0,0,0,0,"","","","","V2025.09.12"
"722",56,"SLU","Saint Lucia",1990,NA,NA,0,0,0,0,"","","","","V2025.09.12"
"723",56,"SLU","Saint Lucia",1991,NA,NA,0,0,0,0,"","","","","V2025.09.12"
"724",56,"SLU","Saint Lucia",1992,NA,NA,0,0,0,0,"","","","","V2025.09.12"
"725",56,"SLU","Saint Lucia",1993,NA,NA,0,0,0,0,"","","","","V2025.09.12"
"726",56,"SLU","Saint Lucia",1994,NA,NA,0,0,0,0,"","","","","V2025.09.12"
"727",56,"SLU","Saint Lucia",1995,NA,NA,0,0,0,0,"","","","","V2025.09.12"
"728",56,"SLU","Saint Lucia",1996,NA,NA,0,0,0,0,"","","","","V2025.09.12"
"729",56,"SLU","Saint Lucia",1997,NA,NA,0,0,0,0,"","","","","V2025.09.12"
"730",56,"SLU","Saint Lucia",1998,NA,NA,0,0,0,0,"","","","","V2025.09.12"
"731",56,"SLU","Saint Lucia",1999,NA,NA,0,0,0,0,"","","","","V2025.09.12"
"732",56,"SLU","Saint Lucia",2000,NA,NA,0,0,0,0,"","","","","V2025.09.12"
"733",56,"SLU","Saint Lucia",2001,NA,NA,0,0,0,0,"","","","","V2025.09.12"
"734",56,"SLU","Saint Lucia",2002,NA,NA,0,0,0,0,"","","","","V2025.09.12"
"735",56,"SLU","Saint Lucia",2003,NA,NA,0,0,0,0,"","","","","V2025.09.12"
"736",56,"SLU","Saint Lucia",2004,NA,NA,0,0,0,0,"","","","","V2025.09.12"
"737",56,"SLU","Saint Lucia",2005,NA,NA,0,0,0,0,"","","","","V2025.09.12"
"738",56,"SLU","Saint Lucia",2006,NA,NA,0,0,0,0,"","","","","V2025.09.12"
"739",56,"SLU","Saint Lucia",2007,NA,NA,0,0,0,0,"","","","","V2025.09.12"
"740",56,"SLU","Saint Lucia",2008,NA,NA,0,0,0,0,"","","","","V2025.09.12"
"741",56,"SLU","Saint Lucia",2009,NA,NA,0,0,0,0,"","","","","V2025.09.12"
"742",56,"SLU","Saint Lucia",2010,NA,NA,0,0,0,0,"","","","","V2025.09.12"
"743",56,"SLU","Saint Lucia",2011,NA,NA,0,0,0,0,"","","","","V2025.09.12"
"744",56,"SLU","Saint Lucia",2012,NA,NA,0,0,0,0,"","","","","V2025.09.12"
"745",56,"SLU","Saint Lucia",2013,NA,NA,0,0,0,0,"","","","","V2025.09.12"
"746",56,"SLU","Saint Lucia",2014,NA,NA,0,0,0,0,"","","","","V2025.09.12"
"747",56,"SLU","Saint Lucia",2015,NA,NA,0,0,0,0,"","","","","V2025.09.12"
"748",56,"SLU","Saint Lucia",2016,NA,NA,0,0,0,0,"","","","","V2025.09.12"
"749",56,"SLU","Saint Lucia",2017,NA,NA,0,0,0,0,"","","","","V2025.09.12"
"750",56,"SLU","Saint Lucia",2018,NA,NA,0,0,0,0,"","","","","V2025.09.12"
"751",56,"SLU","Saint Lucia",2019,NA,NA,0,0,0,0,"","","","","V2025.09.12"
"752",56,"SLU","Saint Lucia",2020,NA,NA,0,0,0,0,"","","","","V2025.09.12"
"753",56,"SLU","Saint Lucia",2021,NA,NA,0,0,0,0,"","","","","V2025.09.12"
"754",56,"SLU","Saint Lucia",2022,NA,NA,0,0,0,0,"","","","","V2025.09.12"
"755",56,"SLU","Saint Lucia",2023,NA,NA,0,0,0,0,"","","","","V2025.09.12"
"756",56,"SLU","Saint Lucia",2024,NA,NA,0,0,0,0,"","","","","V2025.09.12"
"757",57,"SVG","Saint Vincent and the Grenadines",1979,NA,NA,0,0,0,0,"","","","","V2025.09.12"
"758",57,"SVG","Saint Vincent and the Grenadines",1980,NA,NA,0,0,0,0,"","","","","V2025.09.12"
"759",57,"SVG","Saint Vincent and the Grenadines",1981,NA,NA,0,0,0,0,"","","","","V2025.09.12"
"760",57,"SVG","Saint Vincent and the Grenadines",1982,NA,NA,0,0,0,0,"","","","","V2025.09.12"
"761",57,"SVG","Saint Vincent and the Grenadines",1983,NA,NA,0,0,0,0,"","","","","V2025.09.12"
"762",57,"SVG","Saint Vincent and the Grenadines",1984,NA,NA,0,0,0,0,"","","","","V2025.09.12"
"763",57,"SVG","Saint Vincent and the Grenadines",1985,NA,NA,0,0,0,0,"","","","","V2025.09.12"
"764",57,"SVG","Saint Vincent and the Grenadines",1986,NA,NA,0,0,0,0,"","","","","V2025.09.12"
"765",57,"SVG","Saint Vincent and the Grenadines",1987,NA,NA,0,0,0,0,"","","","","V2025.09.12"
"766",57,"SVG","Saint Vincent and the Grenadines",1988,NA,NA,0,0,0,0,"","","","","V2025.09.12"
"767",57,"SVG","Saint Vincent and the Grenadines",1989,NA,NA,0,0,0,0,"","","","","V2025.09.12"
"768",57,"SVG","Saint Vincent and the Grenadines",1990,NA,NA,0,0,0,0,"","","","","V2025.09.12"
"769",57,"SVG","Saint Vincent and the Grenadines",1991,NA,NA,0,0,0,0,"","","","","V2025.09.12"
"770",57,"SVG","Saint Vincent and the Grenadines",1992,NA,NA,0,0,0,0,"","","","","V2025.09.12"
"771",57,"SVG","Saint Vincent and the Grenadines",1993,NA,NA,0,0,0,0,"","","","","V2025.09.12"
"772",57,"SVG","Saint Vincent and the Grenadines",1994,NA,NA,0,0,0,0,"","","","","V2025.09.12"
"773",57,"SVG","Saint Vincent and the Grenadines",1995,NA,NA,0,0,0,0,"","","","","V2025.09.12"
"774",57,"SVG","Saint Vincent and the Grenadines",1996,NA,NA,0,0,0,0,"","","","","V2025.09.12"
"775",57,"SVG","Saint Vincent and the Grenadines",1997,NA,NA,0,0,0,0,"","","","","V2025.09.12"
"776",57,"SVG","Saint Vincent and the Grenadines",1998,NA,NA,0,0,0,0,"","","","","V2025.09.12"
"777",57,"SVG","Saint Vincent and the Grenadines",1999,NA,NA,0,0,0,0,"","","","","V2025.09.12"
"778",57,"SVG","Saint Vincent and the Grenadines",2000,NA,NA,0,0,0,0,"","","","","V2025.09.12"
"779",57,"SVG","Saint Vincent and the Grenadines",2001,NA,NA,0,0,0,0,"","","","","V2025.09.12"
"780",57,"SVG","Saint Vincent and the Grenadines",2002,NA,NA,0,0,0,0,"","","","","V2025.09.12"
"781",57,"SVG","Saint Vincent and the Grenadines",2003,NA,NA,0,0,0,0,"","","","","V2025.09.12"
"782",57,"SVG","Saint Vincent and the Grenadines",2004,NA,NA,0,0,0,0,"","","","","V2025.09.12"
"783",57,"SVG","Saint Vincent and the Grenadines",2005,NA,NA,0,0,0,0,"","","","","V2025.09.12"
"784",57,"SVG","Saint Vincent and the Grenadines",2006,NA,NA,0,0,0,0,"","","","","V2025.09.12"
"785",57,"SVG","Saint Vincent and the Grenadines",2007,NA,NA,0,0,0,0,"","","","","V2025.09.12"
"786",57,"SVG","Saint Vincent and the Grenadines",2008,NA,NA,0,0,0,0,"","","","","V2025.09.12"
"787",57,"SVG","Saint Vincent and the Grenadines",2009,NA,NA,0,0,0,0,"","","","","V2025.09.12"
"788",57,"SVG","Saint Vincent and the Grenadines",2010,NA,NA,0,0,0,0,"","","","","V2025.09.12"
"789",57,"SVG","Saint Vincent and the Grenadines",2011,NA,NA,0,0,0,0,"","","","","V2025.09.12"
"790",57,"SVG","Saint Vincent and the Grenadines",2012,NA,NA,0,0,0,0,"","","","","V2025.09.12"
"791",57,"SVG","Saint Vincent and the Grenadines",2013,NA,NA,0,0,0,0,"","","","","V2025.09.12"
"792",57,"SVG","Saint Vincent and the Grenadines",2014,NA,NA,0,0,0,0,"","","","","V2025.09.12"
"793",57,"SVG","Saint Vincent and the Grenadines",2015,NA,NA,0,0,0,0,"","","","","V2025.09.12"
"794",57,"SVG","Saint Vincent and the Grenadines",2016,NA,NA,0,0,0,0,"","","","","V2025.09.12"
"795",57,"SVG","Saint Vincent and the Grenadines",2017,NA,NA,0,0,0,0,"","","","","V2025.09.12"
"796",57,"SVG","Saint Vincent and the Grenadines",2018,NA,NA,0,0,0,0,"","","","","V2025.09.12"
"797",57,"SVG","Saint Vincent and the Grenadines",2019,NA,NA,0,0,0,0,"","","","","V2025.09.12"
"798",57,"SVG","Saint Vincent and the Grenadines",2020,NA,NA,0,0,0,0,"","","","","V2025.09.12"
"799",57,"SVG","Saint Vincent and the Grenadines",2021,NA,NA,0,0,0,0,"","","","","V2025.09.12"
"800",57,"SVG","Saint Vincent and the Grenadines",2022,NA,NA,0,0,0,0,"","","","","V2025.09.12"
"801",57,"SVG","Saint Vincent and the Grenadines",2023,NA,NA,0,0,0,0,"","","","","V2025.09.12"
"802",57,"SVG","Saint Vincent and the Grenadines",2024,NA,NA,0,0,0,0,"","","","","V2025.09.12"
"803",58,"AAB","Antigua & Barbuda",1981,NA,NA,0,0,0,0,"","","","","V2025.09.12"
"804",58,"AAB","Antigua & Barbuda",1982,NA,NA,0,0,0,0,"","","","","V2025.09.12"
"805",58,"AAB","Antigua & Barbuda",1983,NA,NA,0,0,0,0,"","","","","V2025.09.12"
"806",58,"AAB","Antigua & Barbuda",1984,NA,NA,0,0,0,0,"","","","","V2025.09.12"
"807",58,"AAB","Antigua & Barbuda",1985,NA,NA,0,0,0,0,"","","","","V2025.09.12"
"808",58,"AAB","Antigua & Barbuda",1986,NA,NA,0,0,0,0,"","","","","V2025.09.12"
"809",58,"AAB","Antigua & Barbuda",1987,NA,NA,0,0,0,0,"","","","","V2025.09.12"
"810",58,"AAB","Antigua & Barbuda",1988,NA,NA,0,0,0,0,"","","","","V2025.09.12"
"811",58,"AAB","Antigua & Barbuda",1989,NA,NA,0,0,0,0,"","","","","V2025.09.12"
"812",58,"AAB","Antigua & Barbuda",1990,NA,NA,0,0,0,0,"","","","","V2025.09.12"
"813",58,"AAB","Antigua & Barbuda",1991,NA,NA,0,0,0,0,"","","","","V2025.09.12"
"814",58,"AAB","Antigua & Barbuda",1992,NA,NA,0,0,0,0,"","","","","V2025.09.12"
"815",58,"AAB","Antigua & Barbuda",1993,NA,NA,0,0,0,0,"","","","","V2025.09.12"
"816",58,"AAB","Antigua & Barbuda",1994,NA,NA,0,0,0,0,"","","","","V2025.09.12"
"817",58,"AAB","Antigua & Barbuda",1995,NA,NA,0,0,0,0,"","","","","V2025.09.12"
"818",58,"AAB","Antigua & Barbuda",1996,NA,NA,0,0,0,0,"","","","","V2025.09.12"
"819",58,"AAB","Antigua & Barbuda",1997,NA,NA,0,0,0,0,"","","","","V2025.09.12"
"820",58,"AAB","Antigua & Barbuda",1998,NA,NA,0,0,0,0,"","","","","V2025.09.12"
"821",58,"AAB","Antigua & Barbuda",1999,NA,NA,0,0,0,0,"","","","","V2025.09.12"
"822",58,"AAB","Antigua & Barbuda",2000,NA,NA,0,0,0,0,"","","","","V2025.09.12"
"823",58,"AAB","Antigua & Barbuda",2001,NA,NA,0,0,0,0,"","","","","V2025.09.12"
"824",58,"AAB","Antigua & Barbuda",2002,NA,NA,0,0,0,0,"","","","","V2025.09.12"
"825",58,"AAB","Antigua & Barbuda",2003,NA,NA,0,0,0,0,"","","","","V2025.09.12"
"826",58,"AAB","Antigua & Barbuda",2004,NA,NA,0,0,0,0,"","","","","V2025.09.12"
"827",58,"AAB","Antigua & Barbuda",2005,NA,NA,0,0,0,0,"","","","","V2025.09.12"
"828",58,"AAB","Antigua & Barbuda",2006,NA,NA,0,0,0,0,"","","","","V2025.09.12"
"829",58,"AAB","Antigua & Barbuda",2007,NA,NA,0,0,0,0,"","","","","V2025.09.12"
"830",58,"AAB","Antigua & Barbuda",2008,NA,NA,0,0,0,0,"","","","","V2025.09.12"
"831",58,"AAB","Antigua & Barbuda",2009,NA,NA,0,0,0,0,"","","","","V2025.09.12"
"832",58,"AAB","Antigua & Barbuda",2010,NA,NA,0,0,0,0,"","","","","V2025.09.12"
"833",58,"AAB","Antigua & Barbuda",2011,NA,NA,0,0,0,0,"","","","","V2025.09.12"
"834",58,"AAB","Antigua & Barbuda",2012,NA,NA,0,0,0,0,"","","","","V2025.09.12"
"835",58,"AAB","Antigua & Barbuda",2013,NA,NA,0,0,0,0,"","","","","V2025.09.12"
"836",58,"AAB","Antigua & Barbuda",2014,NA,NA,0,0,0,0,"","","","","V2025.09.12"
"837",58,"AAB","Antigua & Barbuda",2015,NA,NA,0,0,0,0,"","","","","V2025.09.12"
"838",58,"AAB","Antigua & Barbuda",2016,NA,NA,0,0,0,0,"","","","","V2025.09.12"
"839",58,"AAB","Antigua & Barbuda",2017,NA,NA,0,0,0,0,"","","","","V2025.09.12"
"840",58,"AAB","Antigua & Barbuda",2018,NA,NA,0,0,0,0,"","","","","V2025.09.12"
"841",58,"AAB","Antigua & Barbuda",2019,NA,NA,0,0,0,0,"","","","","V2025.09.12"
"842",58,"AAB","Antigua & Barbuda",2020,NA,NA,0,0,0,0,"","","","","V2025.09.12"
"843",58,"AAB","Antigua & Barbuda",2021,NA,NA,0,0,0,0,"","","","","V2025.09.12"
"844",58,"AAB","Antigua & Barbuda",2022,NA,NA,0,0,0,0,"","","","","V2025.09.12"
"845",58,"AAB","Antigua & Barbuda",2023,NA,NA,0,0,0,0,"","","","","V2025.09.12"
"846",58,"AAB","Antigua & Barbuda",2024,NA,NA,0,0,0,0,"","","","","V2025.09.12"
"847",60,"SKN","Saint Kitts and Nevis",1983,NA,NA,0,0,0,0,"","","","","V2025.09.12"
"848",60,"SKN","Saint Kitts and Nevis",1984,NA,NA,0,0,0,0,"","","","","V2025.09.12"
"849",60,"SKN","Saint Kitts and Nevis",1985,NA,NA,0,0,0,0,"","","","","V2025.09.12"
"850",60,"SKN","Saint Kitts and Nevis",1986,NA,NA,0,0,0,0,"","","","","V2025.09.12"
"851",60,"SKN","Saint Kitts and Nevis",1987,NA,NA,0,0,0,0,"","","","","V2025.09.12"
"852",60,"SKN","Saint Kitts and Nevis",1988,NA,NA,0,0,0,0,"","","","","V2025.09.12"
"853",60,"SKN","Saint Kitts and Nevis",1989,NA,NA,0,0,0,0,"","","","","V2025.09.12"
"854",60,"SKN","Saint Kitts and Nevis",1990,NA,NA,0,0,0,0,"","","","","V2025.09.12"
"855",60,"SKN","Saint Kitts and Nevis",1991,NA,NA,0,0,0,0,"","","","","V2025.09.12"
"856",60,"SKN","Saint Kitts and Nevis",1992,NA,NA,0,0,0,0,"","","","","V2025.09.12"
"857",60,"SKN","Saint Kitts and Nevis",1993,NA,NA,0,0,0,0,"","","","","V2025.09.12"
"858",60,"SKN","Saint Kitts and Nevis",1994,NA,NA,0,0,0,0,"","","","","V2025.09.12"
"859",60,"SKN","Saint Kitts and Nevis",1995,NA,NA,0,0,0,0,"","","","","V2025.09.12"
"860",60,"SKN","Saint Kitts and Nevis",1996,NA,NA,0,0,0,0,"","","","","V2025.09.12"
"861",60,"SKN","Saint Kitts and Nevis",1997,NA,NA,0,0,0,0,"","","","","V2025.09.12"
"862",60,"SKN","Saint Kitts and Nevis",1998,NA,NA,0,0,0,0,"","","","","V2025.09.12"
"863",60,"SKN","Saint Kitts and Nevis",1999,NA,NA,0,0,0,0,"","","","","V2025.09.12"
"864",60,"SKN","Saint Kitts and Nevis",2000,NA,NA,0,0,0,0,"","","","","V2025.09.12"
"865",60,"SKN","Saint Kitts and Nevis",2001,NA,NA,0,0,0,0,"","","","","V2025.09.12"
"866",60,"SKN","Saint Kitts and Nevis",2002,NA,NA,0,0,0,0,"","","","","V2025.09.12"
"867",60,"SKN","Saint Kitts and Nevis",2003,NA,NA,0,0,0,0,"","","","","V2025.09.12"
"868",60,"SKN","Saint Kitts and Nevis",2004,NA,NA,0,0,0,0,"","","","","V2025.09.12"
"869",60,"SKN","Saint Kitts and Nevis",2005,NA,NA,0,0,0,0,"","","","","V2025.09.12"
"870",60,"SKN","Saint Kitts and Nevis",2006,NA,NA,0,0,0,0,"","","","","V2025.09.12"
"871",60,"SKN","Saint Kitts and Nevis",2007,NA,NA,0,0,0,0,"","","","","V2025.09.12"
"872",60,"SKN","Saint Kitts and Nevis",2008,NA,NA,0,0,0,0,"","","","","V2025.09.12"
"873",60,"SKN","Saint Kitts and Nevis",2009,NA,NA,0,0,0,0,"","","","","V2025.09.12"
"874",60,"SKN","Saint Kitts and Nevis",2010,NA,NA,0,0,0,0,"","","","","V2025.09.12"
"875",60,"SKN","Saint Kitts and Nevis",2011,NA,NA,0,0,0,0,"","","","","V2025.09.12"
"876",60,"SKN","Saint Kitts and Nevis",2012,NA,NA,0,0,0,0,"","","","","V2025.09.12"
"877",60,"SKN","Saint Kitts and Nevis",2013,NA,NA,0,0,0,0,"","","","","V2025.09.12"
"878",60,"SKN","Saint Kitts and Nevis",2014,NA,NA,0,0,0,0,"","","","","V2025.09.12"
"879",60,"SKN","Saint Kitts and Nevis",2015,NA,NA,0,0,0,0,"","","","","V2025.09.12"
"880",60,"SKN","Saint Kitts and Nevis",2016,NA,NA,0,0,0,0,"","","","","V2025.09.12"
"881",60,"SKN","Saint Kitts and Nevis",2017,NA,NA,0,0,0,0,"","","","","V2025.09.12"
"882",60,"SKN","Saint Kitts and Nevis",2018,NA,NA,0,0,0,0,"","","","","V2025.09.12"
"883",60,"SKN","Saint Kitts and Nevis",2019,NA,NA,0,0,0,0,"","","","","V2025.09.12"
"884",60,"SKN","Saint Kitts and Nevis",2020,NA,NA,0,0,0,0,"","","","","V2025.09.12"
"885",60,"SKN","Saint Kitts and Nevis",2021,NA,NA,0,0,0,0,"","","","","V2025.09.12"
"886",60,"SKN","Saint Kitts and Nevis",2022,NA,NA,0,0,0,0,"","","","","V2025.09.12"
"887",60,"SKN","Saint Kitts and Nevis",2023,NA,NA,0,0,0,0,"","","","","V2025.09.12"
"888",60,"SKN","Saint Kitts and Nevis",2024,NA,NA,0,0,0,0,"","","","","V2025.09.12"
"889",70,"MEX","Mexico",1950,NA,NA,0,0,0,0,"","","","","V2025.09.12"
"890",70,"MEX","Mexico",1951,NA,NA,0,0,0,0,"","","","","V2025.09.12"
"891",70,"MEX","Mexico",1952,NA,NA,0,0,0,0,"","","","","V2025.09.12"
"892",70,"MEX","Mexico",1953,NA,NA,0,0,0,0,"","","","","V2025.09.12"
"893",70,"MEX","Mexico",1954,NA,NA,0,0,0,0,"","","","","V2025.09.12"
"894",70,"MEX","Mexico",1955,NA,NA,0,0,0,0,"","","","","V2025.09.12"
"895",70,"MEX","Mexico",1956,NA,NA,0,0,0,0,"","","","","V2025.09.12"
"896",70,"MEX","Mexico",1957,NA,NA,0,0,0,0,"","","","","V2025.09.12"
"897",70,"MEX","Mexico",1958,NA,NA,0,0,0,0,"","","","","V2025.09.12"
"898",70,"MEX","Mexico",1959,NA,NA,0,0,0,0,"","","","","V2025.09.12"
"899",70,"MEX","Mexico",1960,NA,NA,0,0,0,0,"","","","","V2025.09.12"
"900",70,"MEX","Mexico",1961,NA,NA,0,0,0,0,"","","","","V2025.09.12"
"901",70,"MEX","Mexico",1962,NA,NA,0,0,0,0,"","","","","V2025.09.12"
"902",70,"MEX","Mexico",1963,NA,NA,0,0,0,0,"","","","","V2025.09.12"
"903",70,"MEX","Mexico",1964,NA,NA,0,0,0,0,"","","","","V2025.09.12"
"904",70,"MEX","Mexico",1965,NA,NA,0,0,0,0,"","","","","V2025.09.12"
"905",70,"MEX","Mexico",1966,NA,NA,0,0,0,0,"","","","","V2025.09.12"
"906",70,"MEX","Mexico",1967,NA,NA,0,0,0,0,"","","","","V2025.09.12"
"907",70,"MEX","Mexico",1968,NA,NA,0,0,0,0,"","","","","V2025.09.12"
"908",70,"MEX","Mexico",1969,NA,NA,0,0,0,0,"","","","","V2025.09.12"
"909",70,"MEX","Mexico",1970,NA,NA,0,0,0,0,"","","","","V2025.09.12"
"910",70,"MEX","Mexico",1971,NA,NA,0,0,0,0,"","","","","V2025.09.12"
"911",70,"MEX","Mexico",1972,NA,NA,0,0,0,0,"","","","","V2025.09.12"
"912",70,"MEX","Mexico",1973,NA,NA,0,0,0,0,"","","","","V2025.09.12"
"913",70,"MEX","Mexico",1974,NA,NA,0,0,0,0,"","","","","V2025.09.12"
"914",70,"MEX","Mexico",1975,NA,NA,0,0,0,0,"","","","","V2025.09.12"
"915",70,"MEX","Mexico",1976,NA,NA,0,0,0,0,"","","","","V2025.09.12"
"916",70,"MEX","Mexico",1977,NA,NA,0,0,0,0,"","","","","V2025.09.12"
"917",70,"MEX","Mexico",1978,NA,NA,0,0,0,0,"","","","","V2025.09.12"
"918",70,"MEX","Mexico",1979,NA,NA,0,0,0,0,"","","","","V2025.09.12"
"919",70,"MEX","Mexico",1980,NA,NA,0,0,0,0,"","","","","V2025.09.12"
"920",70,"MEX","Mexico",1981,NA,NA,0,0,0,0,"","","","","V2025.09.12"
"921",70,"MEX","Mexico",1982,NA,NA,0,0,0,0,"","","","","V2025.09.12"
"922",70,"MEX","Mexico",1983,NA,NA,0,0,0,0,"","","","","V2025.09.12"
"923",70,"MEX","Mexico",1984,NA,NA,0,0,0,0,"","","","","V2025.09.12"
"924",70,"MEX","Mexico",1985,NA,NA,0,0,0,0,"","","","","V2025.09.12"
"925",70,"MEX","Mexico",1986,NA,NA,0,0,0,0,"","","","","V2025.09.12"
"926",70,"MEX","Mexico",1987,NA,NA,0,0,0,0,"","","","","V2025.09.12"
"927",70,"MEX","Mexico",1988,NA,NA,0,0,0,0,"","","","","V2025.09.12"
"928",70,"MEX","Mexico",1989,NA,NA,0,0,0,0,"","","","","V2025.09.12"
"929",70,"MEX","Mexico",1990,NA,NA,0,0,0,0,"","","","","V2025.09.12"
"930",70,"MEX","Mexico",1991,NA,NA,0,0,0,0,"","","","","V2025.09.12"
"931",70,"MEX","Mexico",1992,NA,NA,0,0,0,0,"","","","","V2025.09.12"
"932",70,"MEX","Mexico",1993,NA,NA,0,0,0,0,"","","","","V2025.09.12"
"933",70,"MEX","Mexico",1994,NA,NA,0,0,0,0,"","","","","V2025.09.12"
"934",70,"MEX","Mexico",1995,NA,NA,0,0,0,0,"","","","","V2025.09.12"
"935",70,"MEX","Mexico",1996,NA,NA,0,0,0,0,"","","","","V2025.09.12"
"936",70,"MEX","Mexico",1997,NA,NA,0,0,0,0,"","","","","V2025.09.12"
"937",70,"MEX","Mexico",1998,NA,NA,0,0,0,0,"","","","","V2025.09.12"
"938",70,"MEX","Mexico",1999,NA,NA,0,0,0,0,"","","","","V2025.09.12"
"939",70,"MEX","Mexico",2000,NA,NA,0,0,0,0,"","","","","V2025.09.12"
"940",70,"MEX","Mexico",2001,NA,NA,0,0,0,0,"","","","","V2025.09.12"
"941",70,"MEX","Mexico",2002,NA,NA,0,0,0,0,"","","","","V2025.09.12"
"942",70,"MEX","Mexico",2003,NA,NA,0,0,0,0,"","","","","V2025.09.12"
"943",70,"MEX","Mexico",2004,NA,NA,0,0,0,0,"","","","","V2025.09.12"
"944",70,"MEX","Mexico",2005,NA,NA,0,0,0,0,"","","","","V2025.09.12"
"945",70,"MEX","Mexico",2006,NA,NA,0,0,0,0,"","","","","V2025.09.12"
"946",70,"MEX","Mexico",2007,NA,NA,0,0,0,0,"","","","","V2025.09.12"
"947",70,"MEX","Mexico",2008,NA,NA,0,0,0,0,"","","","","V2025.09.12"
"948",70,"MEX","Mexico",2009,NA,NA,0,0,0,0,"","","","","V2025.09.12"
"949",70,"MEX","Mexico",2010,NA,NA,0,0,0,0,"","","","","V2025.09.12"
"950",70,"MEX","Mexico",2011,NA,NA,0,0,0,0,"","","","","V2025.09.12"
"951",70,"MEX","Mexico",2012,NA,NA,0,0,0,0,"","","","","V2025.09.12"
"952",70,"MEX","Mexico",2013,NA,NA,0,0,0,0,"","","","","V2025.09.12"
"953",70,"MEX","Mexico",2014,NA,NA,0,0,0,0,"","","","","V2025.09.12"
"954",70,"MEX","Mexico",2015,NA,NA,0,0,0,0,"","","","","V2025.09.12"
"955",70,"MEX","Mexico",2016,NA,NA,0,0,0,0,"","","","","V2025.09.12"
"956",70,"MEX","Mexico",2017,NA,NA,0,0,0,0,"","","","","V2025.09.12"
"957",70,"MEX","Mexico",2018,NA,NA,0,0,0,0,"","","","","V2025.09.12"
"958",70,"MEX","Mexico",2019,NA,NA,0,0,0,0,"","","","","V2025.09.12"
"959",70,"MEX","Mexico",2020,NA,NA,0,0,0,0,"","","","","V2025.09.12"
"960",70,"MEX","Mexico",2021,NA,NA,0,0,0,0,"","","","","V2025.09.12"
"961",70,"MEX","Mexico",2022,NA,NA,0,0,0,0,"","","","","V2025.09.12"
"962",70,"MEX","Mexico",2023,NA,NA,0,0,0,0,"","","","","V2025.09.12"
"963",70,"MEX","Mexico",2024,NA,NA,0,0,0,0,"","","","","V2025.09.12"
"964",80,"BLZ","Belize",1981,NA,NA,0,0,0,0,"","","","","V2025.09.12"
"965",80,"BLZ","Belize",1982,NA,NA,0,0,0,0,"","","","","V2025.09.12"
"966",80,"BLZ","Belize",1983,NA,NA,0,0,0,0,"","","","","V2025.09.12"
"967",80,"BLZ","Belize",1984,NA,NA,0,0,0,0,"","","","","V2025.09.12"
"968",80,"BLZ","Belize",1985,NA,NA,0,0,0,0,"","","","","V2025.09.12"
"969",80,"BLZ","Belize",1986,NA,NA,0,0,0,0,"","","","","V2025.09.12"
"970",80,"BLZ","Belize",1987,NA,NA,0,0,0,0,"","","","","V2025.09.12"
"971",80,"BLZ","Belize",1988,NA,NA,0,0,0,0,"","","","","V2025.09.12"
"972",80,"BLZ","Belize",1989,NA,NA,0,0,0,0,"","","","","V2025.09.12"
"973",80,"BLZ","Belize",1990,NA,NA,0,0,0,0,"","","","","V2025.09.12"
"974",80,"BLZ","Belize",1991,NA,NA,0,0,0,0,"","","","","V2025.09.12"
"975",80,"BLZ","Belize",1992,NA,NA,0,0,0,0,"","","","","V2025.09.12"
"976",80,"BLZ","Belize",1993,NA,NA,0,0,0,0,"","","","","V2025.09.12"
"977",80,"BLZ","Belize",1994,NA,NA,0,0,0,0,"","","","","V2025.09.12"
"978",80,"BLZ","Belize",1995,NA,NA,0,0,0,0,"","","","","V2025.09.12"
"979",80,"BLZ","Belize",1996,NA,NA,0,0,0,0,"","","","","V2025.09.12"
"980",80,"BLZ","Belize",1997,NA,NA,0,0,0,0,"","","","","V2025.09.12"
"981",80,"BLZ","Belize",1998,NA,NA,0,0,0,0,"","","","","V2025.09.12"
"982",80,"BLZ","Belize",1999,NA,NA,0,0,0,0,"","","","","V2025.09.12"
"983",80,"BLZ","Belize",2000,NA,NA,0,0,0,0,"","","","","V2025.09.12"
"984",80,"BLZ","Belize",2001,NA,NA,0,0,0,0,"","","","","V2025.09.12"
"985",80,"BLZ","Belize",2002,NA,NA,0,0,0,0,"","","","","V2025.09.12"
"986",80,"BLZ","Belize",2003,NA,NA,0,0,0,0,"","","","","V2025.09.12"
"987",80,"BLZ","Belize",2004,NA,NA,0,0,0,0,"","","","","V2025.09.12"
"988",80,"BLZ","Belize",2005,NA,NA,0,0,0,0,"","","","","V2025.09.12"
"989",80,"BLZ","Belize",2006,NA,NA,0,0,0,0,"","","","","V2025.09.12"
"990",80,"BLZ","Belize",2007,NA,NA,0,0,0,0,"","","","","V2025.09.12"
"991",80,"BLZ","Belize",2008,NA,NA,0,0,0,0,"","","","","V2025.09.12"
"992",80,"BLZ","Belize",2009,NA,NA,0,0,0,0,"","","","","V2025.09.12"
"993",80,"BLZ","Belize",2010,NA,NA,0,0,0,0,"","","","","V2025.09.12"
"994",80,"BLZ","Belize",2011,NA,NA,0,0,0,0,"","","","","V2025.09.12"
"995",80,"BLZ","Belize",2012,NA,NA,0,0,0,0,"","","","","V2025.09.12"
"996",80,"BLZ","Belize",2013,NA,NA,0,0,0,0,"","","","","V2025.09.12"
"997",80,"BLZ","Belize",2014,NA,NA,0,0,0,0,"","","","","V2025.09.12"
"998",80,"BLZ","Belize",2015,NA,NA,0,0,0,0,"","","","","V2025.09.12"
"999",80,"BLZ","Belize",2016,NA,NA,0,0,0,0,"","","","","V2025.09.12"
"1000",80,"BLZ","Belize",2017,NA,NA,0,0,0,0,"","","","","V2025.09.12"
"1001",80,"BLZ","Belize",2018,NA,NA,0,0,0,0,"","","","","V2025.09.12"
"1002",80,"BLZ","Belize",2019,NA,NA,0,0,0,0,"","","","","V2025.09.12"
"1003",80,"BLZ","Belize",2020,NA,NA,0,0,0,0,"","","","","V2025.09.12"
"1004",80,"BLZ","Belize",2021,NA,NA,0,0,0,0,"","","","","V2025.09.12"
"1005",80,"BLZ","Belize",2022,NA,NA,0,0,0,0,"","","","","V2025.09.12"
"1006",80,"BLZ","Belize",2023,NA,NA,0,0,0,0,"","","","","V2025.09.12"
"1007",80,"BLZ","Belize",2024,NA,NA,0,0,0,0,"","","","","V2025.09.12"
"1008",90,"GUA","Guatemala",1950,NA,NA,0,0,0,0,"","","","","V2025.09.12"
"1009",90,"GUA","Guatemala",1951,NA,NA,0,0,0,0,"","","","","V2025.09.12"
"1010",90,"GUA","Guatemala",1952,NA,NA,0,0,0,0,"","","","","V2025.09.12"
"1011",90,"GUA","Guatemala",1953,NA,NA,0,0,0,0,"","","","","V2025.09.12"
"1012",90,"GUA","Guatemala",1954,NA,NA,2,0,0,0,"29jun1954","","","","V2025.09.12"
"1013",90,"GUA","Guatemala",1955,NA,NA,1,0,0,0,"20jan1955","","","","V2025.09.12"
"1014",90,"GUA","Guatemala",1956,NA,NA,0,0,0,0,"","","","","V2025.09.12"
"1015",90,"GUA","Guatemala",1957,NA,NA,2,0,0,0,"24oct1957","","","","V2025.09.12"
"1016",90,"GUA","Guatemala",1958,NA,NA,0,0,0,0,"","","","","V2025.09.12"
"1017",90,"GUA","Guatemala",1959,NA,NA,0,0,0,0,"","","","","V2025.09.12"
"1018",90,"GUA","Guatemala",1960,NA,NA,1,0,0,0,"13nov1960","","","","V2025.09.12"
"1019",90,"GUA","Guatemala",1961,NA,NA,0,0,0,0,"","","","","V2025.09.12"
"1020",90,"GUA","Guatemala",1962,NA,NA,1,0,0,0,"25nov1962","","","","V2025.09.12"
"1021",90,"GUA","Guatemala",1963,NA,NA,2,0,0,0,"30mar1963","","","","V2025.09.12"
"1022",90,"GUA","Guatemala",1964,NA,NA,0,0,0,0,"","","","","V2025.09.12"
"1023",90,"GUA","Guatemala",1965,NA,NA,0,0,0,0,"","","","","V2025.09.12"
"1024",90,"GUA","Guatemala",1966,NA,NA,0,0,0,0,"","","","","V2025.09.12"
"1025",90,"GUA","Guatemala",1967,NA,NA,0,0,0,0,"","","","","V2025.09.12"
"1026",90,"GUA","Guatemala",1968,NA,NA,0,0,0,0,"","","","","V2025.09.12"
"1027",90,"GUA","Guatemala",1969,NA,NA,0,0,0,0,"","","","","V2025.09.12"
"1028",90,"GUA","Guatemala",1970,NA,NA,0,0,0,0,"","","","","V2025.09.12"
"1029",90,"GUA","Guatemala",1971,NA,NA,0,0,0,0,"","","","","V2025.09.12"
"1030",90,"GUA","Guatemala",1972,NA,NA,0,0,0,0,"","","","","V2025.09.12"
"1031",90,"GUA","Guatemala",1973,NA,NA,0,0,0,0,"","","","","V2025.09.12"
"1032",90,"GUA","Guatemala",1974,NA,NA,0,0,0,0,"","","","","V2025.09.12"
"1033",90,"GUA","Guatemala",1975,NA,NA,0,0,0,0,"","","","","V2025.09.12"
"1034",90,"GUA","Guatemala",1976,NA,NA,0,0,0,0,"","","","","V2025.09.12"
"1035",90,"GUA","Guatemala",1977,NA,NA,0,0,0,0,"","","","","V2025.09.12"
"1036",90,"GUA","Guatemala",1978,NA,NA,0,0,0,0,"","","","","V2025.09.12"
"1037",90,"GUA","Guatemala",1979,NA,NA,0,0,0,0,"","","","","V2025.09.12"
"1038",90,"GUA","Guatemala",1980,NA,NA,0,0,0,0,"","","","","V2025.09.12"
"1039",90,"GUA","Guatemala",1981,NA,NA,0,0,0,0,"","","","","V2025.09.12"
"1040",90,"GUA","Guatemala",1982,NA,NA,2,0,0,0,"23mar1982","","","","V2025.09.12"
"1041",90,"GUA","Guatemala",1983,NA,NA,2,0,0,0,"08aug1983","","","","V2025.09.12"
"1042",90,"GUA","Guatemala",1984,NA,NA,0,0,0,0,"","","","","V2025.09.12"
"1043",90,"GUA","Guatemala",1985,NA,NA,0,0,0,0,"","","","","V2025.09.12"
"1044",90,"GUA","Guatemala",1986,NA,NA,0,0,0,0,"","","","","V2025.09.12"
"1045",90,"GUA","Guatemala",1987,NA,NA,0,0,0,0,"","","","","V2025.09.12"
"1046",90,"GUA","Guatemala",1988,NA,NA,1,0,0,0,"11may1988","","","","V2025.09.12"
"1047",90,"GUA","Guatemala",1989,NA,NA,1,0,0,0,"09may1989","","","","V2025.09.12"
"1048",90,"GUA","Guatemala",1990,NA,NA,0,0,0,0,"","","","","V2025.09.12"
"1049",90,"GUA","Guatemala",1991,NA,NA,0,0,0,0,"","","","","V2025.09.12"
"1050",90,"GUA","Guatemala",1992,NA,NA,0,0,0,0,"","","","","V2025.09.12"
"1051",90,"GUA","Guatemala",1993,NA,NA,0,0,0,0,"","","","","V2025.09.12"
"1052",90,"GUA","Guatemala",1994,NA,NA,0,0,0,0,"","","","","V2025.09.12"
"1053",90,"GUA","Guatemala",1995,NA,NA,0,0,0,0,"","","","","V2025.09.12"
"1054",90,"GUA","Guatemala",1996,NA,NA,0,0,0,0,"","","","","V2025.09.12"
"1055",90,"GUA","Guatemala",1997,NA,NA,0,0,0,0,"","","","","V2025.09.12"
"1056",90,"GUA","Guatemala",1998,NA,NA,0,0,0,0,"","","","","V2025.09.12"
"1057",90,"GUA","Guatemala",1999,NA,NA,0,0,0,0,"","","","","V2025.09.12"
"1058",90,"GUA","Guatemala",2000,NA,NA,0,0,0,0,"","","","","V2025.09.12"
"1059",90,"GUA","Guatemala",2001,NA,NA,0,0,0,0,"","","","","V2025.09.12"
"1060",90,"GUA","Guatemala",2002,NA,NA,0,0,0,0,"","","","","V2025.09.12"
"1061",90,"GUA","Guatemala",2003,NA,NA,0,0,0,0,"","","","","V2025.09.12"
"1062",90,"GUA","Guatemala",2004,NA,NA,0,0,0,0,"","","","","V2025.09.12"
"1063",90,"GUA","Guatemala",2005,NA,NA,0,0,0,0,"","","","","V2025.09.12"
"1064",90,"GUA","Guatemala",2006,NA,NA,0,0,0,0,"","","","","V2025.09.12"
"1065",90,"GUA","Guatemala",2007,NA,NA,0,0,0,0,"","","","","V2025.09.12"
"1066",90,"GUA","Guatemala",2008,NA,NA,0,0,0,0,"","","","","V2025.09.12"
"1067",90,"GUA","Guatemala",2009,NA,NA,0,0,0,0,"","","","","V2025.09.12"
"1068",90,"GUA","Guatemala",2010,NA,NA,0,0,0,0,"","","","","V2025.09.12"
"1069",90,"GUA","Guatemala",2011,NA,NA,0,0,0,0,"","","","","V2025.09.12"
"1070",90,"GUA","Guatemala",2012,NA,NA,0,0,0,0,"","","","","V2025.09.12"
"1071",90,"GUA","Guatemala",2013,NA,NA,0,0,0,0,"","","","","V2025.09.12"
"1072",90,"GUA","Guatemala",2014,NA,NA,0,0,0,0,"","","","","V2025.09.12"
"1073",90,"GUA","Guatemala",2015,NA,NA,0,0,0,0,"","","","","V2025.09.12"
"1074",90,"GUA","Guatemala",2016,NA,NA,0,0,0,0,"","","","","V2025.09.12"
"1075",90,"GUA","Guatemala",2017,NA,NA,0,0,0,0,"","","","","V2025.09.12"
"1076",90,"GUA","Guatemala",2018,NA,NA,0,0,0,0,"","","","","V2025.09.12"
"1077",90,"GUA","Guatemala",2019,NA,NA,0,0,0,0,"","","","","V2025.09.12"
"1078",90,"GUA","Guatemala",2020,NA,NA,0,0,0,0,"","","","","V2025.09.12"
"1079",90,"GUA","Guatemala",2021,NA,NA,0,0,0,0,"","","","","V2025.09.12"
"1080",90,"GUA","Guatemala",2022,NA,NA,0,0,0,0,"","","","","V2025.09.12"
"1081",90,"GUA","Guatemala",2023,NA,NA,0,0,0,0,"","","","","V2025.09.12"
"1082",90,"GUA","Guatemala",2024,NA,NA,0,0,0,0,"","","","","V2025.09.12"
"1083",91,"HON","Honduras",1950,NA,NA,0,0,0,0,"","","","","V2025.09.12"
"1084",91,"HON","Honduras",1951,NA,NA,0,0,0,0,"","","","","V2025.09.12"
"1085",91,"HON","Honduras",1952,NA,NA,0,0,0,0,"","","","","V2025.09.12"
"1086",91,"HON","Honduras",1953,NA,NA,0,0,0,0,"","","","","V2025.09.12"
"1087",91,"HON","Honduras",1954,NA,NA,0,0,0,0,"","","","","V2025.09.12"
"1088",91,"HON","Honduras",1955,NA,NA,0,0,0,0,"","","","","V2025.09.12"
"1089",91,"HON","Honduras",1956,NA,NA,1,2,0,0,"01aug1956","21oct1956","","","V2025.09.12"
"1090",91,"HON","Honduras",1957,NA,NA,0,0,0,0,"","","","","V2025.09.12"
"1091",91,"HON","Honduras",1958,NA,NA,0,0,0,0,"","","","","V2025.09.12"
"1092",91,"HON","Honduras",1959,NA,NA,1,0,0,0,"12jul1959","","","","V2025.09.12"
"1093",91,"HON","Honduras",1960,NA,NA,0,0,0,0,"","","","","V2025.09.12"
"1094",91,"HON","Honduras",1961,NA,NA,0,0,0,0,"","","","","V2025.09.12"
"1095",91,"HON","Honduras",1962,NA,NA,0,0,0,0,"","","","","V2025.09.12"
"1096",91,"HON","Honduras",1963,NA,NA,2,0,0,0,"03oct1963","","","","V2025.09.12"
"1097",91,"HON","Honduras",1964,NA,NA,0,0,0,0,"","","","","V2025.09.12"
"1098",91,"HON","Honduras",1965,NA,NA,0,0,0,0,"","","","","V2025.09.12"
"1099",91,"HON","Honduras",1966,NA,NA,0,0,0,0,"","","","","V2025.09.12"
"1100",91,"HON","Honduras",1967,NA,NA,0,0,0,0,"","","","","V2025.09.12"
"1101",91,"HON","Honduras",1968,NA,NA,0,0,0,0,"","","","","V2025.09.12"
"1102",91,"HON","Honduras",1969,NA,NA,0,0,0,0,"","","","","V2025.09.12"
"1103",91,"HON","Honduras",1970,NA,NA,0,0,0,0,"","","","","V2025.09.12"
"1104",91,"HON","Honduras",1971,NA,NA,0,0,0,0,"","","","","V2025.09.12"
"1105",91,"HON","Honduras",1972,NA,NA,2,0,0,0,"04dec1972","","","","V2025.09.12"
"1106",91,"HON","Honduras",1973,NA,NA,0,0,0,0,"","","","","V2025.09.12"
"1107",91,"HON","Honduras",1974,NA,NA,0,0,0,0,"","","","","V2025.09.12"
"1108",91,"HON","Honduras",1975,NA,NA,2,0,0,0,"22apr1975","","","","V2025.09.12"
"1109",91,"HON","Honduras",1976,NA,NA,0,0,0,0,"","","","","V2025.09.12"
"1110",91,"HON","Honduras",1977,NA,NA,1,0,0,0,"21oct1977","","","","V2025.09.12"
"1111",91,"HON","Honduras",1978,NA,NA,2,0,0,0,"07aug1978","","","","V2025.09.12"
"1112",91,"HON","Honduras",1979,NA,NA,0,0,0,0,"","","","","V2025.09.12"
"1113",91,"HON","Honduras",1980,NA,NA,0,0,0,0,"","","","","V2025.09.12"
"1114",91,"HON","Honduras",1981,NA,NA,0,0,0,0,"","","","","V2025.09.12"
"1115",91,"HON","Honduras",1982,NA,NA,0,0,0,0,"","","","","V2025.09.12"
"1116",91,"HON","Honduras",1983,NA,NA,0,0,0,0,"","","","","V2025.09.12"
"1117",91,"HON","Honduras",1984,NA,NA,0,0,0,0,"","","","","V2025.09.12"
"1118",91,"HON","Honduras",1985,NA,NA,0,0,0,0,"","","","","V2025.09.12"
"1119",91,"HON","Honduras",1986,NA,NA,0,0,0,0,"","","","","V2025.09.12"
"1120",91,"HON","Honduras",1987,NA,NA,0,0,0,0,"","","","","V2025.09.12"
"1121",91,"HON","Honduras",1988,NA,NA,0,0,0,0,"","","","","V2025.09.12"
"1122",91,"HON","Honduras",1989,NA,NA,0,0,0,0,"","","","","V2025.09.12"
"1123",91,"HON","Honduras",1990,NA,NA,0,0,0,0,"","","","","V2025.09.12"
"1124",91,"HON","Honduras",1991,NA,NA,0,0,0,0,"","","","","V2025.09.12"
"1125",91,"HON","Honduras",1992,NA,NA,0,0,0,0,"","","","","V2025.09.12"
"1126",91,"HON","Honduras",1993,NA,NA,0,0,0,0,"","","","","V2025.09.12"
"1127",91,"HON","Honduras",1994,NA,NA,0,0,0,0,"","","","","V2025.09.12"
"1128",91,"HON","Honduras",1995,NA,NA,0,0,0,0,"","","","","V2025.09.12"
"1129",91,"HON","Honduras",1996,NA,NA,0,0,0,0,"","","","","V2025.09.12"
"1130",91,"HON","Honduras",1997,NA,NA,0,0,0,0,"","","","","V2025.09.12"
"1131",91,"HON","Honduras",1998,NA,NA,0,0,0,0,"","","","","V2025.09.12"
"1132",91,"HON","Honduras",1999,NA,NA,1,0,0,0,"30jul1999","","","","V2025.09.12"
"1133",91,"HON","Honduras",2000,NA,NA,0,0,0,0,"","","","","V2025.09.12"
"1134",91,"HON","Honduras",2001,NA,NA,0,0,0,0,"","","","","V2025.09.12"
"1135",91,"HON","Honduras",2002,NA,NA,0,0,0,0,"","","","","V2025.09.12"
"1136",91,"HON","Honduras",2003,NA,NA,0,0,0,0,"","","","","V2025.09.12"
"1137",91,"HON","Honduras",2004,NA,NA,0,0,0,0,"","","","","V2025.09.12"
"1138",91,"HON","Honduras",2005,NA,NA,0,0,0,0,"","","","","V2025.09.12"
"1139",91,"HON","Honduras",2006,NA,NA,0,0,0,0,"","","","","V2025.09.12"
"1140",91,"HON","Honduras",2007,NA,NA,0,0,0,0,"","","","","V2025.09.12"
"1141",91,"HON","Honduras",2008,NA,NA,0,0,0,0,"","","","","V2025.09.12"
"1142",91,"HON","Honduras",2009,NA,NA,2,0,0,0,"28jun2009","","","","V2025.09.12"
"1143",91,"HON","Honduras",2010,NA,NA,0,0,0,0,"","","","","V2025.09.12"
"1144",91,"HON","Honduras",2011,NA,NA,0,0,0,0,"","","","","V2025.09.12"
"1145",91,"HON","Honduras",2012,NA,NA,0,0,0,0,"","","","","V2025.09.12"
"1146",91,"HON","Honduras",2013,NA,NA,0,0,0,0,"","","","","V2025.09.12"
"1147",91,"HON","Honduras",2014,NA,NA,0,0,0,0,"","","","","V2025.09.12"
"1148",91,"HON","Honduras",2015,NA,NA,0,0,0,0,"","","","","V2025.09.12"
"1149",91,"HON","Honduras",2016,NA,NA,0,0,0,0,"","","","","V2025.09.12"
"1150",91,"HON","Honduras",2017,NA,NA,0,0,0,0,"","","","","V2025.09.12"
"1151",91,"HON","Honduras",2018,NA,NA,0,0,0,0,"","","","","V2025.09.12"
"1152",91,"HON","Honduras",2019,NA,NA,0,0,0,0,"","","","","V2025.09.12"
"1153",91,"HON","Honduras",2020,NA,NA,0,0,0,0,"","","","","V2025.09.12"
"1154",91,"HON","Honduras",2021,NA,NA,0,0,0,0,"","","","","V2025.09.12"
"1155",91,"HON","Honduras",2022,NA,NA,0,0,0,0,"","","","","V2025.09.12"
"1156",91,"HON","Honduras",2023,NA,NA,0,0,0,0,"","","","","V2025.09.12"
"1157",91,"HON","Honduras",2024,NA,NA,0,0,0,0,"","","","","V2025.09.12"
"1158",92,"SAL","El Salvador",1950,NA,NA,0,0,0,0,"","","","","V2025.09.12"
"1159",92,"SAL","El Salvador",1951,NA,NA,0,0,0,0,"","","","","V2025.09.12"
"1160",92,"SAL","El Salvador",1952,NA,NA,0,0,0,0,"","","","","V2025.09.12"
"1161",92,"SAL","El Salvador",1953,NA,NA,0,0,0,0,"","","","","V2025.09.12"
"1162",92,"SAL","El Salvador",1954,NA,NA,0,0,0,0,"","","","","V2025.09.12"
"1163",92,"SAL","El Salvador",1955,NA,NA,0,0,0,0,"","","","","V2025.09.12"
"1164",92,"SAL","El Salvador",1956,NA,NA,0,0,0,0,"","","","","V2025.09.12"
"1165",92,"SAL","El Salvador",1957,NA,NA,0,0,0,0,"","","","","V2025.09.12"
"1166",92,"SAL","El Salvador",1958,NA,NA,0,0,0,0,"","","","","V2025.09.12"
"1167",92,"SAL","El Salvador",1959,NA,NA,0,0,0,0,"","","","","V2025.09.12"
"1168",92,"SAL","El Salvador",1960,NA,NA,2,0,0,0,"26oct1960","","","","V2025.09.12"
"1169",92,"SAL","El Salvador",1961,NA,NA,2,0,0,0,"25jan1961","","","","V2025.09.12"
"1170",92,"SAL","El Salvador",1962,NA,NA,0,0,0,0,"","","","","V2025.09.12"
"1171",92,"SAL","El Salvador",1963,NA,NA,0,0,0,0,"","","","","V2025.09.12"
"1172",92,"SAL","El Salvador",1964,NA,NA,0,0,0,0,"","","","","V2025.09.12"
"1173",92,"SAL","El Salvador",1965,NA,NA,0,0,0,0,"","","","","V2025.09.12"
"1174",92,"SAL","El Salvador",1966,NA,NA,0,0,0,0,"","","","","V2025.09.12"
"1175",92,"SAL","El Salvador",1967,NA,NA,0,0,0,0,"","","","","V2025.09.12"
"1176",92,"SAL","El Salvador",1968,NA,NA,0,0,0,0,"","","","","V2025.09.12"
"1177",92,"SAL","El Salvador",1969,NA,NA,0,0,0,0,"","","","","V2025.09.12"
"1178",92,"SAL","El Salvador",1970,NA,NA,0,0,0,0,"","","","","V2025.09.12"
"1179",92,"SAL","El Salvador",1971,NA,NA,0,0,0,0,"","","","","V2025.09.12"
"1180",92,"SAL","El Salvador",1972,NA,NA,1,0,0,0,"25mar1972","","","","V2025.09.12"
"1181",92,"SAL","El Salvador",1973,NA,NA,0,0,0,0,"","","","","V2025.09.12"
"1182",92,"SAL","El Salvador",1974,NA,NA,0,0,0,0,"","","","","V2025.09.12"
"1183",92,"SAL","El Salvador",1975,NA,NA,0,0,0,0,"","","","","V2025.09.12"
"1184",92,"SAL","El Salvador",1976,NA,NA,0,0,0,0,"","","","","V2025.09.12"
"1185",92,"SAL","El Salvador",1977,NA,NA,0,0,0,0,"","","","","V2025.09.12"
"1186",92,"SAL","El Salvador",1978,NA,NA,0,0,0,0,"","","","","V2025.09.12"
"1187",92,"SAL","El Salvador",1979,NA,NA,2,0,0,0,"15oct1979","","","","V2025.09.12"
"1188",92,"SAL","El Salvador",1980,NA,NA,0,0,0,0,"","","","","V2025.09.12"
"1189",92,"SAL","El Salvador",1981,NA,NA,0,0,0,0,"","","","","V2025.09.12"
"1190",92,"SAL","El Salvador",1982,NA,NA,0,0,0,0,"","","","","V2025.09.12"
"1191",92,"SAL","El Salvador",1983,NA,NA,0,0,0,0,"","","","","V2025.09.12"
"1192",92,"SAL","El Salvador",1984,NA,NA,0,0,0,0,"","","","","V2025.09.12"
"1193",92,"SAL","El Salvador",1985,NA,NA,0,0,0,0,"","","","","V2025.09.12"
"1194",92,"SAL","El Salvador",1986,NA,NA,0,0,0,0,"","","","","V2025.09.12"
"1195",92,"SAL","El Salvador",1987,NA,NA,0,0,0,0,"","","","","V2025.09.12"
"1196",92,"SAL","El Salvador",1988,NA,NA,0,0,0,0,"","","","","V2025.09.12"
"1197",92,"SAL","El Salvador",1989,NA,NA,0,0,0,0,"","","","","V2025.09.12"
"1198",92,"SAL","El Salvador",1990,NA,NA,0,0,0,0,"","","","","V2025.09.12"
"1199",92,"SAL","El Salvador",1991,NA,NA,0,0,0,0,"","","","","V2025.09.12"
"1200",92,"SAL","El Salvador",1992,NA,NA,0,0,0,0,"","","","","V2025.09.12"
"1201",92,"SAL","El Salvador",1993,NA,NA,0,0,0,0,"","","","","V2025.09.12"
"1202",92,"SAL","El Salvador",1994,NA,NA,0,0,0,0,"","","","","V2025.09.12"
"1203",92,"SAL","El Salvador",1995,NA,NA,0,0,0,0,"","","","","V2025.09.12"
"1204",92,"SAL","El Salvador",1996,NA,NA,0,0,0,0,"","","","","V2025.09.12"
"1205",92,"SAL","El Salvador",1997,NA,NA,0,0,0,0,"","","","","V2025.09.12"
"1206",92,"SAL","El Salvador",1998,NA,NA,0,0,0,0,"","","","","V2025.09.12"
"1207",92,"SAL","El Salvador",1999,NA,NA,0,0,0,0,"","","","","V2025.09.12"
"1208",92,"SAL","El Salvador",2000,NA,NA,0,0,0,0,"","","","","V2025.09.12"
"1209",92,"SAL","El Salvador",2001,NA,NA,0,0,0,0,"","","","","V2025.09.12"
"1210",92,"SAL","El Salvador",2002,NA,NA,0,0,0,0,"","","","","V2025.09.12"
"1211",92,"SAL","El Salvador",2003,NA,NA,0,0,0,0,"","","","","V2025.09.12"
"1212",92,"SAL","El Salvador",2004,NA,NA,0,0,0,0,"","","","","V2025.09.12"
"1213",92,"SAL","El Salvador",2005,NA,NA,0,0,0,0,"","","","","V2025.09.12"
"1214",92,"SAL","El Salvador",2006,NA,NA,0,0,0,0,"","","","","V2025.09.12"
"1215",92,"SAL","El Salvador",2007,NA,NA,0,0,0,0,"","","","","V2025.09.12"
"1216",92,"SAL","El Salvador",2008,NA,NA,0,0,0,0,"","","","","V2025.09.12"
"1217",92,"SAL","El Salvador",2009,NA,NA,0,0,0,0,"","","","","V2025.09.12"
"1218",92,"SAL","El Salvador",2010,NA,NA,0,0,0,0,"","","","","V2025.09.12"
"1219",92,"SAL","El Salvador",2011,NA,NA,0,0,0,0,"","","","","V2025.09.12"
"1220",92,"SAL","El Salvador",2012,NA,NA,0,0,0,0,"","","","","V2025.09.12"
"1221",92,"SAL","El Salvador",2013,NA,NA,0,0,0,0,"","","","","V2025.09.12"
"1222",92,"SAL","El Salvador",2014,NA,NA,0,0,0,0,"","","","","V2025.09.12"
"1223",92,"SAL","El Salvador",2015,NA,NA,0,0,0,0,"","","","","V2025.09.12"
"1224",92,"SAL","El Salvador",2016,NA,NA,0,0,0,0,"","","","","V2025.09.12"
"1225",92,"SAL","El Salvador",2017,NA,NA,0,0,0,0,"","","","","V2025.09.12"
"1226",92,"SAL","El Salvador",2018,NA,NA,0,0,0,0,"","","","","V2025.09.12"
"1227",92,"SAL","El Salvador",2019,NA,NA,0,0,0,0,"","","","","V2025.09.12"
"1228",92,"SAL","El Salvador",2020,NA,NA,0,0,0,0,"","","","","V2025.09.12"
"1229",92,"SAL","El Salvador",2021,NA,NA,0,0,0,0,"","","","","V2025.09.12"
"1230",92,"SAL","El Salvador",2022,NA,NA,0,0,0,0,"","","","","V2025.09.12"
"1231",92,"SAL","El Salvador",2023,NA,NA,0,0,0,0,"","","","","V2025.09.12"
"1232",92,"SAL","El Salvador",2024,NA,NA,0,0,0,0,"","","","","V2025.09.12"
"1233",93,"NIC","Nicaragua",1950,NA,NA,0,0,0,0,"","","","","V2025.09.12"
"1234",93,"NIC","Nicaragua",1951,NA,NA,0,0,0,0,"","","","","V2025.09.12"
"1235",93,"NIC","Nicaragua",1952,NA,NA,0,0,0,0,"","","","","V2025.09.12"
"1236",93,"NIC","Nicaragua",1953,NA,NA,0,0,0,0,"","","","","V2025.09.12"
"1237",93,"NIC","Nicaragua",1954,NA,NA,0,0,0,0,"","","","","V2025.09.12"
"1238",93,"NIC","Nicaragua",1955,NA,NA,0,0,0,0,"","","","","V2025.09.12"
"1239",93,"NIC","Nicaragua",1956,NA,NA,0,0,0,0,"","","","","V2025.09.12"
"1240",93,"NIC","Nicaragua",1957,NA,NA,0,0,0,0,"","","","","V2025.09.12"
"1241",93,"NIC","Nicaragua",1958,NA,NA,0,0,0,0,"","","","","V2025.09.12"
"1242",93,"NIC","Nicaragua",1959,NA,NA,0,0,0,0,"","","","","V2025.09.12"
"1243",93,"NIC","Nicaragua",1960,NA,NA,0,0,0,0,"","","","","V2025.09.12"
"1244",93,"NIC","Nicaragua",1961,NA,NA,0,0,0,0,"","","","","V2025.09.12"
"1245",93,"NIC","Nicaragua",1962,NA,NA,0,0,0,0,"","","","","V2025.09.12"
"1246",93,"NIC","Nicaragua",1963,NA,NA,0,0,0,0,"","","","","V2025.09.12"
"1247",93,"NIC","Nicaragua",1964,NA,NA,0,0,0,0,"","","","","V2025.09.12"
"1248",93,"NIC","Nicaragua",1965,NA,NA,0,0,0,0,"","","","","V2025.09.12"
"1249",93,"NIC","Nicaragua",1966,NA,NA,0,0,0,0,"","","","","V2025.09.12"
"1250",93,"NIC","Nicaragua",1967,NA,NA,0,0,0,0,"","","","","V2025.09.12"
"1251",93,"NIC","Nicaragua",1968,NA,NA,0,0,0,0,"","","","","V2025.09.12"
"1252",93,"NIC","Nicaragua",1969,NA,NA,0,0,0,0,"","","","","V2025.09.12"
"1253",93,"NIC","Nicaragua",1970,NA,NA,0,0,0,0,"","","","","V2025.09.12"
"1254",93,"NIC","Nicaragua",1971,NA,NA,0,0,0,0,"","","","","V2025.09.12"
"1255",93,"NIC","Nicaragua",1972,NA,NA,0,0,0,0,"","","","","V2025.09.12"
"1256",93,"NIC","Nicaragua",1973,NA,NA,0,0,0,0,"","","","","V2025.09.12"
"1257",93,"NIC","Nicaragua",1974,NA,NA,0,0,0,0,"","","","","V2025.09.12"
"1258",93,"NIC","Nicaragua",1975,NA,NA,0,0,0,0,"","","","","V2025.09.12"
"1259",93,"NIC","Nicaragua",1976,NA,NA,0,0,0,0,"","","","","V2025.09.12"
"1260",93,"NIC","Nicaragua",1977,NA,NA,0,0,0,0,"","","","","V2025.09.12"
"1261",93,"NIC","Nicaragua",1978,NA,NA,0,0,0,0,"","","","","V2025.09.12"
"1262",93,"NIC","Nicaragua",1979,NA,NA,0,0,0,0,"","","","","V2025.09.12"
"1263",93,"NIC","Nicaragua",1980,NA,NA,0,0,0,0,"","","","","V2025.09.12"
"1264",93,"NIC","Nicaragua",1981,NA,NA,0,0,0,0,"","","","","V2025.09.12"
"1265",93,"NIC","Nicaragua",1982,NA,NA,0,0,0,0,"","","","","V2025.09.12"
"1266",93,"NIC","Nicaragua",1983,NA,NA,0,0,0,0,"","","","","V2025.09.12"
"1267",93,"NIC","Nicaragua",1984,NA,NA,0,0,0,0,"","","","","V2025.09.12"
"1268",93,"NIC","Nicaragua",1985,NA,NA,0,0,0,0,"","","","","V2025.09.12"
"1269",93,"NIC","Nicaragua",1986,NA,NA,0,0,0,0,"","","","","V2025.09.12"
"1270",93,"NIC","Nicaragua",1987,NA,NA,0,0,0,0,"","","","","V2025.09.12"
"1271",93,"NIC","Nicaragua",1988,NA,NA,0,0,0,0,"","","","","V2025.09.12"
"1272",93,"NIC","Nicaragua",1989,NA,NA,0,0,0,0,"","","","","V2025.09.12"
"1273",93,"NIC","Nicaragua",1990,NA,NA,0,0,0,0,"","","","","V2025.09.12"
"1274",93,"NIC","Nicaragua",1991,NA,NA,0,0,0,0,"","","","","V2025.09.12"
"1275",93,"NIC","Nicaragua",1992,NA,NA,0,0,0,0,"","","","","V2025.09.12"
"1276",93,"NIC","Nicaragua",1993,NA,NA,0,0,0,0,"","","","","V2025.09.12"
"1277",93,"NIC","Nicaragua",1994,NA,NA,0,0,0,0,"","","","","V2025.09.12"
"1278",93,"NIC","Nicaragua",1995,NA,NA,0,0,0,0,"","","","","V2025.09.12"
"1279",93,"NIC","Nicaragua",1996,NA,NA,0,0,0,0,"","","","","V2025.09.12"
"1280",93,"NIC","Nicaragua",1997,NA,NA,0,0,0,0,"","","","","V2025.09.12"
"1281",93,"NIC","Nicaragua",1998,NA,NA,0,0,0,0,"","","","","V2025.09.12"
"1282",93,"NIC","Nicaragua",1999,NA,NA,0,0,0,0,"","","","","V2025.09.12"
"1283",93,"NIC","Nicaragua",2000,NA,NA,0,0,0,0,"","","","","V2025.09.12"
"1284",93,"NIC","Nicaragua",2001,NA,NA,0,0,0,0,"","","","","V2025.09.12"
"1285",93,"NIC","Nicaragua",2002,NA,NA,0,0,0,0,"","","","","V2025.09.12"
"1286",93,"NIC","Nicaragua",2003,NA,NA,0,0,0,0,"","","","","V2025.09.12"
"1287",93,"NIC","Nicaragua",2004,NA,NA,0,0,0,0,"","","","","V2025.09.12"
"1288",93,"NIC","Nicaragua",2005,NA,NA,0,0,0,0,"","","","","V2025.09.12"
"1289",93,"NIC","Nicaragua",2006,NA,NA,0,0,0,0,"","","","","V2025.09.12"
"1290",93,"NIC","Nicaragua",2007,NA,NA,0,0,0,0,"","","","","V2025.09.12"
"1291",93,"NIC","Nicaragua",2008,NA,NA,0,0,0,0,"","","","","V2025.09.12"
"1292",93,"NIC","Nicaragua",2009,NA,NA,0,0,0,0,"","","","","V2025.09.12"
"1293",93,"NIC","Nicaragua",2010,NA,NA,0,0,0,0,"","","","","V2025.09.12"
"1294",93,"NIC","Nicaragua",2011,NA,NA,0,0,0,0,"","","","","V2025.09.12"
"1295",93,"NIC","Nicaragua",2012,NA,NA,0,0,0,0,"","","","","V2025.09.12"
"1296",93,"NIC","Nicaragua",2013,NA,NA,0,0,0,0,"","","","","V2025.09.12"
"1297",93,"NIC","Nicaragua",2014,NA,NA,0,0,0,0,"","","","","V2025.09.12"
"1298",93,"NIC","Nicaragua",2015,NA,NA,0,0,0,0,"","","","","V2025.09.12"
"1299",93,"NIC","Nicaragua",2016,NA,NA,0,0,0,0,"","","","","V2025.09.12"
"1300",93,"NIC","Nicaragua",2017,NA,NA,0,0,0,0,"","","","","V2025.09.12"
"1301",93,"NIC","Nicaragua",2018,NA,NA,0,0,0,0,"","","","","V2025.09.12"
"1302",93,"NIC","Nicaragua",2019,NA,NA,0,0,0,0,"","","","","V2025.09.12"
"1303",93,"NIC","Nicaragua",2020,NA,NA,0,0,0,0,"","","","","V2025.09.12"
"1304",93,"NIC","Nicaragua",2021,NA,NA,0,0,0,0,"","","","","V2025.09.12"
"1305",93,"NIC","Nicaragua",2022,NA,NA,0,0,0,0,"","","","","V2025.09.12"
"1306",93,"NIC","Nicaragua",2023,NA,NA,0,0,0,0,"","","","","V2025.09.12"
"1307",93,"NIC","Nicaragua",2024,NA,NA,0,0,0,0,"","","","","V2025.09.12"
"1308",94,"COS","Costa Rica",1950,NA,NA,0,0,0,0,"","","","","V2025.09.12"
"1309",94,"COS","Costa Rica",1951,NA,NA,0,0,0,0,"","","","","V2025.09.12"
"1310",94,"COS","Costa Rica",1952,NA,NA,0,0,0,0,"","","","","V2025.09.12"
"1311",94,"COS","Costa Rica",1953,NA,NA,0,0,0,0,"","","","","V2025.09.12"
"1312",94,"COS","Costa Rica",1954,NA,NA,0,0,0,0,"","","","","V2025.09.12"
"1313",94,"COS","Costa Rica",1955,NA,NA,0,0,0,0,"","","","","V2025.09.12"
"1314",94,"COS","Costa Rica",1956,NA,NA,0,0,0,0,"","","","","V2025.09.12"
"1315",94,"COS","Costa Rica",1957,NA,NA,0,0,0,0,"","","","","V2025.09.12"
"1316",94,"COS","Costa Rica",1958,NA,NA,0,0,0,0,"","","","","V2025.09.12"
"1317",94,"COS","Costa Rica",1959,NA,NA,0,0,0,0,"","","","","V2025.09.12"
"1318",94,"COS","Costa Rica",1960,NA,NA,0,0,0,0,"","","","","V2025.09.12"
"1319",94,"COS","Costa Rica",1961,NA,NA,0,0,0,0,"","","","","V2025.09.12"
"1320",94,"COS","Costa Rica",1962,NA,NA,0,0,0,0,"","","","","V2025.09.12"
"1321",94,"COS","Costa Rica",1963,NA,NA,0,0,0,0,"","","","","V2025.09.12"
"1322",94,"COS","Costa Rica",1964,NA,NA,0,0,0,0,"","","","","V2025.09.12"
"1323",94,"COS","Costa Rica",1965,NA,NA,0,0,0,0,"","","","","V2025.09.12"
"1324",94,"COS","Costa Rica",1966,NA,NA,0,0,0,0,"","","","","V2025.09.12"
"1325",94,"COS","Costa Rica",1967,NA,NA,0,0,0,0,"","","","","V2025.09.12"
"1326",94,"COS","Costa Rica",1968,NA,NA,0,0,0,0,"","","","","V2025.09.12"
"1327",94,"COS","Costa Rica",1969,NA,NA,0,0,0,0,"","","","","V2025.09.12"
"1328",94,"COS","Costa Rica",1970,NA,NA,0,0,0,0,"","","","","V2025.09.12"
"1329",94,"COS","Costa Rica",1971,NA,NA,0,0,0,0,"","","","","V2025.09.12"
"1330",94,"COS","Costa Rica",1972,NA,NA,0,0,0,0,"","","","","V2025.09.12"
"1331",94,"COS","Costa Rica",1973,NA,NA,0,0,0,0,"","","","","V2025.09.12"
"1332",94,"COS","Costa Rica",1974,NA,NA,0,0,0,0,"","","","","V2025.09.12"
"1333",94,"COS","Costa Rica",1975,NA,NA,0,0,0,0,"","","","","V2025.09.12"
"1334",94,"COS","Costa Rica",1976,NA,NA,0,0,0,0,"","","","","V2025.09.12"
"1335",94,"COS","Costa Rica",1977,NA,NA,0,0,0,0,"","","","","V2025.09.12"
"1336",94,"COS","Costa Rica",1978,NA,NA,0,0,0,0,"","","","","V2025.09.12"
"1337",94,"COS","Costa Rica",1979,NA,NA,0,0,0,0,"","","","","V2025.09.12"
"1338",94,"COS","Costa Rica",1980,NA,NA,0,0,0,0,"","","","","V2025.09.12"
"1339",94,"COS","Costa Rica",1981,NA,NA,0,0,0,0,"","","","","V2025.09.12"
"1340",94,"COS","Costa Rica",1982,NA,NA,0,0,0,0,"","","","","V2025.09.12"
"1341",94,"COS","Costa Rica",1983,NA,NA,0,0,0,0,"","","","","V2025.09.12"
"1342",94,"COS","Costa Rica",1984,NA,NA,0,0,0,0,"","","","","V2025.09.12"
"1343",94,"COS","Costa Rica",1985,NA,NA,0,0,0,0,"","","","","V2025.09.12"
"1344",94,"COS","Costa Rica",1986,NA,NA,0,0,0,0,"","","","","V2025.09.12"
"1345",94,"COS","Costa Rica",1987,NA,NA,0,0,0,0,"","","","","V2025.09.12"
"1346",94,"COS","Costa Rica",1988,NA,NA,0,0,0,0,"","","","","V2025.09.12"
"1347",94,"COS","Costa Rica",1989,NA,NA,0,0,0,0,"","","","","V2025.09.12"
"1348",94,"COS","Costa Rica",1990,NA,NA,0,0,0,0,"","","","","V2025.09.12"
"1349",94,"COS","Costa Rica",1991,NA,NA,0,0,0,0,"","","","","V2025.09.12"
"1350",94,"COS","Costa Rica",1992,NA,NA,0,0,0,0,"","","","","V2025.09.12"
"1351",94,"COS","Costa Rica",1993,NA,NA,0,0,0,0,"","","","","V2025.09.12"
"1352",94,"COS","Costa Rica",1994,NA,NA,0,0,0,0,"","","","","V2025.09.12"
"1353",94,"COS","Costa Rica",1995,NA,NA,0,0,0,0,"","","","","V2025.09.12"
"1354",94,"COS","Costa Rica",1996,NA,NA,0,0,0,0,"","","","","V2025.09.12"
"1355",94,"COS","Costa Rica",1997,NA,NA,0,0,0,0,"","","","","V2025.09.12"
"1356",94,"COS","Costa Rica",1998,NA,NA,0,0,0,0,"","","","","V2025.09.12"
"1357",94,"COS","Costa Rica",1999,NA,NA,0,0,0,0,"","","","","V2025.09.12"
"1358",94,"COS","Costa Rica",2000,NA,NA,0,0,0,0,"","","","","V2025.09.12"
"1359",94,"COS","Costa Rica",2001,NA,NA,0,0,0,0,"","","","","V2025.09.12"
"1360",94,"COS","Costa Rica",2002,NA,NA,0,0,0,0,"","","","","V2025.09.12"
"1361",94,"COS","Costa Rica",2003,NA,NA,0,0,0,0,"","","","","V2025.09.12"
"1362",94,"COS","Costa Rica",2004,NA,NA,0,0,0,0,"","","","","V2025.09.12"
"1363",94,"COS","Costa Rica",2005,NA,NA,0,0,0,0,"","","","","V2025.09.12"
"1364",94,"COS","Costa Rica",2006,NA,NA,0,0,0,0,"","","","","V2025.09.12"
"1365",94,"COS","Costa Rica",2007,NA,NA,0,0,0,0,"","","","","V2025.09.12"
"1366",94,"COS","Costa Rica",2008,NA,NA,0,0,0,0,"","","","","V2025.09.12"
"1367",94,"COS","Costa Rica",2009,NA,NA,0,0,0,0,"","","","","V2025.09.12"
"1368",94,"COS","Costa Rica",2010,NA,NA,0,0,0,0,"","","","","V2025.09.12"
"1369",94,"COS","Costa Rica",2011,NA,NA,0,0,0,0,"","","","","V2025.09.12"
"1370",94,"COS","Costa Rica",2012,NA,NA,0,0,0,0,"","","","","V2025.09.12"
"1371",94,"COS","Costa Rica",2013,NA,NA,0,0,0,0,"","","","","V2025.09.12"
"1372",94,"COS","Costa Rica",2014,NA,NA,0,0,0,0,"","","","","V2025.09.12"
"1373",94,"COS","Costa Rica",2015,NA,NA,0,0,0,0,"","","","","V2025.09.12"
"1374",94,"COS","Costa Rica",2016,NA,NA,0,0,0,0,"","","","","V2025.09.12"
"1375",94,"COS","Costa Rica",2017,NA,NA,0,0,0,0,"","","","","V2025.09.12"
"1376",94,"COS","Costa Rica",2018,NA,NA,0,0,0,0,"","","","","V2025.09.12"
"1377",94,"COS","Costa Rica",2019,NA,NA,0,0,0,0,"","","","","V2025.09.12"
"1378",94,"COS","Costa Rica",2020,NA,NA,0,0,0,0,"","","","","V2025.09.12"
"1379",94,"COS","Costa Rica",2021,NA,NA,0,0,0,0,"","","","","V2025.09.12"
"1380",94,"COS","Costa Rica",2022,NA,NA,0,0,0,0,"","","","","V2025.09.12"
"1381",94,"COS","Costa Rica",2023,NA,NA,0,0,0,0,"","","","","V2025.09.12"
"1382",94,"COS","Costa Rica",2024,NA,NA,0,0,0,0,"","","","","V2025.09.12"
"1383",95,"PAN","Panama",1950,NA,NA,0,0,0,0,"","","","","V2025.09.12"
"1384",95,"PAN","Panama",1951,NA,NA,2,0,0,0,"09may1951","","","","V2025.09.12"
"1385",95,"PAN","Panama",1952,NA,NA,0,0,0,0,"","","","","V2025.09.12"
"1386",95,"PAN","Panama",1953,NA,NA,0,0,0,0,"","","","","V2025.09.12"
"1387",95,"PAN","Panama",1954,NA,NA,0,0,0,0,"","","","","V2025.09.12"
"1388",95,"PAN","Panama",1955,NA,NA,0,0,0,0,"","","","","V2025.09.12"
"1389",95,"PAN","Panama",1956,NA,NA,0,0,0,0,"","","","","V2025.09.12"
"1390",95,"PAN","Panama",1957,NA,NA,0,0,0,0,"","","","","V2025.09.12"
"1391",95,"PAN","Panama",1958,NA,NA,0,0,0,0,"","","","","V2025.09.12"
"1392",95,"PAN","Panama",1959,NA,NA,0,0,0,0,"","","","","V2025.09.12"
"1393",95,"PAN","Panama",1960,NA,NA,0,0,0,0,"","","","","V2025.09.12"
"1394",95,"PAN","Panama",1961,NA,NA,0,0,0,0,"","","","","V2025.09.12"
"1395",95,"PAN","Panama",1962,NA,NA,0,0,0,0,"","","","","V2025.09.12"
"1396",95,"PAN","Panama",1963,NA,NA,0,0,0,0,"","","","","V2025.09.12"
"1397",95,"PAN","Panama",1964,NA,NA,0,0,0,0,"","","","","V2025.09.12"
"1398",95,"PAN","Panama",1965,NA,NA,0,0,0,0,"","","","","V2025.09.12"
"1399",95,"PAN","Panama",1966,NA,NA,0,0,0,0,"","","","","V2025.09.12"
"1400",95,"PAN","Panama",1967,NA,NA,0,0,0,0,"","","","","V2025.09.12"
"1401",95,"PAN","Panama",1968,NA,NA,2,0,0,0,"12oct1968","","","","V2025.09.12"
"1402",95,"PAN","Panama",1969,NA,NA,1,0,0,0,"14dec1969","","","","V2025.09.12"
"1403",95,"PAN","Panama",1970,NA,NA,0,0,0,0,"","","","","V2025.09.12"
"1404",95,"PAN","Panama",1971,NA,NA,0,0,0,0,"","","","","V2025.09.12"
"1405",95,"PAN","Panama",1972,NA,NA,0,0,0,0,"","","","","V2025.09.12"
"1406",95,"PAN","Panama",1973,NA,NA,0,0,0,0,"","","","","V2025.09.12"
"1407",95,"PAN","Panama",1974,NA,NA,0,0,0,0,"","","","","V2025.09.12"
"1408",95,"PAN","Panama",1975,NA,NA,0,0,0,0,"","","","","V2025.09.12"
"1409",95,"PAN","Panama",1976,NA,NA,0,0,0,0,"","","","","V2025.09.12"
"1410",95,"PAN","Panama",1977,NA,NA,0,0,0,0,"","","","","V2025.09.12"
"1411",95,"PAN","Panama",1978,NA,NA,0,0,0,0,"","","","","V2025.09.12"
"1412",95,"PAN","Panama",1979,NA,NA,0,0,0,0,"","","","","V2025.09.12"
"1413",95,"PAN","Panama",1980,NA,NA,0,0,0,0,"","","","","V2025.09.12"
"1414",95,"PAN","Panama",1981,NA,NA,0,0,0,0,"","","","","V2025.09.12"
"1415",95,"PAN","Panama",1982,NA,NA,0,0,0,0,"","","","","V2025.09.12"
"1416",95,"PAN","Panama",1983,NA,NA,0,0,0,0,"","","","","V2025.09.12"
"1417",95,"PAN","Panama",1984,NA,NA,0,0,0,0,"","","","","V2025.09.12"
"1418",95,"PAN","Panama",1985,NA,NA,0,0,0,0,"","","","","V2025.09.12"
"1419",95,"PAN","Panama",1986,NA,NA,0,0,0,0,"","","","","V2025.09.12"
"1420",95,"PAN","Panama",1987,NA,NA,0,0,0,0,"","","","","V2025.09.12"
"1421",95,"PAN","Panama",1988,NA,NA,1,0,0,0,"16mar1988","","","","V2025.09.12"
"1422",95,"PAN","Panama",1989,NA,NA,1,0,0,0,"03oct1989","","","","V2025.09.12"
"1423",95,"PAN","Panama",1990,NA,NA,0,0,0,0,"","","","","V2025.09.12"
"1424",95,"PAN","Panama",1991,NA,NA,0,0,0,0,"","","","","V2025.09.12"
"1425",95,"PAN","Panama",1992,NA,NA,0,0,0,0,"","","","","V2025.09.12"
"1426",95,"PAN","Panama",1993,NA,NA,0,0,0,0,"","","","","V2025.09.12"
"1427",95,"PAN","Panama",1994,NA,NA,0,0,0,0,"","","","","V2025.09.12"
"1428",95,"PAN","Panama",1995,NA,NA,0,0,0,0,"","","","","V2025.09.12"
"1429",95,"PAN","Panama",1996,NA,NA,0,0,0,0,"","","","","V2025.09.12"
"1430",95,"PAN","Panama",1997,NA,NA,0,0,0,0,"","","","","V2025.09.12"
"1431",95,"PAN","Panama",1998,NA,NA,0,0,0,0,"","","","","V2025.09.12"
"1432",95,"PAN","Panama",1999,NA,NA,0,0,0,0,"","","","","V2025.09.12"
"1433",95,"PAN","Panama",2000,NA,NA,0,0,0,0,"","","","","V2025.09.12"
"1434",95,"PAN","Panama",2001,NA,NA,0,0,0,0,"","","","","V2025.09.12"
"1435",95,"PAN","Panama",2002,NA,NA,0,0,0,0,"","","","","V2025.09.12"
"1436",95,"PAN","Panama",2003,NA,NA,0,0,0,0,"","","","","V2025.09.12"
"1437",95,"PAN","Panama",2004,NA,NA,0,0,0,0,"","","","","V2025.09.12"
"1438",95,"PAN","Panama",2005,NA,NA,0,0,0,0,"","","","","V2025.09.12"
"1439",95,"PAN","Panama",2006,NA,NA,0,0,0,0,"","","","","V2025.09.12"
"1440",95,"PAN","Panama",2007,NA,NA,0,0,0,0,"","","","","V2025.09.12"
"1441",95,"PAN","Panama",2008,NA,NA,0,0,0,0,"","","","","V2025.09.12"
"1442",95,"PAN","Panama",2009,NA,NA,0,0,0,0,"","","","","V2025.09.12"
"1443",95,"PAN","Panama",2010,NA,NA,0,0,0,0,"","","","","V2025.09.12"
"1444",95,"PAN","Panama",2011,NA,NA,0,0,0,0,"","","","","V2025.09.12"
"1445",95,"PAN","Panama",2012,NA,NA,0,0,0,0,"","","","","V2025.09.12"
"1446",95,"PAN","Panama",2013,NA,NA,0,0,0,0,"","","","","V2025.09.12"
"1447",95,"PAN","Panama",2014,NA,NA,0,0,0,0,"","","","","V2025.09.12"
"1448",95,"PAN","Panama",2015,NA,NA,0,0,0,0,"","","","","V2025.09.12"
"1449",95,"PAN","Panama",2016,NA,NA,0,0,0,0,"","","","","V2025.09.12"
"1450",95,"PAN","Panama",2017,NA,NA,0,0,0,0,"","","","","V2025.09.12"
"1451",95,"PAN","Panama",2018,NA,NA,0,0,0,0,"","","","","V2025.09.12"
"1452",95,"PAN","Panama",2019,NA,NA,0,0,0,0,"","","","","V2025.09.12"
"1453",95,"PAN","Panama",2020,NA,NA,0,0,0,0,"","","","","V2025.09.12"
"1454",95,"PAN","Panama",2021,NA,NA,0,0,0,0,"","","","","V2025.09.12"
"1455",95,"PAN","Panama",2022,NA,NA,0,0,0,0,"","","","","V2025.09.12"
"1456",95,"PAN","Panama",2023,NA,NA,0,0,0,0,"","","","","V2025.09.12"
"1457",95,"PAN","Panama",2024,NA,NA,0,0,0,0,"","","","","V2025.09.12"
"1458",100,"COL","Colombia",1950,NA,NA,0,0,0,0,"","","","","V2025.09.12"
"1459",100,"COL","Colombia",1951,NA,NA,0,0,0,0,"","","","","V2025.09.12"
"1460",100,"COL","Colombia",1952,NA,NA,0,0,0,0,"","","","","V2025.09.12"
"1461",100,"COL","Colombia",1953,NA,NA,2,0,0,0,"13jun1953","","","","V2025.09.12"
"1462",100,"COL","Colombia",1954,NA,NA,0,0,0,0,"","","","","V2025.09.12"
"1463",100,"COL","Colombia",1955,NA,NA,0,0,0,0,"","","","","V2025.09.12"
"1464",100,"COL","Colombia",1956,NA,NA,0,0,0,0,"","","","","V2025.09.12"
"1465",100,"COL","Colombia",1957,NA,NA,2,0,0,0,"10may1957","","","","V2025.09.12"
"1466",100,"COL","Colombia",1958,NA,NA,1,0,0,0,"02may1958","","","","V2025.09.12"
"1467",100,"COL","Colombia",1959,NA,NA,0,0,0,0,"","","","","V2025.09.12"
"1468",100,"COL","Colombia",1960,NA,NA,0,0,0,0,"","","","","V2025.09.12"
"1469",100,"COL","Colombia",1961,NA,NA,1,0,0,0,"11oct1961","","","","V2025.09.12"
"1470",100,"COL","Colombia",1962,NA,NA,0,0,0,0,"","","","","V2025.09.12"
"1471",100,"COL","Colombia",1963,NA,NA,0,0,0,0,"","","","","V2025.09.12"
"1472",100,"COL","Colombia",1964,NA,NA,0,0,0,0,"","","","","V2025.09.12"
"1473",100,"COL","Colombia",1965,NA,NA,0,0,0,0,"","","","","V2025.09.12"
"1474",100,"COL","Colombia",1966,NA,NA,0,0,0,0,"","","","","V2025.09.12"
"1475",100,"COL","Colombia",1967,NA,NA,0,0,0,0,"","","","","V2025.09.12"
"1476",100,"COL","Colombia",1968,NA,NA,0,0,0,0,"","","","","V2025.09.12"
"1477",100,"COL","Colombia",1969,NA,NA,0,0,0,0,"","","","","V2025.09.12"
"1478",100,"COL","Colombia",1970,NA,NA,0,0,0,0,"","","","","V2025.09.12"
"1479",100,"COL","Colombia",1971,NA,NA,0,0,0,0,"","","","","V2025.09.12"
"1480",100,"COL","Colombia",1972,NA,NA,0,0,0,0,"","","","","V2025.09.12"
"1481",100,"COL","Colombia",1973,NA,NA,0,0,0,0,"","","","","V2025.09.12"
"1482",100,"COL","Colombia",1974,NA,NA,0,0,0,0,"","","","","V2025.09.12"
"1483",100,"COL","Colombia",1975,NA,NA,0,0,0,0,"","","","","V2025.09.12"
"1484",100,"COL","Colombia",1976,NA,NA,0,0,0,0,"","","","","V2025.09.12"
"1485",100,"COL","Colombia",1977,NA,NA,0,0,0,0,"","","","","V2025.09.12"
"1486",100,"COL","Colombia",1978,NA,NA,0,0,0,0,"","","","","V2025.09.12"
"1487",100,"COL","Colombia",1979,NA,NA,0,0,0,0,"","","","","V2025.09.12"
"1488",100,"COL","Colombia",1980,NA,NA,0,0,0,0,"","","","","V2025.09.12"
"1489",100,"COL","Colombia",1981,NA,NA,0,0,0,0,"","","","","V2025.09.12"
"1490",100,"COL","Colombia",1982,NA,NA,0,0,0,0,"","","","","V2025.09.12"
"1491",100,"COL","Colombia",1983,NA,NA,0,0,0,0,"","","","","V2025.09.12"
"1492",100,"COL","Colombia",1984,NA,NA,0,0,0,0,"","","","","V2025.09.12"
"1493",100,"COL","Colombia",1985,NA,NA,0,0,0,0,"","","","","V2025.09.12"
"1494",100,"COL","Colombia",1986,NA,NA,0,0,0,0,"","","","","V2025.09.12"
"1495",100,"COL","Colombia",1987,NA,NA,0,0,0,0,"","","","","V2025.09.12"
"1496",100,"COL","Colombia",1988,NA,NA,0,0,0,0,"","","","","V2025.09.12"
"1497",100,"COL","Colombia",1989,NA,NA,0,0,0,0,"","","","","V2025.09.12"
"1498",100,"COL","Colombia",1990,NA,NA,0,0,0,0,"","","","","V2025.09.12"
"1499",100,"COL","Colombia",1991,NA,NA,0,0,0,0,"","","","","V2025.09.12"
"1500",100,"COL","Colombia",1992,NA,NA,0,0,0,0,"","","","","V2025.09.12"
"1501",100,"COL","Colombia",1993,NA,NA,0,0,0,0,"","","","","V2025.09.12"
"1502",100,"COL","Colombia",1994,NA,NA,0,0,0,0,"","","","","V2025.09.12"
"1503",100,"COL","Colombia",1995,NA,NA,0,0,0,0,"","","","","V2025.09.12"
"1504",100,"COL","Colombia",1996,NA,NA,0,0,0,0,"","","","","V2025.09.12"
"1505",100,"COL","Colombia",1997,NA,NA,0,0,0,0,"","","","","V2025.09.12"
"1506",100,"COL","Colombia",1998,NA,NA,0,0,0,0,"","","","","V2025.09.12"
"1507",100,"COL","Colombia",1999,NA,NA,0,0,0,0,"","","","","V2025.09.12"
"1508",100,"COL","Colombia",2000,NA,NA,0,0,0,0,"","","","","V2025.09.12"
"1509",100,"COL","Colombia",2001,NA,NA,0,0,0,0,"","","","","V2025.09.12"
"1510",100,"COL","Colombia",2002,NA,NA,0,0,0,0,"","","","","V2025.09.12"
"1511",100,"COL","Colombia",2003,NA,NA,0,0,0,0,"","","","","V2025.09.12"
"1512",100,"COL","Colombia",2004,NA,NA,0,0,0,0,"","","","","V2025.09.12"
"1513",100,"COL","Colombia",2005,NA,NA,0,0,0,0,"","","","","V2025.09.12"
"1514",100,"COL","Colombia",2006,NA,NA,0,0,0,0,"","","","","V2025.09.12"
"1515",100,"COL","Colombia",2007,NA,NA,0,0,0,0,"","","","","V2025.09.12"
"1516",100,"COL","Colombia",2008,NA,NA,0,0,0,0,"","","","","V2025.09.12"
"1517",100,"COL","Colombia",2009,NA,NA,0,0,0,0,"","","","","V2025.09.12"
"1518",100,"COL","Colombia",2010,NA,NA,0,0,0,0,"","","","","V2025.09.12"
"1519",100,"COL","Colombia",2011,NA,NA,0,0,0,0,"","","","","V2025.09.12"
"1520",100,"COL","Colombia",2012,NA,NA,0,0,0,0,"","","","","V2025.09.12"
"1521",100,"COL","Colombia",2013,NA,NA,0,0,0,0,"","","","","V2025.09.12"
"1522",100,"COL","Colombia",2014,NA,NA,0,0,0,0,"","","","","V2025.09.12"
"1523",100,"COL","Colombia",2015,NA,NA,0,0,0,0,"","","","","V2025.09.12"
"1524",100,"COL","Colombia",2016,NA,NA,0,0,0,0,"","","","","V2025.09.12"
"1525",100,"COL","Colombia",2017,NA,NA,0,0,0,0,"","","","","V2025.09.12"
"1526",100,"COL","Colombia",2018,NA,NA,0,0,0,0,"","","","","V2025.09.12"
"1527",100,"COL","Colombia",2019,NA,NA,0,0,0,0,"","","","","V2025.09.12"
"1528",100,"COL","Colombia",2020,NA,NA,0,0,0,0,"","","","","V2025.09.12"
"1529",100,"COL","Colombia",2021,NA,NA,0,0,0,0,"","","","","V2025.09.12"
"1530",100,"COL","Colombia",2022,NA,NA,0,0,0,0,"","","","","V2025.09.12"
"1531",100,"COL","Colombia",2023,NA,NA,0,0,0,0,"","","","","V2025.09.12"
"1532",100,"COL","Colombia",2024,NA,NA,0,0,0,0,"","","","","V2025.09.12"
"1533",101,"VEN","Venezuela",1950,NA,NA,0,0,0,0,"","","","","V2025.09.12"
"1534",101,"VEN","Venezuela",1951,NA,NA,0,0,0,0,"","","","","V2025.09.12"
"1535",101,"VEN","Venezuela",1952,NA,NA,1,0,0,0,"29sep1952","","","","V2025.09.12"
"1536",101,"VEN","Venezuela",1953,NA,NA,0,0,0,0,"","","","","V2025.09.12"
"1537",101,"VEN","Venezuela",1954,NA,NA,0,0,0,0,"","","","","V2025.09.12"
"1538",101,"VEN","Venezuela",1955,NA,NA,0,0,0,0,"","","","","V2025.09.12"
"1539",101,"VEN","Venezuela",1956,NA,NA,0,0,0,0,"","","","","V2025.09.12"
"1540",101,"VEN","Venezuela",1957,NA,NA,0,0,0,0,"","","","","V2025.09.12"
"1541",101,"VEN","Venezuela",1958,NA,NA,1,1,1,0,"01jan1958","22jul1958","07sep1958","","V2025.09.12"
"1542",101,"VEN","Venezuela",1959,NA,NA,0,0,0,0,"","","","","V2025.09.12"
"1543",101,"VEN","Venezuela",1960,NA,NA,1,0,0,0,"12sep1960","","","","V2025.09.12"
"1544",101,"VEN","Venezuela",1961,NA,NA,1,1,0,0,"20feb1961","26jun1961","","","V2025.09.12"
"1545",101,"VEN","Venezuela",1962,NA,NA,1,1,0,0,"04may1962","02jun1962","","","V2025.09.12"
"1546",101,"VEN","Venezuela",1963,NA,NA,0,0,0,0,"","","","","V2025.09.12"
"1547",101,"VEN","Venezuela",1964,NA,NA,0,0,0,0,"","","","","V2025.09.12"
"1548",101,"VEN","Venezuela",1965,NA,NA,0,0,0,0,"","","","","V2025.09.12"
"1549",101,"VEN","Venezuela",1966,NA,NA,1,0,0,0,"30oct1966","","","","V2025.09.12"
"1550",101,"VEN","Venezuela",1967,NA,NA,0,0,0,0,"","","","","V2025.09.12"
"1551",101,"VEN","Venezuela",1968,NA,NA,0,0,0,0,"","","","","V2025.09.12"
"1552",101,"VEN","Venezuela",1969,NA,NA,0,0,0,0,"","","","","V2025.09.12"
"1553",101,"VEN","Venezuela",1970,NA,NA,0,0,0,0,"","","","","V2025.09.12"
"1554",101,"VEN","Venezuela",1971,NA,NA,0,0,0,0,"","","","","V2025.09.12"
"1555",101,"VEN","Venezuela",1972,NA,NA,0,0,0,0,"","","","","V2025.09.12"
"1556",101,"VEN","Venezuela",1973,NA,NA,0,0,0,0,"","","","","V2025.09.12"
"1557",101,"VEN","Venezuela",1974,NA,NA,0,0,0,0,"","","","","V2025.09.12"
"1558",101,"VEN","Venezuela",1975,NA,NA,0,0,0,0,"","","","","V2025.09.12"
"1559",101,"VEN","Venezuela",1976,NA,NA,0,0,0,0,"","","","","V2025.09.12"
"1560",101,"VEN","Venezuela",1977,NA,NA,0,0,0,0,"","","","","V2025.09.12"
"1561",101,"VEN","Venezuela",1978,NA,NA,0,0,0,0,"","","","","V2025.09.12"
"1562",101,"VEN","Venezuela",1979,NA,NA,0,0,0,0,"","","","","V2025.09.12"
"1563",101,"VEN","Venezuela",1980,NA,NA,0,0,0,0,"","","","","V2025.09.12"
"1564",101,"VEN","Venezuela",1981,NA,NA,0,0,0,0,"","","","","V2025.09.12"
"1565",101,"VEN","Venezuela",1982,NA,NA,0,0,0,0,"","","","","V2025.09.12"
"1566",101,"VEN","Venezuela",1983,NA,NA,0,0,0,0,"","","","","V2025.09.12"
"1567",101,"VEN","Venezuela",1984,NA,NA,0,0,0,0,"","","","","V2025.09.12"
"1568",101,"VEN","Venezuela",1985,NA,NA,0,0,0,0,"","","","","V2025.09.12"
"1569",101,"VEN","Venezuela",1986,NA,NA,0,0,0,0,"","","","","V2025.09.12"
"1570",101,"VEN","Venezuela",1987,NA,NA,0,0,0,0,"","","","","V2025.09.12"
"1571",101,"VEN","Venezuela",1988,NA,NA,0,0,0,0,"","","","","V2025.09.12"
"1572",101,"VEN","Venezuela",1989,NA,NA,0,0,0,0,"","","","","V2025.09.12"
"1573",101,"VEN","Venezuela",1990,NA,NA,0,0,0,0,"","","","","V2025.09.12"
"1574",101,"VEN","Venezuela",1991,NA,NA,0,0,0,0,"","","","","V2025.09.12"
"1575",101,"VEN","Venezuela",1992,NA,NA,1,1,0,0,"04feb1992","27nov1992","","","V2025.09.12"
"1576",101,"VEN","Venezuela",1993,NA,NA,0,0,0,0,"","","","","V2025.09.12"
"1577",101,"VEN","Venezuela",1994,NA,NA,0,0,0,0,"","","","","V2025.09.12"
"1578",101,"VEN","Venezuela",1995,NA,NA,0,0,0,0,"","","","","V2025.09.12"
"1579",101,"VEN","Venezuela",1996,NA,NA,0,0,0,0,"","","","","V2025.09.12"
"1580",101,"VEN","Venezuela",1997,NA,NA,0,0,0,0,"","","","","V2025.09.12"
"1581",101,"VEN","Venezuela",1998,NA,NA,0,0,0,0,"","","","","V2025.09.12"
"1582",101,"VEN","Venezuela",1999,NA,NA,0,0,0,0,"","","","","V2025.09.12"
"1583",101,"VEN","Venezuela",2000,NA,NA,0,0,0,0,"","","","","V2025.09.12"
"1584",101,"VEN","Venezuela",2001,NA,NA,0,0,0,0,"","","","","V2025.09.12"
"1585",101,"VEN","Venezuela",2002,NA,NA,1,0,0,0,"12apr2002","","","","V2025.09.12"
"1586",101,"VEN","Venezuela",2003,NA,NA,0,0,0,0,"","","","","V2025.09.12"
"1587",101,"VEN","Venezuela",2004,NA,NA,0,0,0,0,"","","","","V2025.09.12"
"1588",101,"VEN","Venezuela",2005,NA,NA,0,0,0,0,"","","","","V2025.09.12"
"1589",101,"VEN","Venezuela",2006,NA,NA,0,0,0,0,"","","","","V2025.09.12"
"1590",101,"VEN","Venezuela",2007,NA,NA,0,0,0,0,"","","","","V2025.09.12"
"1591",101,"VEN","Venezuela",2008,NA,NA,0,0,0,0,"","","","","V2025.09.12"
"1592",101,"VEN","Venezuela",2009,NA,NA,0,0,0,0,"","","","","V2025.09.12"
"1593",101,"VEN","Venezuela",2010,NA,NA,0,0,0,0,"","","","","V2025.09.12"
"1594",101,"VEN","Venezuela",2011,NA,NA,0,0,0,0,"","","","","V2025.09.12"
"1595",101,"VEN","Venezuela",2012,NA,NA,0,0,0,0,"","","","","V2025.09.12"
"1596",101,"VEN","Venezuela",2013,NA,NA,0,0,0,0,"","","","","V2025.09.12"
"1597",101,"VEN","Venezuela",2014,NA,NA,0,0,0,0,"","","","","V2025.09.12"
"1598",101,"VEN","Venezuela",2015,NA,NA,0,0,0,0,"","","","","V2025.09.12"
"1599",101,"VEN","Venezuela",2016,NA,NA,0,0,0,0,"","","","","V2025.09.12"
"1600",101,"VEN","Venezuela",2017,NA,NA,0,0,0,0,"","","","","V2025.09.12"
"1601",101,"VEN","Venezuela",2018,NA,NA,0,0,0,0,"","","","","V2025.09.12"
"1602",101,"VEN","Venezuela",2019,NA,NA,0,0,0,0,"","","","","V2025.09.12"
"1603",101,"VEN","Venezuela",2020,NA,NA,0,0,0,0,"","","","","V2025.09.12"
"1604",101,"VEN","Venezuela",2021,NA,NA,0,0,0,0,"","","","","V2025.09.12"
"1605",101,"VEN","Venezuela",2022,NA,NA,0,0,0,0,"","","","","V2025.09.12"
"1606",101,"VEN","Venezuela",2023,NA,NA,0,0,0,0,"","","","","V2025.09.12"
"1607",101,"VEN","Venezuela",2024,NA,NA,0,0,0,0,"","","","","V2025.09.12"
"1608",110,"GUY","Guyana",1966,NA,NA,0,0,0,0,"","","","","V2025.09.12"
"1609",110,"GUY","Guyana",1967,NA,NA,0,0,0,0,"","","","","V2025.09.12"
"1610",110,"GUY","Guyana",1968,NA,NA,0,0,0,0,"","","","","V2025.09.12"
"1611",110,"GUY","Guyana",1969,NA,NA,0,0,0,0,"","","","","V2025.09.12"
"1612",110,"GUY","Guyana",1970,NA,NA,0,0,0,0,"","","","","V2025.09.12"
"1613",110,"GUY","Guyana",1971,NA,NA,0,0,0,0,"","","","","V2025.09.12"
"1614",110,"GUY","Guyana",1972,NA,NA,0,0,0,0,"","","","","V2025.09.12"
"1615",110,"GUY","Guyana",1973,NA,NA,0,0,0,0,"","","","","V2025.09.12"
"1616",110,"GUY","Guyana",1974,NA,NA,0,0,0,0,"","","","","V2025.09.12"
"1617",110,"GUY","Guyana",1975,NA,NA,0,0,0,0,"","","","","V2025.09.12"
"1618",110,"GUY","Guyana",1976,NA,NA,0,0,0,0,"","","","","V2025.09.12"
"1619",110,"GUY","Guyana",1977,NA,NA,0,0,0,0,"","","","","V2025.09.12"
"1620",110,"GUY","Guyana",1978,NA,NA,0,0,0,0,"","","","","V2025.09.12"
"1621",110,"GUY","Guyana",1979,NA,NA,0,0,0,0,"","","","","V2025.09.12"
"1622",110,"GUY","Guyana",1980,NA,NA,0,0,0,0,"","","","","V2025.09.12"
"1623",110,"GUY","Guyana",1981,NA,NA,0,0,0,0,"","","","","V2025.09.12"
"1624",110,"GUY","Guyana",1982,NA,NA,0,0,0,0,"","","","","V2025.09.12"
"1625",110,"GUY","Guyana",1983,NA,NA,0,0,0,0,"","","","","V2025.09.12"
"1626",110,"GUY","Guyana",1984,NA,NA,0,0,0,0,"","","","","V2025.09.12"
"1627",110,"GUY","Guyana",1985,NA,NA,0,0,0,0,"","","","","V2025.09.12"
"1628",110,"GUY","Guyana",1986,NA,NA,0,0,0,0,"","","","","V2025.09.12"
"1629",110,"GUY","Guyana",1987,NA,NA,0,0,0,0,"","","","","V2025.09.12"
"1630",110,"GUY","Guyana",1988,NA,NA,0,0,0,0,"","","","","V2025.09.12"
"1631",110,"GUY","Guyana",1989,NA,NA,0,0,0,0,"","","","","V2025.09.12"
"1632",110,"GUY","Guyana",1990,NA,NA,0,0,0,0,"","","","","V2025.09.12"
"1633",110,"GUY","Guyana",1991,NA,NA,0,0,0,0,"","","","","V2025.09.12"
"1634",110,"GUY","Guyana",1992,NA,NA,0,0,0,0,"","","","","V2025.09.12"
"1635",110,"GUY","Guyana",1993,NA,NA,0,0,0,0,"","","","","V2025.09.12"
"1636",110,"GUY","Guyana",1994,NA,NA,0,0,0,0,"","","","","V2025.09.12"
"1637",110,"GUY","Guyana",1995,NA,NA,0,0,0,0,"","","","","V2025.09.12"
"1638",110,"GUY","Guyana",1996,NA,NA,0,0,0,0,"","","","","V2025.09.12"
"1639",110,"GUY","Guyana",1997,NA,NA,0,0,0,0,"","","","","V2025.09.12"
"1640",110,"GUY","Guyana",1998,NA,NA,0,0,0,0,"","","","","V2025.09.12"
"1641",110,"GUY","Guyana",1999,NA,NA,0,0,0,0,"","","","","V2025.09.12"
"1642",110,"GUY","Guyana",2000,NA,NA,0,0,0,0,"","","","","V2025.09.12"
"1643",110,"GUY","Guyana",2001,NA,NA,0,0,0,0,"","","","","V2025.09.12"
"1644",110,"GUY","Guyana",2002,NA,NA,0,0,0,0,"","","","","V2025.09.12"
"1645",110,"GUY","Guyana",2003,NA,NA,0,0,0,0,"","","","","V2025.09.12"
"1646",110,"GUY","Guyana",2004,NA,NA,0,0,0,0,"","","","","V2025.09.12"
"1647",110,"GUY","Guyana",2005,NA,NA,0,0,0,0,"","","","","V2025.09.12"
"1648",110,"GUY","Guyana",2006,NA,NA,0,0,0,0,"","","","","V2025.09.12"
"1649",110,"GUY","Guyana",2007,NA,NA,0,0,0,0,"","","","","V2025.09.12"
"1650",110,"GUY","Guyana",2008,NA,NA,0,0,0,0,"","","","","V2025.09.12"
"1651",110,"GUY","Guyana",2009,NA,NA,0,0,0,0,"","","","","V2025.09.12"
"1652",110,"GUY","Guyana",2010,NA,NA,0,0,0,0,"","","","","V2025.09.12"
"1653",110,"GUY","Guyana",2011,NA,NA,0,0,0,0,"","","","","V2025.09.12"
"1654",110,"GUY","Guyana",2012,NA,NA,0,0,0,0,"","","","","V2025.09.12"
"1655",110,"GUY","Guyana",2013,NA,NA,0,0,0,0,"","","","","V2025.09.12"
"1656",110,"GUY","Guyana",2014,NA,NA,0,0,0,0,"","","","","V2025.09.12"
"1657",110,"GUY","Guyana",2015,NA,NA,0,0,0,0,"","","","","V2025.09.12"
"1658",110,"GUY","Guyana",2016,NA,NA,0,0,0,0,"","","","","V2025.09.12"
"1659",110,"GUY","Guyana",2017,NA,NA,0,0,0,0,"","","","","V2025.09.12"
"1660",110,"GUY","Guyana",2018,NA,NA,0,0,0,0,"","","","","V2025.09.12"
"1661",110,"GUY","Guyana",2019,NA,NA,0,0,0,0,"","","","","V2025.09.12"
"1662",110,"GUY","Guyana",2020,NA,NA,0,0,0,0,"","","","","V2025.09.12"
"1663",110,"GUY","Guyana",2021,NA,NA,0,0,0,0,"","","","","V2025.09.12"
"1664",110,"GUY","Guyana",2022,NA,NA,0,0,0,0,"","","","","V2025.09.12"
"1665",110,"GUY","Guyana",2023,NA,NA,0,0,0,0,"","","","","V2025.09.12"
"1666",110,"GUY","Guyana",2024,NA,NA,0,0,0,0,"","","","","V2025.09.12"
"1667",115,"SUR","Surinam",1975,NA,NA,0,0,0,0,"","","","","V2025.09.12"
"1668",115,"SUR","Surinam",1976,NA,NA,0,0,0,0,"","","","","V2025.09.12"
"1669",115,"SUR","Surinam",1977,NA,NA,0,0,0,0,"","","","","V2025.09.12"
"1670",115,"SUR","Surinam",1978,NA,NA,0,0,0,0,"","","","","V2025.09.12"
"1671",115,"SUR","Surinam",1979,NA,NA,0,0,0,0,"","","","","V2025.09.12"
"1672",115,"SUR","Surinam",1980,NA,NA,2,2,0,0,"25feb1980","15aug1980","","","V2025.09.12"
"1673",115,"SUR","Surinam",1981,NA,NA,0,0,0,0,"","","","","V2025.09.12"
"1674",115,"SUR","Surinam",1982,NA,NA,0,0,0,0,"","","","","V2025.09.12"
"1675",115,"SUR","Surinam",1983,NA,NA,0,0,0,0,"","","","","V2025.09.12"
"1676",115,"SUR","Surinam",1984,NA,NA,0,0,0,0,"","","","","V2025.09.12"
"1677",115,"SUR","Surinam",1985,NA,NA,0,0,0,0,"","","","","V2025.09.12"
"1678",115,"SUR","Surinam",1986,NA,NA,0,0,0,0,"","","","","V2025.09.12"
"1679",115,"SUR","Surinam",1987,NA,NA,0,0,0,0,"","","","","V2025.09.12"
"1680",115,"SUR","Surinam",1988,NA,NA,0,0,0,0,"","","","","V2025.09.12"
"1681",115,"SUR","Surinam",1989,NA,NA,0,0,0,0,"","","","","V2025.09.12"
"1682",115,"SUR","Surinam",1990,NA,NA,0,0,0,0,"","","","","V2025.09.12"
"1683",115,"SUR","Surinam",1991,NA,NA,0,0,0,0,"","","","","V2025.09.12"
"1684",115,"SUR","Surinam",1992,NA,NA,0,0,0,0,"","","","","V2025.09.12"
"1685",115,"SUR","Surinam",1993,NA,NA,0,0,0,0,"","","","","V2025.09.12"
"1686",115,"SUR","Surinam",1994,NA,NA,0,0,0,0,"","","","","V2025.09.12"
"1687",115,"SUR","Surinam",1995,NA,NA,0,0,0,0,"","","","","V2025.09.12"
"1688",115,"SUR","Surinam",1996,NA,NA,0,0,0,0,"","","","","V2025.09.12"
"1689",115,"SUR","Surinam",1997,NA,NA,0,0,0,0,"","","","","V2025.09.12"
"1690",115,"SUR","Surinam",1998,NA,NA,0,0,0,0,"","","","","V2025.09.12"
"1691",115,"SUR","Surinam",1999,NA,NA,0,0,0,0,"","","","","V2025.09.12"
"1692",115,"SUR","Surinam",2000,NA,NA,0,0,0,0,"","","","","V2025.09.12"
"1693",115,"SUR","Surinam",2001,NA,NA,0,0,0,0,"","","","","V2025.09.12"
"1694",115,"SUR","Surinam",2002,NA,NA,0,0,0,0,"","","","","V2025.09.12"
"1695",115,"SUR","Surinam",2003,NA,NA,0,0,0,0,"","","","","V2025.09.12"
"1696",115,"SUR","Surinam",2004,NA,NA,0,0,0,0,"","","","","V2025.09.12"
"1697",115,"SUR","Surinam",2005,NA,NA,0,0,0,0,"","","","","V2025.09.12"
"1698",115,"SUR","Surinam",2006,NA,NA,0,0,0,0,"","","","","V2025.09.12"
"1699",115,"SUR","Surinam",2007,NA,NA,0,0,0,0,"","","","","V2025.09.12"
"1700",115,"SUR","Surinam",2008,NA,NA,0,0,0,0,"","","","","V2025.09.12"
"1701",115,"SUR","Surinam",2009,NA,NA,0,0,0,0,"","","","","V2025.09.12"
"1702",115,"SUR","Surinam",2010,NA,NA,0,0,0,0,"","","","","V2025.09.12"
"1703",115,"SUR","Surinam",2011,NA,NA,0,0,0,0,"","","","","V2025.09.12"
"1704",115,"SUR","Surinam",2012,NA,NA,0,0,0,0,"","","","","V2025.09.12"
"1705",115,"SUR","Surinam",2013,NA,NA,0,0,0,0,"","","","","V2025.09.12"
"1706",115,"SUR","Surinam",2014,NA,NA,0,0,0,0,"","","","","V2025.09.12"
"1707",115,"SUR","Surinam",2015,NA,NA,0,0,0,0,"","","","","V2025.09.12"
"1708",115,"SUR","Surinam",2016,NA,NA,0,0,0,0,"","","","","V2025.09.12"
"1709",115,"SUR","Surinam",2017,NA,NA,0,0,0,0,"","","","","V2025.09.12"
"1710",115,"SUR","Surinam",2018,NA,NA,0,0,0,0,"","","","","V2025.09.12"
"1711",115,"SUR","Surinam",2019,NA,NA,0,0,0,0,"","","","","V2025.09.12"
"1712",115,"SUR","Surinam",2020,NA,NA,0,0,0,0,"","","","","V2025.09.12"
"1713",115,"SUR","Surinam",2021,NA,NA,0,0,0,0,"","","","","V2025.09.12"
"1714",115,"SUR","Surinam",2022,NA,NA,0,0,0,0,"","","","","V2025.09.12"
"1715",115,"SUR","Surinam",2023,NA,NA,0,0,0,0,"","","","","V2025.09.12"
"1716",115,"SUR","Surinam",2024,NA,NA,0,0,0,0,"","","","","V2025.09.12"
"1717",130,"ECU","Ecuador",1950,NA,NA,0,0,0,0,"","","","","V2025.09.12"
"1718",130,"ECU","Ecuador",1951,NA,NA,0,0,0,0,"","","","","V2025.09.12"
"1719",130,"ECU","Ecuador",1952,NA,NA,1,0,0,0,"03mar1952","","","","V2025.09.12"
"1720",130,"ECU","Ecuador",1953,NA,NA,0,0,0,0,"","","","","V2025.09.12"
"1721",130,"ECU","Ecuador",1954,NA,NA,1,0,0,0,"23dec1954","","","","V2025.09.12"
"1722",130,"ECU","Ecuador",1955,NA,NA,0,0,0,0,"","","","","V2025.09.12"
"1723",130,"ECU","Ecuador",1956,NA,NA,1,0,0,0,"07aug1956","","","","V2025.09.12"
"1724",130,"ECU","Ecuador",1957,NA,NA,0,0,0,0,"","","","","V2025.09.12"
"1725",130,"ECU","Ecuador",1958,NA,NA,0,0,0,0,"","","","","V2025.09.12"
"1726",130,"ECU","Ecuador",1959,NA,NA,0,0,0,0,"","","","","V2025.09.12"
"1727",130,"ECU","Ecuador",1960,NA,NA,0,0,0,0,"","","","","V2025.09.12"
"1728",130,"ECU","Ecuador",1961,NA,NA,2,0,0,0,"08nov1961","","","","V2025.09.12"
"1729",130,"ECU","Ecuador",1962,NA,NA,0,0,0,0,"","","","","V2025.09.12"
"1730",130,"ECU","Ecuador",1963,NA,NA,2,0,0,0,"11jul1963","","","","V2025.09.12"
"1731",130,"ECU","Ecuador",1964,NA,NA,0,0,0,0,"","","","","V2025.09.12"
"1732",130,"ECU","Ecuador",1965,NA,NA,0,0,0,0,"","","","","V2025.09.12"
"1733",130,"ECU","Ecuador",1966,NA,NA,2,0,0,0,"29mar1966","","","","V2025.09.12"
"1734",130,"ECU","Ecuador",1967,NA,NA,0,0,0,0,"","","","","V2025.09.12"
"1735",130,"ECU","Ecuador",1968,NA,NA,0,0,0,0,"","","","","V2025.09.12"
"1736",130,"ECU","Ecuador",1969,NA,NA,0,0,0,0,"","","","","V2025.09.12"
"1737",130,"ECU","Ecuador",1970,NA,NA,0,0,0,0,"","","","","V2025.09.12"
"1738",130,"ECU","Ecuador",1971,NA,NA,0,0,0,0,"","","","","V2025.09.12"
"1739",130,"ECU","Ecuador",1972,NA,NA,2,0,0,0,"15feb1972","","","","V2025.09.12"
"1740",130,"ECU","Ecuador",1973,NA,NA,0,0,0,0,"","","","","V2025.09.12"
"1741",130,"ECU","Ecuador",1974,NA,NA,0,0,0,0,"","","","","V2025.09.12"
"1742",130,"ECU","Ecuador",1975,NA,NA,1,0,0,0,"01sep1975","","","","V2025.09.12"
"1743",130,"ECU","Ecuador",1976,NA,NA,2,0,0,0,"11jan1976","","","","V2025.09.12"
"1744",130,"ECU","Ecuador",1977,NA,NA,0,0,0,0,"","","","","V2025.09.12"
"1745",130,"ECU","Ecuador",1978,NA,NA,0,0,0,0,"","","","","V2025.09.12"
"1746",130,"ECU","Ecuador",1979,NA,NA,0,0,0,0,"","","","","V2025.09.12"
"1747",130,"ECU","Ecuador",1980,NA,NA,0,0,0,0,"","","","","V2025.09.12"
"1748",130,"ECU","Ecuador",1981,NA,NA,0,0,0,0,"","","","","V2025.09.12"
"1749",130,"ECU","Ecuador",1982,NA,NA,0,0,0,0,"","","","","V2025.09.12"
"1750",130,"ECU","Ecuador",1983,NA,NA,0,0,0,0,"","","","","V2025.09.12"
"1751",130,"ECU","Ecuador",1984,NA,NA,0,0,0,0,"","","","","V2025.09.12"
"1752",130,"ECU","Ecuador",1985,NA,NA,0,0,0,0,"","","","","V2025.09.12"
"1753",130,"ECU","Ecuador",1986,NA,NA,1,0,0,0,"08mar1986","","","","V2025.09.12"
"1754",130,"ECU","Ecuador",1987,NA,NA,0,0,0,0,"","","","","V2025.09.12"
"1755",130,"ECU","Ecuador",1988,NA,NA,0,0,0,0,"","","","","V2025.09.12"
"1756",130,"ECU","Ecuador",1989,NA,NA,0,0,0,0,"","","","","V2025.09.12"
"1757",130,"ECU","Ecuador",1990,NA,NA,0,0,0,0,"","","","","V2025.09.12"
"1758",130,"ECU","Ecuador",1991,NA,NA,0,0,0,0,"","","","","V2025.09.12"
"1759",130,"ECU","Ecuador",1992,NA,NA,0,0,0,0,"","","","","V2025.09.12"
"1760",130,"ECU","Ecuador",1993,NA,NA,0,0,0,0,"","","","","V2025.09.12"
"1761",130,"ECU","Ecuador",1994,NA,NA,0,0,0,0,"","","","","V2025.09.12"
"1762",130,"ECU","Ecuador",1995,NA,NA,0,0,0,0,"","","","","V2025.09.12"
"1763",130,"ECU","Ecuador",1996,NA,NA,0,0,0,0,"","","","","V2025.09.12"
"1764",130,"ECU","Ecuador",1997,NA,NA,0,0,0,0,"","","","","V2025.09.12"
"1765",130,"ECU","Ecuador",1998,NA,NA,0,0,0,0,"","","","","V2025.09.12"
"1766",130,"ECU","Ecuador",1999,NA,NA,0,0,0,0,"","","","","V2025.09.12"
"1767",130,"ECU","Ecuador",2000,NA,NA,1,0,0,0,"21jan2000","","","","V2025.09.12"
"1768",130,"ECU","Ecuador",2001,NA,NA,0,0,0,0,"","","","","V2025.09.12"
"1769",130,"ECU","Ecuador",2002,NA,NA,0,0,0,0,"","","","","V2025.09.12"
"1770",130,"ECU","Ecuador",2003,NA,NA,0,0,0,0,"","","","","V2025.09.12"
"1771",130,"ECU","Ecuador",2004,NA,NA,0,0,0,0,"","","","","V2025.09.12"
"1772",130,"ECU","Ecuador",2005,NA,NA,0,0,0,0,"","","","","V2025.09.12"
"1773",130,"ECU","Ecuador",2006,NA,NA,0,0,0,0,"","","","","V2025.09.12"
"1774",130,"ECU","Ecuador",2007,NA,NA,0,0,0,0,"","","","","V2025.09.12"
"1775",130,"ECU","Ecuador",2008,NA,NA,0,0,0,0,"","","","","V2025.09.12"
"1776",130,"ECU","Ecuador",2009,NA,NA,0,0,0,0,"","","","","V2025.09.12"
"1777",130,"ECU","Ecuador",2010,NA,NA,0,0,0,0,"","","","","V2025.09.12"
"1778",130,"ECU","Ecuador",2011,NA,NA,0,0,0,0,"","","","","V2025.09.12"
"1779",130,"ECU","Ecuador",2012,NA,NA,0,0,0,0,"","","","","V2025.09.12"
"1780",130,"ECU","Ecuador",2013,NA,NA,0,0,0,0,"","","","","V2025.09.12"
"1781",130,"ECU","Ecuador",2014,NA,NA,0,0,0,0,"","","","","V2025.09.12"
"1782",130,"ECU","Ecuador",2015,NA,NA,0,0,0,0,"","","","","V2025.09.12"
"1783",130,"ECU","Ecuador",2016,NA,NA,0,0,0,0,"","","","","V2025.09.12"
"1784",130,"ECU","Ecuador",2017,NA,NA,0,0,0,0,"","","","","V2025.09.12"
"1785",130,"ECU","Ecuador",2018,NA,NA,0,0,0,0,"","","","","V2025.09.12"
"1786",130,"ECU","Ecuador",2019,NA,NA,0,0,0,0,"","","","","V2025.09.12"
"1787",130,"ECU","Ecuador",2020,NA,NA,0,0,0,0,"","","","","V2025.09.12"
"1788",130,"ECU","Ecuador",2021,NA,NA,0,0,0,0,"","","","","V2025.09.12"
"1789",130,"ECU","Ecuador",2022,NA,NA,0,0,0,0,"","","","","V2025.09.12"
"1790",130,"ECU","Ecuador",2023,NA,NA,0,0,0,0,"","","","","V2025.09.12"
"1791",130,"ECU","Ecuador",2024,NA,NA,0,0,0,0,"","","","","V2025.09.12"
"1792",135,"PER","Peru",1950,NA,NA,0,0,0,0,"","","","","V2025.09.12"
"1793",135,"PER","Peru",1951,NA,NA,0,0,0,0,"","","","","V2025.09.12"
"1794",135,"PER","Peru",1952,NA,NA,0,0,0,0,"","","","","V2025.09.12"
"1795",135,"PER","Peru",1953,NA,NA,0,0,0,0,"","","","","V2025.09.12"
"1796",135,"PER","Peru",1954,NA,NA,1,0,0,0,"10aug1954","","","","V2025.09.12"
"1797",135,"PER","Peru",1955,NA,NA,0,0,0,0,"","","","","V2025.09.12"
"1798",135,"PER","Peru",1956,NA,NA,1,0,0,0,"16feb1956","","","","V2025.09.12"
"1799",135,"PER","Peru",1957,NA,NA,0,0,0,0,"","","","","V2025.09.12"
"1800",135,"PER","Peru",1958,NA,NA,0,0,0,0,"","","","","V2025.09.12"
"1801",135,"PER","Peru",1959,NA,NA,0,0,0,0,"","","","","V2025.09.12"
"1802",135,"PER","Peru",1960,NA,NA,0,0,0,0,"","","","","V2025.09.12"
"1803",135,"PER","Peru",1961,NA,NA,0,0,0,0,"","","","","V2025.09.12"
"1804",135,"PER","Peru",1962,NA,NA,2,0,0,0,"18jul1962","","","","V2025.09.12"
"1805",135,"PER","Peru",1963,NA,NA,2,0,0,0,"03mar1963","","","","V2025.09.12"
"1806",135,"PER","Peru",1964,NA,NA,0,0,0,0,"","","","","V2025.09.12"
"1807",135,"PER","Peru",1965,NA,NA,0,0,0,0,"","","","","V2025.09.12"
"1808",135,"PER","Peru",1966,NA,NA,0,0,0,0,"","","","","V2025.09.12"
"1809",135,"PER","Peru",1967,NA,NA,0,0,0,0,"","","","","V2025.09.12"
"1810",135,"PER","Peru",1968,NA,NA,2,0,0,0,"03oct1968","","","","V2025.09.12"
"1811",135,"PER","Peru",1969,NA,NA,0,0,0,0,"","","","","V2025.09.12"
"1812",135,"PER","Peru",1970,NA,NA,0,0,0,0,"","","","","V2025.09.12"
"1813",135,"PER","Peru",1971,NA,NA,0,0,0,0,"","","","","V2025.09.12"
"1814",135,"PER","Peru",1972,NA,NA,0,0,0,0,"","","","","V2025.09.12"
"1815",135,"PER","Peru",1973,NA,NA,0,0,0,0,"","","","","V2025.09.12"
"1816",135,"PER","Peru",1974,NA,NA,0,0,0,0,"","","","","V2025.09.12"
"1817",135,"PER","Peru",1975,NA,NA,2,0,0,0,"29aug1975","","","","V2025.09.12"
"1818",135,"PER","Peru",1976,NA,NA,0,0,0,0,"","","","","V2025.09.12"
"1819",135,"PER","Peru",1977,NA,NA,0,0,0,0,"","","","","V2025.09.12"
"1820",135,"PER","Peru",1978,NA,NA,0,0,0,0,"","","","","V2025.09.12"
"1821",135,"PER","Peru",1979,NA,NA,0,0,0,0,"","","","","V2025.09.12"
"1822",135,"PER","Peru",1980,NA,NA,0,0,0,0,"","","","","V2025.09.12"
"1823",135,"PER","Peru",1981,NA,NA,0,0,0,0,"","","","","V2025.09.12"
"1824",135,"PER","Peru",1982,NA,NA,0,0,0,0,"","","","","V2025.09.12"
"1825",135,"PER","Peru",1983,NA,NA,0,0,0,0,"","","","","V2025.09.12"
"1826",135,"PER","Peru",1984,NA,NA,0,0,0,0,"","","","","V2025.09.12"
"1827",135,"PER","Peru",1985,NA,NA,0,0,0,0,"","","","","V2025.09.12"
"1828",135,"PER","Peru",1986,NA,NA,0,0,0,0,"","","","","V2025.09.12"
"1829",135,"PER","Peru",1987,NA,NA,0,0,0,0,"","","","","V2025.09.12"
"1830",135,"PER","Peru",1988,NA,NA,0,0,0,0,"","","","","V2025.09.12"
"1831",135,"PER","Peru",1989,NA,NA,0,0,0,0,"","","","","V2025.09.12"
"1832",135,"PER","Peru",1990,NA,NA,0,0,0,0,"","","","","V2025.09.12"
"1833",135,"PER","Peru",1991,NA,NA,0,0,0,0,"","","","","V2025.09.12"
"1834",135,"PER","Peru",1992,NA,NA,1,0,0,0,"13nov1992","","","","V2025.09.12"
"1835",135,"PER","Peru",1993,NA,NA,0,0,0,0,"","","","","V2025.09.12"
"1836",135,"PER","Peru",1994,NA,NA,0,0,0,0,"","","","","V2025.09.12"
"1837",135,"PER","Peru",1995,NA,NA,0,0,0,0,"","","","","V2025.09.12"
"1838",135,"PER","Peru",1996,NA,NA,0,0,0,0,"","","","","V2025.09.12"
"1839",135,"PER","Peru",1997,NA,NA,0,0,0,0,"","","","","V2025.09.12"
"1840",135,"PER","Peru",1998,NA,NA,0,0,0,0,"","","","","V2025.09.12"
"1841",135,"PER","Peru",1999,NA,NA,0,0,0,0,"","","","","V2025.09.12"
"1842",135,"PER","Peru",2000,NA,NA,1,0,0,0,"30oct2000","","","","V2025.09.12"
"1843",135,"PER","Peru",2001,NA,NA,0,0,0,0,"","","","","V2025.09.12"
"1844",135,"PER","Peru",2002,NA,NA,0,0,0,0,"","","","","V2025.09.12"
"1845",135,"PER","Peru",2003,NA,NA,0,0,0,0,"","","","","V2025.09.12"
"1846",135,"PER","Peru",2004,NA,NA,0,0,0,0,"","","","","V2025.09.12"
"1847",135,"PER","Peru",2005,NA,NA,0,0,0,0,"","","","","V2025.09.12"
"1848",135,"PER","Peru",2006,NA,NA,0,0,0,0,"","","","","V2025.09.12"
"1849",135,"PER","Peru",2007,NA,NA,0,0,0,0,"","","","","V2025.09.12"
"1850",135,"PER","Peru",2008,NA,NA,0,0,0,0,"","","","","V2025.09.12"
"1851",135,"PER","Peru",2009,NA,NA,0,0,0,0,"","","","","V2025.09.12"
"1852",135,"PER","Peru",2010,NA,NA,0,0,0,0,"","","","","V2025.09.12"
"1853",135,"PER","Peru",2011,NA,NA,0,0,0,0,"","","","","V2025.09.12"
"1854",135,"PER","Peru",2012,NA,NA,0,0,0,0,"","","","","V2025.09.12"
"1855",135,"PER","Peru",2013,NA,NA,0,0,0,0,"","","","","V2025.09.12"
"1856",135,"PER","Peru",2014,NA,NA,0,0,0,0,"","","","","V2025.09.12"
"1857",135,"PER","Peru",2015,NA,NA,0,0,0,0,"","","","","V2025.09.12"
"1858",135,"PER","Peru",2016,NA,NA,0,0,0,0,"","","","","V2025.09.12"
"1859",135,"PER","Peru",2017,NA,NA,0,0,0,0,"","","","","V2025.09.12"
"1860",135,"PER","Peru",2018,NA,NA,0,0,0,0,"","","","","V2025.09.12"
"1861",135,"PER","Peru",2019,NA,NA,0,0,0,0,"","","","","V2025.09.12"
"1862",135,"PER","Peru",2020,NA,NA,0,0,0,0,"","","","","V2025.09.12"
"1863",135,"PER","Peru",2021,NA,NA,0,0,0,0,"","","","","V2025.09.12"
"1864",135,"PER","Peru",2022,NA,NA,0,0,0,0,"","","","","V2025.09.12"
"1865",135,"PER","Peru",2023,NA,NA,0,0,0,0,"","","","","V2025.09.12"
"1866",135,"PER","Peru",2024,NA,NA,0,0,0,0,"","","","","V2025.09.12"
"1867",140,"BRA","Brazil",1950,NA,NA,0,0,0,0,"","","","","V2025.09.12"
"1868",140,"BRA","Brazil",1951,NA,NA,0,0,0,0,"","","","","V2025.09.12"
"1869",140,"BRA","Brazil",1952,NA,NA,0,0,0,0,"","","","","V2025.09.12"
"1870",140,"BRA","Brazil",1953,NA,NA,0,0,0,0,"","","","","V2025.09.12"
"1871",140,"BRA","Brazil",1954,NA,NA,0,0,0,0,"","","","","V2025.09.12"
"1872",140,"BRA","Brazil",1955,NA,NA,2,0,0,0,"11nov1955","","","","V2025.09.12"
"1873",140,"BRA","Brazil",1956,NA,NA,0,0,0,0,"","","","","V2025.09.12"
"1874",140,"BRA","Brazil",1957,NA,NA,0,0,0,0,"","","","","V2025.09.12"
"1875",140,"BRA","Brazil",1958,NA,NA,0,0,0,0,"","","","","V2025.09.12"
"1876",140,"BRA","Brazil",1959,NA,NA,1,0,0,0,"03dec1959","","","","V2025.09.12"
"1877",140,"BRA","Brazil",1960,NA,NA,0,0,0,0,"","","","","V2025.09.12"
"1878",140,"BRA","Brazil",1961,NA,NA,0,0,0,0,"","","","","V2025.09.12"
"1879",140,"BRA","Brazil",1962,NA,NA,0,0,0,0,"","","","","V2025.09.12"
"1880",140,"BRA","Brazil",1963,NA,NA,1,0,0,0,"12sep1963","","","","V2025.09.12"
"1881",140,"BRA","Brazil",1964,NA,NA,2,2,0,0,"30mar1964","01apr1964","","","V2025.09.12"
"1882",140,"BRA","Brazil",1965,NA,NA,0,0,0,0,"","","","","V2025.09.12"
"1883",140,"BRA","Brazil",1966,NA,NA,0,0,0,0,"","","","","V2025.09.12"
"1884",140,"BRA","Brazil",1967,NA,NA,0,0,0,0,"","","","","V2025.09.12"
"1885",140,"BRA","Brazil",1968,NA,NA,0,0,0,0,"","","","","V2025.09.12"
"1886",140,"BRA","Brazil",1969,NA,NA,2,0,0,0,"31aug1969","","","","V2025.09.12"
"1887",140,"BRA","Brazil",1970,NA,NA,0,0,0,0,"","","","","V2025.09.12"
"1888",140,"BRA","Brazil",1971,NA,NA,0,0,0,0,"","","","","V2025.09.12"
"1889",140,"BRA","Brazil",1972,NA,NA,0,0,0,0,"","","","","V2025.09.12"
"1890",140,"BRA","Brazil",1973,NA,NA,0,0,0,0,"","","","","V2025.09.12"
"1891",140,"BRA","Brazil",1974,NA,NA,0,0,0,0,"","","","","V2025.09.12"
"1892",140,"BRA","Brazil",1975,NA,NA,0,0,0,0,"","","","","V2025.09.12"
"1893",140,"BRA","Brazil",1976,NA,NA,0,0,0,0,"","","","","V2025.09.12"
"1894",140,"BRA","Brazil",1977,NA,NA,0,0,0,0,"","","","","V2025.09.12"
"1895",140,"BRA","Brazil",1978,NA,NA,0,0,0,0,"","","","","V2025.09.12"
"1896",140,"BRA","Brazil",1979,NA,NA,0,0,0,0,"","","","","V2025.09.12"
"1897",140,"BRA","Brazil",1980,NA,NA,0,0,0,0,"","","","","V2025.09.12"
"1898",140,"BRA","Brazil",1981,NA,NA,0,0,0,0,"","","","","V2025.09.12"
"1899",140,"BRA","Brazil",1982,NA,NA,0,0,0,0,"","","","","V2025.09.12"
"1900",140,"BRA","Brazil",1983,NA,NA,0,0,0,0,"","","","","V2025.09.12"
"1901",140,"BRA","Brazil",1984,NA,NA,0,0,0,0,"","","","","V2025.09.12"
"1902",140,"BRA","Brazil",1985,NA,NA,0,0,0,0,"","","","","V2025.09.12"
"1903",140,"BRA","Brazil",1986,NA,NA,0,0,0,0,"","","","","V2025.09.12"
"1904",140,"BRA","Brazil",1987,NA,NA,0,0,0,0,"","","","","V2025.09.12"
"1905",140,"BRA","Brazil",1988,NA,NA,0,0,0,0,"","","","","V2025.09.12"
"1906",140,"BRA","Brazil",1989,NA,NA,0,0,0,0,"","","","","V2025.09.12"
"1907",140,"BRA","Brazil",1990,NA,NA,0,0,0,0,"","","","","V2025.09.12"
"1908",140,"BRA","Brazil",1991,NA,NA,0,0,0,0,"","","","","V2025.09.12"
"1909",140,"BRA","Brazil",1992,NA,NA,0,0,0,0,"","","","","V2025.09.12"
"1910",140,"BRA","Brazil",1993,NA,NA,0,0,0,0,"","","","","V2025.09.12"
"1911",140,"BRA","Brazil",1994,NA,NA,0,0,0,0,"","","","","V2025.09.12"
"1912",140,"BRA","Brazil",1995,NA,NA,0,0,0,0,"","","","","V2025.09.12"
"1913",140,"BRA","Brazil",1996,NA,NA,0,0,0,0,"","","","","V2025.09.12"
"1914",140,"BRA","Brazil",1997,NA,NA,0,0,0,0,"","","","","V2025.09.12"
"1915",140,"BRA","Brazil",1998,NA,NA,0,0,0,0,"","","","","V2025.09.12"
"1916",140,"BRA","Brazil",1999,NA,NA,0,0,0,0,"","","","","V2025.09.12"
"1917",140,"BRA","Brazil",2000,NA,NA,0,0,0,0,"","","","","V2025.09.12"
"1918",140,"BRA","Brazil",2001,NA,NA,0,0,0,0,"","","","","V2025.09.12"
"1919",140,"BRA","Brazil",2002,NA,NA,0,0,0,0,"","","","","V2025.09.12"
"1920",140,"BRA","Brazil",2003,NA,NA,0,0,0,0,"","","","","V2025.09.12"
"1921",140,"BRA","Brazil",2004,NA,NA,0,0,0,0,"","","","","V2025.09.12"
"1922",140,"BRA","Brazil",2005,NA,NA,0,0,0,0,"","","","","V2025.09.12"
"1923",140,"BRA","Brazil",2006,NA,NA,0,0,0,0,"","","","","V2025.09.12"
"1924",140,"BRA","Brazil",2007,NA,NA,0,0,0,0,"","","","","V2025.09.12"
"1925",140,"BRA","Brazil",2008,NA,NA,0,0,0,0,"","","","","V2025.09.12"
"1926",140,"BRA","Brazil",2009,NA,NA,0,0,0,0,"","","","","V2025.09.12"
"1927",140,"BRA","Brazil",2010,NA,NA,0,0,0,0,"","","","","V2025.09.12"
"1928",140,"BRA","Brazil",2011,NA,NA,0,0,0,0,"","","","","V2025.09.12"
"1929",140,"BRA","Brazil",2012,NA,NA,0,0,0,0,"","","","","V2025.09.12"
"1930",140,"BRA","Brazil",2013,NA,NA,0,0,0,0,"","","","","V2025.09.12"
"1931",140,"BRA","Brazil",2014,NA,NA,0,0,0,0,"","","","","V2025.09.12"
"1932",140,"BRA","Brazil",2015,NA,NA,0,0,0,0,"","","","","V2025.09.12"
"1933",140,"BRA","Brazil",2016,NA,NA,0,0,0,0,"","","","","V2025.09.12"
"1934",140,"BRA","Brazil",2017,NA,NA,0,0,0,0,"","","","","V2025.09.12"
"1935",140,"BRA","Brazil",2018,NA,NA,0,0,0,0,"","","","","V2025.09.12"
"1936",140,"BRA","Brazil",2019,NA,NA,0,0,0,0,"","","","","V2025.09.12"
"1937",140,"BRA","Brazil",2020,NA,NA,0,0,0,0,"","","","","V2025.09.12"
"1938",140,"BRA","Brazil",2021,NA,NA,0,0,0,0,"","","","","V2025.09.12"
"1939",140,"BRA","Brazil",2022,NA,NA,0,0,0,0,"","","","","V2025.09.12"
"1940",140,"BRA","Brazil",2023,NA,NA,0,0,0,0,"","","","","V2025.09.12"
"1941",140,"BRA","Brazil",2024,NA,NA,0,0,0,0,"","","","","V2025.09.12"
"1942",145,"BOL","Bolivia",1950,NA,NA,1,0,0,0,"22jul1950","","","","V2025.09.12"
"1943",145,"BOL","Bolivia",1951,NA,NA,2,0,0,0,"16may1951","","","","V2025.09.12"
"1944",145,"BOL","Bolivia",1952,NA,NA,2,0,0,0,"09apr1952","","","","V2025.09.12"
"1945",145,"BOL","Bolivia",1953,NA,NA,1,0,0,0,"06jan1953","","","","V2025.09.12"
"1946",145,"BOL","Bolivia",1954,NA,NA,0,0,0,0,"","","","","V2025.09.12"
"1947",145,"BOL","Bolivia",1955,NA,NA,0,0,0,0,"","","","","V2025.09.12"
"1948",145,"BOL","Bolivia",1956,NA,NA,0,0,0,0,"","","","","V2025.09.12"
"1949",145,"BOL","Bolivia",1957,NA,NA,0,0,0,0,"","","","","V2025.09.12"
"1950",145,"BOL","Bolivia",1958,NA,NA,1,0,0,0,"21oct1958","","","","V2025.09.12"
"1951",145,"BOL","Bolivia",1959,NA,NA,1,0,0,0,"19apr1959","","","","V2025.09.12"
"1952",145,"BOL","Bolivia",1960,NA,NA,1,0,0,0,"19mar1960","","","","V2025.09.12"
"1953",145,"BOL","Bolivia",1961,NA,NA,0,0,0,0,"","","","","V2025.09.12"
"1954",145,"BOL","Bolivia",1962,NA,NA,0,0,0,0,"","","","","V2025.09.12"
"1955",145,"BOL","Bolivia",1963,NA,NA,0,0,0,0,"","","","","V2025.09.12"
"1956",145,"BOL","Bolivia",1964,NA,NA,2,0,0,0,"03nov1964","","","","V2025.09.12"
"1957",145,"BOL","Bolivia",1965,NA,NA,0,0,0,0,"","","","","V2025.09.12"
"1958",145,"BOL","Bolivia",1966,NA,NA,0,0,0,0,"","","","","V2025.09.12"
"1959",145,"BOL","Bolivia",1967,NA,NA,0,0,0,0,"","","","","V2025.09.12"
"1960",145,"BOL","Bolivia",1968,NA,NA,0,0,0,0,"","","","","V2025.09.12"
"1961",145,"BOL","Bolivia",1969,NA,NA,2,0,0,0,"26sep1969","","","","V2025.09.12"
"1962",145,"BOL","Bolivia",1970,NA,NA,2,0,0,0,"06oct1970","","","","V2025.09.12"
"1963",145,"BOL","Bolivia",1971,NA,NA,1,2,0,0,"10jan1971","22aug1971","","","V2025.09.12"
"1964",145,"BOL","Bolivia",1972,NA,NA,0,0,0,0,"","","","","V2025.09.12"
"1965",145,"BOL","Bolivia",1973,NA,NA,0,0,0,0,"","","","","V2025.09.12"
"1966",145,"BOL","Bolivia",1974,NA,NA,1,0,0,0,"05jun1974","","","","V2025.09.12"
"1967",145,"BOL","Bolivia",1975,NA,NA,0,0,0,0,"","","","","V2025.09.12"
"1968",145,"BOL","Bolivia",1976,NA,NA,0,0,0,0,"","","","","V2025.09.12"
"1969",145,"BOL","Bolivia",1977,NA,NA,0,0,0,0,"","","","","V2025.09.12"
"1970",145,"BOL","Bolivia",1978,NA,NA,2,2,0,0,"21jul1978","24nov1978","","","V2025.09.12"
"1971",145,"BOL","Bolivia",1979,NA,NA,1,2,0,0,"11oct1979","01nov1979","","","V2025.09.12"
"1972",145,"BOL","Bolivia",1980,NA,NA,2,0,0,0,"17jul1980","","","","V2025.09.12"
"1973",145,"BOL","Bolivia",1981,NA,NA,1,1,1,2,"15may1981","25may1981","27jun1981","03aug1981","V2025.09.12"
"1974",145,"BOL","Bolivia",1982,NA,NA,0,0,0,0,"","","","","V2025.09.12"
"1975",145,"BOL","Bolivia",1983,NA,NA,0,0,0,0,"","","","","V2025.09.12"
"1976",145,"BOL","Bolivia",1984,NA,NA,1,0,0,0,"30jun1984","","","","V2025.09.12"
"1977",145,"BOL","Bolivia",1985,NA,NA,0,0,0,0,"","","","","V2025.09.12"
"1978",145,"BOL","Bolivia",1986,NA,NA,0,0,0,0,"","","","","V2025.09.12"
"1979",145,"BOL","Bolivia",1987,NA,NA,0,0,0,0,"","","","","V2025.09.12"
"1980",145,"BOL","Bolivia",1988,NA,NA,0,0,0,0,"","","","","V2025.09.12"
"1981",145,"BOL","Bolivia",1989,NA,NA,0,0,0,0,"","","","","V2025.09.12"
"1982",145,"BOL","Bolivia",1990,NA,NA,0,0,0,0,"","","","","V2025.09.12"
"1983",145,"BOL","Bolivia",1991,NA,NA,0,0,0,0,"","","","","V2025.09.12"
"1984",145,"BOL","Bolivia",1992,NA,NA,0,0,0,0,"","","","","V2025.09.12"
"1985",145,"BOL","Bolivia",1993,NA,NA,0,0,0,0,"","","","","V2025.09.12"
"1986",145,"BOL","Bolivia",1994,NA,NA,0,0,0,0,"","","","","V2025.09.12"
"1987",145,"BOL","Bolivia",1995,NA,NA,0,0,0,0,"","","","","V2025.09.12"
"1988",145,"BOL","Bolivia",1996,NA,NA,0,0,0,0,"","","","","V2025.09.12"
"1989",145,"BOL","Bolivia",1997,NA,NA,0,0,0,0,"","","","","V2025.09.12"
"1990",145,"BOL","Bolivia",1998,NA,NA,0,0,0,0,"","","","","V2025.09.12"
"1991",145,"BOL","Bolivia",1999,NA,NA,0,0,0,0,"","","","","V2025.09.12"
"1992",145,"BOL","Bolivia",2000,NA,NA,0,0,0,0,"","","","","V2025.09.12"
"1993",145,"BOL","Bolivia",2001,NA,NA,0,0,0,0,"","","","","V2025.09.12"
"1994",145,"BOL","Bolivia",2002,NA,NA,0,0,0,0,"","","","","V2025.09.12"
"1995",145,"BOL","Bolivia",2003,NA,NA,0,0,0,0,"","","","","V2025.09.12"
"1996",145,"BOL","Bolivia",2004,NA,NA,0,0,0,0,"","","","","V2025.09.12"
"1997",145,"BOL","Bolivia",2005,NA,NA,0,0,0,0,"","","","","V2025.09.12"
"1998",145,"BOL","Bolivia",2006,NA,NA,0,0,0,0,"","","","","V2025.09.12"
"1999",145,"BOL","Bolivia",2007,NA,NA,0,0,0,0,"","","","","V2025.09.12"
"2000",145,"BOL","Bolivia",2008,NA,NA,0,0,0,0,"","","","","V2025.09.12"
"2001",145,"BOL","Bolivia",2009,NA,NA,0,0,0,0,"","","","","V2025.09.12"
"2002",145,"BOL","Bolivia",2010,NA,NA,0,0,0,0,"","","","","V2025.09.12"
"2003",145,"BOL","Bolivia",2011,NA,NA,0,0,0,0,"","","","","V2025.09.12"
"2004",145,"BOL","Bolivia",2012,NA,NA,0,0,0,0,"","","","","V2025.09.12"
"2005",145,"BOL","Bolivia",2013,NA,NA,0,0,0,0,"","","","","V2025.09.12"
"2006",145,"BOL","Bolivia",2014,NA,NA,0,0,0,0,"","","","","V2025.09.12"
"2007",145,"BOL","Bolivia",2015,NA,NA,0,0,0,0,"","","","","V2025.09.12"
"2008",145,"BOL","Bolivia",2016,NA,NA,0,0,0,0,"","","","","V2025.09.12"
"2009",145,"BOL","Bolivia",2017,NA,NA,0,0,0,0,"","","","","V2025.09.12"
"2010",145,"BOL","Bolivia",2018,NA,NA,0,0,0,0,"","","","","V2025.09.12"
"2011",145,"BOL","Bolivia",2019,NA,NA,0,0,0,0,"","","","","V2025.09.12"
"2012",145,"BOL","Bolivia",2020,NA,NA,0,0,0,0,"","","","","V2025.09.12"
"2013",145,"BOL","Bolivia",2021,NA,NA,0,0,0,0,"","","","","V2025.09.12"
"2014",145,"BOL","Bolivia",2022,NA,NA,0,0,0,0,"","","","","V2025.09.12"
"2015",145,"BOL","Bolivia",2023,NA,NA,0,0,0,0,"","","","","V2025.09.12"
"2016",145,"BOL","Bolivia",2024,NA,NA,1,0,0,0,"26jun2024","","","","V2025.09.12"
"2017",150,"PAR","Paraguay",1950,NA,NA,0,0,0,0,"","","","","V2025.09.12"
"2018",150,"PAR","Paraguay",1951,NA,NA,0,0,0,0,"","","","","V2025.09.12"
"2019",150,"PAR","Paraguay",1952,NA,NA,0,0,0,0,"","","","","V2025.09.12"
"2020",150,"PAR","Paraguay",1953,NA,NA,0,0,0,0,"","","","","V2025.09.12"
"2021",150,"PAR","Paraguay",1954,NA,NA,2,0,0,0,"05may1954","","","","V2025.09.12"
"2022",150,"PAR","Paraguay",1955,NA,NA,1,0,0,0,"21dec1955","","","","V2025.09.12"
"2023",150,"PAR","Paraguay",1956,NA,NA,0,0,0,0,"","","","","V2025.09.12"
"2024",150,"PAR","Paraguay",1957,NA,NA,0,0,0,0,"","","","","V2025.09.12"
"2025",150,"PAR","Paraguay",1958,NA,NA,0,0,0,0,"","","","","V2025.09.12"
"2026",150,"PAR","Paraguay",1959,NA,NA,0,0,0,0,"","","","","V2025.09.12"
"2027",150,"PAR","Paraguay",1960,NA,NA,0,0,0,0,"","","","","V2025.09.12"
"2028",150,"PAR","Paraguay",1961,NA,NA,0,0,0,0,"","","","","V2025.09.12"
"2029",150,"PAR","Paraguay",1962,NA,NA,0,0,0,0,"","","","","V2025.09.12"
"2030",150,"PAR","Paraguay",1963,NA,NA,0,0,0,0,"","","","","V2025.09.12"
"2031",150,"PAR","Paraguay",1964,NA,NA,0,0,0,0,"","","","","V2025.09.12"
"2032",150,"PAR","Paraguay",1965,NA,NA,0,0,0,0,"","","","","V2025.09.12"
"2033",150,"PAR","Paraguay",1966,NA,NA,0,0,0,0,"","","","","V2025.09.12"
"2034",150,"PAR","Paraguay",1967,NA,NA,0,0,0,0,"","","","","V2025.09.12"
"2035",150,"PAR","Paraguay",1968,NA,NA,0,0,0,0,"","","","","V2025.09.12"
"2036",150,"PAR","Paraguay",1969,NA,NA,0,0,0,0,"","","","","V2025.09.12"
"2037",150,"PAR","Paraguay",1970,NA,NA,0,0,0,0,"","","","","V2025.09.12"
"2038",150,"PAR","Paraguay",1971,NA,NA,0,0,0,0,"","","","","V2025.09.12"
"2039",150,"PAR","Paraguay",1972,NA,NA,0,0,0,0,"","","","","V2025.09.12"
"2040",150,"PAR","Paraguay",1973,NA,NA,0,0,0,0,"","","","","V2025.09.12"
"2041",150,"PAR","Paraguay",1974,NA,NA,0,0,0,0,"","","","","V2025.09.12"
"2042",150,"PAR","Paraguay",1975,NA,NA,0,0,0,0,"","","","","V2025.09.12"
"2043",150,"PAR","Paraguay",1976,NA,NA,0,0,0,0,"","","","","V2025.09.12"
"2044",150,"PAR","Paraguay",1977,NA,NA,0,0,0,0,"","","","","V2025.09.12"
"2045",150,"PAR","Paraguay",1978,NA,NA,0,0,0,0,"","","","","V2025.09.12"
"2046",150,"PAR","Paraguay",1979,NA,NA,0,0,0,0,"","","","","V2025.09.12"
"2047",150,"PAR","Paraguay",1980,NA,NA,0,0,0,0,"","","","","V2025.09.12"
"2048",150,"PAR","Paraguay",1981,NA,NA,0,0,0,0,"","","","","V2025.09.12"
"2049",150,"PAR","Paraguay",1982,NA,NA,0,0,0,0,"","","","","V2025.09.12"
"2050",150,"PAR","Paraguay",1983,NA,NA,0,0,0,0,"","","","","V2025.09.12"
"2051",150,"PAR","Paraguay",1984,NA,NA,0,0,0,0,"","","","","V2025.09.12"
"2052",150,"PAR","Paraguay",1985,NA,NA,0,0,0,0,"","","","","V2025.09.12"
"2053",150,"PAR","Paraguay",1986,NA,NA,0,0,0,0,"","","","","V2025.09.12"
"2054",150,"PAR","Paraguay",1987,NA,NA,0,0,0,0,"","","","","V2025.09.12"
"2055",150,"PAR","Paraguay",1988,NA,NA,0,0,0,0,"","","","","V2025.09.12"
"2056",150,"PAR","Paraguay",1989,NA,NA,2,0,0,0,"03feb1989","","","","V2025.09.12"
"2057",150,"PAR","Paraguay",1990,NA,NA,0,0,0,0,"","","","","V2025.09.12"
"2058",150,"PAR","Paraguay",1991,NA,NA,0,0,0,0,"","","","","V2025.09.12"
"2059",150,"PAR","Paraguay",1992,NA,NA,0,0,0,0,"","","","","V2025.09.12"
"2060",150,"PAR","Paraguay",1993,NA,NA,0,0,0,0,"","","","","V2025.09.12"
"2061",150,"PAR","Paraguay",1994,NA,NA,0,0,0,0,"","","","","V2025.09.12"
"2062",150,"PAR","Paraguay",1995,NA,NA,0,0,0,0,"","","","","V2025.09.12"
"2063",150,"PAR","Paraguay",1996,NA,NA,0,0,0,0,"","","","","V2025.09.12"
"2064",150,"PAR","Paraguay",1997,NA,NA,0,0,0,0,"","","","","V2025.09.12"
"2065",150,"PAR","Paraguay",1998,NA,NA,0,0,0,0,"","","","","V2025.09.12"
"2066",150,"PAR","Paraguay",1999,NA,NA,0,0,0,0,"","","","","V2025.09.12"
"2067",150,"PAR","Paraguay",2000,NA,NA,1,0,0,0,"18may2000","","","","V2025.09.12"
"2068",150,"PAR","Paraguay",2001,NA,NA,0,0,0,0,"","","","","V2025.09.12"
"2069",150,"PAR","Paraguay",2002,NA,NA,0,0,0,0,"","","","","V2025.09.12"
"2070",150,"PAR","Paraguay",2003,NA,NA,0,0,0,0,"","","","","V2025.09.12"
"2071",150,"PAR","Paraguay",2004,NA,NA,0,0,0,0,"","","","","V2025.09.12"
"2072",150,"PAR","Paraguay",2005,NA,NA,0,0,0,0,"","","","","V2025.09.12"
"2073",150,"PAR","Paraguay",2006,NA,NA,0,0,0,0,"","","","","V2025.09.12"
"2074",150,"PAR","Paraguay",2007,NA,NA,0,0,0,0,"","","","","V2025.09.12"
"2075",150,"PAR","Paraguay",2008,NA,NA,0,0,0,0,"","","","","V2025.09.12"
"2076",150,"PAR","Paraguay",2009,NA,NA,0,0,0,0,"","","","","V2025.09.12"
"2077",150,"PAR","Paraguay",2010,NA,NA,0,0,0,0,"","","","","V2025.09.12"
"2078",150,"PAR","Paraguay",2011,NA,NA,0,0,0,0,"","","","","V2025.09.12"
"2079",150,"PAR","Paraguay",2012,NA,NA,0,0,0,0,"","","","","V2025.09.12"
"2080",150,"PAR","Paraguay",2013,NA,NA,0,0,0,0,"","","","","V2025.09.12"
"2081",150,"PAR","Paraguay",2014,NA,NA,0,0,0,0,"","","","","V2025.09.12"
"2082",150,"PAR","Paraguay",2015,NA,NA,0,0,0,0,"","","","","V2025.09.12"
"2083",150,"PAR","Paraguay",2016,NA,NA,0,0,0,0,"","","","","V2025.09.12"
"2084",150,"PAR","Paraguay",2017,NA,NA,0,0,0,0,"","","","","V2025.09.12"
"2085",150,"PAR","Paraguay",2018,NA,NA,0,0,0,0,"","","","","V2025.09.12"
"2086",150,"PAR","Paraguay",2019,NA,NA,0,0,0,0,"","","","","V2025.09.12"
"2087",150,"PAR","Paraguay",2020,NA,NA,0,0,0,0,"","","","","V2025.09.12"
"2088",150,"PAR","Paraguay",2021,NA,NA,0,0,0,0,"","","","","V2025.09.12"
"2089",150,"PAR","Paraguay",2022,NA,NA,0,0,0,0,"","","","","V2025.09.12"
"2090",150,"PAR","Paraguay",2023,NA,NA,0,0,0,0,"","","","","V2025.09.12"
"2091",150,"PAR","Paraguay",2024,NA,NA,0,0,0,0,"","","","","V2025.09.12"
"2092",155,"CHL","Chile",1950,NA,NA,0,0,0,0,"","","","","V2025.09.12"
"2093",155,"CHL","Chile",1951,NA,NA,0,0,0,0,"","","","","V2025.09.12"
"2094",155,"CHL","Chile",1952,NA,NA,0,0,0,0,"","","","","V2025.09.12"
"2095",155,"CHL","Chile",1953,NA,NA,0,0,0,0,"","","","","V2025.09.12"
"2096",155,"CHL","Chile",1954,NA,NA,0,0,0,0,"","","","","V2025.09.12"
"2097",155,"CHL","Chile",1955,NA,NA,0,0,0,0,"","","","","V2025.09.12"
"2098",155,"CHL","Chile",1956,NA,NA,0,0,0,0,"","","","","V2025.09.12"
"2099",155,"CHL","Chile",1957,NA,NA,0,0,0,0,"","","","","V2025.09.12"
"2100",155,"CHL","Chile",1958,NA,NA,0,0,0,0,"","","","","V2025.09.12"
"2101",155,"CHL","Chile",1959,NA,NA,0,0,0,0,"","","","","V2025.09.12"
"2102",155,"CHL","Chile",1960,NA,NA,0,0,0,0,"","","","","V2025.09.12"
"2103",155,"CHL","Chile",1961,NA,NA,0,0,0,0,"","","","","V2025.09.12"
"2104",155,"CHL","Chile",1962,NA,NA,0,0,0,0,"","","","","V2025.09.12"
"2105",155,"CHL","Chile",1963,NA,NA,0,0,0,0,"","","","","V2025.09.12"
"2106",155,"CHL","Chile",1964,NA,NA,0,0,0,0,"","","","","V2025.09.12"
"2107",155,"CHL","Chile",1965,NA,NA,0,0,0,0,"","","","","V2025.09.12"
"2108",155,"CHL","Chile",1966,NA,NA,0,0,0,0,"","","","","V2025.09.12"
"2109",155,"CHL","Chile",1967,NA,NA,0,0,0,0,"","","","","V2025.09.12"
"2110",155,"CHL","Chile",1968,NA,NA,0,0,0,0,"","","","","V2025.09.12"
"2111",155,"CHL","Chile",1969,NA,NA,0,0,0,0,"","","","","V2025.09.12"
"2112",155,"CHL","Chile",1970,NA,NA,0,0,0,0,"","","","","V2025.09.12"
"2113",155,"CHL","Chile",1971,NA,NA,0,0,0,0,"","","","","V2025.09.12"
"2114",155,"CHL","Chile",1972,NA,NA,0,0,0,0,"","","","","V2025.09.12"
"2115",155,"CHL","Chile",1973,NA,NA,1,2,0,0,"29jun1973","11sep1973","","","V2025.09.12"
"2116",155,"CHL","Chile",1974,NA,NA,0,0,0,0,"","","","","V2025.09.12"
"2117",155,"CHL","Chile",1975,NA,NA,0,0,0,0,"","","","","V2025.09.12"
"2118",155,"CHL","Chile",1976,NA,NA,0,0,0,0,"","","","","V2025.09.12"
"2119",155,"CHL","Chile",1977,NA,NA,0,0,0,0,"","","","","V2025.09.12"
"2120",155,"CHL","Chile",1978,NA,NA,0,0,0,0,"","","","","V2025.09.12"
"2121",155,"CHL","Chile",1979,NA,NA,0,0,0,0,"","","","","V2025.09.12"
"2122",155,"CHL","Chile",1980,NA,NA,0,0,0,0,"","","","","V2025.09.12"
"2123",155,"CHL","Chile",1981,NA,NA,0,0,0,0,"","","","","V2025.09.12"
"2124",155,"CHL","Chile",1982,NA,NA,0,0,0,0,"","","","","V2025.09.12"
"2125",155,"CHL","Chile",1983,NA,NA,0,0,0,0,"","","","","V2025.09.12"
"2126",155,"CHL","Chile",1984,NA,NA,0,0,0,0,"","","","","V2025.09.12"
"2127",155,"CHL","Chile",1985,NA,NA,0,0,0,0,"","","","","V2025.09.12"
"2128",155,"CHL","Chile",1986,NA,NA,0,0,0,0,"","","","","V2025.09.12"
"2129",155,"CHL","Chile",1987,NA,NA,0,0,0,0,"","","","","V2025.09.12"
"2130",155,"CHL","Chile",1988,NA,NA,0,0,0,0,"","","","","V2025.09.12"
"2131",155,"CHL","Chile",1989,NA,NA,0,0,0,0,"","","","","V2025.09.12"
"2132",155,"CHL","Chile",1990,NA,NA,0,0,0,0,"","","","","V2025.09.12"
"2133",155,"CHL","Chile",1991,NA,NA,0,0,0,0,"","","","","V2025.09.12"
"2134",155,"CHL","Chile",1992,NA,NA,0,0,0,0,"","","","","V2025.09.12"
"2135",155,"CHL","Chile",1993,NA,NA,0,0,0,0,"","","","","V2025.09.12"
"2136",155,"CHL","Chile",1994,NA,NA,0,0,0,0,"","","","","V2025.09.12"
"2137",155,"CHL","Chile",1995,NA,NA,0,0,0,0,"","","","","V2025.09.12"
"2138",155,"CHL","Chile",1996,NA,NA,0,0,0,0,"","","","","V2025.09.12"
"2139",155,"CHL","Chile",1997,NA,NA,0,0,0,0,"","","","","V2025.09.12"
"2140",155,"CHL","Chile",1998,NA,NA,0,0,0,0,"","","","","V2025.09.12"
"2141",155,"CHL","Chile",1999,NA,NA,0,0,0,0,"","","","","V2025.09.12"
"2142",155,"CHL","Chile",2000,NA,NA,0,0,0,0,"","","","","V2025.09.12"
"2143",155,"CHL","Chile",2001,NA,NA,0,0,0,0,"","","","","V2025.09.12"
"2144",155,"CHL","Chile",2002,NA,NA,0,0,0,0,"","","","","V2025.09.12"
"2145",155,"CHL","Chile",2003,NA,NA,0,0,0,0,"","","","","V2025.09.12"
"2146",155,"CHL","Chile",2004,NA,NA,0,0,0,0,"","","","","V2025.09.12"
"2147",155,"CHL","Chile",2005,NA,NA,0,0,0,0,"","","","","V2025.09.12"
"2148",155,"CHL","Chile",2006,NA,NA,0,0,0,0,"","","","","V2025.09.12"
"2149",155,"CHL","Chile",2007,NA,NA,0,0,0,0,"","","","","V2025.09.12"
"2150",155,"CHL","Chile",2008,NA,NA,0,0,0,0,"","","","","V2025.09.12"
"2151",155,"CHL","Chile",2009,NA,NA,0,0,0,0,"","","","","V2025.09.12"
"2152",155,"CHL","Chile",2010,NA,NA,0,0,0,0,"","","","","V2025.09.12"
"2153",155,"CHL","Chile",2011,NA,NA,0,0,0,0,"","","","","V2025.09.12"
"2154",155,"CHL","Chile",2012,NA,NA,0,0,0,0,"","","","","V2025.09.12"
"2155",155,"CHL","Chile",2013,NA,NA,0,0,0,0,"","","","","V2025.09.12"
"2156",155,"CHL","Chile",2014,NA,NA,0,0,0,0,"","","","","V2025.09.12"
"2157",155,"CHL","Chile",2015,NA,NA,0,0,0,0,"","","","","V2025.09.12"
"2158",155,"CHL","Chile",2016,NA,NA,0,0,0,0,"","","","","V2025.09.12"
"2159",155,"CHL","Chile",2017,NA,NA,0,0,0,0,"","","","","V2025.09.12"
"2160",155,"CHL","Chile",2018,NA,NA,0,0,0,0,"","","","","V2025.09.12"
"2161",155,"CHL","Chile",2019,NA,NA,0,0,0,0,"","","","","V2025.09.12"
"2162",155,"CHL","Chile",2020,NA,NA,0,0,0,0,"","","","","V2025.09.12"
"2163",155,"CHL","Chile",2021,NA,NA,0,0,0,0,"","","","","V2025.09.12"
"2164",155,"CHL","Chile",2022,NA,NA,0,0,0,0,"","","","","V2025.09.12"
"2165",155,"CHL","Chile",2023,NA,NA,0,0,0,0,"","","","","V2025.09.12"
"2166",155,"CHL","Chile",2024,NA,NA,0,0,0,0,"","","","","V2025.09.12"
"2167",160,"ARG","Argentina",1950,NA,NA,0,0,0,0,"","","","","V2025.09.12"
"2168",160,"ARG","Argentina",1951,NA,NA,1,0,0,0,"28sep1951","","","","V2025.09.12"
"2169",160,"ARG","Argentina",1952,NA,NA,0,0,0,0,"","","","","V2025.09.12"
"2170",160,"ARG","Argentina",1953,NA,NA,0,0,0,0,"","","","","V2025.09.12"
"2171",160,"ARG","Argentina",1954,NA,NA,0,0,0,0,"","","","","V2025.09.12"
"2172",160,"ARG","Argentina",1955,NA,NA,1,2,2,0,"16jun1955","16sep1955","13nov1955","","V2025.09.12"
"2173",160,"ARG","Argentina",1956,NA,NA,1,0,0,0,"09jun1956","","","","V2025.09.12"
"2174",160,"ARG","Argentina",1957,NA,NA,0,0,0,0,"","","","","V2025.09.12"
"2175",160,"ARG","Argentina",1958,NA,NA,0,0,0,0,"","","","","V2025.09.12"
"2176",160,"ARG","Argentina",1959,NA,NA,0,0,0,0,"","","","","V2025.09.12"
"2177",160,"ARG","Argentina",1960,NA,NA,1,1,0,0,"13jun1960","30nov1960","","","V2025.09.12"
"2178",160,"ARG","Argentina",1961,NA,NA,1,0,0,0,"11aug1961","","","","V2025.09.12"
"2179",160,"ARG","Argentina",1962,NA,NA,2,1,1,0,"28mar1962","08aug1962","19sep1962","","V2025.09.12"
"2180",160,"ARG","Argentina",1963,NA,NA,1,0,0,0,"02apr1963","","","","V2025.09.12"
"2181",160,"ARG","Argentina",1964,NA,NA,0,0,0,0,"","","","","V2025.09.12"
"2182",160,"ARG","Argentina",1965,NA,NA,0,0,0,0,"","","","","V2025.09.12"
"2183",160,"ARG","Argentina",1966,NA,NA,2,0,0,0,"28jun1966","","","","V2025.09.12"
"2184",160,"ARG","Argentina",1967,NA,NA,0,0,0,0,"","","","","V2025.09.12"
"2185",160,"ARG","Argentina",1968,NA,NA,0,0,0,0,"","","","","V2025.09.12"
"2186",160,"ARG","Argentina",1969,NA,NA,0,0,0,0,"","","","","V2025.09.12"
"2187",160,"ARG","Argentina",1970,NA,NA,2,0,0,0,"08jun1970","","","","V2025.09.12"
"2188",160,"ARG","Argentina",1971,NA,NA,2,1,0,0,"22mar1971","08oct1971","","","V2025.09.12"
"2189",160,"ARG","Argentina",1972,NA,NA,0,0,0,0,"","","","","V2025.09.12"
"2190",160,"ARG","Argentina",1973,NA,NA,0,0,0,0,"","","","","V2025.09.12"
"2191",160,"ARG","Argentina",1974,NA,NA,0,0,0,0,"","","","","V2025.09.12"
"2192",160,"ARG","Argentina",1975,NA,NA,1,1,0,0,"18dec1975","23dec1975","","","V2025.09.12"
"2193",160,"ARG","Argentina",1976,NA,NA,2,0,0,0,"24mar1976","","","","V2025.09.12"
"2194",160,"ARG","Argentina",1977,NA,NA,0,0,0,0,"","","","","V2025.09.12"
"2195",160,"ARG","Argentina",1978,NA,NA,0,0,0,0,"","","","","V2025.09.12"
"2196",160,"ARG","Argentina",1979,NA,NA,0,0,0,0,"","","","","V2025.09.12"
"2197",160,"ARG","Argentina",1980,NA,NA,0,0,0,0,"","","","","V2025.09.12"
"2198",160,"ARG","Argentina",1981,NA,NA,0,0,0,0,"","","","","V2025.09.12"
"2199",160,"ARG","Argentina",1982,NA,NA,0,0,0,0,"","","","","V2025.09.12"
"2200",160,"ARG","Argentina",1983,NA,NA,0,0,0,0,"","","","","V2025.09.12"
"2201",160,"ARG","Argentina",1984,NA,NA,0,0,0,0,"","","","","V2025.09.12"
"2202",160,"ARG","Argentina",1985,NA,NA,0,0,0,0,"","","","","V2025.09.12"
"2203",160,"ARG","Argentina",1986,NA,NA,0,0,0,0,"","","","","V2025.09.12"
"2204",160,"ARG","Argentina",1987,NA,NA,0,0,0,0,"","","","","V2025.09.12"
"2205",160,"ARG","Argentina",1988,NA,NA,1,0,0,0,"02dec1988","","","","V2025.09.12"
"2206",160,"ARG","Argentina",1989,NA,NA,0,0,0,0,"","","","","V2025.09.12"
"2207",160,"ARG","Argentina",1990,NA,NA,0,0,0,0,"","","","","V2025.09.12"
"2208",160,"ARG","Argentina",1991,NA,NA,0,0,0,0,"","","","","V2025.09.12"
"2209",160,"ARG","Argentina",1992,NA,NA,0,0,0,0,"","","","","V2025.09.12"
"2210",160,"ARG","Argentina",1993,NA,NA,0,0,0,0,"","","","","V2025.09.12"
"2211",160,"ARG","Argentina",1994,NA,NA,0,0,0,0,"","","","","V2025.09.12"
"2212",160,"ARG","Argentina",1995,NA,NA,0,0,0,0,"","","","","V2025.09.12"
"2213",160,"ARG","Argentina",1996,NA,NA,0,0,0,0,"","","","","V2025.09.12"
"2214",160,"ARG","Argentina",1997,NA,NA,0,0,0,0,"","","","","V2025.09.12"
"2215",160,"ARG","Argentina",1998,NA,NA,0,0,0,0,"","","","","V2025.09.12"
"2216",160,"ARG","Argentina",1999,NA,NA,0,0,0,0,"","","","","V2025.09.12"
"2217",160,"ARG","Argentina",2000,NA,NA,0,0,0,0,"","","","","V2025.09.12"
"2218",160,"ARG","Argentina",2001,NA,NA,0,0,0,0,"","","","","V2025.09.12"
"2219",160,"ARG","Argentina",2002,NA,NA,0,0,0,0,"","","","","V2025.09.12"
"2220",160,"ARG","Argentina",2003,NA,NA,0,0,0,0,"","","","","V2025.09.12"
"2221",160,"ARG","Argentina",2004,NA,NA,0,0,0,0,"","","","","V2025.09.12"
"2222",160,"ARG","Argentina",2005,NA,NA,0,0,0,0,"","","","","V2025.09.12"
"2223",160,"ARG","Argentina",2006,NA,NA,0,0,0,0,"","","","","V2025.09.12"
"2224",160,"ARG","Argentina",2007,NA,NA,0,0,0,0,"","","","","V2025.09.12"
"2225",160,"ARG","Argentina",2008,NA,NA,0,0,0,0,"","","","","V2025.09.12"
"2226",160,"ARG","Argentina",2009,NA,NA,0,0,0,0,"","","","","V2025.09.12"
"2227",160,"ARG","Argentina",2010,NA,NA,0,0,0,0,"","","","","V2025.09.12"
"2228",160,"ARG","Argentina",2011,NA,NA,0,0,0,0,"","","","","V2025.09.12"
"2229",160,"ARG","Argentina",2012,NA,NA,0,0,0,0,"","","","","V2025.09.12"
"2230",160,"ARG","Argentina",2013,NA,NA,0,0,0,0,"","","","","V2025.09.12"
"2231",160,"ARG","Argentina",2014,NA,NA,0,0,0,0,"","","","","V2025.09.12"
"2232",160,"ARG","Argentina",2015,NA,NA,0,0,0,0,"","","","","V2025.09.12"
"2233",160,"ARG","Argentina",2016,NA,NA,0,0,0,0,"","","","","V2025.09.12"
"2234",160,"ARG","Argentina",2017,NA,NA,0,0,0,0,"","","","","V2025.09.12"
"2235",160,"ARG","Argentina",2018,NA,NA,0,0,0,0,"","","","","V2025.09.12"
"2236",160,"ARG","Argentina",2019,NA,NA,0,0,0,0,"","","","","V2025.09.12"
"2237",160,"ARG","Argentina",2020,NA,NA,0,0,0,0,"","","","","V2025.09.12"
"2238",160,"ARG","Argentina",2021,NA,NA,0,0,0,0,"","","","","V2025.09.12"
"2239",160,"ARG","Argentina",2022,NA,NA,0,0,0,0,"","","","","V2025.09.12"
"2240",160,"ARG","Argentina",2023,NA,NA,0,0,0,0,"","","","","V2025.09.12"
"2241",160,"ARG","Argentina",2024,NA,NA,0,0,0,0,"","","","","V2025.09.12"
"2242",165,"URU","Uruguay",1950,NA,NA,0,0,0,0,"","","","","V2025.09.12"
"2243",165,"URU","Uruguay",1951,NA,NA,0,0,0,0,"","","","","V2025.09.12"
"2244",165,"URU","Uruguay",1952,NA,NA,0,0,0,0,"","","","","V2025.09.12"
"2245",165,"URU","Uruguay",1953,NA,NA,0,0,0,0,"","","","","V2025.09.12"
"2246",165,"URU","Uruguay",1954,NA,NA,0,0,0,0,"","","","","V2025.09.12"
"2247",165,"URU","Uruguay",1955,NA,NA,0,0,0,0,"","","","","V2025.09.12"
"2248",165,"URU","Uruguay",1956,NA,NA,0,0,0,0,"","","","","V2025.09.12"
"2249",165,"URU","Uruguay",1957,NA,NA,0,0,0,0,"","","","","V2025.09.12"
"2250",165,"URU","Uruguay",1958,NA,NA,0,0,0,0,"","","","","V2025.09.12"
"2251",165,"URU","Uruguay",1959,NA,NA,0,0,0,0,"","","","","V2025.09.12"
"2252",165,"URU","Uruguay",1960,NA,NA,0,0,0,0,"","","","","V2025.09.12"
"2253",165,"URU","Uruguay",1961,NA,NA,0,0,0,0,"","","","","V2025.09.12"
"2254",165,"URU","Uruguay",1962,NA,NA,0,0,0,0,"","","","","V2025.09.12"
"2255",165,"URU","Uruguay",1963,NA,NA,0,0,0,0,"","","","","V2025.09.12"
"2256",165,"URU","Uruguay",1964,NA,NA,0,0,0,0,"","","","","V2025.09.12"
"2257",165,"URU","Uruguay",1965,NA,NA,0,0,0,0,"","","","","V2025.09.12"
"2258",165,"URU","Uruguay",1966,NA,NA,0,0,0,0,"","","","","V2025.09.12"
"2259",165,"URU","Uruguay",1967,NA,NA,0,0,0,0,"","","","","V2025.09.12"
"2260",165,"URU","Uruguay",1968,NA,NA,0,0,0,0,"","","","","V2025.09.12"
"2261",165,"URU","Uruguay",1969,NA,NA,0,0,0,0,"","","","","V2025.09.12"
"2262",165,"URU","Uruguay",1970,NA,NA,0,0,0,0,"","","","","V2025.09.12"
"2263",165,"URU","Uruguay",1971,NA,NA,0,0,0,0,"","","","","V2025.09.12"
"2264",165,"URU","Uruguay",1972,NA,NA,0,0,0,0,"","","","","V2025.09.12"
"2265",165,"URU","Uruguay",1973,NA,NA,2,0,0,0,"10feb1973","","","","V2025.09.12"
"2266",165,"URU","Uruguay",1974,NA,NA,0,0,0,0,"","","","","V2025.09.12"
"2267",165,"URU","Uruguay",1975,NA,NA,0,0,0,0,"","","","","V2025.09.12"
"2268",165,"URU","Uruguay",1976,NA,NA,2,0,0,0,"12jun1976","","","","V2025.09.12"
"2269",165,"URU","Uruguay",1977,NA,NA,0,0,0,0,"","","","","V2025.09.12"
"2270",165,"URU","Uruguay",1978,NA,NA,0,0,0,0,"","","","","V2025.09.12"
"2271",165,"URU","Uruguay",1979,NA,NA,0,0,0,0,"","","","","V2025.09.12"
"2272",165,"URU","Uruguay",1980,NA,NA,0,0,0,0,"","","","","V2025.09.12"
"2273",165,"URU","Uruguay",1981,NA,NA,0,0,0,0,"","","","","V2025.09.12"
"2274",165,"URU","Uruguay",1982,NA,NA,0,0,0,0,"","","","","V2025.09.12"
"2275",165,"URU","Uruguay",1983,NA,NA,0,0,0,0,"","","","","V2025.09.12"
"2276",165,"URU","Uruguay",1984,NA,NA,0,0,0,0,"","","","","V2025.09.12"
"2277",165,"URU","Uruguay",1985,NA,NA,0,0,0,0,"","","","","V2025.09.12"
"2278",165,"URU","Uruguay",1986,NA,NA,0,0,0,0,"","","","","V2025.09.12"
"2279",165,"URU","Uruguay",1987,NA,NA,0,0,0,0,"","","","","V2025.09.12"
"2280",165,"URU","Uruguay",1988,NA,NA,0,0,0,0,"","","","","V2025.09.12"
"2281",165,"URU","Uruguay",1989,NA,NA,0,0,0,0,"","","","","V2025.09.12"
"2282",165,"URU","Uruguay",1990,NA,NA,0,0,0,0,"","","","","V2025.09.12"
"2283",165,"URU","Uruguay",1991,NA,NA,0,0,0,0,"","","","","V2025.09.12"
"2284",165,"URU","Uruguay",1992,NA,NA,0,0,0,0,"","","","","V2025.09.12"
"2285",165,"URU","Uruguay",1993,NA,NA,0,0,0,0,"","","","","V2025.09.12"
"2286",165,"URU","Uruguay",1994,NA,NA,0,0,0,0,"","","","","V2025.09.12"
"2287",165,"URU","Uruguay",1995,NA,NA,0,0,0,0,"","","","","V2025.09.12"
"2288",165,"URU","Uruguay",1996,NA,NA,0,0,0,0,"","","","","V2025.09.12"
"2289",165,"URU","Uruguay",1997,NA,NA,0,0,0,0,"","","","","V2025.09.12"
"2290",165,"URU","Uruguay",1998,NA,NA,0,0,0,0,"","","","","V2025.09.12"
"2291",165,"URU","Uruguay",1999,NA,NA,0,0,0,0,"","","","","V2025.09.12"
"2292",165,"URU","Uruguay",2000,NA,NA,0,0,0,0,"","","","","V2025.09.12"
"2293",165,"URU","Uruguay",2001,NA,NA,0,0,0,0,"","","","","V2025.09.12"
"2294",165,"URU","Uruguay",2002,NA,NA,0,0,0,0,"","","","","V2025.09.12"
"2295",165,"URU","Uruguay",2003,NA,NA,0,0,0,0,"","","","","V2025.09.12"
"2296",165,"URU","Uruguay",2004,NA,NA,0,0,0,0,"","","","","V2025.09.12"
"2297",165,"URU","Uruguay",2005,NA,NA,0,0,0,0,"","","","","V2025.09.12"
"2298",165,"URU","Uruguay",2006,NA,NA,0,0,0,0,"","","","","V2025.09.12"
"2299",165,"URU","Uruguay",2007,NA,NA,0,0,0,0,"","","","","V2025.09.12"
"2300",165,"URU","Uruguay",2008,NA,NA,0,0,0,0,"","","","","V2025.09.12"
"2301",165,"URU","Uruguay",2009,NA,NA,0,0,0,0,"","","","","V2025.09.12"
"2302",165,"URU","Uruguay",2010,NA,NA,0,0,0,0,"","","","","V2025.09.12"
"2303",165,"URU","Uruguay",2011,NA,NA,0,0,0,0,"","","","","V2025.09.12"
"2304",165,"URU","Uruguay",2012,NA,NA,0,0,0,0,"","","","","V2025.09.12"
"2305",165,"URU","Uruguay",2013,NA,NA,0,0,0,0,"","","","","V2025.09.12"
"2306",165,"URU","Uruguay",2014,NA,NA,0,0,0,0,"","","","","V2025.09.12"
"2307",165,"URU","Uruguay",2015,NA,NA,0,0,0,0,"","","","","V2025.09.12"
"2308",165,"URU","Uruguay",2016,NA,NA,0,0,0,0,"","","","","V2025.09.12"
"2309",165,"URU","Uruguay",2017,NA,NA,0,0,0,0,"","","","","V2025.09.12"
"2310",165,"URU","Uruguay",2018,NA,NA,0,0,0,0,"","","","","V2025.09.12"
"2311",165,"URU","Uruguay",2019,NA,NA,0,0,0,0,"","","","","V2025.09.12"
"2312",165,"URU","Uruguay",2020,NA,NA,0,0,0,0,"","","","","V2025.09.12"
"2313",165,"URU","Uruguay",2021,NA,NA,0,0,0,0,"","","","","V2025.09.12"
"2314",165,"URU","Uruguay",2022,NA,NA,0,0,0,0,"","","","","V2025.09.12"
"2315",165,"URU","Uruguay",2023,NA,NA,0,0,0,0,"","","","","V2025.09.12"
"2316",165,"URU","Uruguay",2024,NA,NA,0,0,0,0,"","","","","V2025.09.12"
"2317",200,"UKG","United Kingdom",1950,NA,NA,0,0,0,0,"","","","","V2025.09.12"
"2318",200,"UKG","United Kingdom",1951,NA,NA,0,0,0,0,"","","","","V2025.09.12"
"2319",200,"UKG","United Kingdom",1952,NA,NA,0,0,0,0,"","","","","V2025.09.12"
"2320",200,"UKG","United Kingdom",1953,NA,NA,0,0,0,0,"","","","","V2025.09.12"
"2321",200,"UKG","United Kingdom",1954,NA,NA,0,0,0,0,"","","","","V2025.09.12"
"2322",200,"UKG","United Kingdom",1955,NA,NA,0,0,0,0,"","","","","V2025.09.12"
"2323",200,"UKG","United Kingdom",1956,NA,NA,0,0,0,0,"","","","","V2025.09.12"
"2324",200,"UKG","United Kingdom",1957,NA,NA,0,0,0,0,"","","","","V2025.09.12"
"2325",200,"UKG","United Kingdom",1958,NA,NA,0,0,0,0,"","","","","V2025.09.12"
"2326",200,"UKG","United Kingdom",1959,NA,NA,0,0,0,0,"","","","","V2025.09.12"
"2327",200,"UKG","United Kingdom",1960,NA,NA,0,0,0,0,"","","","","V2025.09.12"
"2328",200,"UKG","United Kingdom",1961,NA,NA,0,0,0,0,"","","","","V2025.09.12"
"2329",200,"UKG","United Kingdom",1962,NA,NA,0,0,0,0,"","","","","V2025.09.12"
"2330",200,"UKG","United Kingdom",1963,NA,NA,0,0,0,0,"","","","","V2025.09.12"
"2331",200,"UKG","United Kingdom",1964,NA,NA,0,0,0,0,"","","","","V2025.09.12"
"2332",200,"UKG","United Kingdom",1965,NA,NA,0,0,0,0,"","","","","V2025.09.12"
"2333",200,"UKG","United Kingdom",1966,NA,NA,0,0,0,0,"","","","","V2025.09.12"
"2334",200,"UKG","United Kingdom",1967,NA,NA,0,0,0,0,"","","","","V2025.09.12"
"2335",200,"UKG","United Kingdom",1968,NA,NA,0,0,0,0,"","","","","V2025.09.12"
"2336",200,"UKG","United Kingdom",1969,NA,NA,0,0,0,0,"","","","","V2025.09.12"
"2337",200,"UKG","United Kingdom",1970,NA,NA,0,0,0,0,"","","","","V2025.09.12"
"2338",200,"UKG","United Kingdom",1971,NA,NA,0,0,0,0,"","","","","V2025.09.12"
"2339",200,"UKG","United Kingdom",1972,NA,NA,0,0,0,0,"","","","","V2025.09.12"
"2340",200,"UKG","United Kingdom",1973,NA,NA,0,0,0,0,"","","","","V2025.09.12"
"2341",200,"UKG","United Kingdom",1974,NA,NA,0,0,0,0,"","","","","V2025.09.12"
"2342",200,"UKG","United Kingdom",1975,NA,NA,0,0,0,0,"","","","","V2025.09.12"
"2343",200,"UKG","United Kingdom",1976,NA,NA,0,0,0,0,"","","","","V2025.09.12"
"2344",200,"UKG","United Kingdom",1977,NA,NA,0,0,0,0,"","","","","V2025.09.12"
"2345",200,"UKG","United Kingdom",1978,NA,NA,0,0,0,0,"","","","","V2025.09.12"
"2346",200,"UKG","United Kingdom",1979,NA,NA,0,0,0,0,"","","","","V2025.09.12"
"2347",200,"UKG","United Kingdom",1980,NA,NA,0,0,0,0,"","","","","V2025.09.12"
"2348",200,"UKG","United Kingdom",1981,NA,NA,0,0,0,0,"","","","","V2025.09.12"
"2349",200,"UKG","United Kingdom",1982,NA,NA,0,0,0,0,"","","","","V2025.09.12"
"2350",200,"UKG","United Kingdom",1983,NA,NA,0,0,0,0,"","","","","V2025.09.12"
"2351",200,"UKG","United Kingdom",1984,NA,NA,0,0,0,0,"","","","","V2025.09.12"
"2352",200,"UKG","United Kingdom",1985,NA,NA,0,0,0,0,"","","","","V2025.09.12"
"2353",200,"UKG","United Kingdom",1986,NA,NA,0,0,0,0,"","","","","V2025.09.12"
"2354",200,"UKG","United Kingdom",1987,NA,NA,0,0,0,0,"","","","","V2025.09.12"
"2355",200,"UKG","United Kingdom",1988,NA,NA,0,0,0,0,"","","","","V2025.09.12"
"2356",200,"UKG","United Kingdom",1989,NA,NA,0,0,0,0,"","","","","V2025.09.12"
"2357",200,"UKG","United Kingdom",1990,NA,NA,0,0,0,0,"","","","","V2025.09.12"
"2358",200,"UKG","United Kingdom",1991,NA,NA,0,0,0,0,"","","","","V2025.09.12"
"2359",200,"UKG","United Kingdom",1992,NA,NA,0,0,0,0,"","","","","V2025.09.12"
"2360",200,"UKG","United Kingdom",1993,NA,NA,0,0,0,0,"","","","","V2025.09.12"
"2361",200,"UKG","United Kingdom",1994,NA,NA,0,0,0,0,"","","","","V2025.09.12"
"2362",200,"UKG","United Kingdom",1995,NA,NA,0,0,0,0,"","","","","V2025.09.12"
"2363",200,"UKG","United Kingdom",1996,NA,NA,0,0,0,0,"","","","","V2025.09.12"
"2364",200,"UKG","United Kingdom",1997,NA,NA,0,0,0,0,"","","","","V2025.09.12"
"2365",200,"UKG","United Kingdom",1998,NA,NA,0,0,0,0,"","","","","V2025.09.12"
"2366",200,"UKG","United Kingdom",1999,NA,NA,0,0,0,0,"","","","","V2025.09.12"
"2367",200,"UKG","United Kingdom",2000,NA,NA,0,0,0,0,"","","","","V2025.09.12"
"2368",200,"UKG","United Kingdom",2001,NA,NA,0,0,0,0,"","","","","V2025.09.12"
"2369",200,"UKG","United Kingdom",2002,NA,NA,0,0,0,0,"","","","","V2025.09.12"
"2370",200,"UKG","United Kingdom",2003,NA,NA,0,0,0,0,"","","","","V2025.09.12"
"2371",200,"UKG","United Kingdom",2004,NA,NA,0,0,0,0,"","","","","V2025.09.12"
"2372",200,"UKG","United Kingdom",2005,NA,NA,0,0,0,0,"","","","","V2025.09.12"
"2373",200,"UKG","United Kingdom",2006,NA,NA,0,0,0,0,"","","","","V2025.09.12"
"2374",200,"UKG","United Kingdom",2007,NA,NA,0,0,0,0,"","","","","V2025.09.12"
"2375",200,"UKG","United Kingdom",2008,NA,NA,0,0,0,0,"","","","","V2025.09.12"
"2376",200,"UKG","United Kingdom",2009,NA,NA,0,0,0,0,"","","","","V2025.09.12"
"2377",200,"UKG","United Kingdom",2010,NA,NA,0,0,0,0,"","","","","V2025.09.12"
"2378",200,"UKG","United Kingdom",2011,NA,NA,0,0,0,0,"","","","","V2025.09.12"
"2379",200,"UKG","United Kingdom",2012,NA,NA,0,0,0,0,"","","","","V2025.09.12"
"2380",200,"UKG","United Kingdom",2013,NA,NA,0,0,0,0,"","","","","V2025.09.12"
"2381",200,"UKG","United Kingdom",2014,NA,NA,0,0,0,0,"","","","","V2025.09.12"
"2382",200,"UKG","United Kingdom",2015,NA,NA,0,0,0,0,"","","","","V2025.09.12"
"2383",200,"UKG","United Kingdom",2016,NA,NA,0,0,0,0,"","","","","V2025.09.12"
"2384",200,"UKG","United Kingdom",2017,NA,NA,0,0,0,0,"","","","","V2025.09.12"
"2385",200,"UKG","United Kingdom",2018,NA,NA,0,0,0,0,"","","","","V2025.09.12"
"2386",200,"UKG","United Kingdom",2019,NA,NA,0,0,0,0,"","","","","V2025.09.12"
"2387",200,"UKG","United Kingdom",2020,NA,NA,0,0,0,0,"","","","","V2025.09.12"
"2388",200,"UKG","United Kingdom",2021,NA,NA,0,0,0,0,"","","","","V2025.09.12"
"2389",200,"UKG","United Kingdom",2022,NA,NA,0,0,0,0,"","","","","V2025.09.12"
"2390",200,"UKG","United Kingdom",2023,NA,NA,0,0,0,0,"","","","","V2025.09.12"
"2391",200,"UKG","United Kingdom",2024,NA,NA,0,0,0,0,"","","","","V2025.09.12"
"2392",205,"IRE","Ireland",1950,NA,NA,0,0,0,0,"","","","","V2025.09.12"
"2393",205,"IRE","Ireland",1951,NA,NA,0,0,0,0,"","","","","V2025.09.12"
"2394",205,"IRE","Ireland",1952,NA,NA,0,0,0,0,"","","","","V2025.09.12"
"2395",205,"IRE","Ireland",1953,NA,NA,0,0,0,0,"","","","","V2025.09.12"
"2396",205,"IRE","Ireland",1954,NA,NA,0,0,0,0,"","","","","V2025.09.12"
"2397",205,"IRE","Ireland",1955,NA,NA,0,0,0,0,"","","","","V2025.09.12"
"2398",205,"IRE","Ireland",1956,NA,NA,0,0,0,0,"","","","","V2025.09.12"
"2399",205,"IRE","Ireland",1957,NA,NA,0,0,0,0,"","","","","V2025.09.12"
"2400",205,"IRE","Ireland",1958,NA,NA,0,0,0,0,"","","","","V2025.09.12"
"2401",205,"IRE","Ireland",1959,NA,NA,0,0,0,0,"","","","","V2025.09.12"
"2402",205,"IRE","Ireland",1960,NA,NA,0,0,0,0,"","","","","V2025.09.12"
"2403",205,"IRE","Ireland",1961,NA,NA,0,0,0,0,"","","","","V2025.09.12"
"2404",205,"IRE","Ireland",1962,NA,NA,0,0,0,0,"","","","","V2025.09.12"
"2405",205,"IRE","Ireland",1963,NA,NA,0,0,0,0,"","","","","V2025.09.12"
"2406",205,"IRE","Ireland",1964,NA,NA,0,0,0,0,"","","","","V2025.09.12"
"2407",205,"IRE","Ireland",1965,NA,NA,0,0,0,0,"","","","","V2025.09.12"
"2408",205,"IRE","Ireland",1966,NA,NA,0,0,0,0,"","","","","V2025.09.12"
"2409",205,"IRE","Ireland",1967,NA,NA,0,0,0,0,"","","","","V2025.09.12"
"2410",205,"IRE","Ireland",1968,NA,NA,0,0,0,0,"","","","","V2025.09.12"
"2411",205,"IRE","Ireland",1969,NA,NA,0,0,0,0,"","","","","V2025.09.12"
"2412",205,"IRE","Ireland",1970,NA,NA,0,0,0,0,"","","","","V2025.09.12"
"2413",205,"IRE","Ireland",1971,NA,NA,0,0,0,0,"","","","","V2025.09.12"
"2414",205,"IRE","Ireland",1972,NA,NA,0,0,0,0,"","","","","V2025.09.12"
"2415",205,"IRE","Ireland",1973,NA,NA,0,0,0,0,"","","","","V2025.09.12"
"2416",205,"IRE","Ireland",1974,NA,NA,0,0,0,0,"","","","","V2025.09.12"
"2417",205,"IRE","Ireland",1975,NA,NA,0,0,0,0,"","","","","V2025.09.12"
"2418",205,"IRE","Ireland",1976,NA,NA,0,0,0,0,"","","","","V2025.09.12"
"2419",205,"IRE","Ireland",1977,NA,NA,0,0,0,0,"","","","","V2025.09.12"
"2420",205,"IRE","Ireland",1978,NA,NA,0,0,0,0,"","","","","V2025.09.12"
"2421",205,"IRE","Ireland",1979,NA,NA,0,0,0,0,"","","","","V2025.09.12"
"2422",205,"IRE","Ireland",1980,NA,NA,0,0,0,0,"","","","","V2025.09.12"
"2423",205,"IRE","Ireland",1981,NA,NA,0,0,0,0,"","","","","V2025.09.12"
"2424",205,"IRE","Ireland",1982,NA,NA,0,0,0,0,"","","","","V2025.09.12"
"2425",205,"IRE","Ireland",1983,NA,NA,0,0,0,0,"","","","","V2025.09.12"
"2426",205,"IRE","Ireland",1984,NA,NA,0,0,0,0,"","","","","V2025.09.12"
"2427",205,"IRE","Ireland",1985,NA,NA,0,0,0,0,"","","","","V2025.09.12"
"2428",205,"IRE","Ireland",1986,NA,NA,0,0,0,0,"","","","","V2025.09.12"
"2429",205,"IRE","Ireland",1987,NA,NA,0,0,0,0,"","","","","V2025.09.12"
"2430",205,"IRE","Ireland",1988,NA,NA,0,0,0,0,"","","","","V2025.09.12"
"2431",205,"IRE","Ireland",1989,NA,NA,0,0,0,0,"","","","","V2025.09.12"
"2432",205,"IRE","Ireland",1990,NA,NA,0,0,0,0,"","","","","V2025.09.12"
"2433",205,"IRE","Ireland",1991,NA,NA,0,0,0,0,"","","","","V2025.09.12"
"2434",205,"IRE","Ireland",1992,NA,NA,0,0,0,0,"","","","","V2025.09.12"
"2435",205,"IRE","Ireland",1993,NA,NA,0,0,0,0,"","","","","V2025.09.12"
"2436",205,"IRE","Ireland",1994,NA,NA,0,0,0,0,"","","","","V2025.09.12"
"2437",205,"IRE","Ireland",1995,NA,NA,0,0,0,0,"","","","","V2025.09.12"
"2438",205,"IRE","Ireland",1996,NA,NA,0,0,0,0,"","","","","V2025.09.12"
"2439",205,"IRE","Ireland",1997,NA,NA,0,0,0,0,"","","","","V2025.09.12"
"2440",205,"IRE","Ireland",1998,NA,NA,0,0,0,0,"","","","","V2025.09.12"
"2441",205,"IRE","Ireland",1999,NA,NA,0,0,0,0,"","","","","V2025.09.12"
"2442",205,"IRE","Ireland",2000,NA,NA,0,0,0,0,"","","","","V2025.09.12"
"2443",205,"IRE","Ireland",2001,NA,NA,0,0,0,0,"","","","","V2025.09.12"
"2444",205,"IRE","Ireland",2002,NA,NA,0,0,0,0,"","","","","V2025.09.12"
"2445",205,"IRE","Ireland",2003,NA,NA,0,0,0,0,"","","","","V2025.09.12"
"2446",205,"IRE","Ireland",2004,NA,NA,0,0,0,0,"","","","","V2025.09.12"
"2447",205,"IRE","Ireland",2005,NA,NA,0,0,0,0,"","","","","V2025.09.12"
"2448",205,"IRE","Ireland",2006,NA,NA,0,0,0,0,"","","","","V2025.09.12"
"2449",205,"IRE","Ireland",2007,NA,NA,0,0,0,0,"","","","","V2025.09.12"
"2450",205,"IRE","Ireland",2008,NA,NA,0,0,0,0,"","","","","V2025.09.12"
"2451",205,"IRE","Ireland",2009,NA,NA,0,0,0,0,"","","","","V2025.09.12"
"2452",205,"IRE","Ireland",2010,NA,NA,0,0,0,0,"","","","","V2025.09.12"
"2453",205,"IRE","Ireland",2011,NA,NA,0,0,0,0,"","","","","V2025.09.12"
"2454",205,"IRE","Ireland",2012,NA,NA,0,0,0,0,"","","","","V2025.09.12"
"2455",205,"IRE","Ireland",2013,NA,NA,0,0,0,0,"","","","","V2025.09.12"
"2456",205,"IRE","Ireland",2014,NA,NA,0,0,0,0,"","","","","V2025.09.12"
"2457",205,"IRE","Ireland",2015,NA,NA,0,0,0,0,"","","","","V2025.09.12"
"2458",205,"IRE","Ireland",2016,NA,NA,0,0,0,0,"","","","","V2025.09.12"
"2459",205,"IRE","Ireland",2017,NA,NA,0,0,0,0,"","","","","V2025.09.12"
"2460",205,"IRE","Ireland",2018,NA,NA,0,0,0,0,"","","","","V2025.09.12"
"2461",205,"IRE","Ireland",2019,NA,NA,0,0,0,0,"","","","","V2025.09.12"
"2462",205,"IRE","Ireland",2020,NA,NA,0,0,0,0,"","","","","V2025.09.12"
"2463",205,"IRE","Ireland",2021,NA,NA,0,0,0,0,"","","","","V2025.09.12"
"2464",205,"IRE","Ireland",2022,NA,NA,0,0,0,0,"","","","","V2025.09.12"
"2465",205,"IRE","Ireland",2023,NA,NA,0,0,0,0,"","","","","V2025.09.12"
"2466",205,"IRE","Ireland",2024,NA,NA,0,0,0,0,"","","","","V2025.09.12"
"2467",210,"NTH","Netherlands",1950,NA,NA,0,0,0,0,"","","","","V2025.09.12"
"2468",210,"NTH","Netherlands",1951,NA,NA,0,0,0,0,"","","","","V2025.09.12"
"2469",210,"NTH","Netherlands",1952,NA,NA,0,0,0,0,"","","","","V2025.09.12"
"2470",210,"NTH","Netherlands",1953,NA,NA,0,0,0,0,"","","","","V2025.09.12"
"2471",210,"NTH","Netherlands",1954,NA,NA,0,0,0,0,"","","","","V2025.09.12"
"2472",210,"NTH","Netherlands",1955,NA,NA,0,0,0,0,"","","","","V2025.09.12"
"2473",210,"NTH","Netherlands",1956,NA,NA,0,0,0,0,"","","","","V2025.09.12"
"2474",210,"NTH","Netherlands",1957,NA,NA,0,0,0,0,"","","","","V2025.09.12"
"2475",210,"NTH","Netherlands",1958,NA,NA,0,0,0,0,"","","","","V2025.09.12"
"2476",210,"NTH","Netherlands",1959,NA,NA,0,0,0,0,"","","","","V2025.09.12"
"2477",210,"NTH","Netherlands",1960,NA,NA,0,0,0,0,"","","","","V2025.09.12"
"2478",210,"NTH","Netherlands",1961,NA,NA,0,0,0,0,"","","","","V2025.09.12"
"2479",210,"NTH","Netherlands",1962,NA,NA,0,0,0,0,"","","","","V2025.09.12"
"2480",210,"NTH","Netherlands",1963,NA,NA,0,0,0,0,"","","","","V2025.09.12"
"2481",210,"NTH","Netherlands",1964,NA,NA,0,0,0,0,"","","","","V2025.09.12"
"2482",210,"NTH","Netherlands",1965,NA,NA,0,0,0,0,"","","","","V2025.09.12"
"2483",210,"NTH","Netherlands",1966,NA,NA,0,0,0,0,"","","","","V2025.09.12"
"2484",210,"NTH","Netherlands",1967,NA,NA,0,0,0,0,"","","","","V2025.09.12"
"2485",210,"NTH","Netherlands",1968,NA,NA,0,0,0,0,"","","","","V2025.09.12"
"2486",210,"NTH","Netherlands",1969,NA,NA,0,0,0,0,"","","","","V2025.09.12"
"2487",210,"NTH","Netherlands",1970,NA,NA,0,0,0,0,"","","","","V2025.09.12"
"2488",210,"NTH","Netherlands",1971,NA,NA,0,0,0,0,"","","","","V2025.09.12"
"2489",210,"NTH","Netherlands",1972,NA,NA,0,0,0,0,"","","","","V2025.09.12"
"2490",210,"NTH","Netherlands",1973,NA,NA,0,0,0,0,"","","","","V2025.09.12"
"2491",210,"NTH","Netherlands",1974,NA,NA,0,0,0,0,"","","","","V2025.09.12"
"2492",210,"NTH","Netherlands",1975,NA,NA,0,0,0,0,"","","","","V2025.09.12"
"2493",210,"NTH","Netherlands",1976,NA,NA,0,0,0,0,"","","","","V2025.09.12"
"2494",210,"NTH","Netherlands",1977,NA,NA,0,0,0,0,"","","","","V2025.09.12"
"2495",210,"NTH","Netherlands",1978,NA,NA,0,0,0,0,"","","","","V2025.09.12"
"2496",210,"NTH","Netherlands",1979,NA,NA,0,0,0,0,"","","","","V2025.09.12"
"2497",210,"NTH","Netherlands",1980,NA,NA,0,0,0,0,"","","","","V2025.09.12"
"2498",210,"NTH","Netherlands",1981,NA,NA,0,0,0,0,"","","","","V2025.09.12"
"2499",210,"NTH","Netherlands",1982,NA,NA,0,0,0,0,"","","","","V2025.09.12"
"2500",210,"NTH","Netherlands",1983,NA,NA,0,0,0,0,"","","","","V2025.09.12"
"2501",210,"NTH","Netherlands",1984,NA,NA,0,0,0,0,"","","","","V2025.09.12"
"2502",210,"NTH","Netherlands",1985,NA,NA,0,0,0,0,"","","","","V2025.09.12"
"2503",210,"NTH","Netherlands",1986,NA,NA,0,0,0,0,"","","","","V2025.09.12"
"2504",210,"NTH","Netherlands",1987,NA,NA,0,0,0,0,"","","","","V2025.09.12"
"2505",210,"NTH","Netherlands",1988,NA,NA,0,0,0,0,"","","","","V2025.09.12"
"2506",210,"NTH","Netherlands",1989,NA,NA,0,0,0,0,"","","","","V2025.09.12"
"2507",210,"NTH","Netherlands",1990,NA,NA,0,0,0,0,"","","","","V2025.09.12"
"2508",210,"NTH","Netherlands",1991,NA,NA,0,0,0,0,"","","","","V2025.09.12"
"2509",210,"NTH","Netherlands",1992,NA,NA,0,0,0,0,"","","","","V2025.09.12"
"2510",210,"NTH","Netherlands",1993,NA,NA,0,0,0,0,"","","","","V2025.09.12"
"2511",210,"NTH","Netherlands",1994,NA,NA,0,0,0,0,"","","","","V2025.09.12"
"2512",210,"NTH","Netherlands",1995,NA,NA,0,0,0,0,"","","","","V2025.09.12"
"2513",210,"NTH","Netherlands",1996,NA,NA,0,0,0,0,"","","","","V2025.09.12"
"2514",210,"NTH","Netherlands",1997,NA,NA,0,0,0,0,"","","","","V2025.09.12"
"2515",210,"NTH","Netherlands",1998,NA,NA,0,0,0,0,"","","","","V2025.09.12"
"2516",210,"NTH","Netherlands",1999,NA,NA,0,0,0,0,"","","","","V2025.09.12"
"2517",210,"NTH","Netherlands",2000,NA,NA,0,0,0,0,"","","","","V2025.09.12"
"2518",210,"NTH","Netherlands",2001,NA,NA,0,0,0,0,"","","","","V2025.09.12"
"2519",210,"NTH","Netherlands",2002,NA,NA,0,0,0,0,"","","","","V2025.09.12"
"2520",210,"NTH","Netherlands",2003,NA,NA,0,0,0,0,"","","","","V2025.09.12"
"2521",210,"NTH","Netherlands",2004,NA,NA,0,0,0,0,"","","","","V2025.09.12"
"2522",210,"NTH","Netherlands",2005,NA,NA,0,0,0,0,"","","","","V2025.09.12"
"2523",210,"NTH","Netherlands",2006,NA,NA,0,0,0,0,"","","","","V2025.09.12"
"2524",210,"NTH","Netherlands",2007,NA,NA,0,0,0,0,"","","","","V2025.09.12"
"2525",210,"NTH","Netherlands",2008,NA,NA,0,0,0,0,"","","","","V2025.09.12"
"2526",210,"NTH","Netherlands",2009,NA,NA,0,0,0,0,"","","","","V2025.09.12"
"2527",210,"NTH","Netherlands",2010,NA,NA,0,0,0,0,"","","","","V2025.09.12"
"2528",210,"NTH","Netherlands",2011,NA,NA,0,0,0,0,"","","","","V2025.09.12"
"2529",210,"NTH","Netherlands",2012,NA,NA,0,0,0,0,"","","","","V2025.09.12"
"2530",210,"NTH","Netherlands",2013,NA,NA,0,0,0,0,"","","","","V2025.09.12"
"2531",210,"NTH","Netherlands",2014,NA,NA,0,0,0,0,"","","","","V2025.09.12"
"2532",210,"NTH","Netherlands",2015,NA,NA,0,0,0,0,"","","","","V2025.09.12"
"2533",210,"NTH","Netherlands",2016,NA,NA,0,0,0,0,"","","","","V2025.09.12"
"2534",210,"NTH","Netherlands",2017,NA,NA,0,0,0,0,"","","","","V2025.09.12"
"2535",210,"NTH","Netherlands",2018,NA,NA,0,0,0,0,"","","","","V2025.09.12"
"2536",210,"NTH","Netherlands",2019,NA,NA,0,0,0,0,"","","","","V2025.09.12"
"2537",210,"NTH","Netherlands",2020,NA,NA,0,0,0,0,"","","","","V2025.09.12"
"2538",210,"NTH","Netherlands",2021,NA,NA,0,0,0,0,"","","","","V2025.09.12"
"2539",210,"NTH","Netherlands",2022,NA,NA,0,0,0,0,"","","","","V2025.09.12"
"2540",210,"NTH","Netherlands",2023,NA,NA,0,0,0,0,"","","","","V2025.09.12"
"2541",210,"NTH","Netherlands",2024,NA,NA,0,0,0,0,"","","","","V2025.09.12"
"2542",211,"BEL","Belgium",1950,NA,NA,0,0,0,0,"","","","","V2025.09.12"
"2543",211,"BEL","Belgium",1951,NA,NA,0,0,0,0,"","","","","V2025.09.12"
"2544",211,"BEL","Belgium",1952,NA,NA,0,0,0,0,"","","","","V2025.09.12"
"2545",211,"BEL","Belgium",1953,NA,NA,0,0,0,0,"","","","","V2025.09.12"
"2546",211,"BEL","Belgium",1954,NA,NA,0,0,0,0,"","","","","V2025.09.12"
"2547",211,"BEL","Belgium",1955,NA,NA,0,0,0,0,"","","","","V2025.09.12"
"2548",211,"BEL","Belgium",1956,NA,NA,0,0,0,0,"","","","","V2025.09.12"
"2549",211,"BEL","Belgium",1957,NA,NA,0,0,0,0,"","","","","V2025.09.12"
"2550",211,"BEL","Belgium",1958,NA,NA,0,0,0,0,"","","","","V2025.09.12"
"2551",211,"BEL","Belgium",1959,NA,NA,0,0,0,0,"","","","","V2025.09.12"
"2552",211,"BEL","Belgium",1960,NA,NA,0,0,0,0,"","","","","V2025.09.12"
"2553",211,"BEL","Belgium",1961,NA,NA,0,0,0,0,"","","","","V2025.09.12"
"2554",211,"BEL","Belgium",1962,NA,NA,0,0,0,0,"","","","","V2025.09.12"
"2555",211,"BEL","Belgium",1963,NA,NA,0,0,0,0,"","","","","V2025.09.12"
"2556",211,"BEL","Belgium",1964,NA,NA,0,0,0,0,"","","","","V2025.09.12"
"2557",211,"BEL","Belgium",1965,NA,NA,0,0,0,0,"","","","","V2025.09.12"
"2558",211,"BEL","Belgium",1966,NA,NA,0,0,0,0,"","","","","V2025.09.12"
"2559",211,"BEL","Belgium",1967,NA,NA,0,0,0,0,"","","","","V2025.09.12"
"2560",211,"BEL","Belgium",1968,NA,NA,0,0,0,0,"","","","","V2025.09.12"
"2561",211,"BEL","Belgium",1969,NA,NA,0,0,0,0,"","","","","V2025.09.12"
"2562",211,"BEL","Belgium",1970,NA,NA,0,0,0,0,"","","","","V2025.09.12"
"2563",211,"BEL","Belgium",1971,NA,NA,0,0,0,0,"","","","","V2025.09.12"
"2564",211,"BEL","Belgium",1972,NA,NA,0,0,0,0,"","","","","V2025.09.12"
"2565",211,"BEL","Belgium",1973,NA,NA,0,0,0,0,"","","","","V2025.09.12"
"2566",211,"BEL","Belgium",1974,NA,NA,0,0,0,0,"","","","","V2025.09.12"
"2567",211,"BEL","Belgium",1975,NA,NA,0,0,0,0,"","","","","V2025.09.12"
"2568",211,"BEL","Belgium",1976,NA,NA,0,0,0,0,"","","","","V2025.09.12"
"2569",211,"BEL","Belgium",1977,NA,NA,0,0,0,0,"","","","","V2025.09.12"
"2570",211,"BEL","Belgium",1978,NA,NA,0,0,0,0,"","","","","V2025.09.12"
"2571",211,"BEL","Belgium",1979,NA,NA,0,0,0,0,"","","","","V2025.09.12"
"2572",211,"BEL","Belgium",1980,NA,NA,0,0,0,0,"","","","","V2025.09.12"
"2573",211,"BEL","Belgium",1981,NA,NA,0,0,0,0,"","","","","V2025.09.12"
"2574",211,"BEL","Belgium",1982,NA,NA,0,0,0,0,"","","","","V2025.09.12"
"2575",211,"BEL","Belgium",1983,NA,NA,0,0,0,0,"","","","","V2025.09.12"
"2576",211,"BEL","Belgium",1984,NA,NA,0,0,0,0,"","","","","V2025.09.12"
"2577",211,"BEL","Belgium",1985,NA,NA,0,0,0,0,"","","","","V2025.09.12"
"2578",211,"BEL","Belgium",1986,NA,NA,0,0,0,0,"","","","","V2025.09.12"
"2579",211,"BEL","Belgium",1987,NA,NA,0,0,0,0,"","","","","V2025.09.12"
"2580",211,"BEL","Belgium",1988,NA,NA,0,0,0,0,"","","","","V2025.09.12"
"2581",211,"BEL","Belgium",1989,NA,NA,0,0,0,0,"","","","","V2025.09.12"
"2582",211,"BEL","Belgium",1990,NA,NA,0,0,0,0,"","","","","V2025.09.12"
"2583",211,"BEL","Belgium",1991,NA,NA,0,0,0,0,"","","","","V2025.09.12"
"2584",211,"BEL","Belgium",1992,NA,NA,0,0,0,0,"","","","","V2025.09.12"
"2585",211,"BEL","Belgium",1993,NA,NA,0,0,0,0,"","","","","V2025.09.12"
"2586",211,"BEL","Belgium",1994,NA,NA,0,0,0,0,"","","","","V2025.09.12"
"2587",211,"BEL","Belgium",1995,NA,NA,0,0,0,0,"","","","","V2025.09.12"
"2588",211,"BEL","Belgium",1996,NA,NA,0,0,0,0,"","","","","V2025.09.12"
"2589",211,"BEL","Belgium",1997,NA,NA,0,0,0,0,"","","","","V2025.09.12"
"2590",211,"BEL","Belgium",1998,NA,NA,0,0,0,0,"","","","","V2025.09.12"
"2591",211,"BEL","Belgium",1999,NA,NA,0,0,0,0,"","","","","V2025.09.12"
"2592",211,"BEL","Belgium",2000,NA,NA,0,0,0,0,"","","","","V2025.09.12"
"2593",211,"BEL","Belgium",2001,NA,NA,0,0,0,0,"","","","","V2025.09.12"
"2594",211,"BEL","Belgium",2002,NA,NA,0,0,0,0,"","","","","V2025.09.12"
"2595",211,"BEL","Belgium",2003,NA,NA,0,0,0,0,"","","","","V2025.09.12"
"2596",211,"BEL","Belgium",2004,NA,NA,0,0,0,0,"","","","","V2025.09.12"
"2597",211,"BEL","Belgium",2005,NA,NA,0,0,0,0,"","","","","V2025.09.12"
"2598",211,"BEL","Belgium",2006,NA,NA,0,0,0,0,"","","","","V2025.09.12"
"2599",211,"BEL","Belgium",2007,NA,NA,0,0,0,0,"","","","","V2025.09.12"
"2600",211,"BEL","Belgium",2008,NA,NA,0,0,0,0,"","","","","V2025.09.12"
"2601",211,"BEL","Belgium",2009,NA,NA,0,0,0,0,"","","","","V2025.09.12"
"2602",211,"BEL","Belgium",2010,NA,NA,0,0,0,0,"","","","","V2025.09.12"
"2603",211,"BEL","Belgium",2011,NA,NA,0,0,0,0,"","","","","V2025.09.12"
"2604",211,"BEL","Belgium",2012,NA,NA,0,0,0,0,"","","","","V2025.09.12"
"2605",211,"BEL","Belgium",2013,NA,NA,0,0,0,0,"","","","","V2025.09.12"
"2606",211,"BEL","Belgium",2014,NA,NA,0,0,0,0,"","","","","V2025.09.12"
"2607",211,"BEL","Belgium",2015,NA,NA,0,0,0,0,"","","","","V2025.09.12"
"2608",211,"BEL","Belgium",2016,NA,NA,0,0,0,0,"","","","","V2025.09.12"
"2609",211,"BEL","Belgium",2017,NA,NA,0,0,0,0,"","","","","V2025.09.12"
"2610",211,"BEL","Belgium",2018,NA,NA,0,0,0,0,"","","","","V2025.09.12"
"2611",211,"BEL","Belgium",2019,NA,NA,0,0,0,0,"","","","","V2025.09.12"
"2612",211,"BEL","Belgium",2020,NA,NA,0,0,0,0,"","","","","V2025.09.12"
"2613",211,"BEL","Belgium",2021,NA,NA,0,0,0,0,"","","","","V2025.09.12"
"2614",211,"BEL","Belgium",2022,NA,NA,0,0,0,0,"","","","","V2025.09.12"
"2615",211,"BEL","Belgium",2023,NA,NA,0,0,0,0,"","","","","V2025.09.12"
"2616",211,"BEL","Belgium",2024,NA,NA,0,0,0,0,"","","","","V2025.09.12"
"2617",212,"LUX","Luxembourg",1950,NA,NA,0,0,0,0,"","","","","V2025.09.12"
"2618",212,"LUX","Luxembourg",1951,NA,NA,0,0,0,0,"","","","","V2025.09.12"
"2619",212,"LUX","Luxembourg",1952,NA,NA,0,0,0,0,"","","","","V2025.09.12"
"2620",212,"LUX","Luxembourg",1953,NA,NA,0,0,0,0,"","","","","V2025.09.12"
"2621",212,"LUX","Luxembourg",1954,NA,NA,0,0,0,0,"","","","","V2025.09.12"
"2622",212,"LUX","Luxembourg",1955,NA,NA,0,0,0,0,"","","","","V2025.09.12"
"2623",212,"LUX","Luxembourg",1956,NA,NA,0,0,0,0,"","","","","V2025.09.12"
"2624",212,"LUX","Luxembourg",1957,NA,NA,0,0,0,0,"","","","","V2025.09.12"
"2625",212,"LUX","Luxembourg",1958,NA,NA,0,0,0,0,"","","","","V2025.09.12"
"2626",212,"LUX","Luxembourg",1959,NA,NA,0,0,0,0,"","","","","V2025.09.12"
"2627",212,"LUX","Luxembourg",1960,NA,NA,0,0,0,0,"","","","","V2025.09.12"
"2628",212,"LUX","Luxembourg",1961,NA,NA,0,0,0,0,"","","","","V2025.09.12"
"2629",212,"LUX","Luxembourg",1962,NA,NA,0,0,0,0,"","","","","V2025.09.12"
"2630",212,"LUX","Luxembourg",1963,NA,NA,0,0,0,0,"","","","","V2025.09.12"
"2631",212,"LUX","Luxembourg",1964,NA,NA,0,0,0,0,"","","","","V2025.09.12"
"2632",212,"LUX","Luxembourg",1965,NA,NA,0,0,0,0,"","","","","V2025.09.12"
"2633",212,"LUX","Luxembourg",1966,NA,NA,0,0,0,0,"","","","","V2025.09.12"
"2634",212,"LUX","Luxembourg",1967,NA,NA,0,0,0,0,"","","","","V2025.09.12"
"2635",212,"LUX","Luxembourg",1968,NA,NA,0,0,0,0,"","","","","V2025.09.12"
"2636",212,"LUX","Luxembourg",1969,NA,NA,0,0,0,0,"","","","","V2025.09.12"
"2637",212,"LUX","Luxembourg",1970,NA,NA,0,0,0,0,"","","","","V2025.09.12"
"2638",212,"LUX","Luxembourg",1971,NA,NA,0,0,0,0,"","","","","V2025.09.12"
"2639",212,"LUX","Luxembourg",1972,NA,NA,0,0,0,0,"","","","","V2025.09.12"
"2640",212,"LUX","Luxembourg",1973,NA,NA,0,0,0,0,"","","","","V2025.09.12"
"2641",212,"LUX","Luxembourg",1974,NA,NA,0,0,0,0,"","","","","V2025.09.12"
"2642",212,"LUX","Luxembourg",1975,NA,NA,0,0,0,0,"","","","","V2025.09.12"
"2643",212,"LUX","Luxembourg",1976,NA,NA,0,0,0,0,"","","","","V2025.09.12"
"2644",212,"LUX","Luxembourg",1977,NA,NA,0,0,0,0,"","","","","V2025.09.12"
"2645",212,"LUX","Luxembourg",1978,NA,NA,0,0,0,0,"","","","","V2025.09.12"
"2646",212,"LUX","Luxembourg",1979,NA,NA,0,0,0,0,"","","","","V2025.09.12"
"2647",212,"LUX","Luxembourg",1980,NA,NA,0,0,0,0,"","","","","V2025.09.12"
"2648",212,"LUX","Luxembourg",1981,NA,NA,0,0,0,0,"","","","","V2025.09.12"
"2649",212,"LUX","Luxembourg",1982,NA,NA,0,0,0,0,"","","","","V2025.09.12"
"2650",212,"LUX","Luxembourg",1983,NA,NA,0,0,0,0,"","","","","V2025.09.12"
"2651",212,"LUX","Luxembourg",1984,NA,NA,0,0,0,0,"","","","","V2025.09.12"
"2652",212,"LUX","Luxembourg",1985,NA,NA,0,0,0,0,"","","","","V2025.09.12"
"2653",212,"LUX","Luxembourg",1986,NA,NA,0,0,0,0,"","","","","V2025.09.12"
"2654",212,"LUX","Luxembourg",1987,NA,NA,0,0,0,0,"","","","","V2025.09.12"
"2655",212,"LUX","Luxembourg",1988,NA,NA,0,0,0,0,"","","","","V2025.09.12"
"2656",212,"LUX","Luxembourg",1989,NA,NA,0,0,0,0,"","","","","V2025.09.12"
"2657",212,"LUX","Luxembourg",1990,NA,NA,0,0,0,0,"","","","","V2025.09.12"
"2658",212,"LUX","Luxembourg",1991,NA,NA,0,0,0,0,"","","","","V2025.09.12"
"2659",212,"LUX","Luxembourg",1992,NA,NA,0,0,0,0,"","","","","V2025.09.12"
"2660",212,"LUX","Luxembourg",1993,NA,NA,0,0,0,0,"","","","","V2025.09.12"
"2661",212,"LUX","Luxembourg",1994,NA,NA,0,0,0,0,"","","","","V2025.09.12"
"2662",212,"LUX","Luxembourg",1995,NA,NA,0,0,0,0,"","","","","V2025.09.12"
"2663",212,"LUX","Luxembourg",1996,NA,NA,0,0,0,0,"","","","","V2025.09.12"
"2664",212,"LUX","Luxembourg",1997,NA,NA,0,0,0,0,"","","","","V2025.09.12"
"2665",212,"LUX","Luxembourg",1998,NA,NA,0,0,0,0,"","","","","V2025.09.12"
"2666",212,"LUX","Luxembourg",1999,NA,NA,0,0,0,0,"","","","","V2025.09.12"
"2667",212,"LUX","Luxembourg",2000,NA,NA,0,0,0,0,"","","","","V2025.09.12"
"2668",212,"LUX","Luxembourg",2001,NA,NA,0,0,0,0,"","","","","V2025.09.12"
"2669",212,"LUX","Luxembourg",2002,NA,NA,0,0,0,0,"","","","","V2025.09.12"
"2670",212,"LUX","Luxembourg",2003,NA,NA,0,0,0,0,"","","","","V2025.09.12"
"2671",212,"LUX","Luxembourg",2004,NA,NA,0,0,0,0,"","","","","V2025.09.12"
"2672",212,"LUX","Luxembourg",2005,NA,NA,0,0,0,0,"","","","","V2025.09.12"
"2673",212,"LUX","Luxembourg",2006,NA,NA,0,0,0,0,"","","","","V2025.09.12"
"2674",212,"LUX","Luxembourg",2007,NA,NA,0,0,0,0,"","","","","V2025.09.12"
"2675",212,"LUX","Luxembourg",2008,NA,NA,0,0,0,0,"","","","","V2025.09.12"
"2676",212,"LUX","Luxembourg",2009,NA,NA,0,0,0,0,"","","","","V2025.09.12"
"2677",212,"LUX","Luxembourg",2010,NA,NA,0,0,0,0,"","","","","V2025.09.12"
"2678",212,"LUX","Luxembourg",2011,NA,NA,0,0,0,0,"","","","","V2025.09.12"
"2679",212,"LUX","Luxembourg",2012,NA,NA,0,0,0,0,"","","","","V2025.09.12"
"2680",212,"LUX","Luxembourg",2013,NA,NA,0,0,0,0,"","","","","V2025.09.12"
"2681",212,"LUX","Luxembourg",2014,NA,NA,0,0,0,0,"","","","","V2025.09.12"
"2682",212,"LUX","Luxembourg",2015,NA,NA,0,0,0,0,"","","","","V2025.09.12"
"2683",212,"LUX","Luxembourg",2016,NA,NA,0,0,0,0,"","","","","V2025.09.12"
"2684",212,"LUX","Luxembourg",2017,NA,NA,0,0,0,0,"","","","","V2025.09.12"
"2685",212,"LUX","Luxembourg",2018,NA,NA,0,0,0,0,"","","","","V2025.09.12"
"2686",212,"LUX","Luxembourg",2019,NA,NA,0,0,0,0,"","","","","V2025.09.12"
"2687",212,"LUX","Luxembourg",2020,NA,NA,0,0,0,0,"","","","","V2025.09.12"
"2688",212,"LUX","Luxembourg",2021,NA,NA,0,0,0,0,"","","","","V2025.09.12"
"2689",212,"LUX","Luxembourg",2022,NA,NA,0,0,0,0,"","","","","V2025.09.12"
"2690",212,"LUX","Luxembourg",2023,NA,NA,0,0,0,0,"","","","","V2025.09.12"
"2691",212,"LUX","Luxembourg",2024,NA,NA,0,0,0,0,"","","","","V2025.09.12"
"2692",220,"FRN","France",1950,NA,NA,0,0,0,0,"","","","","V2025.09.12"
"2693",220,"FRN","France",1951,NA,NA,0,0,0,0,"","","","","V2025.09.12"
"2694",220,"FRN","France",1952,NA,NA,0,0,0,0,"","","","","V2025.09.12"
"2695",220,"FRN","France",1953,NA,NA,0,0,0,0,"","","","","V2025.09.12"
"2696",220,"FRN","France",1954,NA,NA,0,0,0,0,"","","","","V2025.09.12"
"2697",220,"FRN","France",1955,NA,NA,0,0,0,0,"","","","","V2025.09.12"
"2698",220,"FRN","France",1956,NA,NA,0,0,0,0,"","","","","V2025.09.12"
"2699",220,"FRN","France",1957,NA,NA,0,0,0,0,"","","","","V2025.09.12"
"2700",220,"FRN","France",1958,NA,NA,0,0,0,0,"","","","","V2025.09.12"
"2701",220,"FRN","France",1959,NA,NA,0,0,0,0,"","","","","V2025.09.12"
"2702",220,"FRN","France",1960,NA,NA,0,0,0,0,"","","","","V2025.09.12"
"2703",220,"FRN","France",1961,NA,NA,0,0,0,0,"","","","","V2025.09.12"
"2704",220,"FRN","France",1962,NA,NA,0,0,0,0,"","","","","V2025.09.12"
"2705",220,"FRN","France",1963,NA,NA,0,0,0,0,"","","","","V2025.09.12"
"2706",220,"FRN","France",1964,NA,NA,0,0,0,0,"","","","","V2025.09.12"
"2707",220,"FRN","France",1965,NA,NA,0,0,0,0,"","","","","V2025.09.12"
"2708",220,"FRN","France",1966,NA,NA,0,0,0,0,"","","","","V2025.09.12"
"2709",220,"FRN","France",1967,NA,NA,0,0,0,0,"","","","","V2025.09.12"
"2710",220,"FRN","France",1968,NA,NA,0,0,0,0,"","","","","V2025.09.12"
"2711",220,"FRN","France",1969,NA,NA,0,0,0,0,"","","","","V2025.09.12"
"2712",220,"FRN","France",1970,NA,NA,0,0,0,0,"","","","","V2025.09.12"
"2713",220,"FRN","France",1971,NA,NA,0,0,0,0,"","","","","V2025.09.12"
"2714",220,"FRN","France",1972,NA,NA,0,0,0,0,"","","","","V2025.09.12"
"2715",220,"FRN","France",1973,NA,NA,0,0,0,0,"","","","","V2025.09.12"
"2716",220,"FRN","France",1974,NA,NA,0,0,0,0,"","","","","V2025.09.12"
"2717",220,"FRN","France",1975,NA,NA,0,0,0,0,"","","","","V2025.09.12"
"2718",220,"FRN","France",1976,NA,NA,0,0,0,0,"","","","","V2025.09.12"
"2719",220,"FRN","France",1977,NA,NA,0,0,0,0,"","","","","V2025.09.12"
"2720",220,"FRN","France",1978,NA,NA,0,0,0,0,"","","","","V2025.09.12"
"2721",220,"FRN","France",1979,NA,NA,0,0,0,0,"","","","","V2025.09.12"
"2722",220,"FRN","France",1980,NA,NA,0,0,0,0,"","","","","V2025.09.12"
"2723",220,"FRN","France",1981,NA,NA,0,0,0,0,"","","","","V2025.09.12"
"2724",220,"FRN","France",1982,NA,NA,0,0,0,0,"","","","","V2025.09.12"
"2725",220,"FRN","France",1983,NA,NA,0,0,0,0,"","","","","V2025.09.12"
"2726",220,"FRN","France",1984,NA,NA,0,0,0,0,"","","","","V2025.09.12"
"2727",220,"FRN","France",1985,NA,NA,0,0,0,0,"","","","","V2025.09.12"
"2728",220,"FRN","France",1986,NA,NA,0,0,0,0,"","","","","V2025.09.12"
"2729",220,"FRN","France",1987,NA,NA,0,0,0,0,"","","","","V2025.09.12"
"2730",220,"FRN","France",1988,NA,NA,0,0,0,0,"","","","","V2025.09.12"
"2731",220,"FRN","France",1989,NA,NA,0,0,0,0,"","","","","V2025.09.12"
"2732",220,"FRN","France",1990,NA,NA,0,0,0,0,"","","","","V2025.09.12"
"2733",220,"FRN","France",1991,NA,NA,0,0,0,0,"","","","","V2025.09.12"
"2734",220,"FRN","France",1992,NA,NA,0,0,0,0,"","","","","V2025.09.12"
"2735",220,"FRN","France",1993,NA,NA,0,0,0,0,"","","","","V2025.09.12"
"2736",220,"FRN","France",1994,NA,NA,0,0,0,0,"","","","","V2025.09.12"
"2737",220,"FRN","France",1995,NA,NA,0,0,0,0,"","","","","V2025.09.12"
"2738",220,"FRN","France",1996,NA,NA,0,0,0,0,"","","","","V2025.09.12"
"2739",220,"FRN","France",1997,NA,NA,0,0,0,0,"","","","","V2025.09.12"
"2740",220,"FRN","France",1998,NA,NA,0,0,0,0,"","","","","V2025.09.12"
"2741",220,"FRN","France",1999,NA,NA,0,0,0,0,"","","","","V2025.09.12"
"2742",220,"FRN","France",2000,NA,NA,0,0,0,0,"","","","","V2025.09.12"
"2743",220,"FRN","France",2001,NA,NA,0,0,0,0,"","","","","V2025.09.12"
"2744",220,"FRN","France",2002,NA,NA,0,0,0,0,"","","","","V2025.09.12"
"2745",220,"FRN","France",2003,NA,NA,0,0,0,0,"","","","","V2025.09.12"
"2746",220,"FRN","France",2004,NA,NA,0,0,0,0,"","","","","V2025.09.12"
"2747",220,"FRN","France",2005,NA,NA,0,0,0,0,"","","","","V2025.09.12"
"2748",220,"FRN","France",2006,NA,NA,0,0,0,0,"","","","","V2025.09.12"
"2749",220,"FRN","France",2007,NA,NA,0,0,0,0,"","","","","V2025.09.12"
"2750",220,"FRN","France",2008,NA,NA,0,0,0,0,"","","","","V2025.09.12"
"2751",220,"FRN","France",2009,NA,NA,0,0,0,0,"","","","","V2025.09.12"
"2752",220,"FRN","France",2010,NA,NA,0,0,0,0,"","","","","V2025.09.12"
"2753",220,"FRN","France",2011,NA,NA,0,0,0,0,"","","","","V2025.09.12"
"2754",220,"FRN","France",2012,NA,NA,0,0,0,0,"","","","","V2025.09.12"
"2755",220,"FRN","France",2013,NA,NA,0,0,0,0,"","","","","V2025.09.12"
"2756",220,"FRN","France",2014,NA,NA,0,0,0,0,"","","","","V2025.09.12"
"2757",220,"FRN","France",2015,NA,NA,0,0,0,0,"","","","","V2025.09.12"
"2758",220,"FRN","France",2016,NA,NA,0,0,0,0,"","","","","V2025.09.12"
"2759",220,"FRN","France",2017,NA,NA,0,0,0,0,"","","","","V2025.09.12"
"2760",220,"FRN","France",2018,NA,NA,0,0,0,0,"","","","","V2025.09.12"
"2761",220,"FRN","France",2019,NA,NA,0,0,0,0,"","","","","V2025.09.12"
"2762",220,"FRN","France",2020,NA,NA,0,0,0,0,"","","","","V2025.09.12"
"2763",220,"FRN","France",2021,NA,NA,0,0,0,0,"","","","","V2025.09.12"
"2764",220,"FRN","France",2022,NA,NA,0,0,0,0,"","","","","V2025.09.12"
"2765",220,"FRN","France",2023,NA,NA,0,0,0,0,"","","","","V2025.09.12"
"2766",220,"FRN","France",2024,NA,NA,0,0,0,0,"","","","","V2025.09.12"
"2767",221,"MNC","Monaco",1950,NA,NA,0,0,0,0,"","","","","V2025.09.12"
"2768",221,"MNC","Monaco",1951,NA,NA,0,0,0,0,"","","","","V2025.09.12"
"2769",221,"MNC","Monaco",1952,NA,NA,0,0,0,0,"","","","","V2025.09.12"
"2770",221,"MNC","Monaco",1953,NA,NA,0,0,0,0,"","","","","V2025.09.12"
"2771",221,"MNC","Monaco",1954,NA,NA,0,0,0,0,"","","","","V2025.09.12"
"2772",221,"MNC","Monaco",1955,NA,NA,0,0,0,0,"","","","","V2025.09.12"
"2773",221,"MNC","Monaco",1956,NA,NA,0,0,0,0,"","","","","V2025.09.12"
"2774",221,"MNC","Monaco",1957,NA,NA,0,0,0,0,"","","","","V2025.09.12"
"2775",221,"MNC","Monaco",1958,NA,NA,0,0,0,0,"","","","","V2025.09.12"
"2776",221,"MNC","Monaco",1959,NA,NA,0,0,0,0,"","","","","V2025.09.12"
"2777",221,"MNC","Monaco",1960,NA,NA,0,0,0,0,"","","","","V2025.09.12"
"2778",221,"MNC","Monaco",1961,NA,NA,0,0,0,0,"","","","","V2025.09.12"
"2779",221,"MNC","Monaco",1962,NA,NA,0,0,0,0,"","","","","V2025.09.12"
"2780",221,"MNC","Monaco",1963,NA,NA,0,0,0,0,"","","","","V2025.09.12"
"2781",221,"MNC","Monaco",1964,NA,NA,0,0,0,0,"","","","","V2025.09.12"
"2782",221,"MNC","Monaco",1965,NA,NA,0,0,0,0,"","","","","V2025.09.12"
"2783",221,"MNC","Monaco",1966,NA,NA,0,0,0,0,"","","","","V2025.09.12"
"2784",221,"MNC","Monaco",1967,NA,NA,0,0,0,0,"","","","","V2025.09.12"
"2785",221,"MNC","Monaco",1968,NA,NA,0,0,0,0,"","","","","V2025.09.12"
"2786",221,"MNC","Monaco",1969,NA,NA,0,0,0,0,"","","","","V2025.09.12"
"2787",221,"MNC","Monaco",1970,NA,NA,0,0,0,0,"","","","","V2025.09.12"
"2788",221,"MNC","Monaco",1971,NA,NA,0,0,0,0,"","","","","V2025.09.12"
"2789",221,"MNC","Monaco",1972,NA,NA,0,0,0,0,"","","","","V2025.09.12"
"2790",221,"MNC","Monaco",1973,NA,NA,0,0,0,0,"","","","","V2025.09.12"
"2791",221,"MNC","Monaco",1974,NA,NA,0,0,0,0,"","","","","V2025.09.12"
"2792",221,"MNC","Monaco",1975,NA,NA,0,0,0,0,"","","","","V2025.09.12"
"2793",221,"MNC","Monaco",1976,NA,NA,0,0,0,0,"","","","","V2025.09.12"
"2794",221,"MNC","Monaco",1977,NA,NA,0,0,0,0,"","","","","V2025.09.12"
"2795",221,"MNC","Monaco",1978,NA,NA,0,0,0,0,"","","","","V2025.09.12"
"2796",221,"MNC","Monaco",1979,NA,NA,0,0,0,0,"","","","","V2025.09.12"
"2797",221,"MNC","Monaco",1980,NA,NA,0,0,0,0,"","","","","V2025.09.12"
"2798",221,"MNC","Monaco",1981,NA,NA,0,0,0,0,"","","","","V2025.09.12"
"2799",221,"MNC","Monaco",1982,NA,NA,0,0,0,0,"","","","","V2025.09.12"
"2800",221,"MNC","Monaco",1983,NA,NA,0,0,0,0,"","","","","V2025.09.12"
"2801",221,"MNC","Monaco",1984,NA,NA,0,0,0,0,"","","","","V2025.09.12"
"2802",221,"MNC","Monaco",1985,NA,NA,0,0,0,0,"","","","","V2025.09.12"
"2803",221,"MNC","Monaco",1986,NA,NA,0,0,0,0,"","","","","V2025.09.12"
"2804",221,"MNC","Monaco",1987,NA,NA,0,0,0,0,"","","","","V2025.09.12"
"2805",221,"MNC","Monaco",1988,NA,NA,0,0,0,0,"","","","","V2025.09.12"
"2806",221,"MNC","Monaco",1989,NA,NA,0,0,0,0,"","","","","V2025.09.12"
"2807",221,"MNC","Monaco",1990,NA,NA,0,0,0,0,"","","","","V2025.09.12"
"2808",221,"MNC","Monaco",1991,NA,NA,0,0,0,0,"","","","","V2025.09.12"
"2809",221,"MNC","Monaco",1992,NA,NA,0,0,0,0,"","","","","V2025.09.12"
"2810",221,"MNC","Monaco",1993,NA,NA,0,0,0,0,"","","","","V2025.09.12"
"2811",221,"MNC","Monaco",1994,NA,NA,0,0,0,0,"","","","","V2025.09.12"
"2812",221,"MNC","Monaco",1995,NA,NA,0,0,0,0,"","","","","V2025.09.12"
"2813",221,"MNC","Monaco",1996,NA,NA,0,0,0,0,"","","","","V2025.09.12"
"2814",221,"MNC","Monaco",1997,NA,NA,0,0,0,0,"","","","","V2025.09.12"
"2815",221,"MNC","Monaco",1998,NA,NA,0,0,0,0,"","","","","V2025.09.12"
"2816",221,"MNC","Monaco",1999,NA,NA,0,0,0,0,"","","","","V2025.09.12"
"2817",221,"MNC","Monaco",2000,NA,NA,0,0,0,0,"","","","","V2025.09.12"
"2818",221,"MNC","Monaco",2001,NA,NA,0,0,0,0,"","","","","V2025.09.12"
"2819",221,"MNC","Monaco",2002,NA,NA,0,0,0,0,"","","","","V2025.09.12"
"2820",221,"MNC","Monaco",2003,NA,NA,0,0,0,0,"","","","","V2025.09.12"
"2821",221,"MNC","Monaco",2004,NA,NA,0,0,0,0,"","","","","V2025.09.12"
"2822",221,"MNC","Monaco",2005,NA,NA,0,0,0,0,"","","","","V2025.09.12"
"2823",221,"MNC","Monaco",2006,NA,NA,0,0,0,0,"","","","","V2025.09.12"
"2824",221,"MNC","Monaco",2007,NA,NA,0,0,0,0,"","","","","V2025.09.12"
"2825",221,"MNC","Monaco",2008,NA,NA,0,0,0,0,"","","","","V2025.09.12"
"2826",221,"MNC","Monaco",2009,NA,NA,0,0,0,0,"","","","","V2025.09.12"
"2827",221,"MNC","Monaco",2010,NA,NA,0,0,0,0,"","","","","V2025.09.12"
"2828",221,"MNC","Monaco",2011,NA,NA,0,0,0,0,"","","","","V2025.09.12"
"2829",221,"MNC","Monaco",2012,NA,NA,0,0,0,0,"","","","","V2025.09.12"
"2830",221,"MNC","Monaco",2013,NA,NA,0,0,0,0,"","","","","V2025.09.12"
"2831",221,"MNC","Monaco",2014,NA,NA,0,0,0,0,"","","","","V2025.09.12"
"2832",221,"MNC","Monaco",2015,NA,NA,0,0,0,0,"","","","","V2025.09.12"
"2833",221,"MNC","Monaco",2016,NA,NA,0,0,0,0,"","","","","V2025.09.12"
"2834",221,"MNC","Monaco",2017,NA,NA,0,0,0,0,"","","","","V2025.09.12"
"2835",221,"MNC","Monaco",2018,NA,NA,0,0,0,0,"","","","","V2025.09.12"
"2836",221,"MNC","Monaco",2019,NA,NA,0,0,0,0,"","","","","V2025.09.12"
"2837",221,"MNC","Monaco",2020,NA,NA,0,0,0,0,"","","","","V2025.09.12"
"2838",221,"MNC","Monaco",2021,NA,NA,0,0,0,0,"","","","","V2025.09.12"
"2839",221,"MNC","Monaco",2022,NA,NA,0,0,0,0,"","","","","V2025.09.12"
"2840",221,"MNC","Monaco",2023,NA,NA,0,0,0,0,"","","","","V2025.09.12"
"2841",221,"MNC","Monaco",2024,NA,NA,0,0,0,0,"","","","","V2025.09.12"
"2842",223,"LIE","Liechtenstein",1950,NA,NA,0,0,0,0,"","","","","V2025.09.12"
"2843",223,"LIE","Liechtenstein",1951,NA,NA,0,0,0,0,"","","","","V2025.09.12"
"2844",223,"LIE","Liechtenstein",1952,NA,NA,0,0,0,0,"","","","","V2025.09.12"
"2845",223,"LIE","Liechtenstein",1953,NA,NA,0,0,0,0,"","","","","V2025.09.12"
"2846",223,"LIE","Liechtenstein",1954,NA,NA,0,0,0,0,"","","","","V2025.09.12"
"2847",223,"LIE","Liechtenstein",1955,NA,NA,0,0,0,0,"","","","","V2025.09.12"
"2848",223,"LIE","Liechtenstein",1956,NA,NA,0,0,0,0,"","","","","V2025.09.12"
"2849",223,"LIE","Liechtenstein",1957,NA,NA,0,0,0,0,"","","","","V2025.09.12"
"2850",223,"LIE","Liechtenstein",1958,NA,NA,0,0,0,0,"","","","","V2025.09.12"
"2851",223,"LIE","Liechtenstein",1959,NA,NA,0,0,0,0,"","","","","V2025.09.12"
"2852",223,"LIE","Liechtenstein",1960,NA,NA,0,0,0,0,"","","","","V2025.09.12"
"2853",223,"LIE","Liechtenstein",1961,NA,NA,0,0,0,0,"","","","","V2025.09.12"
"2854",223,"LIE","Liechtenstein",1962,NA,NA,0,0,0,0,"","","","","V2025.09.12"
"2855",223,"LIE","Liechtenstein",1963,NA,NA,0,0,0,0,"","","","","V2025.09.12"
"2856",223,"LIE","Liechtenstein",1964,NA,NA,0,0,0,0,"","","","","V2025.09.12"
"2857",223,"LIE","Liechtenstein",1965,NA,NA,0,0,0,0,"","","","","V2025.09.12"
"2858",223,"LIE","Liechtenstein",1966,NA,NA,0,0,0,0,"","","","","V2025.09.12"
"2859",223,"LIE","Liechtenstein",1967,NA,NA,0,0,0,0,"","","","","V2025.09.12"
"2860",223,"LIE","Liechtenstein",1968,NA,NA,0,0,0,0,"","","","","V2025.09.12"
"2861",223,"LIE","Liechtenstein",1969,NA,NA,0,0,0,0,"","","","","V2025.09.12"
"2862",223,"LIE","Liechtenstein",1970,NA,NA,0,0,0,0,"","","","","V2025.09.12"
"2863",223,"LIE","Liechtenstein",1971,NA,NA,0,0,0,0,"","","","","V2025.09.12"
"2864",223,"LIE","Liechtenstein",1972,NA,NA,0,0,0,0,"","","","","V2025.09.12"
"2865",223,"LIE","Liechtenstein",1973,NA,NA,0,0,0,0,"","","","","V2025.09.12"
"2866",223,"LIE","Liechtenstein",1974,NA,NA,0,0,0,0,"","","","","V2025.09.12"
"2867",223,"LIE","Liechtenstein",1975,NA,NA,0,0,0,0,"","","","","V2025.09.12"
"2868",223,"LIE","Liechtenstein",1976,NA,NA,0,0,0,0,"","","","","V2025.09.12"
"2869",223,"LIE","Liechtenstein",1977,NA,NA,0,0,0,0,"","","","","V2025.09.12"
"2870",223,"LIE","Liechtenstein",1978,NA,NA,0,0,0,0,"","","","","V2025.09.12"
"2871",223,"LIE","Liechtenstein",1979,NA,NA,0,0,0,0,"","","","","V2025.09.12"
"2872",223,"LIE","Liechtenstein",1980,NA,NA,0,0,0,0,"","","","","V2025.09.12"
"2873",223,"LIE","Liechtenstein",1981,NA,NA,0,0,0,0,"","","","","V2025.09.12"
"2874",223,"LIE","Liechtenstein",1982,NA,NA,0,0,0,0,"","","","","V2025.09.12"
"2875",223,"LIE","Liechtenstein",1983,NA,NA,0,0,0,0,"","","","","V2025.09.12"
"2876",223,"LIE","Liechtenstein",1984,NA,NA,0,0,0,0,"","","","","V2025.09.12"
"2877",223,"LIE","Liechtenstein",1985,NA,NA,0,0,0,0,"","","","","V2025.09.12"
"2878",223,"LIE","Liechtenstein",1986,NA,NA,0,0,0,0,"","","","","V2025.09.12"
"2879",223,"LIE","Liechtenstein",1987,NA,NA,0,0,0,0,"","","","","V2025.09.12"
"2880",223,"LIE","Liechtenstein",1988,NA,NA,0,0,0,0,"","","","","V2025.09.12"
"2881",223,"LIE","Liechtenstein",1989,NA,NA,0,0,0,0,"","","","","V2025.09.12"
"2882",223,"LIE","Liechtenstein",1990,NA,NA,0,0,0,0,"","","","","V2025.09.12"
"2883",223,"LIE","Liechtenstein",1991,NA,NA,0,0,0,0,"","","","","V2025.09.12"
"2884",223,"LIE","Liechtenstein",1992,NA,NA,0,0,0,0,"","","","","V2025.09.12"
"2885",223,"LIE","Liechtenstein",1993,NA,NA,0,0,0,0,"","","","","V2025.09.12"
"2886",223,"LIE","Liechtenstein",1994,NA,NA,0,0,0,0,"","","","","V2025.09.12"
"2887",223,"LIE","Liechtenstein",1995,NA,NA,0,0,0,0,"","","","","V2025.09.12"
"2888",223,"LIE","Liechtenstein",1996,NA,NA,0,0,0,0,"","","","","V2025.09.12"
"2889",223,"LIE","Liechtenstein",1997,NA,NA,0,0,0,0,"","","","","V2025.09.12"
"2890",223,"LIE","Liechtenstein",1998,NA,NA,0,0,0,0,"","","","","V2025.09.12"
"2891",223,"LIE","Liechtenstein",1999,NA,NA,0,0,0,0,"","","","","V2025.09.12"
"2892",223,"LIE","Liechtenstein",2000,NA,NA,0,0,0,0,"","","","","V2025.09.12"
"2893",223,"LIE","Liechtenstein",2001,NA,NA,0,0,0,0,"","","","","V2025.09.12"
"2894",223,"LIE","Liechtenstein",2002,NA,NA,0,0,0,0,"","","","","V2025.09.12"
"2895",223,"LIE","Liechtenstein",2003,NA,NA,0,0,0,0,"","","","","V2025.09.12"
"2896",223,"LIE","Liechtenstein",2004,NA,NA,0,0,0,0,"","","","","V2025.09.12"
"2897",223,"LIE","Liechtenstein",2005,NA,NA,0,0,0,0,"","","","","V2025.09.12"
"2898",223,"LIE","Liechtenstein",2006,NA,NA,0,0,0,0,"","","","","V2025.09.12"
"2899",223,"LIE","Liechtenstein",2007,NA,NA,0,0,0,0,"","","","","V2025.09.12"
"2900",223,"LIE","Liechtenstein",2008,NA,NA,0,0,0,0,"","","","","V2025.09.12"
"2901",223,"LIE","Liechtenstein",2009,NA,NA,0,0,0,0,"","","","","V2025.09.12"
"2902",223,"LIE","Liechtenstein",2010,NA,NA,0,0,0,0,"","","","","V2025.09.12"
"2903",223,"LIE","Liechtenstein",2011,NA,NA,0,0,0,0,"","","","","V2025.09.12"
"2904",223,"LIE","Liechtenstein",2012,NA,NA,0,0,0,0,"","","","","V2025.09.12"
"2905",223,"LIE","Liechtenstein",2013,NA,NA,0,0,0,0,"","","","","V2025.09.12"
"2906",223,"LIE","Liechtenstein",2014,NA,NA,0,0,0,0,"","","","","V2025.09.12"
"2907",223,"LIE","Liechtenstein",2015,NA,NA,0,0,0,0,"","","","","V2025.09.12"
"2908",223,"LIE","Liechtenstein",2016,NA,NA,0,0,0,0,"","","","","V2025.09.12"
"2909",223,"LIE","Liechtenstein",2017,NA,NA,0,0,0,0,"","","","","V2025.09.12"
"2910",223,"LIE","Liechtenstein",2018,NA,NA,0,0,0,0,"","","","","V2025.09.12"
"2911",223,"LIE","Liechtenstein",2019,NA,NA,0,0,0,0,"","","","","V2025.09.12"
"2912",223,"LIE","Liechtenstein",2020,NA,NA,0,0,0,0,"","","","","V2025.09.12"
"2913",223,"LIE","Liechtenstein",2021,NA,NA,0,0,0,0,"","","","","V2025.09.12"
"2914",223,"LIE","Liechtenstein",2022,NA,NA,0,0,0,0,"","","","","V2025.09.12"
"2915",223,"LIE","Liechtenstein",2023,NA,NA,0,0,0,0,"","","","","V2025.09.12"
"2916",223,"LIE","Liechtenstein",2024,NA,NA,0,0,0,0,"","","","","V2025.09.12"
"2917",225,"SWZ","Switzerland",1950,NA,NA,0,0,0,0,"","","","","V2025.09.12"
"2918",225,"SWZ","Switzerland",1951,NA,NA,0,0,0,0,"","","","","V2025.09.12"
"2919",225,"SWZ","Switzerland",1952,NA,NA,0,0,0,0,"","","","","V2025.09.12"
"2920",225,"SWZ","Switzerland",1953,NA,NA,0,0,0,0,"","","","","V2025.09.12"
"2921",225,"SWZ","Switzerland",1954,NA,NA,0,0,0,0,"","","","","V2025.09.12"
"2922",225,"SWZ","Switzerland",1955,NA,NA,0,0,0,0,"","","","","V2025.09.12"
"2923",225,"SWZ","Switzerland",1956,NA,NA,0,0,0,0,"","","","","V2025.09.12"
"2924",225,"SWZ","Switzerland",1957,NA,NA,0,0,0,0,"","","","","V2025.09.12"
"2925",225,"SWZ","Switzerland",1958,NA,NA,0,0,0,0,"","","","","V2025.09.12"
"2926",225,"SWZ","Switzerland",1959,NA,NA,0,0,0,0,"","","","","V2025.09.12"
"2927",225,"SWZ","Switzerland",1960,NA,NA,0,0,0,0,"","","","","V2025.09.12"
"2928",225,"SWZ","Switzerland",1961,NA,NA,0,0,0,0,"","","","","V2025.09.12"
"2929",225,"SWZ","Switzerland",1962,NA,NA,0,0,0,0,"","","","","V2025.09.12"
"2930",225,"SWZ","Switzerland",1963,NA,NA,0,0,0,0,"","","","","V2025.09.12"
"2931",225,"SWZ","Switzerland",1964,NA,NA,0,0,0,0,"","","","","V2025.09.12"
"2932",225,"SWZ","Switzerland",1965,NA,NA,0,0,0,0,"","","","","V2025.09.12"
"2933",225,"SWZ","Switzerland",1966,NA,NA,0,0,0,0,"","","","","V2025.09.12"
"2934",225,"SWZ","Switzerland",1967,NA,NA,0,0,0,0,"","","","","V2025.09.12"
"2935",225,"SWZ","Switzerland",1968,NA,NA,0,0,0,0,"","","","","V2025.09.12"
"2936",225,"SWZ","Switzerland",1969,NA,NA,0,0,0,0,"","","","","V2025.09.12"
"2937",225,"SWZ","Switzerland",1970,NA,NA,0,0,0,0,"","","","","V2025.09.12"
"2938",225,"SWZ","Switzerland",1971,NA,NA,0,0,0,0,"","","","","V2025.09.12"
"2939",225,"SWZ","Switzerland",1972,NA,NA,0,0,0,0,"","","","","V2025.09.12"
"2940",225,"SWZ","Switzerland",1973,NA,NA,0,0,0,0,"","","","","V2025.09.12"
"2941",225,"SWZ","Switzerland",1974,NA,NA,0,0,0,0,"","","","","V2025.09.12"
"2942",225,"SWZ","Switzerland",1975,NA,NA,0,0,0,0,"","","","","V2025.09.12"
"2943",225,"SWZ","Switzerland",1976,NA,NA,0,0,0,0,"","","","","V2025.09.12"
"2944",225,"SWZ","Switzerland",1977,NA,NA,0,0,0,0,"","","","","V2025.09.12"
"2945",225,"SWZ","Switzerland",1978,NA,NA,0,0,0,0,"","","","","V2025.09.12"
"2946",225,"SWZ","Switzerland",1979,NA,NA,0,0,0,0,"","","","","V2025.09.12"
"2947",225,"SWZ","Switzerland",1980,NA,NA,0,0,0,0,"","","","","V2025.09.12"
"2948",225,"SWZ","Switzerland",1981,NA,NA,0,0,0,0,"","","","","V2025.09.12"
"2949",225,"SWZ","Switzerland",1982,NA,NA,0,0,0,0,"","","","","V2025.09.12"
"2950",225,"SWZ","Switzerland",1983,NA,NA,0,0,0,0,"","","","","V2025.09.12"
"2951",225,"SWZ","Switzerland",1984,NA,NA,0,0,0,0,"","","","","V2025.09.12"
"2952",225,"SWZ","Switzerland",1985,NA,NA,0,0,0,0,"","","","","V2025.09.12"
"2953",225,"SWZ","Switzerland",1986,NA,NA,0,0,0,0,"","","","","V2025.09.12"
"2954",225,"SWZ","Switzerland",1987,NA,NA,0,0,0,0,"","","","","V2025.09.12"
"2955",225,"SWZ","Switzerland",1988,NA,NA,0,0,0,0,"","","","","V2025.09.12"
"2956",225,"SWZ","Switzerland",1989,NA,NA,0,0,0,0,"","","","","V2025.09.12"
"2957",225,"SWZ","Switzerland",1990,NA,NA,0,0,0,0,"","","","","V2025.09.12"
"2958",225,"SWZ","Switzerland",1991,NA,NA,0,0,0,0,"","","","","V2025.09.12"
"2959",225,"SWZ","Switzerland",1992,NA,NA,0,0,0,0,"","","","","V2025.09.12"
"2960",225,"SWZ","Switzerland",1993,NA,NA,0,0,0,0,"","","","","V2025.09.12"
"2961",225,"SWZ","Switzerland",1994,NA,NA,0,0,0,0,"","","","","V2025.09.12"
"2962",225,"SWZ","Switzerland",1995,NA,NA,0,0,0,0,"","","","","V2025.09.12"
"2963",225,"SWZ","Switzerland",1996,NA,NA,0,0,0,0,"","","","","V2025.09.12"
"2964",225,"SWZ","Switzerland",1997,NA,NA,0,0,0,0,"","","","","V2025.09.12"
"2965",225,"SWZ","Switzerland",1998,NA,NA,0,0,0,0,"","","","","V2025.09.12"
"2966",225,"SWZ","Switzerland",1999,NA,NA,0,0,0,0,"","","","","V2025.09.12"
"2967",225,"SWZ","Switzerland",2000,NA,NA,0,0,0,0,"","","","","V2025.09.12"
"2968",225,"SWZ","Switzerland",2001,NA,NA,0,0,0,0,"","","","","V2025.09.12"
"2969",225,"SWZ","Switzerland",2002,NA,NA,0,0,0,0,"","","","","V2025.09.12"
"2970",225,"SWZ","Switzerland",2003,NA,NA,0,0,0,0,"","","","","V2025.09.12"
"2971",225,"SWZ","Switzerland",2004,NA,NA,0,0,0,0,"","","","","V2025.09.12"
"2972",225,"SWZ","Switzerland",2005,NA,NA,0,0,0,0,"","","","","V2025.09.12"
"2973",225,"SWZ","Switzerland",2006,NA,NA,0,0,0,0,"","","","","V2025.09.12"
"2974",225,"SWZ","Switzerland",2007,NA,NA,0,0,0,0,"","","","","V2025.09.12"
"2975",225,"SWZ","Switzerland",2008,NA,NA,0,0,0,0,"","","","","V2025.09.12"
"2976",225,"SWZ","Switzerland",2009,NA,NA,0,0,0,0,"","","","","V2025.09.12"
"2977",225,"SWZ","Switzerland",2010,NA,NA,0,0,0,0,"","","","","V2025.09.12"
"2978",225,"SWZ","Switzerland",2011,NA,NA,0,0,0,0,"","","","","V2025.09.12"
"2979",225,"SWZ","Switzerland",2012,NA,NA,0,0,0,0,"","","","","V2025.09.12"
"2980",225,"SWZ","Switzerland",2013,NA,NA,0,0,0,0,"","","","","V2025.09.12"
"2981",225,"SWZ","Switzerland",2014,NA,NA,0,0,0,0,"","","","","V2025.09.12"
"2982",225,"SWZ","Switzerland",2015,NA,NA,0,0,0,0,"","","","","V2025.09.12"
"2983",225,"SWZ","Switzerland",2016,NA,NA,0,0,0,0,"","","","","V2025.09.12"
"2984",225,"SWZ","Switzerland",2017,NA,NA,0,0,0,0,"","","","","V2025.09.12"
"2985",225,"SWZ","Switzerland",2018,NA,NA,0,0,0,0,"","","","","V2025.09.12"
"2986",225,"SWZ","Switzerland",2019,NA,NA,0,0,0,0,"","","","","V2025.09.12"
"2987",225,"SWZ","Switzerland",2020,NA,NA,0,0,0,0,"","","","","V2025.09.12"
"2988",225,"SWZ","Switzerland",2021,NA,NA,0,0,0,0,"","","","","V2025.09.12"
"2989",225,"SWZ","Switzerland",2022,NA,NA,0,0,0,0,"","","","","V2025.09.12"
"2990",225,"SWZ","Switzerland",2023,NA,NA,0,0,0,0,"","","","","V2025.09.12"
"2991",225,"SWZ","Switzerland",2024,NA,NA,0,0,0,0,"","","","","V2025.09.12"
"2992",230,"SPN","Spain",1950,NA,NA,0,0,0,0,"","","","","V2025.09.12"
"2993",230,"SPN","Spain",1951,NA,NA,0,0,0,0,"","","","","V2025.09.12"
"2994",230,"SPN","Spain",1952,NA,NA,0,0,0,0,"","","","","V2025.09.12"
"2995",230,"SPN","Spain",1953,NA,NA,0,0,0,0,"","","","","V2025.09.12"
"2996",230,"SPN","Spain",1954,NA,NA,0,0,0,0,"","","","","V2025.09.12"
"2997",230,"SPN","Spain",1955,NA,NA,0,0,0,0,"","","","","V2025.09.12"
"2998",230,"SPN","Spain",1956,NA,NA,0,0,0,0,"","","","","V2025.09.12"
"2999",230,"SPN","Spain",1957,NA,NA,0,0,0,0,"","","","","V2025.09.12"
"3000",230,"SPN","Spain",1958,NA,NA,0,0,0,0,"","","","","V2025.09.12"
"3001",230,"SPN","Spain",1959,NA,NA,0,0,0,0,"","","","","V2025.09.12"
"3002",230,"SPN","Spain",1960,NA,NA,0,0,0,0,"","","","","V2025.09.12"
"3003",230,"SPN","Spain",1961,NA,NA,0,0,0,0,"","","","","V2025.09.12"
"3004",230,"SPN","Spain",1962,NA,NA,0,0,0,0,"","","","","V2025.09.12"
"3005",230,"SPN","Spain",1963,NA,NA,0,0,0,0,"","","","","V2025.09.12"
"3006",230,"SPN","Spain",1964,NA,NA,0,0,0,0,"","","","","V2025.09.12"
"3007",230,"SPN","Spain",1965,NA,NA,0,0,0,0,"","","","","V2025.09.12"
"3008",230,"SPN","Spain",1966,NA,NA,0,0,0,0,"","","","","V2025.09.12"
"3009",230,"SPN","Spain",1967,NA,NA,0,0,0,0,"","","","","V2025.09.12"
"3010",230,"SPN","Spain",1968,NA,NA,0,0,0,0,"","","","","V2025.09.12"
"3011",230,"SPN","Spain",1969,NA,NA,0,0,0,0,"","","","","V2025.09.12"
"3012",230,"SPN","Spain",1970,NA,NA,0,0,0,0,"","","","","V2025.09.12"
"3013",230,"SPN","Spain",1971,NA,NA,0,0,0,0,"","","","","V2025.09.12"
"3014",230,"SPN","Spain",1972,NA,NA,0,0,0,0,"","","","","V2025.09.12"
"3015",230,"SPN","Spain",1973,NA,NA,0,0,0,0,"","","","","V2025.09.12"
"3016",230,"SPN","Spain",1974,NA,NA,0,0,0,0,"","","","","V2025.09.12"
"3017",230,"SPN","Spain",1975,NA,NA,0,0,0,0,"","","","","V2025.09.12"
"3018",230,"SPN","Spain",1976,NA,NA,0,0,0,0,"","","","","V2025.09.12"
"3019",230,"SPN","Spain",1977,NA,NA,0,0,0,0,"","","","","V2025.09.12"
"3020",230,"SPN","Spain",1978,NA,NA,0,0,0,0,"","","","","V2025.09.12"
"3021",230,"SPN","Spain",1979,NA,NA,0,0,0,0,"","","","","V2025.09.12"
"3022",230,"SPN","Spain",1980,NA,NA,0,0,0,0,"","","","","V2025.09.12"
"3023",230,"SPN","Spain",1981,NA,NA,1,0,0,0,"23feb1981","","","","V2025.09.12"
"3024",230,"SPN","Spain",1982,NA,NA,0,0,0,0,"","","","","V2025.09.12"
"3025",230,"SPN","Spain",1983,NA,NA,0,0,0,0,"","","","","V2025.09.12"
"3026",230,"SPN","Spain",1984,NA,NA,0,0,0,0,"","","","","V2025.09.12"
"3027",230,"SPN","Spain",1985,NA,NA,0,0,0,0,"","","","","V2025.09.12"
"3028",230,"SPN","Spain",1986,NA,NA,0,0,0,0,"","","","","V2025.09.12"
"3029",230,"SPN","Spain",1987,NA,NA,0,0,0,0,"","","","","V2025.09.12"
"3030",230,"SPN","Spain",1988,NA,NA,0,0,0,0,"","","","","V2025.09.12"
"3031",230,"SPN","Spain",1989,NA,NA,0,0,0,0,"","","","","V2025.09.12"
"3032",230,"SPN","Spain",1990,NA,NA,0,0,0,0,"","","","","V2025.09.12"
"3033",230,"SPN","Spain",1991,NA,NA,0,0,0,0,"","","","","V2025.09.12"
"3034",230,"SPN","Spain",1992,NA,NA,0,0,0,0,"","","","","V2025.09.12"
"3035",230,"SPN","Spain",1993,NA,NA,0,0,0,0,"","","","","V2025.09.12"
"3036",230,"SPN","Spain",1994,NA,NA,0,0,0,0,"","","","","V2025.09.12"
"3037",230,"SPN","Spain",1995,NA,NA,0,0,0,0,"","","","","V2025.09.12"
"3038",230,"SPN","Spain",1996,NA,NA,0,0,0,0,"","","","","V2025.09.12"
"3039",230,"SPN","Spain",1997,NA,NA,0,0,0,0,"","","","","V2025.09.12"
"3040",230,"SPN","Spain",1998,NA,NA,0,0,0,0,"","","","","V2025.09.12"
"3041",230,"SPN","Spain",1999,NA,NA,0,0,0,0,"","","","","V2025.09.12"
"3042",230,"SPN","Spain",2000,NA,NA,0,0,0,0,"","","","","V2025.09.12"
"3043",230,"SPN","Spain",2001,NA,NA,0,0,0,0,"","","","","V2025.09.12"
"3044",230,"SPN","Spain",2002,NA,NA,0,0,0,0,"","","","","V2025.09.12"
"3045",230,"SPN","Spain",2003,NA,NA,0,0,0,0,"","","","","V2025.09.12"
"3046",230,"SPN","Spain",2004,NA,NA,0,0,0,0,"","","","","V2025.09.12"
"3047",230,"SPN","Spain",2005,NA,NA,0,0,0,0,"","","","","V2025.09.12"
"3048",230,"SPN","Spain",2006,NA,NA,0,0,0,0,"","","","","V2025.09.12"
"3049",230,"SPN","Spain",2007,NA,NA,0,0,0,0,"","","","","V2025.09.12"
"3050",230,"SPN","Spain",2008,NA,NA,0,0,0,0,"","","","","V2025.09.12"
"3051",230,"SPN","Spain",2009,NA,NA,0,0,0,0,"","","","","V2025.09.12"
"3052",230,"SPN","Spain",2010,NA,NA,0,0,0,0,"","","","","V2025.09.12"
"3053",230,"SPN","Spain",2011,NA,NA,0,0,0,0,"","","","","V2025.09.12"
"3054",230,"SPN","Spain",2012,NA,NA,0,0,0,0,"","","","","V2025.09.12"
"3055",230,"SPN","Spain",2013,NA,NA,0,0,0,0,"","","","","V2025.09.12"
"3056",230,"SPN","Spain",2014,NA,NA,0,0,0,0,"","","","","V2025.09.12"
"3057",230,"SPN","Spain",2015,NA,NA,0,0,0,0,"","","","","V2025.09.12"
"3058",230,"SPN","Spain",2016,NA,NA,0,0,0,0,"","","","","V2025.09.12"
"3059",230,"SPN","Spain",2017,NA,NA,0,0,0,0,"","","","","V2025.09.12"
"3060",230,"SPN","Spain",2018,NA,NA,0,0,0,0,"","","","","V2025.09.12"
"3061",230,"SPN","Spain",2019,NA,NA,0,0,0,0,"","","","","V2025.09.12"
"3062",230,"SPN","Spain",2020,NA,NA,0,0,0,0,"","","","","V2025.09.12"
"3063",230,"SPN","Spain",2021,NA,NA,0,0,0,0,"","","","","V2025.09.12"
"3064",230,"SPN","Spain",2022,NA,NA,0,0,0,0,"","","","","V2025.09.12"
"3065",230,"SPN","Spain",2023,NA,NA,0,0,0,0,"","","","","V2025.09.12"
"3066",230,"SPN","Spain",2024,NA,NA,0,0,0,0,"","","","","V2025.09.12"
"3067",232,"AND","Andorra",1950,NA,NA,0,0,0,0,"","","","","V2025.09.12"
"3068",232,"AND","Andorra",1951,NA,NA,0,0,0,0,"","","","","V2025.09.12"
"3069",232,"AND","Andorra",1952,NA,NA,0,0,0,0,"","","","","V2025.09.12"
"3070",232,"AND","Andorra",1953,NA,NA,0,0,0,0,"","","","","V2025.09.12"
"3071",232,"AND","Andorra",1954,NA,NA,0,0,0,0,"","","","","V2025.09.12"
"3072",232,"AND","Andorra",1955,NA,NA,0,0,0,0,"","","","","V2025.09.12"
"3073",232,"AND","Andorra",1956,NA,NA,0,0,0,0,"","","","","V2025.09.12"
"3074",232,"AND","Andorra",1957,NA,NA,0,0,0,0,"","","","","V2025.09.12"
"3075",232,"AND","Andorra",1958,NA,NA,0,0,0,0,"","","","","V2025.09.12"
"3076",232,"AND","Andorra",1959,NA,NA,0,0,0,0,"","","","","V2025.09.12"
"3077",232,"AND","Andorra",1960,NA,NA,0,0,0,0,"","","","","V2025.09.12"
"3078",232,"AND","Andorra",1961,NA,NA,0,0,0,0,"","","","","V2025.09.12"
"3079",232,"AND","Andorra",1962,NA,NA,0,0,0,0,"","","","","V2025.09.12"
"3080",232,"AND","Andorra",1963,NA,NA,0,0,0,0,"","","","","V2025.09.12"
"3081",232,"AND","Andorra",1964,NA,NA,0,0,0,0,"","","","","V2025.09.12"
"3082",232,"AND","Andorra",1965,NA,NA,0,0,0,0,"","","","","V2025.09.12"
"3083",232,"AND","Andorra",1966,NA,NA,0,0,0,0,"","","","","V2025.09.12"
"3084",232,"AND","Andorra",1967,NA,NA,0,0,0,0,"","","","","V2025.09.12"
"3085",232,"AND","Andorra",1968,NA,NA,0,0,0,0,"","","","","V2025.09.12"
"3086",232,"AND","Andorra",1969,NA,NA,0,0,0,0,"","","","","V2025.09.12"
"3087",232,"AND","Andorra",1970,NA,NA,0,0,0,0,"","","","","V2025.09.12"
"3088",232,"AND","Andorra",1971,NA,NA,0,0,0,0,"","","","","V2025.09.12"
"3089",232,"AND","Andorra",1972,NA,NA,0,0,0,0,"","","","","V2025.09.12"
"3090",232,"AND","Andorra",1973,NA,NA,0,0,0,0,"","","","","V2025.09.12"
"3091",232,"AND","Andorra",1974,NA,NA,0,0,0,0,"","","","","V2025.09.12"
"3092",232,"AND","Andorra",1975,NA,NA,0,0,0,0,"","","","","V2025.09.12"
"3093",232,"AND","Andorra",1976,NA,NA,0,0,0,0,"","","","","V2025.09.12"
"3094",232,"AND","Andorra",1977,NA,NA,0,0,0,0,"","","","","V2025.09.12"
"3095",232,"AND","Andorra",1978,NA,NA,0,0,0,0,"","","","","V2025.09.12"
"3096",232,"AND","Andorra",1979,NA,NA,0,0,0,0,"","","","","V2025.09.12"
"3097",232,"AND","Andorra",1980,NA,NA,0,0,0,0,"","","","","V2025.09.12"
"3098",232,"AND","Andorra",1981,NA,NA,0,0,0,0,"","","","","V2025.09.12"
"3099",232,"AND","Andorra",1982,NA,NA,0,0,0,0,"","","","","V2025.09.12"
"3100",232,"AND","Andorra",1983,NA,NA,0,0,0,0,"","","","","V2025.09.12"
"3101",232,"AND","Andorra",1984,NA,NA,0,0,0,0,"","","","","V2025.09.12"
"3102",232,"AND","Andorra",1985,NA,NA,0,0,0,0,"","","","","V2025.09.12"
"3103",232,"AND","Andorra",1986,NA,NA,0,0,0,0,"","","","","V2025.09.12"
"3104",232,"AND","Andorra",1987,NA,NA,0,0,0,0,"","","","","V2025.09.12"
"3105",232,"AND","Andorra",1988,NA,NA,0,0,0,0,"","","","","V2025.09.12"
"3106",232,"AND","Andorra",1989,NA,NA,0,0,0,0,"","","","","V2025.09.12"
"3107",232,"AND","Andorra",1990,NA,NA,0,0,0,0,"","","","","V2025.09.12"
"3108",232,"AND","Andorra",1991,NA,NA,0,0,0,0,"","","","","V2025.09.12"
"3109",232,"AND","Andorra",1992,NA,NA,0,0,0,0,"","","","","V2025.09.12"
"3110",232,"AND","Andorra",1993,NA,NA,0,0,0,0,"","","","","V2025.09.12"
"3111",232,"AND","Andorra",1994,NA,NA,0,0,0,0,"","","","","V2025.09.12"
"3112",232,"AND","Andorra",1995,NA,NA,0,0,0,0,"","","","","V2025.09.12"
"3113",232,"AND","Andorra",1996,NA,NA,0,0,0,0,"","","","","V2025.09.12"
"3114",232,"AND","Andorra",1997,NA,NA,0,0,0,0,"","","","","V2025.09.12"
"3115",232,"AND","Andorra",1998,NA,NA,0,0,0,0,"","","","","V2025.09.12"
"3116",232,"AND","Andorra",1999,NA,NA,0,0,0,0,"","","","","V2025.09.12"
"3117",232,"AND","Andorra",2000,NA,NA,0,0,0,0,"","","","","V2025.09.12"
"3118",232,"AND","Andorra",2001,NA,NA,0,0,0,0,"","","","","V2025.09.12"
"3119",232,"AND","Andorra",2002,NA,NA,0,0,0,0,"","","","","V2025.09.12"
"3120",232,"AND","Andorra",2003,NA,NA,0,0,0,0,"","","","","V2025.09.12"
"3121",232,"AND","Andorra",2004,NA,NA,0,0,0,0,"","","","","V2025.09.12"
"3122",232,"AND","Andorra",2005,NA,NA,0,0,0,0,"","","","","V2025.09.12"
"3123",232,"AND","Andorra",2006,NA,NA,0,0,0,0,"","","","","V2025.09.12"
"3124",232,"AND","Andorra",2007,NA,NA,0,0,0,0,"","","","","V2025.09.12"
"3125",232,"AND","Andorra",2008,NA,NA,0,0,0,0,"","","","","V2025.09.12"
"3126",232,"AND","Andorra",2009,NA,NA,0,0,0,0,"","","","","V2025.09.12"
"3127",232,"AND","Andorra",2010,NA,NA,0,0,0,0,"","","","","V2025.09.12"
"3128",232,"AND","Andorra",2011,NA,NA,0,0,0,0,"","","","","V2025.09.12"
"3129",232,"AND","Andorra",2012,NA,NA,0,0,0,0,"","","","","V2025.09.12"
"3130",232,"AND","Andorra",2013,NA,NA,0,0,0,0,"","","","","V2025.09.12"
"3131",232,"AND","Andorra",2014,NA,NA,0,0,0,0,"","","","","V2025.09.12"
"3132",232,"AND","Andorra",2015,NA,NA,0,0,0,0,"","","","","V2025.09.12"
"3133",232,"AND","Andorra",2016,NA,NA,0,0,0,0,"","","","","V2025.09.12"
"3134",232,"AND","Andorra",2017,NA,NA,0,0,0,0,"","","","","V2025.09.12"
"3135",232,"AND","Andorra",2018,NA,NA,0,0,0,0,"","","","","V2025.09.12"
"3136",232,"AND","Andorra",2019,NA,NA,0,0,0,0,"","","","","V2025.09.12"
"3137",232,"AND","Andorra",2020,NA,NA,0,0,0,0,"","","","","V2025.09.12"
"3138",232,"AND","Andorra",2021,NA,NA,0,0,0,0,"","","","","V2025.09.12"
"3139",232,"AND","Andorra",2022,NA,NA,0,0,0,0,"","","","","V2025.09.12"
"3140",232,"AND","Andorra",2023,NA,NA,0,0,0,0,"","","","","V2025.09.12"
"3141",232,"AND","Andorra",2024,NA,NA,0,0,0,0,"","","","","V2025.09.12"
"3142",235,"POR","Portugal",1950,NA,NA,0,0,0,0,"","","","","V2025.09.12"
"3143",235,"POR","Portugal",1951,NA,NA,0,0,0,0,"","","","","V2025.09.12"
"3144",235,"POR","Portugal",1952,NA,NA,0,0,0,0,"","","","","V2025.09.12"
"3145",235,"POR","Portugal",1953,NA,NA,0,0,0,0,"","","","","V2025.09.12"
"3146",235,"POR","Portugal",1954,NA,NA,0,0,0,0,"","","","","V2025.09.12"
"3147",235,"POR","Portugal",1955,NA,NA,0,0,0,0,"","","","","V2025.09.12"
"3148",235,"POR","Portugal",1956,NA,NA,0,0,0,0,"","","","","V2025.09.12"
"3149",235,"POR","Portugal",1957,NA,NA,0,0,0,0,"","","","","V2025.09.12"
"3150",235,"POR","Portugal",1958,NA,NA,0,0,0,0,"","","","","V2025.09.12"
"3151",235,"POR","Portugal",1959,NA,NA,0,0,0,0,"","","","","V2025.09.12"
"3152",235,"POR","Portugal",1960,NA,NA,0,0,0,0,"","","","","V2025.09.12"
"3153",235,"POR","Portugal",1961,NA,NA,0,0,0,0,"","","","","V2025.09.12"
"3154",235,"POR","Portugal",1962,NA,NA,1,0,0,0,"01jan1962","","","","V2025.09.12"
"3155",235,"POR","Portugal",1963,NA,NA,0,0,0,0,"","","","","V2025.09.12"
"3156",235,"POR","Portugal",1964,NA,NA,0,0,0,0,"","","","","V2025.09.12"
"3157",235,"POR","Portugal",1965,NA,NA,0,0,0,0,"","","","","V2025.09.12"
"3158",235,"POR","Portugal",1966,NA,NA,0,0,0,0,"","","","","V2025.09.12"
"3159",235,"POR","Portugal",1967,NA,NA,0,0,0,0,"","","","","V2025.09.12"
"3160",235,"POR","Portugal",1968,NA,NA,0,0,0,0,"","","","","V2025.09.12"
"3161",235,"POR","Portugal",1969,NA,NA,0,0,0,0,"","","","","V2025.09.12"
"3162",235,"POR","Portugal",1970,NA,NA,0,0,0,0,"","","","","V2025.09.12"
"3163",235,"POR","Portugal",1971,NA,NA,0,0,0,0,"","","","","V2025.09.12"
"3164",235,"POR","Portugal",1972,NA,NA,0,0,0,0,"","","","","V2025.09.12"
"3165",235,"POR","Portugal",1973,NA,NA,0,0,0,0,"","","","","V2025.09.12"
"3166",235,"POR","Portugal",1974,NA,NA,2,0,0,0,"25apr1974","","","","V2025.09.12"
"3167",235,"POR","Portugal",1975,NA,NA,1,1,0,0,"11mar1975","25nov1975","","","V2025.09.12"
"3168",235,"POR","Portugal",1976,NA,NA,0,0,0,0,"","","","","V2025.09.12"
"3169",235,"POR","Portugal",1977,NA,NA,0,0,0,0,"","","","","V2025.09.12"
"3170",235,"POR","Portugal",1978,NA,NA,0,0,0,0,"","","","","V2025.09.12"
"3171",235,"POR","Portugal",1979,NA,NA,0,0,0,0,"","","","","V2025.09.12"
"3172",235,"POR","Portugal",1980,NA,NA,0,0,0,0,"","","","","V2025.09.12"
"3173",235,"POR","Portugal",1981,NA,NA,0,0,0,0,"","","","","V2025.09.12"
"3174",235,"POR","Portugal",1982,NA,NA,0,0,0,0,"","","","","V2025.09.12"
"3175",235,"POR","Portugal",1983,NA,NA,0,0,0,0,"","","","","V2025.09.12"
"3176",235,"POR","Portugal",1984,NA,NA,0,0,0,0,"","","","","V2025.09.12"
"3177",235,"POR","Portugal",1985,NA,NA,0,0,0,0,"","","","","V2025.09.12"
"3178",235,"POR","Portugal",1986,NA,NA,0,0,0,0,"","","","","V2025.09.12"
"3179",235,"POR","Portugal",1987,NA,NA,0,0,0,0,"","","","","V2025.09.12"
"3180",235,"POR","Portugal",1988,NA,NA,0,0,0,0,"","","","","V2025.09.12"
"3181",235,"POR","Portugal",1989,NA,NA,0,0,0,0,"","","","","V2025.09.12"
"3182",235,"POR","Portugal",1990,NA,NA,0,0,0,0,"","","","","V2025.09.12"
"3183",235,"POR","Portugal",1991,NA,NA,0,0,0,0,"","","","","V2025.09.12"
"3184",235,"POR","Portugal",1992,NA,NA,0,0,0,0,"","","","","V2025.09.12"
"3185",235,"POR","Portugal",1993,NA,NA,0,0,0,0,"","","","","V2025.09.12"
"3186",235,"POR","Portugal",1994,NA,NA,0,0,0,0,"","","","","V2025.09.12"
"3187",235,"POR","Portugal",1995,NA,NA,0,0,0,0,"","","","","V2025.09.12"
"3188",235,"POR","Portugal",1996,NA,NA,0,0,0,0,"","","","","V2025.09.12"
"3189",235,"POR","Portugal",1997,NA,NA,0,0,0,0,"","","","","V2025.09.12"
"3190",235,"POR","Portugal",1998,NA,NA,0,0,0,0,"","","","","V2025.09.12"
"3191",235,"POR","Portugal",1999,NA,NA,0,0,0,0,"","","","","V2025.09.12"
"3192",235,"POR","Portugal",2000,NA,NA,0,0,0,0,"","","","","V2025.09.12"
"3193",235,"POR","Portugal",2001,NA,NA,0,0,0,0,"","","","","V2025.09.12"
"3194",235,"POR","Portugal",2002,NA,NA,0,0,0,0,"","","","","V2025.09.12"
"3195",235,"POR","Portugal",2003,NA,NA,0,0,0,0,"","","","","V2025.09.12"
"3196",235,"POR","Portugal",2004,NA,NA,0,0,0,0,"","","","","V2025.09.12"
"3197",235,"POR","Portugal",2005,NA,NA,0,0,0,0,"","","","","V2025.09.12"
"3198",235,"POR","Portugal",2006,NA,NA,0,0,0,0,"","","","","V2025.09.12"
"3199",235,"POR","Portugal",2007,NA,NA,0,0,0,0,"","","","","V2025.09.12"
"3200",235,"POR","Portugal",2008,NA,NA,0,0,0,0,"","","","","V2025.09.12"
"3201",235,"POR","Portugal",2009,NA,NA,0,0,0,0,"","","","","V2025.09.12"
"3202",235,"POR","Portugal",2010,NA,NA,0,0,0,0,"","","","","V2025.09.12"
"3203",235,"POR","Portugal",2011,NA,NA,0,0,0,0,"","","","","V2025.09.12"
"3204",235,"POR","Portugal",2012,NA,NA,0,0,0,0,"","","","","V2025.09.12"
"3205",235,"POR","Portugal",2013,NA,NA,0,0,0,0,"","","","","V2025.09.12"
"3206",235,"POR","Portugal",2014,NA,NA,0,0,0,0,"","","","","V2025.09.12"
"3207",235,"POR","Portugal",2015,NA,NA,0,0,0,0,"","","","","V2025.09.12"
"3208",235,"POR","Portugal",2016,NA,NA,0,0,0,0,"","","","","V2025.09.12"
"3209",235,"POR","Portugal",2017,NA,NA,0,0,0,0,"","","","","V2025.09.12"
"3210",235,"POR","Portugal",2018,NA,NA,0,0,0,0,"","","","","V2025.09.12"
"3211",235,"POR","Portugal",2019,NA,NA,0,0,0,0,"","","","","V2025.09.12"
"3212",235,"POR","Portugal",2020,NA,NA,0,0,0,0,"","","","","V2025.09.12"
"3213",235,"POR","Portugal",2021,NA,NA,0,0,0,0,"","","","","V2025.09.12"
"3214",235,"POR","Portugal",2022,NA,NA,0,0,0,0,"","","","","V2025.09.12"
"3215",235,"POR","Portugal",2023,NA,NA,0,0,0,0,"","","","","V2025.09.12"
"3216",235,"POR","Portugal",2024,NA,NA,0,0,0,0,"","","","","V2025.09.12"
"3217",260,"GFR","German Federal Republic",1950,NA,NA,0,0,0,0,"","","","","V2025.09.12"
"3218",260,"GFR","German Federal Republic",1951,NA,NA,0,0,0,0,"","","","","V2025.09.12"
"3219",260,"GFR","German Federal Republic",1952,NA,NA,0,0,0,0,"","","","","V2025.09.12"
"3220",260,"GFR","German Federal Republic",1953,NA,NA,0,0,0,0,"","","","","V2025.09.12"
"3221",260,"GFR","German Federal Republic",1954,NA,NA,0,0,0,0,"","","","","V2025.09.12"
"3222",260,"GFR","German Federal Republic",1955,NA,NA,0,0,0,0,"","","","","V2025.09.12"
"3223",260,"GFR","German Federal Republic",1956,NA,NA,0,0,0,0,"","","","","V2025.09.12"
"3224",260,"GFR","German Federal Republic",1957,NA,NA,0,0,0,0,"","","","","V2025.09.12"
"3225",260,"GFR","German Federal Republic",1958,NA,NA,0,0,0,0,"","","","","V2025.09.12"
"3226",260,"GFR","German Federal Republic",1959,NA,NA,0,0,0,0,"","","","","V2025.09.12"
"3227",260,"GFR","German Federal Republic",1960,NA,NA,0,0,0,0,"","","","","V2025.09.12"
"3228",260,"GFR","German Federal Republic",1961,NA,NA,0,0,0,0,"","","","","V2025.09.12"
"3229",260,"GFR","German Federal Republic",1962,NA,NA,0,0,0,0,"","","","","V2025.09.12"
"3230",260,"GFR","German Federal Republic",1963,NA,NA,0,0,0,0,"","","","","V2025.09.12"
"3231",260,"GFR","German Federal Republic",1964,NA,NA,0,0,0,0,"","","","","V2025.09.12"
"3232",260,"GFR","German Federal Republic",1965,NA,NA,0,0,0,0,"","","","","V2025.09.12"
"3233",260,"GFR","German Federal Republic",1966,NA,NA,0,0,0,0,"","","","","V2025.09.12"
"3234",260,"GFR","German Federal Republic",1967,NA,NA,0,0,0,0,"","","","","V2025.09.12"
"3235",260,"GFR","German Federal Republic",1968,NA,NA,0,0,0,0,"","","","","V2025.09.12"
"3236",260,"GFR","German Federal Republic",1969,NA,NA,0,0,0,0,"","","","","V2025.09.12"
"3237",260,"GFR","German Federal Republic",1970,NA,NA,0,0,0,0,"","","","","V2025.09.12"
"3238",260,"GFR","German Federal Republic",1971,NA,NA,0,0,0,0,"","","","","V2025.09.12"
"3239",260,"GFR","German Federal Republic",1972,NA,NA,0,0,0,0,"","","","","V2025.09.12"
"3240",260,"GFR","German Federal Republic",1973,NA,NA,0,0,0,0,"","","","","V2025.09.12"
"3241",260,"GFR","German Federal Republic",1974,NA,NA,0,0,0,0,"","","","","V2025.09.12"
"3242",260,"GFR","German Federal Republic",1975,NA,NA,0,0,0,0,"","","","","V2025.09.12"
"3243",260,"GFR","German Federal Republic",1976,NA,NA,0,0,0,0,"","","","","V2025.09.12"
"3244",260,"GFR","German Federal Republic",1977,NA,NA,0,0,0,0,"","","","","V2025.09.12"
"3245",260,"GFR","German Federal Republic",1978,NA,NA,0,0,0,0,"","","","","V2025.09.12"
"3246",260,"GFR","German Federal Republic",1979,NA,NA,0,0,0,0,"","","","","V2025.09.12"
"3247",260,"GFR","German Federal Republic",1980,NA,NA,0,0,0,0,"","","","","V2025.09.12"
"3248",260,"GFR","German Federal Republic",1981,NA,NA,0,0,0,0,"","","","","V2025.09.12"
"3249",260,"GFR","German Federal Republic",1982,NA,NA,0,0,0,0,"","","","","V2025.09.12"
"3250",260,"GFR","German Federal Republic",1983,NA,NA,0,0,0,0,"","","","","V2025.09.12"
"3251",260,"GFR","German Federal Republic",1984,NA,NA,0,0,0,0,"","","","","V2025.09.12"
"3252",260,"GFR","German Federal Republic",1985,NA,NA,0,0,0,0,"","","","","V2025.09.12"
"3253",260,"GFR","German Federal Republic",1986,NA,NA,0,0,0,0,"","","","","V2025.09.12"
"3254",260,"GFR","German Federal Republic",1987,NA,NA,0,0,0,0,"","","","","V2025.09.12"
"3255",260,"GFR","German Federal Republic",1988,NA,NA,0,0,0,0,"","","","","V2025.09.12"
"3256",260,"GFR","German Federal Republic",1989,NA,NA,0,0,0,0,"","","","","V2025.09.12"
"3257",260,"GFR","German Federal Republic",1990,NA,NA,0,0,0,0,"","","","","V2025.09.12"
"3258",260,"GFR","German Federal Republic",1991,NA,NA,0,0,0,0,"","","","","V2025.09.12"
"3259",260,"GFR","German Federal Republic",1992,NA,NA,0,0,0,0,"","","","","V2025.09.12"
"3260",260,"GFR","German Federal Republic",1993,NA,NA,0,0,0,0,"","","","","V2025.09.12"
"3261",260,"GFR","German Federal Republic",1994,NA,NA,0,0,0,0,"","","","","V2025.09.12"
"3262",260,"GFR","German Federal Republic",1995,NA,NA,0,0,0,0,"","","","","V2025.09.12"
"3263",260,"GFR","German Federal Republic",1996,NA,NA,0,0,0,0,"","","","","V2025.09.12"
"3264",260,"GFR","German Federal Republic",1997,NA,NA,0,0,0,0,"","","","","V2025.09.12"
"3265",260,"GFR","German Federal Republic",1998,NA,NA,0,0,0,0,"","","","","V2025.09.12"
"3266",260,"GFR","German Federal Republic",1999,NA,NA,0,0,0,0,"","","","","V2025.09.12"
"3267",260,"GFR","German Federal Republic",2000,NA,NA,0,0,0,0,"","","","","V2025.09.12"
"3268",260,"GFR","German Federal Republic",2001,NA,NA,0,0,0,0,"","","","","V2025.09.12"
"3269",260,"GFR","German Federal Republic",2002,NA,NA,0,0,0,0,"","","","","V2025.09.12"
"3270",260,"GFR","German Federal Republic",2003,NA,NA,0,0,0,0,"","","","","V2025.09.12"
"3271",260,"GFR","German Federal Republic",2004,NA,NA,0,0,0,0,"","","","","V2025.09.12"
"3272",260,"GFR","German Federal Republic",2005,NA,NA,0,0,0,0,"","","","","V2025.09.12"
"3273",260,"GFR","German Federal Republic",2006,NA,NA,0,0,0,0,"","","","","V2025.09.12"
"3274",260,"GFR","German Federal Republic",2007,NA,NA,0,0,0,0,"","","","","V2025.09.12"
"3275",260,"GFR","German Federal Republic",2008,NA,NA,0,0,0,0,"","","","","V2025.09.12"
"3276",260,"GFR","German Federal Republic",2009,NA,NA,0,0,0,0,"","","","","V2025.09.12"
"3277",260,"GFR","German Federal Republic",2010,NA,NA,0,0,0,0,"","","","","V2025.09.12"
"3278",260,"GFR","German Federal Republic",2011,NA,NA,0,0,0,0,"","","","","V2025.09.12"
"3279",260,"GFR","German Federal Republic",2012,NA,NA,0,0,0,0,"","","","","V2025.09.12"
"3280",260,"GFR","German Federal Republic",2013,NA,NA,0,0,0,0,"","","","","V2025.09.12"
"3281",260,"GFR","German Federal Republic",2014,NA,NA,0,0,0,0,"","","","","V2025.09.12"
"3282",260,"GFR","German Federal Republic",2015,NA,NA,0,0,0,0,"","","","","V2025.09.12"
"3283",260,"GFR","German Federal Republic",2016,NA,NA,0,0,0,0,"","","","","V2025.09.12"
"3284",260,"GFR","German Federal Republic",2017,NA,NA,0,0,0,0,"","","","","V2025.09.12"
"3285",260,"GFR","German Federal Republic",2018,NA,NA,0,0,0,0,"","","","","V2025.09.12"
"3286",260,"GFR","German Federal Republic",2019,NA,NA,0,0,0,0,"","","","","V2025.09.12"
"3287",260,"GFR","German Federal Republic",2020,NA,NA,0,0,0,0,"","","","","V2025.09.12"
"3288",260,"GFR","German Federal Republic",2021,NA,NA,0,0,0,0,"","","","","V2025.09.12"
"3289",260,"GFR","German Federal Republic",2022,NA,NA,0,0,0,0,"","","","","V2025.09.12"
"3290",260,"GFR","German Federal Republic",2023,NA,NA,0,0,0,0,"","","","","V2025.09.12"
"3291",260,"GFR","German Federal Republic",2024,NA,NA,0,0,0,0,"","","","","V2025.09.12"
"3292",265,"GDR","German Democratic Republic",1950,NA,NA,0,0,0,0,"","","","","V2025.09.12"
"3293",265,"GDR","German Democratic Republic",1951,NA,NA,0,0,0,0,"","","","","V2025.09.12"
"3294",265,"GDR","German Democratic Republic",1952,NA,NA,0,0,0,0,"","","","","V2025.09.12"
"3295",265,"GDR","German Democratic Republic",1953,NA,NA,0,0,0,0,"","","","","V2025.09.12"
"3296",265,"GDR","German Democratic Republic",1954,NA,NA,0,0,0,0,"","","","","V2025.09.12"
"3297",265,"GDR","German Democratic Republic",1955,NA,NA,0,0,0,0,"","","","","V2025.09.12"
"3298",265,"GDR","German Democratic Republic",1956,NA,NA,0,0,0,0,"","","","","V2025.09.12"
"3299",265,"GDR","German Democratic Republic",1957,NA,NA,0,0,0,0,"","","","","V2025.09.12"
"3300",265,"GDR","German Democratic Republic",1958,NA,NA,0,0,0,0,"","","","","V2025.09.12"
"3301",265,"GDR","German Democratic Republic",1959,NA,NA,0,0,0,0,"","","","","V2025.09.12"
"3302",265,"GDR","German Democratic Republic",1960,NA,NA,0,0,0,0,"","","","","V2025.09.12"
"3303",265,"GDR","German Democratic Republic",1961,NA,NA,0,0,0,0,"","","","","V2025.09.12"
"3304",265,"GDR","German Democratic Republic",1962,NA,NA,0,0,0,0,"","","","","V2025.09.12"
"3305",265,"GDR","German Democratic Republic",1963,NA,NA,0,0,0,0,"","","","","V2025.09.12"
"3306",265,"GDR","German Democratic Republic",1964,NA,NA,0,0,0,0,"","","","","V2025.09.12"
"3307",265,"GDR","German Democratic Republic",1965,NA,NA,0,0,0,0,"","","","","V2025.09.12"
"3308",265,"GDR","German Democratic Republic",1966,NA,NA,0,0,0,0,"","","","","V2025.09.12"
"3309",265,"GDR","German Democratic Republic",1967,NA,NA,0,0,0,0,"","","","","V2025.09.12"
"3310",265,"GDR","German Democratic Republic",1968,NA,NA,0,0,0,0,"","","","","V2025.09.12"
"3311",265,"GDR","German Democratic Republic",1969,NA,NA,0,0,0,0,"","","","","V2025.09.12"
"3312",265,"GDR","German Democratic Republic",1970,NA,NA,0,0,0,0,"","","","","V2025.09.12"
"3313",265,"GDR","German Democratic Republic",1971,NA,NA,0,0,0,0,"","","","","V2025.09.12"
"3314",265,"GDR","German Democratic Republic",1972,NA,NA,0,0,0,0,"","","","","V2025.09.12"
"3315",265,"GDR","German Democratic Republic",1973,NA,NA,0,0,0,0,"","","","","V2025.09.12"
"3316",265,"GDR","German Democratic Republic",1974,NA,NA,0,0,0,0,"","","","","V2025.09.12"
"3317",265,"GDR","German Democratic Republic",1975,NA,NA,0,0,0,0,"","","","","V2025.09.12"
"3318",265,"GDR","German Democratic Republic",1976,NA,NA,0,0,0,0,"","","","","V2025.09.12"
"3319",265,"GDR","German Democratic Republic",1977,NA,NA,0,0,0,0,"","","","","V2025.09.12"
"3320",265,"GDR","German Democratic Republic",1978,NA,NA,0,0,0,0,"","","","","V2025.09.12"
"3321",265,"GDR","German Democratic Republic",1979,NA,NA,0,0,0,0,"","","","","V2025.09.12"
"3322",265,"GDR","German Democratic Republic",1980,NA,NA,0,0,0,0,"","","","","V2025.09.12"
"3323",265,"GDR","German Democratic Republic",1981,NA,NA,0,0,0,0,"","","","","V2025.09.12"
"3324",265,"GDR","German Democratic Republic",1982,NA,NA,0,0,0,0,"","","","","V2025.09.12"
"3325",265,"GDR","German Democratic Republic",1983,NA,NA,0,0,0,0,"","","","","V2025.09.12"
"3326",265,"GDR","German Democratic Republic",1984,NA,NA,0,0,0,0,"","","","","V2025.09.12"
"3327",265,"GDR","German Democratic Republic",1985,NA,NA,0,0,0,0,"","","","","V2025.09.12"
"3328",265,"GDR","German Democratic Republic",1986,NA,NA,0,0,0,0,"","","","","V2025.09.12"
"3329",265,"GDR","German Democratic Republic",1987,NA,NA,0,0,0,0,"","","","","V2025.09.12"
"3330",265,"GDR","German Democratic Republic",1988,NA,NA,0,0,0,0,"","","","","V2025.09.12"
"3331",265,"GDR","German Democratic Republic",1989,NA,NA,0,0,0,0,"","","","","V2025.09.12"
"3332",265,"GDR","German Democratic Republic",1990,NA,NA,0,0,0,0,"","","","","V2025.09.12"
"3333",290,"POL","Poland",1950,NA,NA,0,0,0,0,"","","","","V2025.09.12"
"3334",290,"POL","Poland",1951,NA,NA,0,0,0,0,"","","","","V2025.09.12"
"3335",290,"POL","Poland",1952,NA,NA,0,0,0,0,"","","","","V2025.09.12"
"3336",290,"POL","Poland",1953,NA,NA,0,0,0,0,"","","","","V2025.09.12"
"3337",290,"POL","Poland",1954,NA,NA,0,0,0,0,"","","","","V2025.09.12"
"3338",290,"POL","Poland",1955,NA,NA,0,0,0,0,"","","","","V2025.09.12"
"3339",290,"POL","Poland",1956,NA,NA,0,0,0,0,"","","","","V2025.09.12"
"3340",290,"POL","Poland",1957,NA,NA,0,0,0,0,"","","","","V2025.09.12"
"3341",290,"POL","Poland",1958,NA,NA,0,0,0,0,"","","","","V2025.09.12"
"3342",290,"POL","Poland",1959,NA,NA,0,0,0,0,"","","","","V2025.09.12"
"3343",290,"POL","Poland",1960,NA,NA,0,0,0,0,"","","","","V2025.09.12"
"3344",290,"POL","Poland",1961,NA,NA,0,0,0,0,"","","","","V2025.09.12"
"3345",290,"POL","Poland",1962,NA,NA,0,0,0,0,"","","","","V2025.09.12"
"3346",290,"POL","Poland",1963,NA,NA,0,0,0,0,"","","","","V2025.09.12"
"3347",290,"POL","Poland",1964,NA,NA,0,0,0,0,"","","","","V2025.09.12"
"3348",290,"POL","Poland",1965,NA,NA,0,0,0,0,"","","","","V2025.09.12"
"3349",290,"POL","Poland",1966,NA,NA,0,0,0,0,"","","","","V2025.09.12"
"3350",290,"POL","Poland",1967,NA,NA,0,0,0,0,"","","","","V2025.09.12"
"3351",290,"POL","Poland",1968,NA,NA,0,0,0,0,"","","","","V2025.09.12"
"3352",290,"POL","Poland",1969,NA,NA,0,0,0,0,"","","","","V2025.09.12"
"3353",290,"POL","Poland",1970,NA,NA,0,0,0,0,"","","","","V2025.09.12"
"3354",290,"POL","Poland",1971,NA,NA,0,0,0,0,"","","","","V2025.09.12"
"3355",290,"POL","Poland",1972,NA,NA,0,0,0,0,"","","","","V2025.09.12"
"3356",290,"POL","Poland",1973,NA,NA,0,0,0,0,"","","","","V2025.09.12"
"3357",290,"POL","Poland",1974,NA,NA,0,0,0,0,"","","","","V2025.09.12"
"3358",290,"POL","Poland",1975,NA,NA,0,0,0,0,"","","","","V2025.09.12"
"3359",290,"POL","Poland",1976,NA,NA,0,0,0,0,"","","","","V2025.09.12"
"3360",290,"POL","Poland",1977,NA,NA,0,0,0,0,"","","","","V2025.09.12"
"3361",290,"POL","Poland",1978,NA,NA,0,0,0,0,"","","","","V2025.09.12"
"3362",290,"POL","Poland",1979,NA,NA,0,0,0,0,"","","","","V2025.09.12"
"3363",290,"POL","Poland",1980,NA,NA,0,0,0,0,"","","","","V2025.09.12"
"3364",290,"POL","Poland",1981,NA,NA,0,0,0,0,"","","","","V2025.09.12"
"3365",290,"POL","Poland",1982,NA,NA,0,0,0,0,"","","","","V2025.09.12"
"3366",290,"POL","Poland",1983,NA,NA,0,0,0,0,"","","","","V2025.09.12"
"3367",290,"POL","Poland",1984,NA,NA,0,0,0,0,"","","","","V2025.09.12"
"3368",290,"POL","Poland",1985,NA,NA,0,0,0,0,"","","","","V2025.09.12"
"3369",290,"POL","Poland",1986,NA,NA,0,0,0,0,"","","","","V2025.09.12"
"3370",290,"POL","Poland",1987,NA,NA,0,0,0,0,"","","","","V2025.09.12"
"3371",290,"POL","Poland",1988,NA,NA,0,0,0,0,"","","","","V2025.09.12"
"3372",290,"POL","Poland",1989,NA,NA,0,0,0,0,"","","","","V2025.09.12"
"3373",290,"POL","Poland",1990,NA,NA,0,0,0,0,"","","","","V2025.09.12"
"3374",290,"POL","Poland",1991,NA,NA,0,0,0,0,"","","","","V2025.09.12"
"3375",290,"POL","Poland",1992,NA,NA,0,0,0,0,"","","","","V2025.09.12"
"3376",290,"POL","Poland",1993,NA,NA,0,0,0,0,"","","","","V2025.09.12"
"3377",290,"POL","Poland",1994,NA,NA,0,0,0,0,"","","","","V2025.09.12"
"3378",290,"POL","Poland",1995,NA,NA,0,0,0,0,"","","","","V2025.09.12"
"3379",290,"POL","Poland",1996,NA,NA,0,0,0,0,"","","","","V2025.09.12"
"3380",290,"POL","Poland",1997,NA,NA,0,0,0,0,"","","","","V2025.09.12"
"3381",290,"POL","Poland",1998,NA,NA,0,0,0,0,"","","","","V2025.09.12"
"3382",290,"POL","Poland",1999,NA,NA,0,0,0,0,"","","","","V2025.09.12"
"3383",290,"POL","Poland",2000,NA,NA,0,0,0,0,"","","","","V2025.09.12"
"3384",290,"POL","Poland",2001,NA,NA,0,0,0,0,"","","","","V2025.09.12"
"3385",290,"POL","Poland",2002,NA,NA,0,0,0,0,"","","","","V2025.09.12"
"3386",290,"POL","Poland",2003,NA,NA,0,0,0,0,"","","","","V2025.09.12"
"3387",290,"POL","Poland",2004,NA,NA,0,0,0,0,"","","","","V2025.09.12"
"3388",290,"POL","Poland",2005,NA,NA,0,0,0,0,"","","","","V2025.09.12"
"3389",290,"POL","Poland",2006,NA,NA,0,0,0,0,"","","","","V2025.09.12"
"3390",290,"POL","Poland",2007,NA,NA,0,0,0,0,"","","","","V2025.09.12"
"3391",290,"POL","Poland",2008,NA,NA,0,0,0,0,"","","","","V2025.09.12"
"3392",290,"POL","Poland",2009,NA,NA,0,0,0,0,"","","","","V2025.09.12"
"3393",290,"POL","Poland",2010,NA,NA,0,0,0,0,"","","","","V2025.09.12"
"3394",290,"POL","Poland",2011,NA,NA,0,0,0,0,"","","","","V2025.09.12"
"3395",290,"POL","Poland",2012,NA,NA,0,0,0,0,"","","","","V2025.09.12"
"3396",290,"POL","Poland",2013,NA,NA,0,0,0,0,"","","","","V2025.09.12"
"3397",290,"POL","Poland",2014,NA,NA,0,0,0,0,"","","","","V2025.09.12"
"3398",290,"POL","Poland",2015,NA,NA,0,0,0,0,"","","","","V2025.09.12"
"3399",290,"POL","Poland",2016,NA,NA,0,0,0,0,"","","","","V2025.09.12"
"3400",290,"POL","Poland",2017,NA,NA,0,0,0,0,"","","","","V2025.09.12"
"3401",290,"POL","Poland",2018,NA,NA,0,0,0,0,"","","","","V2025.09.12"
"3402",290,"POL","Poland",2019,NA,NA,0,0,0,0,"","","","","V2025.09.12"
"3403",290,"POL","Poland",2020,NA,NA,0,0,0,0,"","","","","V2025.09.12"
"3404",290,"POL","Poland",2021,NA,NA,0,0,0,0,"","","","","V2025.09.12"
"3405",290,"POL","Poland",2022,NA,NA,0,0,0,0,"","","","","V2025.09.12"
"3406",290,"POL","Poland",2023,NA,NA,0,0,0,0,"","","","","V2025.09.12"
"3407",290,"POL","Poland",2024,NA,NA,0,0,0,0,"","","","","V2025.09.12"
"3408",305,"AUS","Austria",1950,NA,NA,0,0,0,0,"","","","","V2025.09.12"
"3409",305,"AUS","Austria",1951,NA,NA,0,0,0,0,"","","","","V2025.09.12"
"3410",305,"AUS","Austria",1952,NA,NA,0,0,0,0,"","","","","V2025.09.12"
"3411",305,"AUS","Austria",1953,NA,NA,0,0,0,0,"","","","","V2025.09.12"
"3412",305,"AUS","Austria",1954,NA,NA,0,0,0,0,"","","","","V2025.09.12"
"3413",305,"AUS","Austria",1955,NA,NA,0,0,0,0,"","","","","V2025.09.12"
"3414",305,"AUS","Austria",1956,NA,NA,0,0,0,0,"","","","","V2025.09.12"
"3415",305,"AUS","Austria",1957,NA,NA,0,0,0,0,"","","","","V2025.09.12"
"3416",305,"AUS","Austria",1958,NA,NA,0,0,0,0,"","","","","V2025.09.12"
"3417",305,"AUS","Austria",1959,NA,NA,0,0,0,0,"","","","","V2025.09.12"
"3418",305,"AUS","Austria",1960,NA,NA,0,0,0,0,"","","","","V2025.09.12"
"3419",305,"AUS","Austria",1961,NA,NA,0,0,0,0,"","","","","V2025.09.12"
"3420",305,"AUS","Austria",1962,NA,NA,0,0,0,0,"","","","","V2025.09.12"
"3421",305,"AUS","Austria",1963,NA,NA,0,0,0,0,"","","","","V2025.09.12"
"3422",305,"AUS","Austria",1964,NA,NA,0,0,0,0,"","","","","V2025.09.12"
"3423",305,"AUS","Austria",1965,NA,NA,0,0,0,0,"","","","","V2025.09.12"
"3424",305,"AUS","Austria",1966,NA,NA,0,0,0,0,"","","","","V2025.09.12"
"3425",305,"AUS","Austria",1967,NA,NA,0,0,0,0,"","","","","V2025.09.12"
"3426",305,"AUS","Austria",1968,NA,NA,0,0,0,0,"","","","","V2025.09.12"
"3427",305,"AUS","Austria",1969,NA,NA,0,0,0,0,"","","","","V2025.09.12"
"3428",305,"AUS","Austria",1970,NA,NA,0,0,0,0,"","","","","V2025.09.12"
"3429",305,"AUS","Austria",1971,NA,NA,0,0,0,0,"","","","","V2025.09.12"
"3430",305,"AUS","Austria",1972,NA,NA,0,0,0,0,"","","","","V2025.09.12"
"3431",305,"AUS","Austria",1973,NA,NA,0,0,0,0,"","","","","V2025.09.12"
"3432",305,"AUS","Austria",1974,NA,NA,0,0,0,0,"","","","","V2025.09.12"
"3433",305,"AUS","Austria",1975,NA,NA,0,0,0,0,"","","","","V2025.09.12"
"3434",305,"AUS","Austria",1976,NA,NA,0,0,0,0,"","","","","V2025.09.12"
"3435",305,"AUS","Austria",1977,NA,NA,0,0,0,0,"","","","","V2025.09.12"
"3436",305,"AUS","Austria",1978,NA,NA,0,0,0,0,"","","","","V2025.09.12"
"3437",305,"AUS","Austria",1979,NA,NA,0,0,0,0,"","","","","V2025.09.12"
"3438",305,"AUS","Austria",1980,NA,NA,0,0,0,0,"","","","","V2025.09.12"
"3439",305,"AUS","Austria",1981,NA,NA,0,0,0,0,"","","","","V2025.09.12"
"3440",305,"AUS","Austria",1982,NA,NA,0,0,0,0,"","","","","V2025.09.12"
"3441",305,"AUS","Austria",1983,NA,NA,0,0,0,0,"","","","","V2025.09.12"
"3442",305,"AUS","Austria",1984,NA,NA,0,0,0,0,"","","","","V2025.09.12"
"3443",305,"AUS","Austria",1985,NA,NA,0,0,0,0,"","","","","V2025.09.12"
"3444",305,"AUS","Austria",1986,NA,NA,0,0,0,0,"","","","","V2025.09.12"
"3445",305,"AUS","Austria",1987,NA,NA,0,0,0,0,"","","","","V2025.09.12"
"3446",305,"AUS","Austria",1988,NA,NA,0,0,0,0,"","","","","V2025.09.12"
"3447",305,"AUS","Austria",1989,NA,NA,0,0,0,0,"","","","","V2025.09.12"
"3448",305,"AUS","Austria",1990,NA,NA,0,0,0,0,"","","","","V2025.09.12"
"3449",305,"AUS","Austria",1991,NA,NA,0,0,0,0,"","","","","V2025.09.12"
"3450",305,"AUS","Austria",1992,NA,NA,0,0,0,0,"","","","","V2025.09.12"
"3451",305,"AUS","Austria",1993,NA,NA,0,0,0,0,"","","","","V2025.09.12"
"3452",305,"AUS","Austria",1994,NA,NA,0,0,0,0,"","","","","V2025.09.12"
"3453",305,"AUS","Austria",1995,NA,NA,0,0,0,0,"","","","","V2025.09.12"
"3454",305,"AUS","Austria",1996,NA,NA,0,0,0,0,"","","","","V2025.09.12"
"3455",305,"AUS","Austria",1997,NA,NA,0,0,0,0,"","","","","V2025.09.12"
"3456",305,"AUS","Austria",1998,NA,NA,0,0,0,0,"","","","","V2025.09.12"
"3457",305,"AUS","Austria",1999,NA,NA,0,0,0,0,"","","","","V2025.09.12"
"3458",305,"AUS","Austria",2000,NA,NA,0,0,0,0,"","","","","V2025.09.12"
"3459",305,"AUS","Austria",2001,NA,NA,0,0,0,0,"","","","","V2025.09.12"
"3460",305,"AUS","Austria",2002,NA,NA,0,0,0,0,"","","","","V2025.09.12"
"3461",305,"AUS","Austria",2003,NA,NA,0,0,0,0,"","","","","V2025.09.12"
"3462",305,"AUS","Austria",2004,NA,NA,0,0,0,0,"","","","","V2025.09.12"
"3463",305,"AUS","Austria",2005,NA,NA,0,0,0,0,"","","","","V2025.09.12"
"3464",305,"AUS","Austria",2006,NA,NA,0,0,0,0,"","","","","V2025.09.12"
"3465",305,"AUS","Austria",2007,NA,NA,0,0,0,0,"","","","","V2025.09.12"
"3466",305,"AUS","Austria",2008,NA,NA,0,0,0,0,"","","","","V2025.09.12"
"3467",305,"AUS","Austria",2009,NA,NA,0,0,0,0,"","","","","V2025.09.12"
"3468",305,"AUS","Austria",2010,NA,NA,0,0,0,0,"","","","","V2025.09.12"
"3469",305,"AUS","Austria",2011,NA,NA,0,0,0,0,"","","","","V2025.09.12"
"3470",305,"AUS","Austria",2012,NA,NA,0,0,0,0,"","","","","V2025.09.12"
"3471",305,"AUS","Austria",2013,NA,NA,0,0,0,0,"","","","","V2025.09.12"
"3472",305,"AUS","Austria",2014,NA,NA,0,0,0,0,"","","","","V2025.09.12"
"3473",305,"AUS","Austria",2015,NA,NA,0,0,0,0,"","","","","V2025.09.12"
"3474",305,"AUS","Austria",2016,NA,NA,0,0,0,0,"","","","","V2025.09.12"
"3475",305,"AUS","Austria",2017,NA,NA,0,0,0,0,"","","","","V2025.09.12"
"3476",305,"AUS","Austria",2018,NA,NA,0,0,0,0,"","","","","V2025.09.12"
"3477",305,"AUS","Austria",2019,NA,NA,0,0,0,0,"","","","","V2025.09.12"
"3478",305,"AUS","Austria",2020,NA,NA,0,0,0,0,"","","","","V2025.09.12"
"3479",305,"AUS","Austria",2021,NA,NA,0,0,0,0,"","","","","V2025.09.12"
"3480",305,"AUS","Austria",2022,NA,NA,0,0,0,0,"","","","","V2025.09.12"
"3481",305,"AUS","Austria",2023,NA,NA,0,0,0,0,"","","","","V2025.09.12"
"3482",305,"AUS","Austria",2024,NA,NA,0,0,0,0,"","","","","V2025.09.12"
"3483",310,"HUN","Hungary",1950,NA,NA,0,0,0,0,"","","","","V2025.09.12"
"3484",310,"HUN","Hungary",1951,NA,NA,0,0,0,0,"","","","","V2025.09.12"
"3485",310,"HUN","Hungary",1952,NA,NA,0,0,0,0,"","","","","V2025.09.12"
"3486",310,"HUN","Hungary",1953,NA,NA,0,0,0,0,"","","","","V2025.09.12"
"3487",310,"HUN","Hungary",1954,NA,NA,0,0,0,0,"","","","","V2025.09.12"
"3488",310,"HUN","Hungary",1955,NA,NA,0,0,0,0,"","","","","V2025.09.12"
"3489",310,"HUN","Hungary",1956,NA,NA,0,0,0,0,"","","","","V2025.09.12"
"3490",310,"HUN","Hungary",1957,NA,NA,0,0,0,0,"","","","","V2025.09.12"
"3491",310,"HUN","Hungary",1958,NA,NA,0,0,0,0,"","","","","V2025.09.12"
"3492",310,"HUN","Hungary",1959,NA,NA,0,0,0,0,"","","","","V2025.09.12"
"3493",310,"HUN","Hungary",1960,NA,NA,0,0,0,0,"","","","","V2025.09.12"
"3494",310,"HUN","Hungary",1961,NA,NA,0,0,0,0,"","","","","V2025.09.12"
"3495",310,"HUN","Hungary",1962,NA,NA,0,0,0,0,"","","","","V2025.09.12"
"3496",310,"HUN","Hungary",1963,NA,NA,0,0,0,0,"","","","","V2025.09.12"
"3497",310,"HUN","Hungary",1964,NA,NA,0,0,0,0,"","","","","V2025.09.12"
"3498",310,"HUN","Hungary",1965,NA,NA,0,0,0,0,"","","","","V2025.09.12"
"3499",310,"HUN","Hungary",1966,NA,NA,0,0,0,0,"","","","","V2025.09.12"
"3500",310,"HUN","Hungary",1967,NA,NA,0,0,0,0,"","","","","V2025.09.12"
"3501",310,"HUN","Hungary",1968,NA,NA,0,0,0,0,"","","","","V2025.09.12"
"3502",310,"HUN","Hungary",1969,NA,NA,0,0,0,0,"","","","","V2025.09.12"
"3503",310,"HUN","Hungary",1970,NA,NA,0,0,0,0,"","","","","V2025.09.12"
"3504",310,"HUN","Hungary",1971,NA,NA,0,0,0,0,"","","","","V2025.09.12"
"3505",310,"HUN","Hungary",1972,NA,NA,0,0,0,0,"","","","","V2025.09.12"
"3506",310,"HUN","Hungary",1973,NA,NA,0,0,0,0,"","","","","V2025.09.12"
"3507",310,"HUN","Hungary",1974,NA,NA,0,0,0,0,"","","","","V2025.09.12"
"3508",310,"HUN","Hungary",1975,NA,NA,0,0,0,0,"","","","","V2025.09.12"
"3509",310,"HUN","Hungary",1976,NA,NA,0,0,0,0,"","","","","V2025.09.12"
"3510",310,"HUN","Hungary",1977,NA,NA,0,0,0,0,"","","","","V2025.09.12"
"3511",310,"HUN","Hungary",1978,NA,NA,0,0,0,0,"","","","","V2025.09.12"
"3512",310,"HUN","Hungary",1979,NA,NA,0,0,0,0,"","","","","V2025.09.12"
"3513",310,"HUN","Hungary",1980,NA,NA,0,0,0,0,"","","","","V2025.09.12"
"3514",310,"HUN","Hungary",1981,NA,NA,0,0,0,0,"","","","","V2025.09.12"
"3515",310,"HUN","Hungary",1982,NA,NA,0,0,0,0,"","","","","V2025.09.12"
"3516",310,"HUN","Hungary",1983,NA,NA,0,0,0,0,"","","","","V2025.09.12"
"3517",310,"HUN","Hungary",1984,NA,NA,0,0,0,0,"","","","","V2025.09.12"
"3518",310,"HUN","Hungary",1985,NA,NA,0,0,0,0,"","","","","V2025.09.12"
"3519",310,"HUN","Hungary",1986,NA,NA,0,0,0,0,"","","","","V2025.09.12"
"3520",310,"HUN","Hungary",1987,NA,NA,0,0,0,0,"","","","","V2025.09.12"
"3521",310,"HUN","Hungary",1988,NA,NA,0,0,0,0,"","","","","V2025.09.12"
"3522",310,"HUN","Hungary",1989,NA,NA,0,0,0,0,"","","","","V2025.09.12"
"3523",310,"HUN","Hungary",1990,NA,NA,0,0,0,0,"","","","","V2025.09.12"
"3524",310,"HUN","Hungary",1991,NA,NA,0,0,0,0,"","","","","V2025.09.12"
"3525",310,"HUN","Hungary",1992,NA,NA,0,0,0,0,"","","","","V2025.09.12"
"3526",310,"HUN","Hungary",1993,NA,NA,0,0,0,0,"","","","","V2025.09.12"
"3527",310,"HUN","Hungary",1994,NA,NA,0,0,0,0,"","","","","V2025.09.12"
"3528",310,"HUN","Hungary",1995,NA,NA,0,0,0,0,"","","","","V2025.09.12"
"3529",310,"HUN","Hungary",1996,NA,NA,0,0,0,0,"","","","","V2025.09.12"
"3530",310,"HUN","Hungary",1997,NA,NA,0,0,0,0,"","","","","V2025.09.12"
"3531",310,"HUN","Hungary",1998,NA,NA,0,0,0,0,"","","","","V2025.09.12"
"3532",310,"HUN","Hungary",1999,NA,NA,0,0,0,0,"","","","","V2025.09.12"
"3533",310,"HUN","Hungary",2000,NA,NA,0,0,0,0,"","","","","V2025.09.12"
"3534",310,"HUN","Hungary",2001,NA,NA,0,0,0,0,"","","","","V2025.09.12"
"3535",310,"HUN","Hungary",2002,NA,NA,0,0,0,0,"","","","","V2025.09.12"
"3536",310,"HUN","Hungary",2003,NA,NA,0,0,0,0,"","","","","V2025.09.12"
"3537",310,"HUN","Hungary",2004,NA,NA,0,0,0,0,"","","","","V2025.09.12"
"3538",310,"HUN","Hungary",2005,NA,NA,0,0,0,0,"","","","","V2025.09.12"
"3539",310,"HUN","Hungary",2006,NA,NA,0,0,0,0,"","","","","V2025.09.12"
"3540",310,"HUN","Hungary",2007,NA,NA,0,0,0,0,"","","","","V2025.09.12"
"3541",310,"HUN","Hungary",2008,NA,NA,0,0,0,0,"","","","","V2025.09.12"
"3542",310,"HUN","Hungary",2009,NA,NA,0,0,0,0,"","","","","V2025.09.12"
"3543",310,"HUN","Hungary",2010,NA,NA,0,0,0,0,"","","","","V2025.09.12"
"3544",310,"HUN","Hungary",2011,NA,NA,0,0,0,0,"","","","","V2025.09.12"
"3545",310,"HUN","Hungary",2012,NA,NA,0,0,0,0,"","","","","V2025.09.12"
"3546",310,"HUN","Hungary",2013,NA,NA,0,0,0,0,"","","","","V2025.09.12"
"3547",310,"HUN","Hungary",2014,NA,NA,0,0,0,0,"","","","","V2025.09.12"
"3548",310,"HUN","Hungary",2015,NA,NA,0,0,0,0,"","","","","V2025.09.12"
"3549",310,"HUN","Hungary",2016,NA,NA,0,0,0,0,"","","","","V2025.09.12"
"3550",310,"HUN","Hungary",2017,NA,NA,0,0,0,0,"","","","","V2025.09.12"
"3551",310,"HUN","Hungary",2018,NA,NA,0,0,0,0,"","","","","V2025.09.12"
"3552",310,"HUN","Hungary",2019,NA,NA,0,0,0,0,"","","","","V2025.09.12"
"3553",310,"HUN","Hungary",2020,NA,NA,0,0,0,0,"","","","","V2025.09.12"
"3554",310,"HUN","Hungary",2021,NA,NA,0,0,0,0,"","","","","V2025.09.12"
"3555",310,"HUN","Hungary",2022,NA,NA,0,0,0,0,"","","","","V2025.09.12"
"3556",310,"HUN","Hungary",2023,NA,NA,0,0,0,0,"","","","","V2025.09.12"
"3557",310,"HUN","Hungary",2024,NA,NA,0,0,0,0,"","","","","V2025.09.12"
"3558",315,"CZE","Czechoslovakia",1950,NA,NA,0,0,0,0,"","","","","V2025.09.12"
"3559",315,"CZE","Czechoslovakia",1951,NA,NA,0,0,0,0,"","","","","V2025.09.12"
"3560",315,"CZE","Czechoslovakia",1952,NA,NA,0,0,0,0,"","","","","V2025.09.12"
"3561",315,"CZE","Czechoslovakia",1953,NA,NA,0,0,0,0,"","","","","V2025.09.12"
"3562",315,"CZE","Czechoslovakia",1954,NA,NA,0,0,0,0,"","","","","V2025.09.12"
"3563",315,"CZE","Czechoslovakia",1955,NA,NA,0,0,0,0,"","","","","V2025.09.12"
"3564",315,"CZE","Czechoslovakia",1956,NA,NA,0,0,0,0,"","","","","V2025.09.12"
"3565",315,"CZE","Czechoslovakia",1957,NA,NA,0,0,0,0,"","","","","V2025.09.12"
"3566",315,"CZE","Czechoslovakia",1958,NA,NA,0,0,0,0,"","","","","V2025.09.12"
"3567",315,"CZE","Czechoslovakia",1959,NA,NA,0,0,0,0,"","","","","V2025.09.12"
"3568",315,"CZE","Czechoslovakia",1960,NA,NA,0,0,0,0,"","","","","V2025.09.12"
"3569",315,"CZE","Czechoslovakia",1961,NA,NA,0,0,0,0,"","","","","V2025.09.12"
"3570",315,"CZE","Czechoslovakia",1962,NA,NA,0,0,0,0,"","","","","V2025.09.12"
"3571",315,"CZE","Czechoslovakia",1963,NA,NA,0,0,0,0,"","","","","V2025.09.12"
"3572",315,"CZE","Czechoslovakia",1964,NA,NA,0,0,0,0,"","","","","V2025.09.12"
"3573",315,"CZE","Czechoslovakia",1965,NA,NA,0,0,0,0,"","","","","V2025.09.12"
"3574",315,"CZE","Czechoslovakia",1966,NA,NA,0,0,0,0,"","","","","V2025.09.12"
"3575",315,"CZE","Czechoslovakia",1967,NA,NA,0,0,0,0,"","","","","V2025.09.12"
"3576",315,"CZE","Czechoslovakia",1968,NA,NA,0,0,0,0,"","","","","V2025.09.12"
"3577",315,"CZE","Czechoslovakia",1969,NA,NA,0,0,0,0,"","","","","V2025.09.12"
"3578",315,"CZE","Czechoslovakia",1970,NA,NA,0,0,0,0,"","","","","V2025.09.12"
"3579",315,"CZE","Czechoslovakia",1971,NA,NA,0,0,0,0,"","","","","V2025.09.12"
"3580",315,"CZE","Czechoslovakia",1972,NA,NA,0,0,0,0,"","","","","V2025.09.12"
"3581",315,"CZE","Czechoslovakia",1973,NA,NA,0,0,0,0,"","","","","V2025.09.12"
"3582",315,"CZE","Czechoslovakia",1974,NA,NA,0,0,0,0,"","","","","V2025.09.12"
"3583",315,"CZE","Czechoslovakia",1975,NA,NA,0,0,0,0,"","","","","V2025.09.12"
"3584",315,"CZE","Czechoslovakia",1976,NA,NA,0,0,0,0,"","","","","V2025.09.12"
"3585",315,"CZE","Czechoslovakia",1977,NA,NA,0,0,0,0,"","","","","V2025.09.12"
"3586",315,"CZE","Czechoslovakia",1978,NA,NA,0,0,0,0,"","","","","V2025.09.12"
"3587",315,"CZE","Czechoslovakia",1979,NA,NA,0,0,0,0,"","","","","V2025.09.12"
"3588",315,"CZE","Czechoslovakia",1980,NA,NA,0,0,0,0,"","","","","V2025.09.12"
"3589",315,"CZE","Czechoslovakia",1981,NA,NA,0,0,0,0,"","","","","V2025.09.12"
"3590",315,"CZE","Czechoslovakia",1982,NA,NA,0,0,0,0,"","","","","V2025.09.12"
"3591",315,"CZE","Czechoslovakia",1983,NA,NA,0,0,0,0,"","","","","V2025.09.12"
"3592",315,"CZE","Czechoslovakia",1984,NA,NA,0,0,0,0,"","","","","V2025.09.12"
"3593",315,"CZE","Czechoslovakia",1985,NA,NA,0,0,0,0,"","","","","V2025.09.12"
"3594",315,"CZE","Czechoslovakia",1986,NA,NA,0,0,0,0,"","","","","V2025.09.12"
"3595",315,"CZE","Czechoslovakia",1987,NA,NA,0,0,0,0,"","","","","V2025.09.12"
"3596",315,"CZE","Czechoslovakia",1988,NA,NA,0,0,0,0,"","","","","V2025.09.12"
"3597",315,"CZE","Czechoslovakia",1989,NA,NA,0,0,0,0,"","","","","V2025.09.12"
"3598",315,"CZE","Czechoslovakia",1990,NA,NA,0,0,0,0,"","","","","V2025.09.12"
"3599",315,"CZE","Czechoslovakia",1991,NA,NA,0,0,0,0,"","","","","V2025.09.12"
"3600",315,"CZE","Czechoslovakia",1992,NA,NA,0,0,0,0,"","","","","V2025.09.12"
"3601",316,"CZR","Czech Republic",1993,NA,NA,0,0,0,0,"","","","","V2025.09.12"
"3602",316,"CZR","Czech Republic",1994,NA,NA,0,0,0,0,"","","","","V2025.09.12"
"3603",316,"CZR","Czech Republic",1995,NA,NA,0,0,0,0,"","","","","V2025.09.12"
"3604",316,"CZR","Czech Republic",1996,NA,NA,0,0,0,0,"","","","","V2025.09.12"
"3605",316,"CZR","Czech Republic",1997,NA,NA,0,0,0,0,"","","","","V2025.09.12"
"3606",316,"CZR","Czech Republic",1998,NA,NA,0,0,0,0,"","","","","V2025.09.12"
"3607",316,"CZR","Czech Republic",1999,NA,NA,0,0,0,0,"","","","","V2025.09.12"
"3608",316,"CZR","Czech Republic",2000,NA,NA,0,0,0,0,"","","","","V2025.09.12"
"3609",316,"CZR","Czech Republic",2001,NA,NA,0,0,0,0,"","","","","V2025.09.12"
"3610",316,"CZR","Czech Republic",2002,NA,NA,0,0,0,0,"","","","","V2025.09.12"
"3611",316,"CZR","Czech Republic",2003,NA,NA,0,0,0,0,"","","","","V2025.09.12"
"3612",316,"CZR","Czech Republic",2004,NA,NA,0,0,0,0,"","","","","V2025.09.12"
"3613",316,"CZR","Czech Republic",2005,NA,NA,0,0,0,0,"","","","","V2025.09.12"
"3614",316,"CZR","Czech Republic",2006,NA,NA,0,0,0,0,"","","","","V2025.09.12"
"3615",316,"CZR","Czech Republic",2007,NA,NA,0,0,0,0,"","","","","V2025.09.12"
"3616",316,"CZR","Czech Republic",2008,NA,NA,0,0,0,0,"","","","","V2025.09.12"
"3617",316,"CZR","Czech Republic",2009,NA,NA,0,0,0,0,"","","","","V2025.09.12"
"3618",316,"CZR","Czech Republic",2010,NA,NA,0,0,0,0,"","","","","V2025.09.12"
"3619",316,"CZR","Czech Republic",2011,NA,NA,0,0,0,0,"","","","","V2025.09.12"
"3620",316,"CZR","Czech Republic",2012,NA,NA,0,0,0,0,"","","","","V2025.09.12"
"3621",316,"CZR","Czech Republic",2013,NA,NA,0,0,0,0,"","","","","V2025.09.12"
"3622",316,"CZR","Czech Republic",2014,NA,NA,0,0,0,0,"","","","","V2025.09.12"
"3623",316,"CZR","Czech Republic",2015,NA,NA,0,0,0,0,"","","","","V2025.09.12"
"3624",316,"CZR","Czech Republic",2016,NA,NA,0,0,0,0,"","","","","V2025.09.12"
"3625",316,"CZR","Czech Republic",2017,NA,NA,0,0,0,0,"","","","","V2025.09.12"
"3626",316,"CZR","Czech Republic",2018,NA,NA,0,0,0,0,"","","","","V2025.09.12"
"3627",316,"CZR","Czech Republic",2019,NA,NA,0,0,0,0,"","","","","V2025.09.12"
"3628",316,"CZR","Czech Republic",2020,NA,NA,0,0,0,0,"","","","","V2025.09.12"
"3629",316,"CZR","Czech Republic",2021,NA,NA,0,0,0,0,"","","","","V2025.09.12"
"3630",316,"CZR","Czech Republic",2022,NA,NA,0,0,0,0,"","","","","V2025.09.12"
"3631",316,"CZR","Czech Republic",2023,NA,NA,0,0,0,0,"","","","","V2025.09.12"
"3632",316,"CZR","Czech Republic",2024,NA,NA,0,0,0,0,"","","","","V2025.09.12"
"3633",317,"SLO","Slovakia",1993,NA,NA,0,0,0,0,"","","","","V2025.09.12"
"3634",317,"SLO","Slovakia",1994,NA,NA,0,0,0,0,"","","","","V2025.09.12"
"3635",317,"SLO","Slovakia",1995,NA,NA,0,0,0,0,"","","","","V2025.09.12"
"3636",317,"SLO","Slovakia",1996,NA,NA,0,0,0,0,"","","","","V2025.09.12"
"3637",317,"SLO","Slovakia",1997,NA,NA,0,0,0,0,"","","","","V2025.09.12"
"3638",317,"SLO","Slovakia",1998,NA,NA,0,0,0,0,"","","","","V2025.09.12"
"3639",317,"SLO","Slovakia",1999,NA,NA,0,0,0,0,"","","","","V2025.09.12"
"3640",317,"SLO","Slovakia",2000,NA,NA,0,0,0,0,"","","","","V2025.09.12"
"3641",317,"SLO","Slovakia",2001,NA,NA,0,0,0,0,"","","","","V2025.09.12"
"3642",317,"SLO","Slovakia",2002,NA,NA,0,0,0,0,"","","","","V2025.09.12"
"3643",317,"SLO","Slovakia",2003,NA,NA,0,0,0,0,"","","","","V2025.09.12"
"3644",317,"SLO","Slovakia",2004,NA,NA,0,0,0,0,"","","","","V2025.09.12"
"3645",317,"SLO","Slovakia",2005,NA,NA,0,0,0,0,"","","","","V2025.09.12"
"3646",317,"SLO","Slovakia",2006,NA,NA,0,0,0,0,"","","","","V2025.09.12"
"3647",317,"SLO","Slovakia",2007,NA,NA,0,0,0,0,"","","","","V2025.09.12"
"3648",317,"SLO","Slovakia",2008,NA,NA,0,0,0,0,"","","","","V2025.09.12"
"3649",317,"SLO","Slovakia",2009,NA,NA,0,0,0,0,"","","","","V2025.09.12"
"3650",317,"SLO","Slovakia",2010,NA,NA,0,0,0,0,"","","","","V2025.09.12"
"3651",317,"SLO","Slovakia",2011,NA,NA,0,0,0,0,"","","","","V2025.09.12"
"3652",317,"SLO","Slovakia",2012,NA,NA,0,0,0,0,"","","","","V2025.09.12"
"3653",317,"SLO","Slovakia",2013,NA,NA,0,0,0,0,"","","","","V2025.09.12"
"3654",317,"SLO","Slovakia",2014,NA,NA,0,0,0,0,"","","","","V2025.09.12"
"3655",317,"SLO","Slovakia",2015,NA,NA,0,0,0,0,"","","","","V2025.09.12"
"3656",317,"SLO","Slovakia",2016,NA,NA,0,0,0,0,"","","","","V2025.09.12"
"3657",317,"SLO","Slovakia",2017,NA,NA,0,0,0,0,"","","","","V2025.09.12"
"3658",317,"SLO","Slovakia",2018,NA,NA,0,0,0,0,"","","","","V2025.09.12"
"3659",317,"SLO","Slovakia",2019,NA,NA,0,0,0,0,"","","","","V2025.09.12"
"3660",317,"SLO","Slovakia",2020,NA,NA,0,0,0,0,"","","","","V2025.09.12"
"3661",317,"SLO","Slovakia",2021,NA,NA,0,0,0,0,"","","","","V2025.09.12"
"3662",317,"SLO","Slovakia",2022,NA,NA,0,0,0,0,"","","","","V2025.09.12"
"3663",317,"SLO","Slovakia",2023,NA,NA,0,0,0,0,"","","","","V2025.09.12"
"3664",317,"SLO","Slovakia",2024,NA,NA,0,0,0,0,"","","","","V2025.09.12"
"3665",325,"ITA","Italy/Sardinia",1950,NA,NA,0,0,0,0,"","","","","V2025.09.12"
"3666",325,"ITA","Italy/Sardinia",1951,NA,NA,0,0,0,0,"","","","","V2025.09.12"
"3667",325,"ITA","Italy/Sardinia",1952,NA,NA,0,0,0,0,"","","","","V2025.09.12"
"3668",325,"ITA","Italy/Sardinia",1953,NA,NA,0,0,0,0,"","","","","V2025.09.12"
"3669",325,"ITA","Italy/Sardinia",1954,NA,NA,0,0,0,0,"","","","","V2025.09.12"
"3670",325,"ITA","Italy/Sardinia",1955,NA,NA,0,0,0,0,"","","","","V2025.09.12"
"3671",325,"ITA","Italy/Sardinia",1956,NA,NA,0,0,0,0,"","","","","V2025.09.12"
"3672",325,"ITA","Italy/Sardinia",1957,NA,NA,0,0,0,0,"","","","","V2025.09.12"
"3673",325,"ITA","Italy/Sardinia",1958,NA,NA,0,0,0,0,"","","","","V2025.09.12"
"3674",325,"ITA","Italy/Sardinia",1959,NA,NA,0,0,0,0,"","","","","V2025.09.12"
"3675",325,"ITA","Italy/Sardinia",1960,NA,NA,0,0,0,0,"","","","","V2025.09.12"
"3676",325,"ITA","Italy/Sardinia",1961,NA,NA,0,0,0,0,"","","","","V2025.09.12"
"3677",325,"ITA","Italy/Sardinia",1962,NA,NA,0,0,0,0,"","","","","V2025.09.12"
"3678",325,"ITA","Italy/Sardinia",1963,NA,NA,0,0,0,0,"","","","","V2025.09.12"
"3679",325,"ITA","Italy/Sardinia",1964,NA,NA,0,0,0,0,"","","","","V2025.09.12"
"3680",325,"ITA","Italy/Sardinia",1965,NA,NA,0,0,0,0,"","","","","V2025.09.12"
"3681",325,"ITA","Italy/Sardinia",1966,NA,NA,0,0,0,0,"","","","","V2025.09.12"
"3682",325,"ITA","Italy/Sardinia",1967,NA,NA,0,0,0,0,"","","","","V2025.09.12"
"3683",325,"ITA","Italy/Sardinia",1968,NA,NA,0,0,0,0,"","","","","V2025.09.12"
"3684",325,"ITA","Italy/Sardinia",1969,NA,NA,0,0,0,0,"","","","","V2025.09.12"
"3685",325,"ITA","Italy/Sardinia",1970,NA,NA,0,0,0,0,"","","","","V2025.09.12"
"3686",325,"ITA","Italy/Sardinia",1971,NA,NA,0,0,0,0,"","","","","V2025.09.12"
"3687",325,"ITA","Italy/Sardinia",1972,NA,NA,0,0,0,0,"","","","","V2025.09.12"
"3688",325,"ITA","Italy/Sardinia",1973,NA,NA,0,0,0,0,"","","","","V2025.09.12"
"3689",325,"ITA","Italy/Sardinia",1974,NA,NA,0,0,0,0,"","","","","V2025.09.12"
"3690",325,"ITA","Italy/Sardinia",1975,NA,NA,0,0,0,0,"","","","","V2025.09.12"
"3691",325,"ITA","Italy/Sardinia",1976,NA,NA,0,0,0,0,"","","","","V2025.09.12"
"3692",325,"ITA","Italy/Sardinia",1977,NA,NA,0,0,0,0,"","","","","V2025.09.12"
"3693",325,"ITA","Italy/Sardinia",1978,NA,NA,0,0,0,0,"","","","","V2025.09.12"
"3694",325,"ITA","Italy/Sardinia",1979,NA,NA,0,0,0,0,"","","","","V2025.09.12"
"3695",325,"ITA","Italy/Sardinia",1980,NA,NA,0,0,0,0,"","","","","V2025.09.12"
"3696",325,"ITA","Italy/Sardinia",1981,NA,NA,0,0,0,0,"","","","","V2025.09.12"
"3697",325,"ITA","Italy/Sardinia",1982,NA,NA,0,0,0,0,"","","","","V2025.09.12"
"3698",325,"ITA","Italy/Sardinia",1983,NA,NA,0,0,0,0,"","","","","V2025.09.12"
"3699",325,"ITA","Italy/Sardinia",1984,NA,NA,0,0,0,0,"","","","","V2025.09.12"
"3700",325,"ITA","Italy/Sardinia",1985,NA,NA,0,0,0,0,"","","","","V2025.09.12"
"3701",325,"ITA","Italy/Sardinia",1986,NA,NA,0,0,0,0,"","","","","V2025.09.12"
"3702",325,"ITA","Italy/Sardinia",1987,NA,NA,0,0,0,0,"","","","","V2025.09.12"
"3703",325,"ITA","Italy/Sardinia",1988,NA,NA,0,0,0,0,"","","","","V2025.09.12"
"3704",325,"ITA","Italy/Sardinia",1989,NA,NA,0,0,0,0,"","","","","V2025.09.12"
"3705",325,"ITA","Italy/Sardinia",1990,NA,NA,0,0,0,0,"","","","","V2025.09.12"
"3706",325,"ITA","Italy/Sardinia",1991,NA,NA,0,0,0,0,"","","","","V2025.09.12"
"3707",325,"ITA","Italy/Sardinia",1992,NA,NA,0,0,0,0,"","","","","V2025.09.12"
"3708",325,"ITA","Italy/Sardinia",1993,NA,NA,0,0,0,0,"","","","","V2025.09.12"
"3709",325,"ITA","Italy/Sardinia",1994,NA,NA,0,0,0,0,"","","","","V2025.09.12"
"3710",325,"ITA","Italy/Sardinia",1995,NA,NA,0,0,0,0,"","","","","V2025.09.12"
"3711",325,"ITA","Italy/Sardinia",1996,NA,NA,0,0,0,0,"","","","","V2025.09.12"
"3712",325,"ITA","Italy/Sardinia",1997,NA,NA,0,0,0,0,"","","","","V2025.09.12"
"3713",325,"ITA","Italy/Sardinia",1998,NA,NA,0,0,0,0,"","","","","V2025.09.12"
"3714",325,"ITA","Italy/Sardinia",1999,NA,NA,0,0,0,0,"","","","","V2025.09.12"
"3715",325,"ITA","Italy/Sardinia",2000,NA,NA,0,0,0,0,"","","","","V2025.09.12"
"3716",325,"ITA","Italy/Sardinia",2001,NA,NA,0,0,0,0,"","","","","V2025.09.12"
"3717",325,"ITA","Italy/Sardinia",2002,NA,NA,0,0,0,0,"","","","","V2025.09.12"
"3718",325,"ITA","Italy/Sardinia",2003,NA,NA,0,0,0,0,"","","","","V2025.09.12"
"3719",325,"ITA","Italy/Sardinia",2004,NA,NA,0,0,0,0,"","","","","V2025.09.12"
"3720",325,"ITA","Italy/Sardinia",2005,NA,NA,0,0,0,0,"","","","","V2025.09.12"
"3721",325,"ITA","Italy/Sardinia",2006,NA,NA,0,0,0,0,"","","","","V2025.09.12"
"3722",325,"ITA","Italy/Sardinia",2007,NA,NA,0,0,0,0,"","","","","V2025.09.12"
"3723",325,"ITA","Italy/Sardinia",2008,NA,NA,0,0,0,0,"","","","","V2025.09.12"
"3724",325,"ITA","Italy/Sardinia",2009,NA,NA,0,0,0,0,"","","","","V2025.09.12"
"3725",325,"ITA","Italy/Sardinia",2010,NA,NA,0,0,0,0,"","","","","V2025.09.12"
"3726",325,"ITA","Italy/Sardinia",2011,NA,NA,0,0,0,0,"","","","","V2025.09.12"
"3727",325,"ITA","Italy/Sardinia",2012,NA,NA,0,0,0,0,"","","","","V2025.09.12"
"3728",325,"ITA","Italy/Sardinia",2013,NA,NA,0,0,0,0,"","","","","V2025.09.12"
"3729",325,"ITA","Italy/Sardinia",2014,NA,NA,0,0,0,0,"","","","","V2025.09.12"
"3730",325,"ITA","Italy/Sardinia",2015,NA,NA,0,0,0,0,"","","","","V2025.09.12"
"3731",325,"ITA","Italy/Sardinia",2016,NA,NA,0,0,0,0,"","","","","V2025.09.12"
"3732",325,"ITA","Italy/Sardinia",2017,NA,NA,0,0,0,0,"","","","","V2025.09.12"
"3733",325,"ITA","Italy/Sardinia",2018,NA,NA,0,0,0,0,"","","","","V2025.09.12"
"3734",325,"ITA","Italy/Sardinia",2019,NA,NA,0,0,0,0,"","","","","V2025.09.12"
"3735",325,"ITA","Italy/Sardinia",2020,NA,NA,0,0,0,0,"","","","","V2025.09.12"
"3736",325,"ITA","Italy/Sardinia",2021,NA,NA,0,0,0,0,"","","","","V2025.09.12"
"3737",325,"ITA","Italy/Sardinia",2022,NA,NA,0,0,0,0,"","","","","V2025.09.12"
"3738",325,"ITA","Italy/Sardinia",2023,NA,NA,0,0,0,0,"","","","","V2025.09.12"
"3739",325,"ITA","Italy/Sardinia",2024,NA,NA,0,0,0,0,"","","","","V2025.09.12"
"3740",331,"SNM","San Marino",1950,NA,NA,0,0,0,0,"","","","","V2025.09.12"
"3741",331,"SNM","San Marino",1951,NA,NA,0,0,0,0,"","","","","V2025.09.12"
"3742",331,"SNM","San Marino",1952,NA,NA,0,0,0,0,"","","","","V2025.09.12"
"3743",331,"SNM","San Marino",1953,NA,NA,0,0,0,0,"","","","","V2025.09.12"
"3744",331,"SNM","San Marino",1954,NA,NA,0,0,0,0,"","","","","V2025.09.12"
"3745",331,"SNM","San Marino",1955,NA,NA,0,0,0,0,"","","","","V2025.09.12"
"3746",331,"SNM","San Marino",1956,NA,NA,0,0,0,0,"","","","","V2025.09.12"
"3747",331,"SNM","San Marino",1957,NA,NA,0,0,0,0,"","","","","V2025.09.12"
"3748",331,"SNM","San Marino",1958,NA,NA,0,0,0,0,"","","","","V2025.09.12"
"3749",331,"SNM","San Marino",1959,NA,NA,0,0,0,0,"","","","","V2025.09.12"
"3750",331,"SNM","San Marino",1960,NA,NA,0,0,0,0,"","","","","V2025.09.12"
"3751",331,"SNM","San Marino",1961,NA,NA,0,0,0,0,"","","","","V2025.09.12"
"3752",331,"SNM","San Marino",1962,NA,NA,0,0,0,0,"","","","","V2025.09.12"
"3753",331,"SNM","San Marino",1963,NA,NA,0,0,0,0,"","","","","V2025.09.12"
"3754",331,"SNM","San Marino",1964,NA,NA,0,0,0,0,"","","","","V2025.09.12"
"3755",331,"SNM","San Marino",1965,NA,NA,0,0,0,0,"","","","","V2025.09.12"
"3756",331,"SNM","San Marino",1966,NA,NA,0,0,0,0,"","","","","V2025.09.12"
"3757",331,"SNM","San Marino",1967,NA,NA,0,0,0,0,"","","","","V2025.09.12"
"3758",331,"SNM","San Marino",1968,NA,NA,0,0,0,0,"","","","","V2025.09.12"
"3759",331,"SNM","San Marino",1969,NA,NA,0,0,0,0,"","","","","V2025.09.12"
"3760",331,"SNM","San Marino",1970,NA,NA,0,0,0,0,"","","","","V2025.09.12"
"3761",331,"SNM","San Marino",1971,NA,NA,0,0,0,0,"","","","","V2025.09.12"
"3762",331,"SNM","San Marino",1972,NA,NA,0,0,0,0,"","","","","V2025.09.12"
"3763",331,"SNM","San Marino",1973,NA,NA,0,0,0,0,"","","","","V2025.09.12"
"3764",331,"SNM","San Marino",1974,NA,NA,0,0,0,0,"","","","","V2025.09.12"
"3765",331,"SNM","San Marino",1975,NA,NA,0,0,0,0,"","","","","V2025.09.12"
"3766",331,"SNM","San Marino",1976,NA,NA,0,0,0,0,"","","","","V2025.09.12"
"3767",331,"SNM","San Marino",1977,NA,NA,0,0,0,0,"","","","","V2025.09.12"
"3768",331,"SNM","San Marino",1978,NA,NA,0,0,0,0,"","","","","V2025.09.12"
"3769",331,"SNM","San Marino",1979,NA,NA,0,0,0,0,"","","","","V2025.09.12"
"3770",331,"SNM","San Marino",1980,NA,NA,0,0,0,0,"","","","","V2025.09.12"
"3771",331,"SNM","San Marino",1981,NA,NA,0,0,0,0,"","","","","V2025.09.12"
"3772",331,"SNM","San Marino",1982,NA,NA,0,0,0,0,"","","","","V2025.09.12"
"3773",331,"SNM","San Marino",1983,NA,NA,0,0,0,0,"","","","","V2025.09.12"
"3774",331,"SNM","San Marino",1984,NA,NA,0,0,0,0,"","","","","V2025.09.12"
"3775",331,"SNM","San Marino",1985,NA,NA,0,0,0,0,"","","","","V2025.09.12"
"3776",331,"SNM","San Marino",1986,NA,NA,0,0,0,0,"","","","","V2025.09.12"
"3777",331,"SNM","San Marino",1987,NA,NA,0,0,0,0,"","","","","V2025.09.12"
"3778",331,"SNM","San Marino",1988,NA,NA,0,0,0,0,"","","","","V2025.09.12"
"3779",331,"SNM","San Marino",1989,NA,NA,0,0,0,0,"","","","","V2025.09.12"
"3780",331,"SNM","San Marino",1990,NA,NA,0,0,0,0,"","","","","V2025.09.12"
"3781",331,"SNM","San Marino",1991,NA,NA,0,0,0,0,"","","","","V2025.09.12"
"3782",331,"SNM","San Marino",1992,NA,NA,0,0,0,0,"","","","","V2025.09.12"
"3783",331,"SNM","San Marino",1993,NA,NA,0,0,0,0,"","","","","V2025.09.12"
"3784",331,"SNM","San Marino",1994,NA,NA,0,0,0,0,"","","","","V2025.09.12"
"3785",331,"SNM","San Marino",1995,NA,NA,0,0,0,0,"","","","","V2025.09.12"
"3786",331,"SNM","San Marino",1996,NA,NA,0,0,0,0,"","","","","V2025.09.12"
"3787",331,"SNM","San Marino",1997,NA,NA,0,0,0,0,"","","","","V2025.09.12"
"3788",331,"SNM","San Marino",1998,NA,NA,0,0,0,0,"","","","","V2025.09.12"
"3789",331,"SNM","San Marino",1999,NA,NA,0,0,0,0,"","","","","V2025.09.12"
"3790",331,"SNM","San Marino",2000,NA,NA,0,0,0,0,"","","","","V2025.09.12"
"3791",331,"SNM","San Marino",2001,NA,NA,0,0,0,0,"","","","","V2025.09.12"
"3792",331,"SNM","San Marino",2002,NA,NA,0,0,0,0,"","","","","V2025.09.12"
"3793",331,"SNM","San Marino",2003,NA,NA,0,0,0,0,"","","","","V2025.09.12"
"3794",331,"SNM","San Marino",2004,NA,NA,0,0,0,0,"","","","","V2025.09.12"
"3795",331,"SNM","San Marino",2005,NA,NA,0,0,0,0,"","","","","V2025.09.12"
"3796",331,"SNM","San Marino",2006,NA,NA,0,0,0,0,"","","","","V2025.09.12"
"3797",331,"SNM","San Marino",2007,NA,NA,0,0,0,0,"","","","","V2025.09.12"
"3798",331,"SNM","San Marino",2008,NA,NA,0,0,0,0,"","","","","V2025.09.12"
"3799",331,"SNM","San Marino",2009,NA,NA,0,0,0,0,"","","","","V2025.09.12"
"3800",331,"SNM","San Marino",2010,NA,NA,0,0,0,0,"","","","","V2025.09.12"
"3801",331,"SNM","San Marino",2011,NA,NA,0,0,0,0,"","","","","V2025.09.12"
"3802",331,"SNM","San Marino",2012,NA,NA,0,0,0,0,"","","","","V2025.09.12"
"3803",331,"SNM","San Marino",2013,NA,NA,0,0,0,0,"","","","","V2025.09.12"
"3804",331,"SNM","San Marino",2014,NA,NA,0,0,0,0,"","","","","V2025.09.12"
"3805",331,"SNM","San Marino",2015,NA,NA,0,0,0,0,"","","","","V2025.09.12"
"3806",331,"SNM","San Marino",2016,NA,NA,0,0,0,0,"","","","","V2025.09.12"
"3807",331,"SNM","San Marino",2017,NA,NA,0,0,0,0,"","","","","V2025.09.12"
"3808",331,"SNM","San Marino",2018,NA,NA,0,0,0,0,"","","","","V2025.09.12"
"3809",331,"SNM","San Marino",2019,NA,NA,0,0,0,0,"","","","","V2025.09.12"
"3810",331,"SNM","San Marino",2020,NA,NA,0,0,0,0,"","","","","V2025.09.12"
"3811",331,"SNM","San Marino",2021,NA,NA,0,0,0,0,"","","","","V2025.09.12"
"3812",331,"SNM","San Marino",2022,NA,NA,0,0,0,0,"","","","","V2025.09.12"
"3813",331,"SNM","San Marino",2023,NA,NA,0,0,0,0,"","","","","V2025.09.12"
"3814",331,"SNM","San Marino",2024,NA,NA,0,0,0,0,"","","","","V2025.09.12"
"3815",338,"MLT","Malta",1964,NA,NA,0,0,0,0,"","","","","V2025.09.12"
"3816",338,"MLT","Malta",1965,NA,NA,0,0,0,0,"","","","","V2025.09.12"
"3817",338,"MLT","Malta",1966,NA,NA,0,0,0,0,"","","","","V2025.09.12"
"3818",338,"MLT","Malta",1967,NA,NA,0,0,0,0,"","","","","V2025.09.12"
"3819",338,"MLT","Malta",1968,NA,NA,0,0,0,0,"","","","","V2025.09.12"
"3820",338,"MLT","Malta",1969,NA,NA,0,0,0,0,"","","","","V2025.09.12"
"3821",338,"MLT","Malta",1970,NA,NA,0,0,0,0,"","","","","V2025.09.12"
"3822",338,"MLT","Malta",1971,NA,NA,0,0,0,0,"","","","","V2025.09.12"
"3823",338,"MLT","Malta",1972,NA,NA,0,0,0,0,"","","","","V2025.09.12"
"3824",338,"MLT","Malta",1973,NA,NA,0,0,0,0,"","","","","V2025.09.12"
"3825",338,"MLT","Malta",1974,NA,NA,0,0,0,0,"","","","","V2025.09.12"
"3826",338,"MLT","Malta",1975,NA,NA,0,0,0,0,"","","","","V2025.09.12"
"3827",338,"MLT","Malta",1976,NA,NA,0,0,0,0,"","","","","V2025.09.12"
"3828",338,"MLT","Malta",1977,NA,NA,0,0,0,0,"","","","","V2025.09.12"
"3829",338,"MLT","Malta",1978,NA,NA,0,0,0,0,"","","","","V2025.09.12"
"3830",338,"MLT","Malta",1979,NA,NA,0,0,0,0,"","","","","V2025.09.12"
"3831",338,"MLT","Malta",1980,NA,NA,0,0,0,0,"","","","","V2025.09.12"
"3832",338,"MLT","Malta",1981,NA,NA,0,0,0,0,"","","","","V2025.09.12"
"3833",338,"MLT","Malta",1982,NA,NA,0,0,0,0,"","","","","V2025.09.12"
"3834",338,"MLT","Malta",1983,NA,NA,0,0,0,0,"","","","","V2025.09.12"
"3835",338,"MLT","Malta",1984,NA,NA,0,0,0,0,"","","","","V2025.09.12"
"3836",338,"MLT","Malta",1985,NA,NA,0,0,0,0,"","","","","V2025.09.12"
"3837",338,"MLT","Malta",1986,NA,NA,0,0,0,0,"","","","","V2025.09.12"
"3838",338,"MLT","Malta",1987,NA,NA,0,0,0,0,"","","","","V2025.09.12"
"3839",338,"MLT","Malta",1988,NA,NA,0,0,0,0,"","","","","V2025.09.12"
"3840",338,"MLT","Malta",1989,NA,NA,0,0,0,0,"","","","","V2025.09.12"
"3841",338,"MLT","Malta",1990,NA,NA,0,0,0,0,"","","","","V2025.09.12"
"3842",338,"MLT","Malta",1991,NA,NA,0,0,0,0,"","","","","V2025.09.12"
"3843",338,"MLT","Malta",1992,NA,NA,0,0,0,0,"","","","","V2025.09.12"
"3844",338,"MLT","Malta",1993,NA,NA,0,0,0,0,"","","","","V2025.09.12"
"3845",338,"MLT","Malta",1994,NA,NA,0,0,0,0,"","","","","V2025.09.12"
"3846",338,"MLT","Malta",1995,NA,NA,0,0,0,0,"","","","","V2025.09.12"
"3847",338,"MLT","Malta",1996,NA,NA,0,0,0,0,"","","","","V2025.09.12"
"3848",338,"MLT","Malta",1997,NA,NA,0,0,0,0,"","","","","V2025.09.12"
"3849",338,"MLT","Malta",1998,NA,NA,0,0,0,0,"","","","","V2025.09.12"
"3850",338,"MLT","Malta",1999,NA,NA,0,0,0,0,"","","","","V2025.09.12"
"3851",338,"MLT","Malta",2000,NA,NA,0,0,0,0,"","","","","V2025.09.12"
"3852",338,"MLT","Malta",2001,NA,NA,0,0,0,0,"","","","","V2025.09.12"
"3853",338,"MLT","Malta",2002,NA,NA,0,0,0,0,"","","","","V2025.09.12"
"3854",338,"MLT","Malta",2003,NA,NA,0,0,0,0,"","","","","V2025.09.12"
"3855",338,"MLT","Malta",2004,NA,NA,0,0,0,0,"","","","","V2025.09.12"
"3856",338,"MLT","Malta",2005,NA,NA,0,0,0,0,"","","","","V2025.09.12"
"3857",338,"MLT","Malta",2006,NA,NA,0,0,0,0,"","","","","V2025.09.12"
"3858",338,"MLT","Malta",2007,NA,NA,0,0,0,0,"","","","","V2025.09.12"
"3859",338,"MLT","Malta",2008,NA,NA,0,0,0,0,"","","","","V2025.09.12"
"3860",338,"MLT","Malta",2009,NA,NA,0,0,0,0,"","","","","V2025.09.12"
"3861",338,"MLT","Malta",2010,NA,NA,0,0,0,0,"","","","","V2025.09.12"
"3862",338,"MLT","Malta",2011,NA,NA,0,0,0,0,"","","","","V2025.09.12"
"3863",338,"MLT","Malta",2012,NA,NA,0,0,0,0,"","","","","V2025.09.12"
"3864",338,"MLT","Malta",2013,NA,NA,0,0,0,0,"","","","","V2025.09.12"
"3865",338,"MLT","Malta",2014,NA,NA,0,0,0,0,"","","","","V2025.09.12"
"3866",338,"MLT","Malta",2015,NA,NA,0,0,0,0,"","","","","V2025.09.12"
"3867",338,"MLT","Malta",2016,NA,NA,0,0,0,0,"","","","","V2025.09.12"
"3868",338,"MLT","Malta",2017,NA,NA,0,0,0,0,"","","","","V2025.09.12"
"3869",338,"MLT","Malta",2018,NA,NA,0,0,0,0,"","","","","V2025.09.12"
"3870",338,"MLT","Malta",2019,NA,NA,0,0,0,0,"","","","","V2025.09.12"
"3871",338,"MLT","Malta",2020,NA,NA,0,0,0,0,"","","","","V2025.09.12"
"3872",338,"MLT","Malta",2021,NA,NA,0,0,0,0,"","","","","V2025.09.12"
"3873",338,"MLT","Malta",2022,NA,NA,0,0,0,0,"","","","","V2025.09.12"
"3874",338,"MLT","Malta",2023,NA,NA,0,0,0,0,"","","","","V2025.09.12"
"3875",338,"MLT","Malta",2024,NA,NA,0,0,0,0,"","","","","V2025.09.12"
"3876",339,"ALB","Albania",1950,NA,NA,0,0,0,0,"","","","","V2025.09.12"
"3877",339,"ALB","Albania",1951,NA,NA,0,0,0,0,"","","","","V2025.09.12"
"3878",339,"ALB","Albania",1952,NA,NA,0,0,0,0,"","","","","V2025.09.12"
"3879",339,"ALB","Albania",1953,NA,NA,0,0,0,0,"","","","","V2025.09.12"
"3880",339,"ALB","Albania",1954,NA,NA,0,0,0,0,"","","","","V2025.09.12"
"3881",339,"ALB","Albania",1955,NA,NA,0,0,0,0,"","","","","V2025.09.12"
"3882",339,"ALB","Albania",1956,NA,NA,0,0,0,0,"","","","","V2025.09.12"
"3883",339,"ALB","Albania",1957,NA,NA,0,0,0,0,"","","","","V2025.09.12"
"3884",339,"ALB","Albania",1958,NA,NA,0,0,0,0,"","","","","V2025.09.12"
"3885",339,"ALB","Albania",1959,NA,NA,0,0,0,0,"","","","","V2025.09.12"
"3886",339,"ALB","Albania",1960,NA,NA,0,0,0,0,"","","","","V2025.09.12"
"3887",339,"ALB","Albania",1961,NA,NA,0,0,0,0,"","","","","V2025.09.12"
"3888",339,"ALB","Albania",1962,NA,NA,0,0,0,0,"","","","","V2025.09.12"
"3889",339,"ALB","Albania",1963,NA,NA,0,0,0,0,"","","","","V2025.09.12"
"3890",339,"ALB","Albania",1964,NA,NA,0,0,0,0,"","","","","V2025.09.12"
"3891",339,"ALB","Albania",1965,NA,NA,0,0,0,0,"","","","","V2025.09.12"
"3892",339,"ALB","Albania",1966,NA,NA,0,0,0,0,"","","","","V2025.09.12"
"3893",339,"ALB","Albania",1967,NA,NA,0,0,0,0,"","","","","V2025.09.12"
"3894",339,"ALB","Albania",1968,NA,NA,0,0,0,0,"","","","","V2025.09.12"
"3895",339,"ALB","Albania",1969,NA,NA,0,0,0,0,"","","","","V2025.09.12"
"3896",339,"ALB","Albania",1970,NA,NA,0,0,0,0,"","","","","V2025.09.12"
"3897",339,"ALB","Albania",1971,NA,NA,0,0,0,0,"","","","","V2025.09.12"
"3898",339,"ALB","Albania",1972,NA,NA,0,0,0,0,"","","","","V2025.09.12"
"3899",339,"ALB","Albania",1973,NA,NA,0,0,0,0,"","","","","V2025.09.12"
"3900",339,"ALB","Albania",1974,NA,NA,0,0,0,0,"","","","","V2025.09.12"
"3901",339,"ALB","Albania",1975,NA,NA,0,0,0,0,"","","","","V2025.09.12"
"3902",339,"ALB","Albania",1976,NA,NA,0,0,0,0,"","","","","V2025.09.12"
"3903",339,"ALB","Albania",1977,NA,NA,0,0,0,0,"","","","","V2025.09.12"
"3904",339,"ALB","Albania",1978,NA,NA,0,0,0,0,"","","","","V2025.09.12"
"3905",339,"ALB","Albania",1979,NA,NA,0,0,0,0,"","","","","V2025.09.12"
"3906",339,"ALB","Albania",1980,NA,NA,0,0,0,0,"","","","","V2025.09.12"
"3907",339,"ALB","Albania",1981,NA,NA,0,0,0,0,"","","","","V2025.09.12"
"3908",339,"ALB","Albania",1982,NA,NA,0,0,0,0,"","","","","V2025.09.12"
"3909",339,"ALB","Albania",1983,NA,NA,0,0,0,0,"","","","","V2025.09.12"
"3910",339,"ALB","Albania",1984,NA,NA,0,0,0,0,"","","","","V2025.09.12"
"3911",339,"ALB","Albania",1985,NA,NA,0,0,0,0,"","","","","V2025.09.12"
"3912",339,"ALB","Albania",1986,NA,NA,0,0,0,0,"","","","","V2025.09.12"
"3913",339,"ALB","Albania",1987,NA,NA,0,0,0,0,"","","","","V2025.09.12"
"3914",339,"ALB","Albania",1988,NA,NA,0,0,0,0,"","","","","V2025.09.12"
"3915",339,"ALB","Albania",1989,NA,NA,0,0,0,0,"","","","","V2025.09.12"
"3916",339,"ALB","Albania",1990,NA,NA,0,0,0,0,"","","","","V2025.09.12"
"3917",339,"ALB","Albania",1991,NA,NA,0,0,0,0,"","","","","V2025.09.12"
"3918",339,"ALB","Albania",1992,NA,NA,0,0,0,0,"","","","","V2025.09.12"
"3919",339,"ALB","Albania",1993,NA,NA,0,0,0,0,"","","","","V2025.09.12"
"3920",339,"ALB","Albania",1994,NA,NA,0,0,0,0,"","","","","V2025.09.12"
"3921",339,"ALB","Albania",1995,NA,NA,0,0,0,0,"","","","","V2025.09.12"
"3922",339,"ALB","Albania",1996,NA,NA,0,0,0,0,"","","","","V2025.09.12"
"3923",339,"ALB","Albania",1997,NA,NA,0,0,0,0,"","","","","V2025.09.12"
"3924",339,"ALB","Albania",1998,NA,NA,0,0,0,0,"","","","","V2025.09.12"
"3925",339,"ALB","Albania",1999,NA,NA,0,0,0,0,"","","","","V2025.09.12"
"3926",339,"ALB","Albania",2000,NA,NA,0,0,0,0,"","","","","V2025.09.12"
"3927",339,"ALB","Albania",2001,NA,NA,0,0,0,0,"","","","","V2025.09.12"
"3928",339,"ALB","Albania",2002,NA,NA,0,0,0,0,"","","","","V2025.09.12"
"3929",339,"ALB","Albania",2003,NA,NA,0,0,0,0,"","","","","V2025.09.12"
"3930",339,"ALB","Albania",2004,NA,NA,0,0,0,0,"","","","","V2025.09.12"
"3931",339,"ALB","Albania",2005,NA,NA,0,0,0,0,"","","","","V2025.09.12"
"3932",339,"ALB","Albania",2006,NA,NA,0,0,0,0,"","","","","V2025.09.12"
"3933",339,"ALB","Albania",2007,NA,NA,0,0,0,0,"","","","","V2025.09.12"
"3934",339,"ALB","Albania",2008,NA,NA,0,0,0,0,"","","","","V2025.09.12"
"3935",339,"ALB","Albania",2009,NA,NA,0,0,0,0,"","","","","V2025.09.12"
"3936",339,"ALB","Albania",2010,NA,NA,0,0,0,0,"","","","","V2025.09.12"
"3937",339,"ALB","Albania",2011,NA,NA,0,0,0,0,"","","","","V2025.09.12"
"3938",339,"ALB","Albania",2012,NA,NA,0,0,0,0,"","","","","V2025.09.12"
"3939",339,"ALB","Albania",2013,NA,NA,0,0,0,0,"","","","","V2025.09.12"
"3940",339,"ALB","Albania",2014,NA,NA,0,0,0,0,"","","","","V2025.09.12"
"3941",339,"ALB","Albania",2015,NA,NA,0,0,0,0,"","","","","V2025.09.12"
"3942",339,"ALB","Albania",2016,NA,NA,0,0,0,0,"","","","","V2025.09.12"
"3943",339,"ALB","Albania",2017,NA,NA,0,0,0,0,"","","","","V2025.09.12"
"3944",339,"ALB","Albania",2018,NA,NA,0,0,0,0,"","","","","V2025.09.12"
"3945",339,"ALB","Albania",2019,NA,NA,0,0,0,0,"","","","","V2025.09.12"
"3946",339,"ALB","Albania",2020,NA,NA,0,0,0,0,"","","","","V2025.09.12"
"3947",339,"ALB","Albania",2021,NA,NA,0,0,0,0,"","","","","V2025.09.12"
"3948",339,"ALB","Albania",2022,NA,NA,0,0,0,0,"","","","","V2025.09.12"
"3949",339,"ALB","Albania",2023,NA,NA,0,0,0,0,"","","","","V2025.09.12"
"3950",339,"ALB","Albania",2024,NA,NA,0,0,0,0,"","","","","V2025.09.12"
"3951",340,"SER","Serbia",2006,NA,NA,0,0,0,0,"","","","","V2025.09.12"
"3952",340,"SER","Serbia",2007,NA,NA,0,0,0,0,"","","","","V2025.09.12"
"3953",340,"SER","Serbia",2008,NA,NA,0,0,0,0,"","","","","V2025.09.12"
"3954",340,"SER","Serbia",2009,NA,NA,0,0,0,0,"","","","","V2025.09.12"
"3955",340,"SER","Serbia",2010,NA,NA,0,0,0,0,"","","","","V2025.09.12"
"3956",340,"SER","Serbia",2011,NA,NA,0,0,0,0,"","","","","V2025.09.12"
"3957",340,"SER","Serbia",2012,NA,NA,0,0,0,0,"","","","","V2025.09.12"
"3958",340,"SER","Serbia",2013,NA,NA,0,0,0,0,"","","","","V2025.09.12"
"3959",340,"SER","Serbia",2014,NA,NA,0,0,0,0,"","","","","V2025.09.12"
"3960",340,"SER","Serbia",2015,NA,NA,0,0,0,0,"","","","","V2025.09.12"
"3961",340,"SER","Serbia",2016,NA,NA,0,0,0,0,"","","","","V2025.09.12"
"3962",340,"SER","Serbia",2017,NA,NA,0,0,0,0,"","","","","V2025.09.12"
"3963",340,"SER","Serbia",2018,NA,NA,0,0,0,0,"","","","","V2025.09.12"
"3964",340,"SER","Serbia",2019,NA,NA,0,0,0,0,"","","","","V2025.09.12"
"3965",340,"SER","Serbia",2020,NA,NA,0,0,0,0,"","","","","V2025.09.12"
"3966",340,"SER","Serbia",2021,NA,NA,0,0,0,0,"","","","","V2025.09.12"
"3967",340,"SER","Serbia",2022,NA,NA,0,0,0,0,"","","","","V2025.09.12"
"3968",340,"SER","Serbia",2023,NA,NA,0,0,0,0,"","","","","V2025.09.12"
"3969",340,"SER","Serbia",2024,NA,NA,0,0,0,0,"","","","","V2025.09.12"
"3970",341,"MNG","Montenegro",2006,NA,NA,0,0,0,0,"","","","","V2025.09.12"
"3971",341,"MNG","Montenegro",2007,NA,NA,0,0,0,0,"","","","","V2025.09.12"
"3972",341,"MNG","Montenegro",2008,NA,NA,0,0,0,0,"","","","","V2025.09.12"
"3973",341,"MNG","Montenegro",2009,NA,NA,0,0,0,0,"","","","","V2025.09.12"
"3974",341,"MNG","Montenegro",2010,NA,NA,0,0,0,0,"","","","","V2025.09.12"
"3975",341,"MNG","Montenegro",2011,NA,NA,0,0,0,0,"","","","","V2025.09.12"
"3976",341,"MNG","Montenegro",2012,NA,NA,0,0,0,0,"","","","","V2025.09.12"
"3977",341,"MNG","Montenegro",2013,NA,NA,0,0,0,0,"","","","","V2025.09.12"
"3978",341,"MNG","Montenegro",2014,NA,NA,0,0,0,0,"","","","","V2025.09.12"
"3979",341,"MNG","Montenegro",2015,NA,NA,0,0,0,0,"","","","","V2025.09.12"
"3980",341,"MNG","Montenegro",2016,NA,NA,0,0,0,0,"","","","","V2025.09.12"
"3981",341,"MNG","Montenegro",2017,NA,NA,0,0,0,0,"","","","","V2025.09.12"
"3982",341,"MNG","Montenegro",2018,NA,NA,0,0,0,0,"","","","","V2025.09.12"
"3983",341,"MNG","Montenegro",2019,NA,NA,0,0,0,0,"","","","","V2025.09.12"
"3984",341,"MNG","Montenegro",2020,NA,NA,0,0,0,0,"","","","","V2025.09.12"
"3985",341,"MNG","Montenegro",2021,NA,NA,0,0,0,0,"","","","","V2025.09.12"
"3986",341,"MNG","Montenegro",2022,NA,NA,0,0,0,0,"","","","","V2025.09.12"
"3987",341,"MNG","Montenegro",2023,NA,NA,0,0,0,0,"","","","","V2025.09.12"
"3988",341,"MNG","Montenegro",2024,NA,NA,0,0,0,0,"","","","","V2025.09.12"
"3989",343,"MAC","Macedonia (Former Yugoslav Republic of)",1991,NA,NA,0,0,0,0,"","","","","V2025.09.12"
"3990",343,"MAC","Macedonia (Former Yugoslav Republic of)",1992,NA,NA,0,0,0,0,"","","","","V2025.09.12"
"3991",343,"MAC","Macedonia (Former Yugoslav Republic of)",1993,NA,NA,0,0,0,0,"","","","","V2025.09.12"
"3992",343,"MAC","Macedonia (Former Yugoslav Republic of)",1994,NA,NA,0,0,0,0,"","","","","V2025.09.12"
"3993",343,"MAC","Macedonia (Former Yugoslav Republic of)",1995,NA,NA,0,0,0,0,"","","","","V2025.09.12"
"3994",343,"MAC","Macedonia (Former Yugoslav Republic of)",1996,NA,NA,0,0,0,0,"","","","","V2025.09.12"
"3995",343,"MAC","Macedonia (Former Yugoslav Republic of)",1997,NA,NA,0,0,0,0,"","","","","V2025.09.12"
"3996",343,"MAC","Macedonia (Former Yugoslav Republic of)",1998,NA,NA,0,0,0,0,"","","","","V2025.09.12"
"3997",343,"MAC","Macedonia (Former Yugoslav Republic of)",1999,NA,NA,0,0,0,0,"","","","","V2025.09.12"
"3998",343,"MAC","Macedonia (Former Yugoslav Republic of)",2000,NA,NA,0,0,0,0,"","","","","V2025.09.12"
"3999",343,"MAC","Macedonia (Former Yugoslav Republic of)",2001,NA,NA,0,0,0,0,"","","","","V2025.09.12"
"4000",343,"MAC","Macedonia (Former Yugoslav Republic of)",2002,NA,NA,0,0,0,0,"","","","","V2025.09.12"
"4001",343,"MAC","Macedonia (Former Yugoslav Republic of)",2003,NA,NA,0,0,0,0,"","","","","V2025.09.12"
"4002",343,"MAC","Macedonia (Former Yugoslav Republic of)",2004,NA,NA,0,0,0,0,"","","","","V2025.09.12"
"4003",343,"MAC","Macedonia (Former Yugoslav Republic of)",2005,NA,NA,0,0,0,0,"","","","","V2025.09.12"
"4004",343,"MAC","Macedonia (Former Yugoslav Republic of)",2006,NA,NA,0,0,0,0,"","","","","V2025.09.12"
"4005",343,"MAC","Macedonia (Former Yugoslav Republic of)",2007,NA,NA,0,0,0,0,"","","","","V2025.09.12"
"4006",343,"MAC","Macedonia (Former Yugoslav Republic of)",2008,NA,NA,0,0,0,0,"","","","","V2025.09.12"
"4007",343,"MAC","Macedonia (Former Yugoslav Republic of)",2009,NA,NA,0,0,0,0,"","","","","V2025.09.12"
"4008",343,"MAC","Macedonia (Former Yugoslav Republic of)",2010,NA,NA,0,0,0,0,"","","","","V2025.09.12"
"4009",343,"MAC","Macedonia (Former Yugoslav Republic of)",2011,NA,NA,0,0,0,0,"","","","","V2025.09.12"
"4010",343,"MAC","Macedonia (Former Yugoslav Republic of)",2012,NA,NA,0,0,0,0,"","","","","V2025.09.12"
"4011",343,"MAC","Macedonia (Former Yugoslav Republic of)",2013,NA,NA,0,0,0,0,"","","","","V2025.09.12"
"4012",343,"MAC","Macedonia (Former Yugoslav Republic of)",2014,NA,NA,0,0,0,0,"","","","","V2025.09.12"
"4013",343,"MAC","Macedonia (Former Yugoslav Republic of)",2015,NA,NA,0,0,0,0,"","","","","V2025.09.12"
"4014",343,"MAC","Macedonia (Former Yugoslav Republic of)",2016,NA,NA,0,0,0,0,"","","","","V2025.09.12"
"4015",343,"MAC","Macedonia (Former Yugoslav Republic of)",2017,NA,NA,0,0,0,0,"","","","","V2025.09.12"
"4016",343,"MAC","Macedonia (Former Yugoslav Republic of)",2018,NA,NA,0,0,0,0,"","","","","V2025.09.12"
"4017",343,"MAC","Macedonia (Former Yugoslav Republic of)",2019,NA,NA,0,0,0,0,"","","","","V2025.09.12"
"4018",343,"MAC","Macedonia (Former Yugoslav Republic of)",2020,NA,NA,0,0,0,0,"","","","","V2025.09.12"
"4019",343,"MAC","Macedonia (Former Yugoslav Republic of)",2021,NA,NA,0,0,0,0,"","","","","V2025.09.12"
"4020",343,"MAC","Macedonia (Former Yugoslav Republic of)",2022,NA,NA,0,0,0,0,"","","","","V2025.09.12"
"4021",343,"MAC","Macedonia (Former Yugoslav Republic of)",2023,NA,NA,0,0,0,0,"","","","","V2025.09.12"
"4022",343,"MAC","Macedonia (Former Yugoslav Republic of)",2024,NA,NA,0,0,0,0,"","","","","V2025.09.12"
"4023",344,"CRO","Croatia",1992,NA,NA,0,0,0,0,"","","","","V2025.09.12"
"4024",344,"CRO","Croatia",1993,NA,NA,0,0,0,0,"","","","","V2025.09.12"
"4025",344,"CRO","Croatia",1994,NA,NA,0,0,0,0,"","","","","V2025.09.12"
"4026",344,"CRO","Croatia",1995,NA,NA,0,0,0,0,"","","","","V2025.09.12"
"4027",344,"CRO","Croatia",1996,NA,NA,0,0,0,0,"","","","","V2025.09.12"
"4028",344,"CRO","Croatia",1997,NA,NA,0,0,0,0,"","","","","V2025.09.12"
"4029",344,"CRO","Croatia",1998,NA,NA,0,0,0,0,"","","","","V2025.09.12"
"4030",344,"CRO","Croatia",1999,NA,NA,0,0,0,0,"","","","","V2025.09.12"
"4031",344,"CRO","Croatia",2000,NA,NA,0,0,0,0,"","","","","V2025.09.12"
"4032",344,"CRO","Croatia",2001,NA,NA,0,0,0,0,"","","","","V2025.09.12"
"4033",344,"CRO","Croatia",2002,NA,NA,0,0,0,0,"","","","","V2025.09.12"
"4034",344,"CRO","Croatia",2003,NA,NA,0,0,0,0,"","","","","V2025.09.12"
"4035",344,"CRO","Croatia",2004,NA,NA,0,0,0,0,"","","","","V2025.09.12"
"4036",344,"CRO","Croatia",2005,NA,NA,0,0,0,0,"","","","","V2025.09.12"
"4037",344,"CRO","Croatia",2006,NA,NA,0,0,0,0,"","","","","V2025.09.12"
"4038",344,"CRO","Croatia",2007,NA,NA,0,0,0,0,"","","","","V2025.09.12"
"4039",344,"CRO","Croatia",2008,NA,NA,0,0,0,0,"","","","","V2025.09.12"
"4040",344,"CRO","Croatia",2009,NA,NA,0,0,0,0,"","","","","V2025.09.12"
"4041",344,"CRO","Croatia",2010,NA,NA,0,0,0,0,"","","","","V2025.09.12"
"4042",344,"CRO","Croatia",2011,NA,NA,0,0,0,0,"","","","","V2025.09.12"
"4043",344,"CRO","Croatia",2012,NA,NA,0,0,0,0,"","","","","V2025.09.12"
"4044",344,"CRO","Croatia",2013,NA,NA,0,0,0,0,"","","","","V2025.09.12"
"4045",344,"CRO","Croatia",2014,NA,NA,0,0,0,0,"","","","","V2025.09.12"
"4046",344,"CRO","Croatia",2015,NA,NA,0,0,0,0,"","","","","V2025.09.12"
"4047",344,"CRO","Croatia",2016,NA,NA,0,0,0,0,"","","","","V2025.09.12"
"4048",344,"CRO","Croatia",2017,NA,NA,0,0,0,0,"","","","","V2025.09.12"
"4049",344,"CRO","Croatia",2018,NA,NA,0,0,0,0,"","","","","V2025.09.12"
"4050",344,"CRO","Croatia",2019,NA,NA,0,0,0,0,"","","","","V2025.09.12"
"4051",344,"CRO","Croatia",2020,NA,NA,0,0,0,0,"","","","","V2025.09.12"
"4052",344,"CRO","Croatia",2021,NA,NA,0,0,0,0,"","","","","V2025.09.12"
"4053",344,"CRO","Croatia",2022,NA,NA,0,0,0,0,"","","","","V2025.09.12"
"4054",344,"CRO","Croatia",2023,NA,NA,0,0,0,0,"","","","","V2025.09.12"
"4055",344,"CRO","Croatia",2024,NA,NA,0,0,0,0,"","","","","V2025.09.12"
"4056",345,"YUG","Yugoslavia",1950,NA,NA,0,0,0,0,"","","","","V2025.09.12"
"4057",345,"YUG","Yugoslavia",1951,NA,NA,0,0,0,0,"","","","","V2025.09.12"
"4058",345,"YUG","Yugoslavia",1952,NA,NA,0,0,0,0,"","","","","V2025.09.12"
"4059",345,"YUG","Yugoslavia",1953,NA,NA,0,0,0,0,"","","","","V2025.09.12"
"4060",345,"YUG","Yugoslavia",1954,NA,NA,0,0,0,0,"","","","","V2025.09.12"
"4061",345,"YUG","Yugoslavia",1955,NA,NA,0,0,0,0,"","","","","V2025.09.12"
"4062",345,"YUG","Yugoslavia",1956,NA,NA,0,0,0,0,"","","","","V2025.09.12"
"4063",345,"YUG","Yugoslavia",1957,NA,NA,0,0,0,0,"","","","","V2025.09.12"
"4064",345,"YUG","Yugoslavia",1958,NA,NA,0,0,0,0,"","","","","V2025.09.12"
"4065",345,"YUG","Yugoslavia",1959,NA,NA,0,0,0,0,"","","","","V2025.09.12"
"4066",345,"YUG","Yugoslavia",1960,NA,NA,0,0,0,0,"","","","","V2025.09.12"
"4067",345,"YUG","Yugoslavia",1961,NA,NA,0,0,0,0,"","","","","V2025.09.12"
"4068",345,"YUG","Yugoslavia",1962,NA,NA,0,0,0,0,"","","","","V2025.09.12"
"4069",345,"YUG","Yugoslavia",1963,NA,NA,0,0,0,0,"","","","","V2025.09.12"
"4070",345,"YUG","Yugoslavia",1964,NA,NA,0,0,0,0,"","","","","V2025.09.12"
"4071",345,"YUG","Yugoslavia",1965,NA,NA,0,0,0,0,"","","","","V2025.09.12"
"4072",345,"YUG","Yugoslavia",1966,NA,NA,0,0,0,0,"","","","","V2025.09.12"
"4073",345,"YUG","Yugoslavia",1967,NA,NA,0,0,0,0,"","","","","V2025.09.12"
"4074",345,"YUG","Yugoslavia",1968,NA,NA,0,0,0,0,"","","","","V2025.09.12"
"4075",345,"YUG","Yugoslavia",1969,NA,NA,0,0,0,0,"","","","","V2025.09.12"
"4076",345,"YUG","Yugoslavia",1970,NA,NA,0,0,0,0,"","","","","V2025.09.12"
"4077",345,"YUG","Yugoslavia",1971,NA,NA,0,0,0,0,"","","","","V2025.09.12"
"4078",345,"YUG","Yugoslavia",1972,NA,NA,0,0,0,0,"","","","","V2025.09.12"
"4079",345,"YUG","Yugoslavia",1973,NA,NA,0,0,0,0,"","","","","V2025.09.12"
"4080",345,"YUG","Yugoslavia",1974,NA,NA,0,0,0,0,"","","","","V2025.09.12"
"4081",345,"YUG","Yugoslavia",1975,NA,NA,0,0,0,0,"","","","","V2025.09.12"
"4082",345,"YUG","Yugoslavia",1976,NA,NA,0,0,0,0,"","","","","V2025.09.12"
"4083",345,"YUG","Yugoslavia",1977,NA,NA,0,0,0,0,"","","","","V2025.09.12"
"4084",345,"YUG","Yugoslavia",1978,NA,NA,0,0,0,0,"","","","","V2025.09.12"
"4085",345,"YUG","Yugoslavia",1979,NA,NA,0,0,0,0,"","","","","V2025.09.12"
"4086",345,"YUG","Yugoslavia",1980,NA,NA,0,0,0,0,"","","","","V2025.09.12"
"4087",345,"YUG","Yugoslavia",1981,NA,NA,0,0,0,0,"","","","","V2025.09.12"
"4088",345,"YUG","Yugoslavia",1982,NA,NA,0,0,0,0,"","","","","V2025.09.12"
"4089",345,"YUG","Yugoslavia",1983,NA,NA,0,0,0,0,"","","","","V2025.09.12"
"4090",345,"YUG","Yugoslavia",1984,NA,NA,0,0,0,0,"","","","","V2025.09.12"
"4091",345,"YUG","Yugoslavia",1985,NA,NA,0,0,0,0,"","","","","V2025.09.12"
"4092",345,"YUG","Yugoslavia",1986,NA,NA,0,0,0,0,"","","","","V2025.09.12"
"4093",345,"YUG","Yugoslavia",1987,NA,NA,0,0,0,0,"","","","","V2025.09.12"
"4094",345,"YUG","Yugoslavia",1988,NA,NA,0,0,0,0,"","","","","V2025.09.12"
"4095",345,"YUG","Yugoslavia",1989,NA,NA,0,0,0,0,"","","","","V2025.09.12"
"4096",345,"YUG","Yugoslavia",1990,NA,NA,0,0,0,0,"","","","","V2025.09.12"
"4097",345,"YUG","Yugoslavia",1991,NA,NA,0,0,0,0,"","","","","V2025.09.12"
"4098",345,"YUG","Yugoslavia",1992,NA,NA,0,0,0,0,"","","","","V2025.09.12"
"4099",345,"YUG","Yugoslavia",1993,NA,NA,0,0,0,0,"","","","","V2025.09.12"
"4100",345,"YUG","Yugoslavia",1994,NA,NA,0,0,0,0,"","","","","V2025.09.12"
"4101",345,"YUG","Yugoslavia",1995,NA,NA,0,0,0,0,"","","","","V2025.09.12"
"4102",345,"YUG","Yugoslavia",1996,NA,NA,0,0,0,0,"","","","","V2025.09.12"
"4103",345,"YUG","Yugoslavia",1997,NA,NA,0,0,0,0,"","","","","V2025.09.12"
"4104",345,"YUG","Yugoslavia",1998,NA,NA,0,0,0,0,"","","","","V2025.09.12"
"4105",345,"YUG","Yugoslavia",1999,NA,NA,0,0,0,0,"","","","","V2025.09.12"
"4106",345,"YUG","Yugoslavia",2000,NA,NA,0,0,0,0,"","","","","V2025.09.12"
"4107",345,"YUG","Yugoslavia",2001,NA,NA,0,0,0,0,"","","","","V2025.09.12"
"4108",345,"YUG","Yugoslavia",2002,NA,NA,0,0,0,0,"","","","","V2025.09.12"
"4109",345,"YUG","Yugoslavia",2003,NA,NA,0,0,0,0,"","","","","V2025.09.12"
"4110",345,"YUG","Yugoslavia",2004,NA,NA,0,0,0,0,"","","","","V2025.09.12"
"4111",345,"YUG","Yugoslavia",2005,NA,NA,0,0,0,0,"","","","","V2025.09.12"
"4112",345,"YUG","Yugoslavia",2006,NA,NA,0,0,0,0,"","","","","V2025.09.12"
"4113",346,"BOS","Bosnia-Herzegovina",1992,NA,NA,0,0,0,0,"","","","","V2025.09.12"
"4114",346,"BOS","Bosnia-Herzegovina",1993,NA,NA,0,0,0,0,"","","","","V2025.09.12"
"4115",346,"BOS","Bosnia-Herzegovina",1994,NA,NA,0,0,0,0,"","","","","V2025.09.12"
"4116",346,"BOS","Bosnia-Herzegovina",1995,NA,NA,0,0,0,0,"","","","","V2025.09.12"
"4117",346,"BOS","Bosnia-Herzegovina",1996,NA,NA,0,0,0,0,"","","","","V2025.09.12"
"4118",346,"BOS","Bosnia-Herzegovina",1997,NA,NA,0,0,0,0,"","","","","V2025.09.12"
"4119",346,"BOS","Bosnia-Herzegovina",1998,NA,NA,0,0,0,0,"","","","","V2025.09.12"
"4120",346,"BOS","Bosnia-Herzegovina",1999,NA,NA,0,0,0,0,"","","","","V2025.09.12"
"4121",346,"BOS","Bosnia-Herzegovina",2000,NA,NA,0,0,0,0,"","","","","V2025.09.12"
"4122",346,"BOS","Bosnia-Herzegovina",2001,NA,NA,0,0,0,0,"","","","","V2025.09.12"
"4123",346,"BOS","Bosnia-Herzegovina",2002,NA,NA,0,0,0,0,"","","","","V2025.09.12"
"4124",346,"BOS","Bosnia-Herzegovina",2003,NA,NA,0,0,0,0,"","","","","V2025.09.12"
"4125",346,"BOS","Bosnia-Herzegovina",2004,NA,NA,0,0,0,0,"","","","","V2025.09.12"
"4126",346,"BOS","Bosnia-Herzegovina",2005,NA,NA,0,0,0,0,"","","","","V2025.09.12"
"4127",346,"BOS","Bosnia-Herzegovina",2006,NA,NA,0,0,0,0,"","","","","V2025.09.12"
"4128",346,"BOS","Bosnia-Herzegovina",2007,NA,NA,0,0,0,0,"","","","","V2025.09.12"
"4129",346,"BOS","Bosnia-Herzegovina",2008,NA,NA,0,0,0,0,"","","","","V2025.09.12"
"4130",346,"BOS","Bosnia-Herzegovina",2009,NA,NA,0,0,0,0,"","","","","V2025.09.12"
"4131",346,"BOS","Bosnia-Herzegovina",2010,NA,NA,0,0,0,0,"","","","","V2025.09.12"
"4132",346,"BOS","Bosnia-Herzegovina",2011,NA,NA,0,0,0,0,"","","","","V2025.09.12"
"4133",346,"BOS","Bosnia-Herzegovina",2012,NA,NA,0,0,0,0,"","","","","V2025.09.12"
"4134",346,"BOS","Bosnia-Herzegovina",2013,NA,NA,0,0,0,0,"","","","","V2025.09.12"
"4135",346,"BOS","Bosnia-Herzegovina",2014,NA,NA,0,0,0,0,"","","","","V2025.09.12"
"4136",346,"BOS","Bosnia-Herzegovina",2015,NA,NA,0,0,0,0,"","","","","V2025.09.12"
"4137",346,"BOS","Bosnia-Herzegovina",2016,NA,NA,0,0,0,0,"","","","","V2025.09.12"
"4138",346,"BOS","Bosnia-Herzegovina",2017,NA,NA,0,0,0,0,"","","","","V2025.09.12"
"4139",346,"BOS","Bosnia-Herzegovina",2018,NA,NA,0,0,0,0,"","","","","V2025.09.12"
"4140",346,"BOS","Bosnia-Herzegovina",2019,NA,NA,0,0,0,0,"","","","","V2025.09.12"
"4141",346,"BOS","Bosnia-Herzegovina",2020,NA,NA,0,0,0,0,"","","","","V2025.09.12"
"4142",346,"BOS","Bosnia-Herzegovina",2021,NA,NA,0,0,0,0,"","","","","V2025.09.12"
"4143",346,"BOS","Bosnia-Herzegovina",2022,NA,NA,0,0,0,0,"","","","","V2025.09.12"
"4144",346,"BOS","Bosnia-Herzegovina",2023,NA,NA,0,0,0,0,"","","","","V2025.09.12"
"4145",346,"BOS","Bosnia-Herzegovina",2024,NA,NA,0,0,0,0,"","","","","V2025.09.12"
"4146",347,"KOS","Kosovo",2008,NA,NA,0,0,0,0,"","","","","V2025.09.12"
"4147",347,"KOS","Kosovo",2009,NA,NA,0,0,0,0,"","","","","V2025.09.12"
"4148",347,"KOS","Kosovo",2010,NA,NA,0,0,0,0,"","","","","V2025.09.12"
"4149",347,"KOS","Kosovo",2011,NA,NA,0,0,0,0,"","","","","V2025.09.12"
"4150",347,"KOS","Kosovo",2012,NA,NA,0,0,0,0,"","","","","V2025.09.12"
"4151",347,"KOS","Kosovo",2013,NA,NA,0,0,0,0,"","","","","V2025.09.12"
"4152",347,"KOS","Kosovo",2014,NA,NA,0,0,0,0,"","","","","V2025.09.12"
"4153",347,"KOS","Kosovo",2015,NA,NA,0,0,0,0,"","","","","V2025.09.12"
"4154",347,"KOS","Kosovo",2016,NA,NA,0,0,0,0,"","","","","V2025.09.12"
"4155",347,"KOS","Kosovo",2017,NA,NA,0,0,0,0,"","","","","V2025.09.12"
"4156",347,"KOS","Kosovo",2018,NA,NA,0,0,0,0,"","","","","V2025.09.12"
"4157",347,"KOS","Kosovo",2019,NA,NA,0,0,0,0,"","","","","V2025.09.12"
"4158",347,"KOS","Kosovo",2020,NA,NA,0,0,0,0,"","","","","V2025.09.12"
"4159",347,"KOS","Kosovo",2021,NA,NA,0,0,0,0,"","","","","V2025.09.12"
"4160",347,"KOS","Kosovo",2022,NA,NA,0,0,0,0,"","","","","V2025.09.12"
"4161",347,"KOS","Kosovo",2023,NA,NA,0,0,0,0,"","","","","V2025.09.12"
"4162",347,"KOS","Kosovo",2024,NA,NA,0,0,0,0,"","","","","V2025.09.12"
"4163",349,"SLV","Slovenia",1992,NA,NA,0,0,0,0,"","","","","V2025.09.12"
"4164",349,"SLV","Slovenia",1993,NA,NA,0,0,0,0,"","","","","V2025.09.12"
"4165",349,"SLV","Slovenia",1994,NA,NA,0,0,0,0,"","","","","V2025.09.12"
"4166",349,"SLV","Slovenia",1995,NA,NA,0,0,0,0,"","","","","V2025.09.12"
"4167",349,"SLV","Slovenia",1996,NA,NA,0,0,0,0,"","","","","V2025.09.12"
"4168",349,"SLV","Slovenia",1997,NA,NA,0,0,0,0,"","","","","V2025.09.12"
"4169",349,"SLV","Slovenia",1998,NA,NA,0,0,0,0,"","","","","V2025.09.12"
"4170",349,"SLV","Slovenia",1999,NA,NA,0,0,0,0,"","","","","V2025.09.12"
"4171",349,"SLV","Slovenia",2000,NA,NA,0,0,0,0,"","","","","V2025.09.12"
"4172",349,"SLV","Slovenia",2001,NA,NA,0,0,0,0,"","","","","V2025.09.12"
"4173",349,"SLV","Slovenia",2002,NA,NA,0,0,0,0,"","","","","V2025.09.12"
"4174",349,"SLV","Slovenia",2003,NA,NA,0,0,0,0,"","","","","V2025.09.12"
"4175",349,"SLV","Slovenia",2004,NA,NA,0,0,0,0,"","","","","V2025.09.12"
"4176",349,"SLV","Slovenia",2005,NA,NA,0,0,0,0,"","","","","V2025.09.12"
"4177",349,"SLV","Slovenia",2006,NA,NA,0,0,0,0,"","","","","V2025.09.12"
"4178",349,"SLV","Slovenia",2007,NA,NA,0,0,0,0,"","","","","V2025.09.12"
"4179",349,"SLV","Slovenia",2008,NA,NA,0,0,0,0,"","","","","V2025.09.12"
"4180",349,"SLV","Slovenia",2009,NA,NA,0,0,0,0,"","","","","V2025.09.12"
"4181",349,"SLV","Slovenia",2010,NA,NA,0,0,0,0,"","","","","V2025.09.12"
"4182",349,"SLV","Slovenia",2011,NA,NA,0,0,0,0,"","","","","V2025.09.12"
"4183",349,"SLV","Slovenia",2012,NA,NA,0,0,0,0,"","","","","V2025.09.12"
"4184",349,"SLV","Slovenia",2013,NA,NA,0,0,0,0,"","","","","V2025.09.12"
"4185",349,"SLV","Slovenia",2014,NA,NA,0,0,0,0,"","","","","V2025.09.12"
"4186",349,"SLV","Slovenia",2015,NA,NA,0,0,0,0,"","","","","V2025.09.12"
"4187",349,"SLV","Slovenia",2016,NA,NA,0,0,0,0,"","","","","V2025.09.12"
"4188",349,"SLV","Slovenia",2017,NA,NA,0,0,0,0,"","","","","V2025.09.12"
"4189",349,"SLV","Slovenia",2018,NA,NA,0,0,0,0,"","","","","V2025.09.12"
"4190",349,"SLV","Slovenia",2019,NA,NA,0,0,0,0,"","","","","V2025.09.12"
"4191",349,"SLV","Slovenia",2020,NA,NA,0,0,0,0,"","","","","V2025.09.12"
"4192",349,"SLV","Slovenia",2021,NA,NA,0,0,0,0,"","","","","V2025.09.12"
"4193",349,"SLV","Slovenia",2022,NA,NA,0,0,0,0,"","","","","V2025.09.12"
"4194",349,"SLV","Slovenia",2023,NA,NA,0,0,0,0,"","","","","V2025.09.12"
"4195",349,"SLV","Slovenia",2024,NA,NA,0,0,0,0,"","","","","V2025.09.12"
"4196",350,"GRC","Greece",1950,NA,NA,0,0,0,0,"","","","","V2025.09.12"
"4197",350,"GRC","Greece",1951,NA,NA,0,0,0,0,"","","","","V2025.09.12"
"4198",350,"GRC","Greece",1952,NA,NA,0,0,0,0,"","","","","V2025.09.12"
"4199",350,"GRC","Greece",1953,NA,NA,0,0,0,0,"","","","","V2025.09.12"
"4200",350,"GRC","Greece",1954,NA,NA,0,0,0,0,"","","","","V2025.09.12"
"4201",350,"GRC","Greece",1955,NA,NA,0,0,0,0,"","","","","V2025.09.12"
"4202",350,"GRC","Greece",1956,NA,NA,0,0,0,0,"","","","","V2025.09.12"
"4203",350,"GRC","Greece",1957,NA,NA,0,0,0,0,"","","","","V2025.09.12"
"4204",350,"GRC","Greece",1958,NA,NA,0,0,0,0,"","","","","V2025.09.12"
"4205",350,"GRC","Greece",1959,NA,NA,0,0,0,0,"","","","","V2025.09.12"
"4206",350,"GRC","Greece",1960,NA,NA,0,0,0,0,"","","","","V2025.09.12"
"4207",350,"GRC","Greece",1961,NA,NA,0,0,0,0,"","","","","V2025.09.12"
"4208",350,"GRC","Greece",1962,NA,NA,0,0,0,0,"","","","","V2025.09.12"
"4209",350,"GRC","Greece",1963,NA,NA,0,0,0,0,"","","","","V2025.09.12"
"4210",350,"GRC","Greece",1964,NA,NA,0,0,0,0,"","","","","V2025.09.12"
"4211",350,"GRC","Greece",1965,NA,NA,0,0,0,0,"","","","","V2025.09.12"
"4212",350,"GRC","Greece",1966,NA,NA,0,0,0,0,"","","","","V2025.09.12"
"4213",350,"GRC","Greece",1967,NA,NA,2,1,0,0,"21apr1967","13dec1967","","","V2025.09.12"
"4214",350,"GRC","Greece",1968,NA,NA,0,0,0,0,"","","","","V2025.09.12"
"4215",350,"GRC","Greece",1969,NA,NA,0,0,0,0,"","","","","V2025.09.12"
"4216",350,"GRC","Greece",1970,NA,NA,0,0,0,0,"","","","","V2025.09.12"
"4217",350,"GRC","Greece",1971,NA,NA,0,0,0,0,"","","","","V2025.09.12"
"4218",350,"GRC","Greece",1972,NA,NA,0,0,0,0,"","","","","V2025.09.12"
"4219",350,"GRC","Greece",1973,NA,NA,2,0,0,0,"25nov1973","","","","V2025.09.12"
"4220",350,"GRC","Greece",1974,NA,NA,0,0,0,0,"","","","","V2025.09.12"
"4221",350,"GRC","Greece",1975,NA,NA,0,0,0,0,"","","","","V2025.09.12"
"4222",350,"GRC","Greece",1976,NA,NA,0,0,0,0,"","","","","V2025.09.12"
"4223",350,"GRC","Greece",1977,NA,NA,0,0,0,0,"","","","","V2025.09.12"
"4224",350,"GRC","Greece",1978,NA,NA,0,0,0,0,"","","","","V2025.09.12"
"4225",350,"GRC","Greece",1979,NA,NA,0,0,0,0,"","","","","V2025.09.12"
"4226",350,"GRC","Greece",1980,NA,NA,0,0,0,0,"","","","","V2025.09.12"
"4227",350,"GRC","Greece",1981,NA,NA,0,0,0,0,"","","","","V2025.09.12"
"4228",350,"GRC","Greece",1982,NA,NA,0,0,0,0,"","","","","V2025.09.12"
"4229",350,"GRC","Greece",1983,NA,NA,0,0,0,0,"","","","","V2025.09.12"
"4230",350,"GRC","Greece",1984,NA,NA,0,0,0,0,"","","","","V2025.09.12"
"4231",350,"GRC","Greece",1985,NA,NA,0,0,0,0,"","","","","V2025.09.12"
"4232",350,"GRC","Greece",1986,NA,NA,0,0,0,0,"","","","","V2025.09.12"
"4233",350,"GRC","Greece",1987,NA,NA,0,0,0,0,"","","","","V2025.09.12"
"4234",350,"GRC","Greece",1988,NA,NA,0,0,0,0,"","","","","V2025.09.12"
"4235",350,"GRC","Greece",1989,NA,NA,0,0,0,0,"","","","","V2025.09.12"
"4236",350,"GRC","Greece",1990,NA,NA,0,0,0,0,"","","","","V2025.09.12"
"4237",350,"GRC","Greece",1991,NA,NA,0,0,0,0,"","","","","V2025.09.12"
"4238",350,"GRC","Greece",1992,NA,NA,0,0,0,0,"","","","","V2025.09.12"
"4239",350,"GRC","Greece",1993,NA,NA,0,0,0,0,"","","","","V2025.09.12"
"4240",350,"GRC","Greece",1994,NA,NA,0,0,0,0,"","","","","V2025.09.12"
"4241",350,"GRC","Greece",1995,NA,NA,0,0,0,0,"","","","","V2025.09.12"
"4242",350,"GRC","Greece",1996,NA,NA,0,0,0,0,"","","","","V2025.09.12"
"4243",350,"GRC","Greece",1997,NA,NA,0,0,0,0,"","","","","V2025.09.12"
"4244",350,"GRC","Greece",1998,NA,NA,0,0,0,0,"","","","","V2025.09.12"
"4245",350,"GRC","Greece",1999,NA,NA,0,0,0,0,"","","","","V2025.09.12"
"4246",350,"GRC","Greece",2000,NA,NA,0,0,0,0,"","","","","V2025.09.12"
"4247",350,"GRC","Greece",2001,NA,NA,0,0,0,0,"","","","","V2025.09.12"
"4248",350,"GRC","Greece",2002,NA,NA,0,0,0,0,"","","","","V2025.09.12"
"4249",350,"GRC","Greece",2003,NA,NA,0,0,0,0,"","","","","V2025.09.12"
"4250",350,"GRC","Greece",2004,NA,NA,0,0,0,0,"","","","","V2025.09.12"
"4251",350,"GRC","Greece",2005,NA,NA,0,0,0,0,"","","","","V2025.09.12"
"4252",350,"GRC","Greece",2006,NA,NA,0,0,0,0,"","","","","V2025.09.12"
"4253",350,"GRC","Greece",2007,NA,NA,0,0,0,0,"","","","","V2025.09.12"
"4254",350,"GRC","Greece",2008,NA,NA,0,0,0,0,"","","","","V2025.09.12"
"4255",350,"GRC","Greece",2009,NA,NA,0,0,0,0,"","","","","V2025.09.12"
"4256",350,"GRC","Greece",2010,NA,NA,0,0,0,0,"","","","","V2025.09.12"
"4257",350,"GRC","Greece",2011,NA,NA,0,0,0,0,"","","","","V2025.09.12"
"4258",350,"GRC","Greece",2012,NA,NA,0,0,0,0,"","","","","V2025.09.12"
"4259",350,"GRC","Greece",2013,NA,NA,0,0,0,0,"","","","","V2025.09.12"
"4260",350,"GRC","Greece",2014,NA,NA,0,0,0,0,"","","","","V2025.09.12"
"4261",350,"GRC","Greece",2015,NA,NA,0,0,0,0,"","","","","V2025.09.12"
"4262",350,"GRC","Greece",2016,NA,NA,0,0,0,0,"","","","","V2025.09.12"
"4263",350,"GRC","Greece",2017,NA,NA,0,0,0,0,"","","","","V2025.09.12"
"4264",350,"GRC","Greece",2018,NA,NA,0,0,0,0,"","","","","V2025.09.12"
"4265",350,"GRC","Greece",2019,NA,NA,0,0,0,0,"","","","","V2025.09.12"
"4266",350,"GRC","Greece",2020,NA,NA,0,0,0,0,"","","","","V2025.09.12"
"4267",350,"GRC","Greece",2021,NA,NA,0,0,0,0,"","","","","V2025.09.12"
"4268",350,"GRC","Greece",2022,NA,NA,0,0,0,0,"","","","","V2025.09.12"
"4269",350,"GRC","Greece",2023,NA,NA,0,0,0,0,"","","","","V2025.09.12"
"4270",350,"GRC","Greece",2024,NA,NA,0,0,0,0,"","","","","V2025.09.12"
"4271",352,"CYP","Cyprus",1960,NA,NA,0,0,0,0,"","","","","V2025.09.12"
"4272",352,"CYP","Cyprus",1961,NA,NA,0,0,0,0,"","","","","V2025.09.12"
"4273",352,"CYP","Cyprus",1962,NA,NA,0,0,0,0,"","","","","V2025.09.12"
"4274",352,"CYP","Cyprus",1963,NA,NA,0,0,0,0,"","","","","V2025.09.12"
"4275",352,"CYP","Cyprus",1964,NA,NA,0,0,0,0,"","","","","V2025.09.12"
"4276",352,"CYP","Cyprus",1965,NA,NA,0,0,0,0,"","","","","V2025.09.12"
"4277",352,"CYP","Cyprus",1966,NA,NA,0,0,0,0,"","","","","V2025.09.12"
"4278",352,"CYP","Cyprus",1967,NA,NA,0,0,0,0,"","","","","V2025.09.12"
"4279",352,"CYP","Cyprus",1968,NA,NA,0,0,0,0,"","","","","V2025.09.12"
"4280",352,"CYP","Cyprus",1969,NA,NA,0,0,0,0,"","","","","V2025.09.12"
"4281",352,"CYP","Cyprus",1970,NA,NA,0,0,0,0,"","","","","V2025.09.12"
"4282",352,"CYP","Cyprus",1971,NA,NA,0,0,0,0,"","","","","V2025.09.12"
"4283",352,"CYP","Cyprus",1972,NA,NA,0,0,0,0,"","","","","V2025.09.12"
"4284",352,"CYP","Cyprus",1973,NA,NA,0,0,0,0,"","","","","V2025.09.12"
"4285",352,"CYP","Cyprus",1974,NA,NA,2,0,0,0,"15jul1974","","","","V2025.09.12"
"4286",352,"CYP","Cyprus",1975,NA,NA,0,0,0,0,"","","","","V2025.09.12"
"4287",352,"CYP","Cyprus",1976,NA,NA,0,0,0,0,"","","","","V2025.09.12"
"4288",352,"CYP","Cyprus",1977,NA,NA,0,0,0,0,"","","","","V2025.09.12"
"4289",352,"CYP","Cyprus",1978,NA,NA,0,0,0,0,"","","","","V2025.09.12"
"4290",352,"CYP","Cyprus",1979,NA,NA,0,0,0,0,"","","","","V2025.09.12"
"4291",352,"CYP","Cyprus",1980,NA,NA,0,0,0,0,"","","","","V2025.09.12"
"4292",352,"CYP","Cyprus",1981,NA,NA,0,0,0,0,"","","","","V2025.09.12"
"4293",352,"CYP","Cyprus",1982,NA,NA,0,0,0,0,"","","","","V2025.09.12"
"4294",352,"CYP","Cyprus",1983,NA,NA,0,0,0,0,"","","","","V2025.09.12"
"4295",352,"CYP","Cyprus",1984,NA,NA,0,0,0,0,"","","","","V2025.09.12"
"4296",352,"CYP","Cyprus",1985,NA,NA,0,0,0,0,"","","","","V2025.09.12"
"4297",352,"CYP","Cyprus",1986,NA,NA,0,0,0,0,"","","","","V2025.09.12"
"4298",352,"CYP","Cyprus",1987,NA,NA,0,0,0,0,"","","","","V2025.09.12"
"4299",352,"CYP","Cyprus",1988,NA,NA,0,0,0,0,"","","","","V2025.09.12"
"4300",352,"CYP","Cyprus",1989,NA,NA,0,0,0,0,"","","","","V2025.09.12"
"4301",352,"CYP","Cyprus",1990,NA,NA,0,0,0,0,"","","","","V2025.09.12"
"4302",352,"CYP","Cyprus",1991,NA,NA,0,0,0,0,"","","","","V2025.09.12"
"4303",352,"CYP","Cyprus",1992,NA,NA,0,0,0,0,"","","","","V2025.09.12"
"4304",352,"CYP","Cyprus",1993,NA,NA,0,0,0,0,"","","","","V2025.09.12"
"4305",352,"CYP","Cyprus",1994,NA,NA,0,0,0,0,"","","","","V2025.09.12"
"4306",352,"CYP","Cyprus",1995,NA,NA,0,0,0,0,"","","","","V2025.09.12"
"4307",352,"CYP","Cyprus",1996,NA,NA,0,0,0,0,"","","","","V2025.09.12"
"4308",352,"CYP","Cyprus",1997,NA,NA,0,0,0,0,"","","","","V2025.09.12"
"4309",352,"CYP","Cyprus",1998,NA,NA,0,0,0,0,"","","","","V2025.09.12"
"4310",352,"CYP","Cyprus",1999,NA,NA,0,0,0,0,"","","","","V2025.09.12"
"4311",352,"CYP","Cyprus",2000,NA,NA,0,0,0,0,"","","","","V2025.09.12"
"4312",352,"CYP","Cyprus",2001,NA,NA,0,0,0,0,"","","","","V2025.09.12"
"4313",352,"CYP","Cyprus",2002,NA,NA,0,0,0,0,"","","","","V2025.09.12"
"4314",352,"CYP","Cyprus",2003,NA,NA,0,0,0,0,"","","","","V2025.09.12"
"4315",352,"CYP","Cyprus",2004,NA,NA,0,0,0,0,"","","","","V2025.09.12"
"4316",352,"CYP","Cyprus",2005,NA,NA,0,0,0,0,"","","","","V2025.09.12"
"4317",352,"CYP","Cyprus",2006,NA,NA,0,0,0,0,"","","","","V2025.09.12"
"4318",352,"CYP","Cyprus",2007,NA,NA,0,0,0,0,"","","","","V2025.09.12"
"4319",352,"CYP","Cyprus",2008,NA,NA,0,0,0,0,"","","","","V2025.09.12"
"4320",352,"CYP","Cyprus",2009,NA,NA,0,0,0,0,"","","","","V2025.09.12"
"4321",352,"CYP","Cyprus",2010,NA,NA,0,0,0,0,"","","","","V2025.09.12"
"4322",352,"CYP","Cyprus",2011,NA,NA,0,0,0,0,"","","","","V2025.09.12"
"4323",352,"CYP","Cyprus",2012,NA,NA,0,0,0,0,"","","","","V2025.09.12"
"4324",352,"CYP","Cyprus",2013,NA,NA,0,0,0,0,"","","","","V2025.09.12"
"4325",352,"CYP","Cyprus",2014,NA,NA,0,0,0,0,"","","","","V2025.09.12"
"4326",352,"CYP","Cyprus",2015,NA,NA,0,0,0,0,"","","","","V2025.09.12"
"4327",352,"CYP","Cyprus",2016,NA,NA,0,0,0,0,"","","","","V2025.09.12"
"4328",352,"CYP","Cyprus",2017,NA,NA,0,0,0,0,"","","","","V2025.09.12"
"4329",352,"CYP","Cyprus",2018,NA,NA,0,0,0,0,"","","","","V2025.09.12"
"4330",352,"CYP","Cyprus",2019,NA,NA,0,0,0,0,"","","","","V2025.09.12"
"4331",352,"CYP","Cyprus",2020,NA,NA,0,0,0,0,"","","","","V2025.09.12"
"4332",352,"CYP","Cyprus",2021,NA,NA,0,0,0,0,"","","","","V2025.09.12"
"4333",352,"CYP","Cyprus",2022,NA,NA,0,0,0,0,"","","","","V2025.09.12"
"4334",352,"CYP","Cyprus",2023,NA,NA,0,0,0,0,"","","","","V2025.09.12"
"4335",352,"CYP","Cyprus",2024,NA,NA,0,0,0,0,"","","","","V2025.09.12"
"4336",355,"BUL","Bulgaria",1950,NA,NA,0,0,0,0,"","","","","V2025.09.12"
"4337",355,"BUL","Bulgaria",1951,NA,NA,0,0,0,0,"","","","","V2025.09.12"
"4338",355,"BUL","Bulgaria",1952,NA,NA,0,0,0,0,"","","","","V2025.09.12"
"4339",355,"BUL","Bulgaria",1953,NA,NA,0,0,0,0,"","","","","V2025.09.12"
"4340",355,"BUL","Bulgaria",1954,NA,NA,0,0,0,0,"","","","","V2025.09.12"
"4341",355,"BUL","Bulgaria",1955,NA,NA,0,0,0,0,"","","","","V2025.09.12"
"4342",355,"BUL","Bulgaria",1956,NA,NA,0,0,0,0,"","","","","V2025.09.12"
"4343",355,"BUL","Bulgaria",1957,NA,NA,0,0,0,0,"","","","","V2025.09.12"
"4344",355,"BUL","Bulgaria",1958,NA,NA,0,0,0,0,"","","","","V2025.09.12"
"4345",355,"BUL","Bulgaria",1959,NA,NA,0,0,0,0,"","","","","V2025.09.12"
"4346",355,"BUL","Bulgaria",1960,NA,NA,0,0,0,0,"","","","","V2025.09.12"
"4347",355,"BUL","Bulgaria",1961,NA,NA,0,0,0,0,"","","","","V2025.09.12"
"4348",355,"BUL","Bulgaria",1962,NA,NA,0,0,0,0,"","","","","V2025.09.12"
"4349",355,"BUL","Bulgaria",1963,NA,NA,0,0,0,0,"","","","","V2025.09.12"
"4350",355,"BUL","Bulgaria",1964,NA,NA,0,0,0,0,"","","","","V2025.09.12"
"4351",355,"BUL","Bulgaria",1965,NA,NA,0,0,0,0,"","","","","V2025.09.12"
"4352",355,"BUL","Bulgaria",1966,NA,NA,0,0,0,0,"","","","","V2025.09.12"
"4353",355,"BUL","Bulgaria",1967,NA,NA,0,0,0,0,"","","","","V2025.09.12"
"4354",355,"BUL","Bulgaria",1968,NA,NA,0,0,0,0,"","","","","V2025.09.12"
"4355",355,"BUL","Bulgaria",1969,NA,NA,0,0,0,0,"","","","","V2025.09.12"
"4356",355,"BUL","Bulgaria",1970,NA,NA,0,0,0,0,"","","","","V2025.09.12"
"4357",355,"BUL","Bulgaria",1971,NA,NA,0,0,0,0,"","","","","V2025.09.12"
"4358",355,"BUL","Bulgaria",1972,NA,NA,0,0,0,0,"","","","","V2025.09.12"
"4359",355,"BUL","Bulgaria",1973,NA,NA,0,0,0,0,"","","","","V2025.09.12"
"4360",355,"BUL","Bulgaria",1974,NA,NA,0,0,0,0,"","","","","V2025.09.12"
"4361",355,"BUL","Bulgaria",1975,NA,NA,0,0,0,0,"","","","","V2025.09.12"
"4362",355,"BUL","Bulgaria",1976,NA,NA,0,0,0,0,"","","","","V2025.09.12"
"4363",355,"BUL","Bulgaria",1977,NA,NA,0,0,0,0,"","","","","V2025.09.12"
"4364",355,"BUL","Bulgaria",1978,NA,NA,0,0,0,0,"","","","","V2025.09.12"
"4365",355,"BUL","Bulgaria",1979,NA,NA,0,0,0,0,"","","","","V2025.09.12"
"4366",355,"BUL","Bulgaria",1980,NA,NA,0,0,0,0,"","","","","V2025.09.12"
"4367",355,"BUL","Bulgaria",1981,NA,NA,0,0,0,0,"","","","","V2025.09.12"
"4368",355,"BUL","Bulgaria",1982,NA,NA,0,0,0,0,"","","","","V2025.09.12"
"4369",355,"BUL","Bulgaria",1983,NA,NA,0,0,0,0,"","","","","V2025.09.12"
"4370",355,"BUL","Bulgaria",1984,NA,NA,0,0,0,0,"","","","","V2025.09.12"
"4371",355,"BUL","Bulgaria",1985,NA,NA,0,0,0,0,"","","","","V2025.09.12"
"4372",355,"BUL","Bulgaria",1986,NA,NA,0,0,0,0,"","","","","V2025.09.12"
"4373",355,"BUL","Bulgaria",1987,NA,NA,0,0,0,0,"","","","","V2025.09.12"
"4374",355,"BUL","Bulgaria",1988,NA,NA,0,0,0,0,"","","","","V2025.09.12"
"4375",355,"BUL","Bulgaria",1989,NA,NA,0,0,0,0,"","","","","V2025.09.12"
"4376",355,"BUL","Bulgaria",1990,NA,NA,0,0,0,0,"","","","","V2025.09.12"
"4377",355,"BUL","Bulgaria",1991,NA,NA,0,0,0,0,"","","","","V2025.09.12"
"4378",355,"BUL","Bulgaria",1992,NA,NA,0,0,0,0,"","","","","V2025.09.12"
"4379",355,"BUL","Bulgaria",1993,NA,NA,0,0,0,0,"","","","","V2025.09.12"
"4380",355,"BUL","Bulgaria",1994,NA,NA,0,0,0,0,"","","","","V2025.09.12"
"4381",355,"BUL","Bulgaria",1995,NA,NA,0,0,0,0,"","","","","V2025.09.12"
"4382",355,"BUL","Bulgaria",1996,NA,NA,0,0,0,0,"","","","","V2025.09.12"
"4383",355,"BUL","Bulgaria",1997,NA,NA,0,0,0,0,"","","","","V2025.09.12"
"4384",355,"BUL","Bulgaria",1998,NA,NA,0,0,0,0,"","","","","V2025.09.12"
"4385",355,"BUL","Bulgaria",1999,NA,NA,0,0,0,0,"","","","","V2025.09.12"
"4386",355,"BUL","Bulgaria",2000,NA,NA,0,0,0,0,"","","","","V2025.09.12"
"4387",355,"BUL","Bulgaria",2001,NA,NA,0,0,0,0,"","","","","V2025.09.12"
"4388",355,"BUL","Bulgaria",2002,NA,NA,0,0,0,0,"","","","","V2025.09.12"
"4389",355,"BUL","Bulgaria",2003,NA,NA,0,0,0,0,"","","","","V2025.09.12"
"4390",355,"BUL","Bulgaria",2004,NA,NA,0,0,0,0,"","","","","V2025.09.12"
"4391",355,"BUL","Bulgaria",2005,NA,NA,0,0,0,0,"","","","","V2025.09.12"
"4392",355,"BUL","Bulgaria",2006,NA,NA,0,0,0,0,"","","","","V2025.09.12"
"4393",355,"BUL","Bulgaria",2007,NA,NA,0,0,0,0,"","","","","V2025.09.12"
"4394",355,"BUL","Bulgaria",2008,NA,NA,0,0,0,0,"","","","","V2025.09.12"
"4395",355,"BUL","Bulgaria",2009,NA,NA,0,0,0,0,"","","","","V2025.09.12"
"4396",355,"BUL","Bulgaria",2010,NA,NA,0,0,0,0,"","","","","V2025.09.12"
"4397",355,"BUL","Bulgaria",2011,NA,NA,0,0,0,0,"","","","","V2025.09.12"
"4398",355,"BUL","Bulgaria",2012,NA,NA,0,0,0,0,"","","","","V2025.09.12"
"4399",355,"BUL","Bulgaria",2013,NA,NA,0,0,0,0,"","","","","V2025.09.12"
"4400",355,"BUL","Bulgaria",2014,NA,NA,0,0,0,0,"","","","","V2025.09.12"
"4401",355,"BUL","Bulgaria",2015,NA,NA,0,0,0,0,"","","","","V2025.09.12"
"4402",355,"BUL","Bulgaria",2016,NA,NA,0,0,0,0,"","","","","V2025.09.12"
"4403",355,"BUL","Bulgaria",2017,NA,NA,0,0,0,0,"","","","","V2025.09.12"
"4404",355,"BUL","Bulgaria",2018,NA,NA,0,0,0,0,"","","","","V2025.09.12"
"4405",355,"BUL","Bulgaria",2019,NA,NA,0,0,0,0,"","","","","V2025.09.12"
"4406",355,"BUL","Bulgaria",2020,NA,NA,0,0,0,0,"","","","","V2025.09.12"
"4407",355,"BUL","Bulgaria",2021,NA,NA,0,0,0,0,"","","","","V2025.09.12"
"4408",355,"BUL","Bulgaria",2022,NA,NA,0,0,0,0,"","","","","V2025.09.12"
"4409",355,"BUL","Bulgaria",2023,NA,NA,0,0,0,0,"","","","","V2025.09.12"
"4410",355,"BUL","Bulgaria",2024,NA,NA,0,0,0,0,"","","","","V2025.09.12"
"4411",359,"MLD","Moldova",1991,NA,NA,0,0,0,0,"","","","","V2025.09.12"
"4412",359,"MLD","Moldova",1992,NA,NA,0,0,0,0,"","","","","V2025.09.12"
"4413",359,"MLD","Moldova",1993,NA,NA,0,0,0,0,"","","","","V2025.09.12"
"4414",359,"MLD","Moldova",1994,NA,NA,0,0,0,0,"","","","","V2025.09.12"
"4415",359,"MLD","Moldova",1995,NA,NA,0,0,0,0,"","","","","V2025.09.12"
"4416",359,"MLD","Moldova",1996,NA,NA,0,0,0,0,"","","","","V2025.09.12"
"4417",359,"MLD","Moldova",1997,NA,NA,0,0,0,0,"","","","","V2025.09.12"
"4418",359,"MLD","Moldova",1998,NA,NA,0,0,0,0,"","","","","V2025.09.12"
"4419",359,"MLD","Moldova",1999,NA,NA,0,0,0,0,"","","","","V2025.09.12"
"4420",359,"MLD","Moldova",2000,NA,NA,0,0,0,0,"","","","","V2025.09.12"
"4421",359,"MLD","Moldova",2001,NA,NA,0,0,0,0,"","","","","V2025.09.12"
"4422",359,"MLD","Moldova",2002,NA,NA,0,0,0,0,"","","","","V2025.09.12"
"4423",359,"MLD","Moldova",2003,NA,NA,0,0,0,0,"","","","","V2025.09.12"
"4424",359,"MLD","Moldova",2004,NA,NA,0,0,0,0,"","","","","V2025.09.12"
"4425",359,"MLD","Moldova",2005,NA,NA,0,0,0,0,"","","","","V2025.09.12"
"4426",359,"MLD","Moldova",2006,NA,NA,0,0,0,0,"","","","","V2025.09.12"
"4427",359,"MLD","Moldova",2007,NA,NA,0,0,0,0,"","","","","V2025.09.12"
"4428",359,"MLD","Moldova",2008,NA,NA,0,0,0,0,"","","","","V2025.09.12"
"4429",359,"MLD","Moldova",2009,NA,NA,0,0,0,0,"","","","","V2025.09.12"
"4430",359,"MLD","Moldova",2010,NA,NA,0,0,0,0,"","","","","V2025.09.12"
"4431",359,"MLD","Moldova",2011,NA,NA,0,0,0,0,"","","","","V2025.09.12"
"4432",359,"MLD","Moldova",2012,NA,NA,0,0,0,0,"","","","","V2025.09.12"
"4433",359,"MLD","Moldova",2013,NA,NA,0,0,0,0,"","","","","V2025.09.12"
"4434",359,"MLD","Moldova",2014,NA,NA,0,0,0,0,"","","","","V2025.09.12"
"4435",359,"MLD","Moldova",2015,NA,NA,0,0,0,0,"","","","","V2025.09.12"
"4436",359,"MLD","Moldova",2016,NA,NA,0,0,0,0,"","","","","V2025.09.12"
"4437",359,"MLD","Moldova",2017,NA,NA,0,0,0,0,"","","","","V2025.09.12"
"4438",359,"MLD","Moldova",2018,NA,NA,0,0,0,0,"","","","","V2025.09.12"
"4439",359,"MLD","Moldova",2019,NA,NA,0,0,0,0,"","","","","V2025.09.12"
"4440",359,"MLD","Moldova",2020,NA,NA,0,0,0,0,"","","","","V2025.09.12"
"4441",359,"MLD","Moldova",2021,NA,NA,0,0,0,0,"","","","","V2025.09.12"
"4442",359,"MLD","Moldova",2022,NA,NA,0,0,0,0,"","","","","V2025.09.12"
"4443",359,"MLD","Moldova",2023,NA,NA,0,0,0,0,"","","","","V2025.09.12"
"4444",359,"MLD","Moldova",2024,NA,NA,0,0,0,0,"","","","","V2025.09.12"
"4445",360,"RUM","Rumania",1950,NA,NA,0,0,0,0,"","","","","V2025.09.12"
"4446",360,"RUM","Rumania",1951,NA,NA,0,0,0,0,"","","","","V2025.09.12"
"4447",360,"RUM","Rumania",1952,NA,NA,0,0,0,0,"","","","","V2025.09.12"
"4448",360,"RUM","Rumania",1953,NA,NA,0,0,0,0,"","","","","V2025.09.12"
"4449",360,"RUM","Rumania",1954,NA,NA,0,0,0,0,"","","","","V2025.09.12"
"4450",360,"RUM","Rumania",1955,NA,NA,0,0,0,0,"","","","","V2025.09.12"
"4451",360,"RUM","Rumania",1956,NA,NA,0,0,0,0,"","","","","V2025.09.12"
"4452",360,"RUM","Rumania",1957,NA,NA,0,0,0,0,"","","","","V2025.09.12"
"4453",360,"RUM","Rumania",1958,NA,NA,0,0,0,0,"","","","","V2025.09.12"
"4454",360,"RUM","Rumania",1959,NA,NA,0,0,0,0,"","","","","V2025.09.12"
"4455",360,"RUM","Rumania",1960,NA,NA,0,0,0,0,"","","","","V2025.09.12"
"4456",360,"RUM","Rumania",1961,NA,NA,0,0,0,0,"","","","","V2025.09.12"
"4457",360,"RUM","Rumania",1962,NA,NA,0,0,0,0,"","","","","V2025.09.12"
"4458",360,"RUM","Rumania",1963,NA,NA,0,0,0,0,"","","","","V2025.09.12"
"4459",360,"RUM","Rumania",1964,NA,NA,0,0,0,0,"","","","","V2025.09.12"
"4460",360,"RUM","Rumania",1965,NA,NA,0,0,0,0,"","","","","V2025.09.12"
"4461",360,"RUM","Rumania",1966,NA,NA,0,0,0,0,"","","","","V2025.09.12"
"4462",360,"RUM","Rumania",1967,NA,NA,0,0,0,0,"","","","","V2025.09.12"
"4463",360,"RUM","Rumania",1968,NA,NA,0,0,0,0,"","","","","V2025.09.12"
"4464",360,"RUM","Rumania",1969,NA,NA,0,0,0,0,"","","","","V2025.09.12"
"4465",360,"RUM","Rumania",1970,NA,NA,0,0,0,0,"","","","","V2025.09.12"
"4466",360,"RUM","Rumania",1971,NA,NA,0,0,0,0,"","","","","V2025.09.12"
"4467",360,"RUM","Rumania",1972,NA,NA,0,0,0,0,"","","","","V2025.09.12"
"4468",360,"RUM","Rumania",1973,NA,NA,0,0,0,0,"","","","","V2025.09.12"
"4469",360,"RUM","Rumania",1974,NA,NA,0,0,0,0,"","","","","V2025.09.12"
"4470",360,"RUM","Rumania",1975,NA,NA,0,0,0,0,"","","","","V2025.09.12"
"4471",360,"RUM","Rumania",1976,NA,NA,0,0,0,0,"","","","","V2025.09.12"
"4472",360,"RUM","Rumania",1977,NA,NA,0,0,0,0,"","","","","V2025.09.12"
"4473",360,"RUM","Rumania",1978,NA,NA,0,0,0,0,"","","","","V2025.09.12"
"4474",360,"RUM","Rumania",1979,NA,NA,0,0,0,0,"","","","","V2025.09.12"
"4475",360,"RUM","Rumania",1980,NA,NA,0,0,0,0,"","","","","V2025.09.12"
"4476",360,"RUM","Rumania",1981,NA,NA,0,0,0,0,"","","","","V2025.09.12"
"4477",360,"RUM","Rumania",1982,NA,NA,0,0,0,0,"","","","","V2025.09.12"
"4478",360,"RUM","Rumania",1983,NA,NA,0,0,0,0,"","","","","V2025.09.12"
"4479",360,"RUM","Rumania",1984,NA,NA,0,0,0,0,"","","","","V2025.09.12"
"4480",360,"RUM","Rumania",1985,NA,NA,0,0,0,0,"","","","","V2025.09.12"
"4481",360,"RUM","Rumania",1986,NA,NA,0,0,0,0,"","","","","V2025.09.12"
"4482",360,"RUM","Rumania",1987,NA,NA,0,0,0,0,"","","","","V2025.09.12"
"4483",360,"RUM","Rumania",1988,NA,NA,0,0,0,0,"","","","","V2025.09.12"
"4484",360,"RUM","Rumania",1989,NA,NA,0,0,0,0,"","","","","V2025.09.12"
"4485",360,"RUM","Rumania",1990,NA,NA,0,0,0,0,"","","","","V2025.09.12"
"4486",360,"RUM","Rumania",1991,NA,NA,0,0,0,0,"","","","","V2025.09.12"
"4487",360,"RUM","Rumania",1992,NA,NA,0,0,0,0,"","","","","V2025.09.12"
"4488",360,"RUM","Rumania",1993,NA,NA,0,0,0,0,"","","","","V2025.09.12"
"4489",360,"RUM","Rumania",1994,NA,NA,0,0,0,0,"","","","","V2025.09.12"
"4490",360,"RUM","Rumania",1995,NA,NA,0,0,0,0,"","","","","V2025.09.12"
"4491",360,"RUM","Rumania",1996,NA,NA,0,0,0,0,"","","","","V2025.09.12"
"4492",360,"RUM","Rumania",1997,NA,NA,0,0,0,0,"","","","","V2025.09.12"
"4493",360,"RUM","Rumania",1998,NA,NA,0,0,0,0,"","","","","V2025.09.12"
"4494",360,"RUM","Rumania",1999,NA,NA,0,0,0,0,"","","","","V2025.09.12"
"4495",360,"RUM","Rumania",2000,NA,NA,0,0,0,0,"","","","","V2025.09.12"
"4496",360,"RUM","Rumania",2001,NA,NA,0,0,0,0,"","","","","V2025.09.12"
"4497",360,"RUM","Rumania",2002,NA,NA,0,0,0,0,"","","","","V2025.09.12"
"4498",360,"RUM","Rumania",2003,NA,NA,0,0,0,0,"","","","","V2025.09.12"
"4499",360,"RUM","Rumania",2004,NA,NA,0,0,0,0,"","","","","V2025.09.12"
"4500",360,"RUM","Rumania",2005,NA,NA,0,0,0,0,"","","","","V2025.09.12"
"4501",360,"RUM","Rumania",2006,NA,NA,0,0,0,0,"","","","","V2025.09.12"
"4502",360,"RUM","Rumania",2007,NA,NA,0,0,0,0,"","","","","V2025.09.12"
"4503",360,"RUM","Rumania",2008,NA,NA,0,0,0,0,"","","","","V2025.09.12"
"4504",360,"RUM","Rumania",2009,NA,NA,0,0,0,0,"","","","","V2025.09.12"
"4505",360,"RUM","Rumania",2010,NA,NA,0,0,0,0,"","","","","V2025.09.12"
"4506",360,"RUM","Rumania",2011,NA,NA,0,0,0,0,"","","","","V2025.09.12"
"4507",360,"RUM","Rumania",2012,NA,NA,0,0,0,0,"","","","","V2025.09.12"
"4508",360,"RUM","Rumania",2013,NA,NA,0,0,0,0,"","","","","V2025.09.12"
"4509",360,"RUM","Rumania",2014,NA,NA,0,0,0,0,"","","","","V2025.09.12"
"4510",360,"RUM","Rumania",2015,NA,NA,0,0,0,0,"","","","","V2025.09.12"
"4511",360,"RUM","Rumania",2016,NA,NA,0,0,0,0,"","","","","V2025.09.12"
"4512",360,"RUM","Rumania",2017,NA,NA,0,0,0,0,"","","","","V2025.09.12"
"4513",360,"RUM","Rumania",2018,NA,NA,0,0,0,0,"","","","","V2025.09.12"
"4514",360,"RUM","Rumania",2019,NA,NA,0,0,0,0,"","","","","V2025.09.12"
"4515",360,"RUM","Rumania",2020,NA,NA,0,0,0,0,"","","","","V2025.09.12"
"4516",360,"RUM","Rumania",2021,NA,NA,0,0,0,0,"","","","","V2025.09.12"
"4517",360,"RUM","Rumania",2022,NA,NA,0,0,0,0,"","","","","V2025.09.12"
"4518",360,"RUM","Rumania",2023,NA,NA,0,0,0,0,"","","","","V2025.09.12"
"4519",360,"RUM","Rumania",2024,NA,NA,0,0,0,0,"","","","","V2025.09.12"
"4520",365,"RUS","Russia (Soviet Union)",1950,NA,NA,0,0,0,0,"","","","","V2025.09.12"
"4521",365,"RUS","Russia (Soviet Union)",1951,NA,NA,0,0,0,0,"","","","","V2025.09.12"
"4522",365,"RUS","Russia (Soviet Union)",1952,NA,NA,0,0,0,0,"","","","","V2025.09.12"
"4523",365,"RUS","Russia (Soviet Union)",1953,NA,NA,0,0,0,0,"","","","","V2025.09.12"
"4524",365,"RUS","Russia (Soviet Union)",1954,NA,NA,0,0,0,0,"","","","","V2025.09.12"
"4525",365,"RUS","Russia (Soviet Union)",1955,NA,NA,0,0,0,0,"","","","","V2025.09.12"
"4526",365,"RUS","Russia (Soviet Union)",1956,NA,NA,0,0,0,0,"","","","","V2025.09.12"
"4527",365,"RUS","Russia (Soviet Union)",1957,NA,NA,0,0,0,0,"","","","","V2025.09.12"
"4528",365,"RUS","Russia (Soviet Union)",1958,NA,NA,0,0,0,0,"","","","","V2025.09.12"
"4529",365,"RUS","Russia (Soviet Union)",1959,NA,NA,0,0,0,0,"","","","","V2025.09.12"
"4530",365,"RUS","Russia (Soviet Union)",1960,NA,NA,0,0,0,0,"","","","","V2025.09.12"
"4531",365,"RUS","Russia (Soviet Union)",1961,NA,NA,0,0,0,0,"","","","","V2025.09.12"
"4532",365,"RUS","Russia (Soviet Union)",1962,NA,NA,0,0,0,0,"","","","","V2025.09.12"
"4533",365,"RUS","Russia (Soviet Union)",1963,NA,NA,0,0,0,0,"","","","","V2025.09.12"
"4534",365,"RUS","Russia (Soviet Union)",1964,NA,NA,0,0,0,0,"","","","","V2025.09.12"
"4535",365,"RUS","Russia (Soviet Union)",1965,NA,NA,0,0,0,0,"","","","","V2025.09.12"
"4536",365,"RUS","Russia (Soviet Union)",1966,NA,NA,0,0,0,0,"","","","","V2025.09.12"
"4537",365,"RUS","Russia (Soviet Union)",1967,NA,NA,0,0,0,0,"","","","","V2025.09.12"
"4538",365,"RUS","Russia (Soviet Union)",1968,NA,NA,0,0,0,0,"","","","","V2025.09.12"
"4539",365,"RUS","Russia (Soviet Union)",1969,NA,NA,0,0,0,0,"","","","","V2025.09.12"
"4540",365,"RUS","Russia (Soviet Union)",1970,NA,NA,0,0,0,0,"","","","","V2025.09.12"
"4541",365,"RUS","Russia (Soviet Union)",1971,NA,NA,0,0,0,0,"","","","","V2025.09.12"
"4542",365,"RUS","Russia (Soviet Union)",1972,NA,NA,0,0,0,0,"","","","","V2025.09.12"
"4543",365,"RUS","Russia (Soviet Union)",1973,NA,NA,0,0,0,0,"","","","","V2025.09.12"
"4544",365,"RUS","Russia (Soviet Union)",1974,NA,NA,0,0,0,0,"","","","","V2025.09.12"
"4545",365,"RUS","Russia (Soviet Union)",1975,NA,NA,0,0,0,0,"","","","","V2025.09.12"
"4546",365,"RUS","Russia (Soviet Union)",1976,NA,NA,0,0,0,0,"","","","","V2025.09.12"
"4547",365,"RUS","Russia (Soviet Union)",1977,NA,NA,0,0,0,0,"","","","","V2025.09.12"
"4548",365,"RUS","Russia (Soviet Union)",1978,NA,NA,0,0,0,0,"","","","","V2025.09.12"
"4549",365,"RUS","Russia (Soviet Union)",1979,NA,NA,0,0,0,0,"","","","","V2025.09.12"
"4550",365,"RUS","Russia (Soviet Union)",1980,NA,NA,0,0,0,0,"","","","","V2025.09.12"
"4551",365,"RUS","Russia (Soviet Union)",1981,NA,NA,0,0,0,0,"","","","","V2025.09.12"
"4552",365,"RUS","Russia (Soviet Union)",1982,NA,NA,0,0,0,0,"","","","","V2025.09.12"
"4553",365,"RUS","Russia (Soviet Union)",1983,NA,NA,0,0,0,0,"","","","","V2025.09.12"
"4554",365,"RUS","Russia (Soviet Union)",1984,NA,NA,0,0,0,0,"","","","","V2025.09.12"
"4555",365,"RUS","Russia (Soviet Union)",1985,NA,NA,0,0,0,0,"","","","","V2025.09.12"
"4556",365,"RUS","Russia (Soviet Union)",1986,NA,NA,0,0,0,0,"","","","","V2025.09.12"
"4557",365,"RUS","Russia (Soviet Union)",1987,NA,NA,0,0,0,0,"","","","","V2025.09.12"
"4558",365,"RUS","Russia (Soviet Union)",1988,NA,NA,0,0,0,0,"","","","","V2025.09.12"
"4559",365,"RUS","Russia (Soviet Union)",1989,NA,NA,0,0,0,0,"","","","","V2025.09.12"
"4560",365,"RUS","Russia (Soviet Union)",1990,NA,NA,0,0,0,0,"","","","","V2025.09.12"
"4561",365,"RUS","Russia (Soviet Union)",1991,NA,364,1,0,0,0,"21aug1991","","","","V2025.09.12"
"4562",365,"RUS","Russia (Soviet Union)",1992,NA,NA,0,0,0,0,"","","","","V2025.09.12"
"4563",365,"RUS","Russia (Soviet Union)",1993,NA,NA,0,0,0,0,"","","","","V2025.09.12"
"4564",365,"RUS","Russia (Soviet Union)",1994,NA,NA,0,0,0,0,"","","","","V2025.09.12"
"4565",365,"RUS","Russia (Soviet Union)",1995,NA,NA,0,0,0,0,"","","","","V2025.09.12"
"4566",365,"RUS","Russia (Soviet Union)",1996,NA,NA,0,0,0,0,"","","","","V2025.09.12"
"4567",365,"RUS","Russia (Soviet Union)",1997,NA,NA,0,0,0,0,"","","","","V2025.09.12"
"4568",365,"RUS","Russia (Soviet Union)",1998,NA,NA,0,0,0,0,"","","","","V2025.09.12"
"4569",365,"RUS","Russia (Soviet Union)",1999,NA,NA,0,0,0,0,"","","","","V2025.09.12"
"4570",365,"RUS","Russia (Soviet Union)",2000,NA,NA,0,0,0,0,"","","","","V2025.09.12"
"4571",365,"RUS","Russia (Soviet Union)",2001,NA,NA,0,0,0,0,"","","","","V2025.09.12"
"4572",365,"RUS","Russia (Soviet Union)",2002,NA,NA,0,0,0,0,"","","","","V2025.09.12"
"4573",365,"RUS","Russia (Soviet Union)",2003,NA,NA,0,0,0,0,"","","","","V2025.09.12"
"4574",365,"RUS","Russia (Soviet Union)",2004,NA,NA,0,0,0,0,"","","","","V2025.09.12"
"4575",365,"RUS","Russia (Soviet Union)",2005,NA,NA,0,0,0,0,"","","","","V2025.09.12"
"4576",365,"RUS","Russia (Soviet Union)",2006,NA,NA,0,0,0,0,"","","","","V2025.09.12"
"4577",365,"RUS","Russia (Soviet Union)",2007,NA,NA,0,0,0,0,"","","","","V2025.09.12"
"4578",365,"RUS","Russia (Soviet Union)",2008,NA,NA,0,0,0,0,"","","","","V2025.09.12"
"4579",365,"RUS","Russia (Soviet Union)",2009,NA,NA,0,0,0,0,"","","","","V2025.09.12"
"4580",365,"RUS","Russia (Soviet Union)",2010,NA,NA,0,0,0,0,"","","","","V2025.09.12"
"4581",365,"RUS","Russia (Soviet Union)",2011,NA,NA,0,0,0,0,"","","","","V2025.09.12"
"4582",365,"RUS","Russia (Soviet Union)",2012,NA,NA,0,0,0,0,"","","","","V2025.09.12"
"4583",365,"RUS","Russia (Soviet Union)",2013,NA,NA,0,0,0,0,"","","","","V2025.09.12"
"4584",365,"RUS","Russia (Soviet Union)",2014,NA,NA,0,0,0,0,"","","","","V2025.09.12"
"4585",365,"RUS","Russia (Soviet Union)",2015,NA,NA,0,0,0,0,"","","","","V2025.09.12"
"4586",365,"RUS","Russia (Soviet Union)",2016,NA,NA,0,0,0,0,"","","","","V2025.09.12"
"4587",365,"RUS","Russia (Soviet Union)",2017,NA,NA,0,0,0,0,"","","","","V2025.09.12"
"4588",365,"RUS","Russia (Soviet Union)",2018,NA,NA,0,0,0,0,"","","","","V2025.09.12"
"4589",365,"RUS","Russia (Soviet Union)",2019,NA,NA,0,0,0,0,"","","","","V2025.09.12"
"4590",365,"RUS","Russia (Soviet Union)",2020,NA,NA,0,0,0,0,"","","","","V2025.09.12"
"4591",365,"RUS","Russia (Soviet Union)",2021,NA,NA,0,0,0,0,"","","","","V2025.09.12"
"4592",365,"RUS","Russia (Soviet Union)",2022,NA,NA,0,0,0,0,"","","","","V2025.09.12"
"4593",365,"RUS","Russia (Soviet Union)",2023,NA,NA,0,0,0,0,"","","","","V2025.09.12"
"4594",365,"RUS","Russia (Soviet Union)",2024,NA,NA,0,0,0,0,"","","","","V2025.09.12"
"4595",366,"EST","Estonia",1991,NA,NA,0,0,0,0,"","","","","V2025.09.12"
"4596",366,"EST","Estonia",1992,NA,NA,0,0,0,0,"","","","","V2025.09.12"
"4597",366,"EST","Estonia",1993,NA,NA,0,0,0,0,"","","","","V2025.09.12"
"4598",366,"EST","Estonia",1994,NA,NA,0,0,0,0,"","","","","V2025.09.12"
"4599",366,"EST","Estonia",1995,NA,NA,0,0,0,0,"","","","","V2025.09.12"
"4600",366,"EST","Estonia",1996,NA,NA,0,0,0,0,"","","","","V2025.09.12"
"4601",366,"EST","Estonia",1997,NA,NA,0,0,0,0,"","","","","V2025.09.12"
"4602",366,"EST","Estonia",1998,NA,NA,0,0,0,0,"","","","","V2025.09.12"
"4603",366,"EST","Estonia",1999,NA,NA,0,0,0,0,"","","","","V2025.09.12"
"4604",366,"EST","Estonia",2000,NA,NA,0,0,0,0,"","","","","V2025.09.12"
"4605",366,"EST","Estonia",2001,NA,NA,0,0,0,0,"","","","","V2025.09.12"
"4606",366,"EST","Estonia",2002,NA,NA,0,0,0,0,"","","","","V2025.09.12"
"4607",366,"EST","Estonia",2003,NA,NA,0,0,0,0,"","","","","V2025.09.12"
"4608",366,"EST","Estonia",2004,NA,NA,0,0,0,0,"","","","","V2025.09.12"
"4609",366,"EST","Estonia",2005,NA,NA,0,0,0,0,"","","","","V2025.09.12"
"4610",366,"EST","Estonia",2006,NA,NA,0,0,0,0,"","","","","V2025.09.12"
"4611",366,"EST","Estonia",2007,NA,NA,0,0,0,0,"","","","","V2025.09.12"
"4612",366,"EST","Estonia",2008,NA,NA,0,0,0,0,"","","","","V2025.09.12"
"4613",366,"EST","Estonia",2009,NA,NA,0,0,0,0,"","","","","V2025.09.12"
"4614",366,"EST","Estonia",2010,NA,NA,0,0,0,0,"","","","","V2025.09.12"
"4615",366,"EST","Estonia",2011,NA,NA,0,0,0,0,"","","","","V2025.09.12"
"4616",366,"EST","Estonia",2012,NA,NA,0,0,0,0,"","","","","V2025.09.12"
"4617",366,"EST","Estonia",2013,NA,NA,0,0,0,0,"","","","","V2025.09.12"
"4618",366,"EST","Estonia",2014,NA,NA,0,0,0,0,"","","","","V2025.09.12"
"4619",366,"EST","Estonia",2015,NA,NA,0,0,0,0,"","","","","V2025.09.12"
"4620",366,"EST","Estonia",2016,NA,NA,0,0,0,0,"","","","","V2025.09.12"
"4621",366,"EST","Estonia",2017,NA,NA,0,0,0,0,"","","","","V2025.09.12"
"4622",366,"EST","Estonia",2018,NA,NA,0,0,0,0,"","","","","V2025.09.12"
"4623",366,"EST","Estonia",2019,NA,NA,0,0,0,0,"","","","","V2025.09.12"
"4624",366,"EST","Estonia",2020,NA,NA,0,0,0,0,"","","","","V2025.09.12"
"4625",366,"EST","Estonia",2021,NA,NA,0,0,0,0,"","","","","V2025.09.12"
"4626",366,"EST","Estonia",2022,NA,NA,0,0,0,0,"","","","","V2025.09.12"
"4627",366,"EST","Estonia",2023,NA,NA,0,0,0,0,"","","","","V2025.09.12"
"4628",366,"EST","Estonia",2024,NA,NA,0,0,0,0,"","","","","V2025.09.12"
"4629",367,"LAT","Latvia",1991,NA,NA,0,0,0,0,"","","","","V2025.09.12"
"4630",367,"LAT","Latvia",1992,NA,NA,0,0,0,0,"","","","","V2025.09.12"
"4631",367,"LAT","Latvia",1993,NA,NA,0,0,0,0,"","","","","V2025.09.12"
"4632",367,"LAT","Latvia",1994,NA,NA,0,0,0,0,"","","","","V2025.09.12"
"4633",367,"LAT","Latvia",1995,NA,NA,0,0,0,0,"","","","","V2025.09.12"
"4634",367,"LAT","Latvia",1996,NA,NA,0,0,0,0,"","","","","V2025.09.12"
"4635",367,"LAT","Latvia",1997,NA,NA,0,0,0,0,"","","","","V2025.09.12"
"4636",367,"LAT","Latvia",1998,NA,NA,0,0,0,0,"","","","","V2025.09.12"
"4637",367,"LAT","Latvia",1999,NA,NA,0,0,0,0,"","","","","V2025.09.12"
"4638",367,"LAT","Latvia",2000,NA,NA,0,0,0,0,"","","","","V2025.09.12"
"4639",367,"LAT","Latvia",2001,NA,NA,0,0,0,0,"","","","","V2025.09.12"
"4640",367,"LAT","Latvia",2002,NA,NA,0,0,0,0,"","","","","V2025.09.12"
"4641",367,"LAT","Latvia",2003,NA,NA,0,0,0,0,"","","","","V2025.09.12"
"4642",367,"LAT","Latvia",2004,NA,NA,0,0,0,0,"","","","","V2025.09.12"
"4643",367,"LAT","Latvia",2005,NA,NA,0,0,0,0,"","","","","V2025.09.12"
"4644",367,"LAT","Latvia",2006,NA,NA,0,0,0,0,"","","","","V2025.09.12"
"4645",367,"LAT","Latvia",2007,NA,NA,0,0,0,0,"","","","","V2025.09.12"
"4646",367,"LAT","Latvia",2008,NA,NA,0,0,0,0,"","","","","V2025.09.12"
"4647",367,"LAT","Latvia",2009,NA,NA,0,0,0,0,"","","","","V2025.09.12"
"4648",367,"LAT","Latvia",2010,NA,NA,0,0,0,0,"","","","","V2025.09.12"
"4649",367,"LAT","Latvia",2011,NA,NA,0,0,0,0,"","","","","V2025.09.12"
"4650",367,"LAT","Latvia",2012,NA,NA,0,0,0,0,"","","","","V2025.09.12"
"4651",367,"LAT","Latvia",2013,NA,NA,0,0,0,0,"","","","","V2025.09.12"
"4652",367,"LAT","Latvia",2014,NA,NA,0,0,0,0,"","","","","V2025.09.12"
"4653",367,"LAT","Latvia",2015,NA,NA,0,0,0,0,"","","","","V2025.09.12"
"4654",367,"LAT","Latvia",2016,NA,NA,0,0,0,0,"","","","","V2025.09.12"
"4655",367,"LAT","Latvia",2017,NA,NA,0,0,0,0,"","","","","V2025.09.12"
"4656",367,"LAT","Latvia",2018,NA,NA,0,0,0,0,"","","","","V2025.09.12"
"4657",367,"LAT","Latvia",2019,NA,NA,0,0,0,0,"","","","","V2025.09.12"
"4658",367,"LAT","Latvia",2020,NA,NA,0,0,0,0,"","","","","V2025.09.12"
"4659",367,"LAT","Latvia",2021,NA,NA,0,0,0,0,"","","","","V2025.09.12"
"4660",367,"LAT","Latvia",2022,NA,NA,0,0,0,0,"","","","","V2025.09.12"
"4661",367,"LAT","Latvia",2023,NA,NA,0,0,0,0,"","","","","V2025.09.12"
"4662",367,"LAT","Latvia",2024,NA,NA,0,0,0,0,"","","","","V2025.09.12"
"4663",368,"LIT","Lithuania",1991,NA,NA,0,0,0,0,"","","","","V2025.09.12"
"4664",368,"LIT","Lithuania",1992,NA,NA,0,0,0,0,"","","","","V2025.09.12"
"4665",368,"LIT","Lithuania",1993,NA,NA,0,0,0,0,"","","","","V2025.09.12"
"4666",368,"LIT","Lithuania",1994,NA,NA,0,0,0,0,"","","","","V2025.09.12"
"4667",368,"LIT","Lithuania",1995,NA,NA,0,0,0,0,"","","","","V2025.09.12"
"4668",368,"LIT","Lithuania",1996,NA,NA,0,0,0,0,"","","","","V2025.09.12"
"4669",368,"LIT","Lithuania",1997,NA,NA,0,0,0,0,"","","","","V2025.09.12"
"4670",368,"LIT","Lithuania",1998,NA,NA,0,0,0,0,"","","","","V2025.09.12"
"4671",368,"LIT","Lithuania",1999,NA,NA,0,0,0,0,"","","","","V2025.09.12"
"4672",368,"LIT","Lithuania",2000,NA,NA,0,0,0,0,"","","","","V2025.09.12"
"4673",368,"LIT","Lithuania",2001,NA,NA,0,0,0,0,"","","","","V2025.09.12"
"4674",368,"LIT","Lithuania",2002,NA,NA,0,0,0,0,"","","","","V2025.09.12"
"4675",368,"LIT","Lithuania",2003,NA,NA,0,0,0,0,"","","","","V2025.09.12"
"4676",368,"LIT","Lithuania",2004,NA,NA,0,0,0,0,"","","","","V2025.09.12"
"4677",368,"LIT","Lithuania",2005,NA,NA,0,0,0,0,"","","","","V2025.09.12"
"4678",368,"LIT","Lithuania",2006,NA,NA,0,0,0,0,"","","","","V2025.09.12"
"4679",368,"LIT","Lithuania",2007,NA,NA,0,0,0,0,"","","","","V2025.09.12"
"4680",368,"LIT","Lithuania",2008,NA,NA,0,0,0,0,"","","","","V2025.09.12"
"4681",368,"LIT","Lithuania",2009,NA,NA,0,0,0,0,"","","","","V2025.09.12"
"4682",368,"LIT","Lithuania",2010,NA,NA,0,0,0,0,"","","","","V2025.09.12"
"4683",368,"LIT","Lithuania",2011,NA,NA,0,0,0,0,"","","","","V2025.09.12"
"4684",368,"LIT","Lithuania",2012,NA,NA,0,0,0,0,"","","","","V2025.09.12"
"4685",368,"LIT","Lithuania",2013,NA,NA,0,0,0,0,"","","","","V2025.09.12"
"4686",368,"LIT","Lithuania",2014,NA,NA,0,0,0,0,"","","","","V2025.09.12"
"4687",368,"LIT","Lithuania",2015,NA,NA,0,0,0,0,"","","","","V2025.09.12"
"4688",368,"LIT","Lithuania",2016,NA,NA,0,0,0,0,"","","","","V2025.09.12"
"4689",368,"LIT","Lithuania",2017,NA,NA,0,0,0,0,"","","","","V2025.09.12"
"4690",368,"LIT","Lithuania",2018,NA,NA,0,0,0,0,"","","","","V2025.09.12"
"4691",368,"LIT","Lithuania",2019,NA,NA,0,0,0,0,"","","","","V2025.09.12"
"4692",368,"LIT","Lithuania",2020,NA,NA,0,0,0,0,"","","","","V2025.09.12"
"4693",368,"LIT","Lithuania",2021,NA,NA,0,0,0,0,"","","","","V2025.09.12"
"4694",368,"LIT","Lithuania",2022,NA,NA,0,0,0,0,"","","","","V2025.09.12"
"4695",368,"LIT","Lithuania",2023,NA,NA,0,0,0,0,"","","","","V2025.09.12"
"4696",368,"LIT","Lithuania",2024,NA,NA,0,0,0,0,"","","","","V2025.09.12"
"4697",369,"UKR","Ukraine",1991,NA,NA,0,0,0,0,"","","","","V2025.09.12"
"4698",369,"UKR","Ukraine",1992,NA,NA,0,0,0,0,"","","","","V2025.09.12"
"4699",369,"UKR","Ukraine",1993,NA,NA,0,0,0,0,"","","","","V2025.09.12"
"4700",369,"UKR","Ukraine",1994,NA,NA,0,0,0,0,"","","","","V2025.09.12"
"4701",369,"UKR","Ukraine",1995,NA,NA,0,0,0,0,"","","","","V2025.09.12"
"4702",369,"UKR","Ukraine",1996,NA,NA,0,0,0,0,"","","","","V2025.09.12"
"4703",369,"UKR","Ukraine",1997,NA,NA,0,0,0,0,"","","","","V2025.09.12"
"4704",369,"UKR","Ukraine",1998,NA,NA,0,0,0,0,"","","","","V2025.09.12"
"4705",369,"UKR","Ukraine",1999,NA,NA,0,0,0,0,"","","","","V2025.09.12"
"4706",369,"UKR","Ukraine",2000,NA,NA,0,0,0,0,"","","","","V2025.09.12"
"4707",369,"UKR","Ukraine",2001,NA,NA,0,0,0,0,"","","","","V2025.09.12"
"4708",369,"UKR","Ukraine",2002,NA,NA,0,0,0,0,"","","","","V2025.09.12"
"4709",369,"UKR","Ukraine",2003,NA,NA,0,0,0,0,"","","","","V2025.09.12"
"4710",369,"UKR","Ukraine",2004,NA,NA,0,0,0,0,"","","","","V2025.09.12"
"4711",369,"UKR","Ukraine",2005,NA,NA,0,0,0,0,"","","","","V2025.09.12"
"4712",369,"UKR","Ukraine",2006,NA,NA,0,0,0,0,"","","","","V2025.09.12"
"4713",369,"UKR","Ukraine",2007,NA,NA,0,0,0,0,"","","","","V2025.09.12"
"4714",369,"UKR","Ukraine",2008,NA,NA,0,0,0,0,"","","","","V2025.09.12"
"4715",369,"UKR","Ukraine",2009,NA,NA,0,0,0,0,"","","","","V2025.09.12"
"4716",369,"UKR","Ukraine",2010,NA,NA,0,0,0,0,"","","","","V2025.09.12"
"4717",369,"UKR","Ukraine",2011,NA,NA,0,0,0,0,"","","","","V2025.09.12"
"4718",369,"UKR","Ukraine",2012,NA,NA,0,0,0,0,"","","","","V2025.09.12"
"4719",369,"UKR","Ukraine",2013,NA,NA,0,0,0,0,"","","","","V2025.09.12"
"4720",369,"UKR","Ukraine",2014,NA,NA,2,0,0,0,"22feb2014","","","","V2025.09.12"
"4721",369,"UKR","Ukraine",2015,NA,NA,0,0,0,0,"","","","","V2025.09.12"
"4722",369,"UKR","Ukraine",2016,NA,NA,0,0,0,0,"","","","","V2025.09.12"
"4723",369,"UKR","Ukraine",2017,NA,NA,0,0,0,0,"","","","","V2025.09.12"
"4724",369,"UKR","Ukraine",2018,NA,NA,0,0,0,0,"","","","","V2025.09.12"
"4725",369,"UKR","Ukraine",2019,NA,NA,0,0,0,0,"","","","","V2025.09.12"
"4726",369,"UKR","Ukraine",2020,NA,NA,0,0,0,0,"","","","","V2025.09.12"
"4727",369,"UKR","Ukraine",2021,NA,NA,0,0,0,0,"","","","","V2025.09.12"
"4728",369,"UKR","Ukraine",2022,NA,NA,0,0,0,0,"","","","","V2025.09.12"
"4729",369,"UKR","Ukraine",2023,NA,NA,0,0,0,0,"","","","","V2025.09.12"
"4730",369,"UKR","Ukraine",2024,NA,NA,0,0,0,0,"","","","","V2025.09.12"
"4731",370,"BLR","Belarus (Byelorussia)",1991,NA,NA,0,0,0,0,"","","","","V2025.09.12"
"4732",370,"BLR","Belarus (Byelorussia)",1992,NA,NA,0,0,0,0,"","","","","V2025.09.12"
"4733",370,"BLR","Belarus (Byelorussia)",1993,NA,NA,0,0,0,0,"","","","","V2025.09.12"
"4734",370,"BLR","Belarus (Byelorussia)",1994,NA,NA,0,0,0,0,"","","","","V2025.09.12"
"4735",370,"BLR","Belarus (Byelorussia)",1995,NA,NA,0,0,0,0,"","","","","V2025.09.12"
"4736",370,"BLR","Belarus (Byelorussia)",1996,NA,NA,0,0,0,0,"","","","","V2025.09.12"
"4737",370,"BLR","Belarus (Byelorussia)",1997,NA,NA,0,0,0,0,"","","","","V2025.09.12"
"4738",370,"BLR","Belarus (Byelorussia)",1998,NA,NA,0,0,0,0,"","","","","V2025.09.12"
"4739",370,"BLR","Belarus (Byelorussia)",1999,NA,NA,0,0,0,0,"","","","","V2025.09.12"
"4740",370,"BLR","Belarus (Byelorussia)",2000,NA,NA,0,0,0,0,"","","","","V2025.09.12"
"4741",370,"BLR","Belarus (Byelorussia)",2001,NA,NA,0,0,0,0,"","","","","V2025.09.12"
"4742",370,"BLR","Belarus (Byelorussia)",2002,NA,NA,0,0,0,0,"","","","","V2025.09.12"
"4743",370,"BLR","Belarus (Byelorussia)",2003,NA,NA,0,0,0,0,"","","","","V2025.09.12"
"4744",370,"BLR","Belarus (Byelorussia)",2004,NA,NA,0,0,0,0,"","","","","V2025.09.12"
"4745",370,"BLR","Belarus (Byelorussia)",2005,NA,NA,0,0,0,0,"","","","","V2025.09.12"
"4746",370,"BLR","Belarus (Byelorussia)",2006,NA,NA,0,0,0,0,"","","","","V2025.09.12"
"4747",370,"BLR","Belarus (Byelorussia)",2007,NA,NA,0,0,0,0,"","","","","V2025.09.12"
"4748",370,"BLR","Belarus (Byelorussia)",2008,NA,NA,0,0,0,0,"","","","","V2025.09.12"
"4749",370,"BLR","Belarus (Byelorussia)",2009,NA,NA,0,0,0,0,"","","","","V2025.09.12"
"4750",370,"BLR","Belarus (Byelorussia)",2010,NA,NA,0,0,0,0,"","","","","V2025.09.12"
"4751",370,"BLR","Belarus (Byelorussia)",2011,NA,NA,0,0,0,0,"","","","","V2025.09.12"
"4752",370,"BLR","Belarus (Byelorussia)",2012,NA,NA,0,0,0,0,"","","","","V2025.09.12"
"4753",370,"BLR","Belarus (Byelorussia)",2013,NA,NA,0,0,0,0,"","","","","V2025.09.12"
"4754",370,"BLR","Belarus (Byelorussia)",2014,NA,NA,0,0,0,0,"","","","","V2025.09.12"
"4755",370,"BLR","Belarus (Byelorussia)",2015,NA,NA,0,0,0,0,"","","","","V2025.09.12"
"4756",370,"BLR","Belarus (Byelorussia)",2016,NA,NA,0,0,0,0,"","","","","V2025.09.12"
"4757",370,"BLR","Belarus (Byelorussia)",2017,NA,NA,0,0,0,0,"","","","","V2025.09.12"
"4758",370,"BLR","Belarus (Byelorussia)",2018,NA,NA,0,0,0,0,"","","","","V2025.09.12"
"4759",370,"BLR","Belarus (Byelorussia)",2019,NA,NA,0,0,0,0,"","","","","V2025.09.12"
"4760",370,"BLR","Belarus (Byelorussia)",2020,NA,NA,0,0,0,0,"","","","","V2025.09.12"
"4761",370,"BLR","Belarus (Byelorussia)",2021,NA,NA,0,0,0,0,"","","","","V2025.09.12"
"4762",370,"BLR","Belarus (Byelorussia)",2022,NA,NA,0,0,0,0,"","","","","V2025.09.12"
"4763",370,"BLR","Belarus (Byelorussia)",2023,NA,NA,0,0,0,0,"","","","","V2025.09.12"
"4764",370,"BLR","Belarus (Byelorussia)",2024,NA,NA,0,0,0,0,"","","","","V2025.09.12"
"4765",371,"ARM","Armenia",1991,NA,NA,0,0,0,0,"","","","","V2025.09.12"
"4766",371,"ARM","Armenia",1992,NA,NA,0,0,0,0,"","","","","V2025.09.12"
"4767",371,"ARM","Armenia",1993,NA,NA,0,0,0,0,"","","","","V2025.09.12"
"4768",371,"ARM","Armenia",1994,NA,NA,0,0,0,0,"","","","","V2025.09.12"
"4769",371,"ARM","Armenia",1995,NA,NA,0,0,0,0,"","","","","V2025.09.12"
"4770",371,"ARM","Armenia",1996,NA,NA,0,0,0,0,"","","","","V2025.09.12"
"4771",371,"ARM","Armenia",1997,NA,NA,0,0,0,0,"","","","","V2025.09.12"
"4772",371,"ARM","Armenia",1998,NA,NA,0,0,0,0,"","","","","V2025.09.12"
"4773",371,"ARM","Armenia",1999,NA,NA,0,0,0,0,"","","","","V2025.09.12"
"4774",371,"ARM","Armenia",2000,NA,NA,0,0,0,0,"","","","","V2025.09.12"
"4775",371,"ARM","Armenia",2001,NA,NA,0,0,0,0,"","","","","V2025.09.12"
"4776",371,"ARM","Armenia",2002,NA,NA,0,0,0,0,"","","","","V2025.09.12"
"4777",371,"ARM","Armenia",2003,NA,NA,0,0,0,0,"","","","","V2025.09.12"
"4778",371,"ARM","Armenia",2004,NA,NA,0,0,0,0,"","","","","V2025.09.12"
"4779",371,"ARM","Armenia",2005,NA,NA,0,0,0,0,"","","","","V2025.09.12"
"4780",371,"ARM","Armenia",2006,NA,NA,0,0,0,0,"","","","","V2025.09.12"
"4781",371,"ARM","Armenia",2007,NA,NA,0,0,0,0,"","","","","V2025.09.12"
"4782",371,"ARM","Armenia",2008,NA,NA,0,0,0,0,"","","","","V2025.09.12"
"4783",371,"ARM","Armenia",2009,NA,NA,0,0,0,0,"","","","","V2025.09.12"
"4784",371,"ARM","Armenia",2010,NA,NA,0,0,0,0,"","","","","V2025.09.12"
"4785",371,"ARM","Armenia",2011,NA,NA,0,0,0,0,"","","","","V2025.09.12"
"4786",371,"ARM","Armenia",2012,NA,NA,0,0,0,0,"","","","","V2025.09.12"
"4787",371,"ARM","Armenia",2013,NA,NA,0,0,0,0,"","","","","V2025.09.12"
"4788",371,"ARM","Armenia",2014,NA,NA,0,0,0,0,"","","","","V2025.09.12"
"4789",371,"ARM","Armenia",2015,NA,NA,0,0,0,0,"","","","","V2025.09.12"
"4790",371,"ARM","Armenia",2016,NA,NA,0,0,0,0,"","","","","V2025.09.12"
"4791",371,"ARM","Armenia",2017,NA,NA,0,0,0,0,"","","","","V2025.09.12"
"4792",371,"ARM","Armenia",2018,NA,NA,0,0,0,0,"","","","","V2025.09.12"
"4793",371,"ARM","Armenia",2019,NA,NA,0,0,0,0,"","","","","V2025.09.12"
"4794",371,"ARM","Armenia",2020,NA,NA,0,0,0,0,"","","","","V2025.09.12"
"4795",371,"ARM","Armenia",2021,NA,NA,0,0,0,0,"","","","","V2025.09.12"
"4796",371,"ARM","Armenia",2022,NA,NA,0,0,0,0,"","","","","V2025.09.12"
"4797",371,"ARM","Armenia",2023,NA,NA,0,0,0,0,"","","","","V2025.09.12"
"4798",371,"ARM","Armenia",2024,NA,NA,0,0,0,0,"","","","","V2025.09.12"
"4799",372,"GRG","Georgia",1991,NA,NA,0,0,0,0,"","","","","V2025.09.12"
"4800",372,"GRG","Georgia",1992,NA,NA,0,0,0,0,"","","","","V2025.09.12"
"4801",372,"GRG","Georgia",1993,NA,NA,0,0,0,0,"","","","","V2025.09.12"
"4802",372,"GRG","Georgia",1994,NA,NA,0,0,0,0,"","","","","V2025.09.12"
"4803",372,"GRG","Georgia",1995,NA,NA,0,0,0,0,"","","","","V2025.09.12"
"4804",372,"GRG","Georgia",1996,NA,NA,0,0,0,0,"","","","","V2025.09.12"
"4805",372,"GRG","Georgia",1997,NA,NA,0,0,0,0,"","","","","V2025.09.12"
"4806",372,"GRG","Georgia",1998,NA,NA,0,0,0,0,"","","","","V2025.09.12"
"4807",372,"GRG","Georgia",1999,NA,NA,0,0,0,0,"","","","","V2025.09.12"
"4808",372,"GRG","Georgia",2000,NA,NA,0,0,0,0,"","","","","V2025.09.12"
"4809",372,"GRG","Georgia",2001,NA,NA,0,0,0,0,"","","","","V2025.09.12"
"4810",372,"GRG","Georgia",2002,NA,NA,0,0,0,0,"","","","","V2025.09.12"
"4811",372,"GRG","Georgia",2003,NA,NA,0,0,0,0,"","","","","V2025.09.12"
"4812",372,"GRG","Georgia",2004,NA,NA,0,0,0,0,"","","","","V2025.09.12"
"4813",372,"GRG","Georgia",2005,NA,NA,0,0,0,0,"","","","","V2025.09.12"
"4814",372,"GRG","Georgia",2006,NA,NA,0,0,0,0,"","","","","V2025.09.12"
"4815",372,"GRG","Georgia",2007,NA,NA,0,0,0,0,"","","","","V2025.09.12"
"4816",372,"GRG","Georgia",2008,NA,NA,0,0,0,0,"","","","","V2025.09.12"
"4817",372,"GRG","Georgia",2009,NA,NA,0,0,0,0,"","","","","V2025.09.12"
"4818",372,"GRG","Georgia",2010,NA,NA,0,0,0,0,"","","","","V2025.09.12"
"4819",372,"GRG","Georgia",2011,NA,NA,0,0,0,0,"","","","","V2025.09.12"
"4820",372,"GRG","Georgia",2012,NA,NA,0,0,0,0,"","","","","V2025.09.12"
"4821",372,"GRG","Georgia",2013,NA,NA,0,0,0,0,"","","","","V2025.09.12"
"4822",372,"GRG","Georgia",2014,NA,NA,0,0,0,0,"","","","","V2025.09.12"
"4823",372,"GRG","Georgia",2015,NA,NA,0,0,0,0,"","","","","V2025.09.12"
"4824",372,"GRG","Georgia",2016,NA,NA,0,0,0,0,"","","","","V2025.09.12"
"4825",372,"GRG","Georgia",2017,NA,NA,0,0,0,0,"","","","","V2025.09.12"
"4826",372,"GRG","Georgia",2018,NA,NA,0,0,0,0,"","","","","V2025.09.12"
"4827",372,"GRG","Georgia",2019,NA,NA,0,0,0,0,"","","","","V2025.09.12"
"4828",372,"GRG","Georgia",2020,NA,NA,0,0,0,0,"","","","","V2025.09.12"
"4829",372,"GRG","Georgia",2021,NA,NA,0,0,0,0,"","","","","V2025.09.12"
"4830",372,"GRG","Georgia",2022,NA,NA,0,0,0,0,"","","","","V2025.09.12"
"4831",372,"GRG","Georgia",2023,NA,NA,0,0,0,0,"","","","","V2025.09.12"
"4832",372,"GRG","Georgia",2024,NA,NA,0,0,0,0,"","","","","V2025.09.12"
"4833",373,"AZE","Azerbaijan",1991,NA,NA,0,0,0,0,"","","","","V2025.09.12"
"4834",373,"AZE","Azerbaijan",1992,NA,NA,0,0,0,0,"","","","","V2025.09.12"
"4835",373,"AZE","Azerbaijan",1993,NA,NA,0,0,0,0,"","","","","V2025.09.12"
"4836",373,"AZE","Azerbaijan",1994,NA,NA,1,0,0,0,"04oct1994","","","","V2025.09.12"
"4837",373,"AZE","Azerbaijan",1995,NA,NA,1,0,0,0,"13mar1995","","","","V2025.09.12"
"4838",373,"AZE","Azerbaijan",1996,NA,NA,0,0,0,0,"","","","","V2025.09.12"
"4839",373,"AZE","Azerbaijan",1997,NA,NA,0,0,0,0,"","","","","V2025.09.12"
"4840",373,"AZE","Azerbaijan",1998,NA,NA,0,0,0,0,"","","","","V2025.09.12"
"4841",373,"AZE","Azerbaijan",1999,NA,NA,0,0,0,0,"","","","","V2025.09.12"
"4842",373,"AZE","Azerbaijan",2000,NA,NA,0,0,0,0,"","","","","V2025.09.12"
"4843",373,"AZE","Azerbaijan",2001,NA,NA,0,0,0,0,"","","","","V2025.09.12"
"4844",373,"AZE","Azerbaijan",2002,NA,NA,0,0,0,0,"","","","","V2025.09.12"
"4845",373,"AZE","Azerbaijan",2003,NA,NA,0,0,0,0,"","","","","V2025.09.12"
"4846",373,"AZE","Azerbaijan",2004,NA,NA,0,0,0,0,"","","","","V2025.09.12"
"4847",373,"AZE","Azerbaijan",2005,NA,NA,0,0,0,0,"","","","","V2025.09.12"
"4848",373,"AZE","Azerbaijan",2006,NA,NA,0,0,0,0,"","","","","V2025.09.12"
"4849",373,"AZE","Azerbaijan",2007,NA,NA,0,0,0,0,"","","","","V2025.09.12"
"4850",373,"AZE","Azerbaijan",2008,NA,NA,0,0,0,0,"","","","","V2025.09.12"
"4851",373,"AZE","Azerbaijan",2009,NA,NA,0,0,0,0,"","","","","V2025.09.12"
"4852",373,"AZE","Azerbaijan",2010,NA,NA,0,0,0,0,"","","","","V2025.09.12"
"4853",373,"AZE","Azerbaijan",2011,NA,NA,0,0,0,0,"","","","","V2025.09.12"
"4854",373,"AZE","Azerbaijan",2012,NA,NA,0,0,0,0,"","","","","V2025.09.12"
"4855",373,"AZE","Azerbaijan",2013,NA,NA,0,0,0,0,"","","","","V2025.09.12"
"4856",373,"AZE","Azerbaijan",2014,NA,NA,0,0,0,0,"","","","","V2025.09.12"
"4857",373,"AZE","Azerbaijan",2015,NA,NA,0,0,0,0,"","","","","V2025.09.12"
"4858",373,"AZE","Azerbaijan",2016,NA,NA,0,0,0,0,"","","","","V2025.09.12"
"4859",373,"AZE","Azerbaijan",2017,NA,NA,0,0,0,0,"","","","","V2025.09.12"
"4860",373,"AZE","Azerbaijan",2018,NA,NA,0,0,0,0,"","","","","V2025.09.12"
"4861",373,"AZE","Azerbaijan",2019,NA,NA,0,0,0,0,"","","","","V2025.09.12"
"4862",373,"AZE","Azerbaijan",2020,NA,NA,0,0,0,0,"","","","","V2025.09.12"
"4863",373,"AZE","Azerbaijan",2021,NA,NA,0,0,0,0,"","","","","V2025.09.12"
"4864",373,"AZE","Azerbaijan",2022,NA,NA,0,0,0,0,"","","","","V2025.09.12"
"4865",373,"AZE","Azerbaijan",2023,NA,NA,0,0,0,0,"","","","","V2025.09.12"
"4866",373,"AZE","Azerbaijan",2024,NA,NA,0,0,0,0,"","","","","V2025.09.12"
"4867",375,"FIN","Finland",1950,NA,NA,0,0,0,0,"","","","","V2025.09.12"
"4868",375,"FIN","Finland",1951,NA,NA,0,0,0,0,"","","","","V2025.09.12"
"4869",375,"FIN","Finland",1952,NA,NA,0,0,0,0,"","","","","V2025.09.12"
"4870",375,"FIN","Finland",1953,NA,NA,0,0,0,0,"","","","","V2025.09.12"
"4871",375,"FIN","Finland",1954,NA,NA,0,0,0,0,"","","","","V2025.09.12"
"4872",375,"FIN","Finland",1955,NA,NA,0,0,0,0,"","","","","V2025.09.12"
"4873",375,"FIN","Finland",1956,NA,NA,0,0,0,0,"","","","","V2025.09.12"
"4874",375,"FIN","Finland",1957,NA,NA,0,0,0,0,"","","","","V2025.09.12"
"4875",375,"FIN","Finland",1958,NA,NA,0,0,0,0,"","","","","V2025.09.12"
"4876",375,"FIN","Finland",1959,NA,NA,0,0,0,0,"","","","","V2025.09.12"
"4877",375,"FIN","Finland",1960,NA,NA,0,0,0,0,"","","","","V2025.09.12"
"4878",375,"FIN","Finland",1961,NA,NA,0,0,0,0,"","","","","V2025.09.12"
"4879",375,"FIN","Finland",1962,NA,NA,0,0,0,0,"","","","","V2025.09.12"
"4880",375,"FIN","Finland",1963,NA,NA,0,0,0,0,"","","","","V2025.09.12"
"4881",375,"FIN","Finland",1964,NA,NA,0,0,0,0,"","","","","V2025.09.12"
"4882",375,"FIN","Finland",1965,NA,NA,0,0,0,0,"","","","","V2025.09.12"
"4883",375,"FIN","Finland",1966,NA,NA,0,0,0,0,"","","","","V2025.09.12"
"4884",375,"FIN","Finland",1967,NA,NA,0,0,0,0,"","","","","V2025.09.12"
"4885",375,"FIN","Finland",1968,NA,NA,0,0,0,0,"","","","","V2025.09.12"
"4886",375,"FIN","Finland",1969,NA,NA,0,0,0,0,"","","","","V2025.09.12"
"4887",375,"FIN","Finland",1970,NA,NA,0,0,0,0,"","","","","V2025.09.12"
"4888",375,"FIN","Finland",1971,NA,NA,0,0,0,0,"","","","","V2025.09.12"
"4889",375,"FIN","Finland",1972,NA,NA,0,0,0,0,"","","","","V2025.09.12"
"4890",375,"FIN","Finland",1973,NA,NA,0,0,0,0,"","","","","V2025.09.12"
"4891",375,"FIN","Finland",1974,NA,NA,0,0,0,0,"","","","","V2025.09.12"
"4892",375,"FIN","Finland",1975,NA,NA,0,0,0,0,"","","","","V2025.09.12"
"4893",375,"FIN","Finland",1976,NA,NA,0,0,0,0,"","","","","V2025.09.12"
"4894",375,"FIN","Finland",1977,NA,NA,0,0,0,0,"","","","","V2025.09.12"
"4895",375,"FIN","Finland",1978,NA,NA,0,0,0,0,"","","","","V2025.09.12"
"4896",375,"FIN","Finland",1979,NA,NA,0,0,0,0,"","","","","V2025.09.12"
"4897",375,"FIN","Finland",1980,NA,NA,0,0,0,0,"","","","","V2025.09.12"
"4898",375,"FIN","Finland",1981,NA,NA,0,0,0,0,"","","","","V2025.09.12"
"4899",375,"FIN","Finland",1982,NA,NA,0,0,0,0,"","","","","V2025.09.12"
"4900",375,"FIN","Finland",1983,NA,NA,0,0,0,0,"","","","","V2025.09.12"
"4901",375,"FIN","Finland",1984,NA,NA,0,0,0,0,"","","","","V2025.09.12"
"4902",375,"FIN","Finland",1985,NA,NA,0,0,0,0,"","","","","V2025.09.12"
"4903",375,"FIN","Finland",1986,NA,NA,0,0,0,0,"","","","","V2025.09.12"
"4904",375,"FIN","Finland",1987,NA,NA,0,0,0,0,"","","","","V2025.09.12"
"4905",375,"FIN","Finland",1988,NA,NA,0,0,0,0,"","","","","V2025.09.12"
"4906",375,"FIN","Finland",1989,NA,NA,0,0,0,0,"","","","","V2025.09.12"
"4907",375,"FIN","Finland",1990,NA,NA,0,0,0,0,"","","","","V2025.09.12"
"4908",375,"FIN","Finland",1991,NA,NA,0,0,0,0,"","","","","V2025.09.12"
"4909",375,"FIN","Finland",1992,NA,NA,0,0,0,0,"","","","","V2025.09.12"
"4910",375,"FIN","Finland",1993,NA,NA,0,0,0,0,"","","","","V2025.09.12"
"4911",375,"FIN","Finland",1994,NA,NA,0,0,0,0,"","","","","V2025.09.12"
"4912",375,"FIN","Finland",1995,NA,NA,0,0,0,0,"","","","","V2025.09.12"
"4913",375,"FIN","Finland",1996,NA,NA,0,0,0,0,"","","","","V2025.09.12"
"4914",375,"FIN","Finland",1997,NA,NA,0,0,0,0,"","","","","V2025.09.12"
"4915",375,"FIN","Finland",1998,NA,NA,0,0,0,0,"","","","","V2025.09.12"
"4916",375,"FIN","Finland",1999,NA,NA,0,0,0,0,"","","","","V2025.09.12"
"4917",375,"FIN","Finland",2000,NA,NA,0,0,0,0,"","","","","V2025.09.12"
"4918",375,"FIN","Finland",2001,NA,NA,0,0,0,0,"","","","","V2025.09.12"
"4919",375,"FIN","Finland",2002,NA,NA,0,0,0,0,"","","","","V2025.09.12"
"4920",375,"FIN","Finland",2003,NA,NA,0,0,0,0,"","","","","V2025.09.12"
"4921",375,"FIN","Finland",2004,NA,NA,0,0,0,0,"","","","","V2025.09.12"
"4922",375,"FIN","Finland",2005,NA,NA,0,0,0,0,"","","","","V2025.09.12"
"4923",375,"FIN","Finland",2006,NA,NA,0,0,0,0,"","","","","V2025.09.12"
"4924",375,"FIN","Finland",2007,NA,NA,0,0,0,0,"","","","","V2025.09.12"
"4925",375,"FIN","Finland",2008,NA,NA,0,0,0,0,"","","","","V2025.09.12"
"4926",375,"FIN","Finland",2009,NA,NA,0,0,0,0,"","","","","V2025.09.12"
"4927",375,"FIN","Finland",2010,NA,NA,0,0,0,0,"","","","","V2025.09.12"
"4928",375,"FIN","Finland",2011,NA,NA,0,0,0,0,"","","","","V2025.09.12"
"4929",375,"FIN","Finland",2012,NA,NA,0,0,0,0,"","","","","V2025.09.12"
"4930",375,"FIN","Finland",2013,NA,NA,0,0,0,0,"","","","","V2025.09.12"
"4931",375,"FIN","Finland",2014,NA,NA,0,0,0,0,"","","","","V2025.09.12"
"4932",375,"FIN","Finland",2015,NA,NA,0,0,0,0,"","","","","V2025.09.12"
"4933",375,"FIN","Finland",2016,NA,NA,0,0,0,0,"","","","","V2025.09.12"
"4934",375,"FIN","Finland",2017,NA,NA,0,0,0,0,"","","","","V2025.09.12"
"4935",375,"FIN","Finland",2018,NA,NA,0,0,0,0,"","","","","V2025.09.12"
"4936",375,"FIN","Finland",2019,NA,NA,0,0,0,0,"","","","","V2025.09.12"
"4937",375,"FIN","Finland",2020,NA,NA,0,0,0,0,"","","","","V2025.09.12"
"4938",375,"FIN","Finland",2021,NA,NA,0,0,0,0,"","","","","V2025.09.12"
"4939",375,"FIN","Finland",2022,NA,NA,0,0,0,0,"","","","","V2025.09.12"
"4940",375,"FIN","Finland",2023,NA,NA,0,0,0,0,"","","","","V2025.09.12"
"4941",375,"FIN","Finland",2024,NA,NA,0,0,0,0,"","","","","V2025.09.12"
"4942",380,"SWD","Sweden",1950,NA,NA,0,0,0,0,"","","","","V2025.09.12"
"4943",380,"SWD","Sweden",1951,NA,NA,0,0,0,0,"","","","","V2025.09.12"
"4944",380,"SWD","Sweden",1952,NA,NA,0,0,0,0,"","","","","V2025.09.12"
"4945",380,"SWD","Sweden",1953,NA,NA,0,0,0,0,"","","","","V2025.09.12"
"4946",380,"SWD","Sweden",1954,NA,NA,0,0,0,0,"","","","","V2025.09.12"
"4947",380,"SWD","Sweden",1955,NA,NA,0,0,0,0,"","","","","V2025.09.12"
"4948",380,"SWD","Sweden",1956,NA,NA,0,0,0,0,"","","","","V2025.09.12"
"4949",380,"SWD","Sweden",1957,NA,NA,0,0,0,0,"","","","","V2025.09.12"
"4950",380,"SWD","Sweden",1958,NA,NA,0,0,0,0,"","","","","V2025.09.12"
"4951",380,"SWD","Sweden",1959,NA,NA,0,0,0,0,"","","","","V2025.09.12"
"4952",380,"SWD","Sweden",1960,NA,NA,0,0,0,0,"","","","","V2025.09.12"
"4953",380,"SWD","Sweden",1961,NA,NA,0,0,0,0,"","","","","V2025.09.12"
"4954",380,"SWD","Sweden",1962,NA,NA,0,0,0,0,"","","","","V2025.09.12"
"4955",380,"SWD","Sweden",1963,NA,NA,0,0,0,0,"","","","","V2025.09.12"
"4956",380,"SWD","Sweden",1964,NA,NA,0,0,0,0,"","","","","V2025.09.12"
"4957",380,"SWD","Sweden",1965,NA,NA,0,0,0,0,"","","","","V2025.09.12"
"4958",380,"SWD","Sweden",1966,NA,NA,0,0,0,0,"","","","","V2025.09.12"
"4959",380,"SWD","Sweden",1967,NA,NA,0,0,0,0,"","","","","V2025.09.12"
"4960",380,"SWD","Sweden",1968,NA,NA,0,0,0,0,"","","","","V2025.09.12"
"4961",380,"SWD","Sweden",1969,NA,NA,0,0,0,0,"","","","","V2025.09.12"
"4962",380,"SWD","Sweden",1970,NA,NA,0,0,0,0,"","","","","V2025.09.12"
"4963",380,"SWD","Sweden",1971,NA,NA,0,0,0,0,"","","","","V2025.09.12"
"4964",380,"SWD","Sweden",1972,NA,NA,0,0,0,0,"","","","","V2025.09.12"
"4965",380,"SWD","Sweden",1973,NA,NA,0,0,0,0,"","","","","V2025.09.12"
"4966",380,"SWD","Sweden",1974,NA,NA,0,0,0,0,"","","","","V2025.09.12"
"4967",380,"SWD","Sweden",1975,NA,NA,0,0,0,0,"","","","","V2025.09.12"
"4968",380,"SWD","Sweden",1976,NA,NA,0,0,0,0,"","","","","V2025.09.12"
"4969",380,"SWD","Sweden",1977,NA,NA,0,0,0,0,"","","","","V2025.09.12"
"4970",380,"SWD","Sweden",1978,NA,NA,0,0,0,0,"","","","","V2025.09.12"
"4971",380,"SWD","Sweden",1979,NA,NA,0,0,0,0,"","","","","V2025.09.12"
"4972",380,"SWD","Sweden",1980,NA,NA,0,0,0,0,"","","","","V2025.09.12"
"4973",380,"SWD","Sweden",1981,NA,NA,0,0,0,0,"","","","","V2025.09.12"
"4974",380,"SWD","Sweden",1982,NA,NA,0,0,0,0,"","","","","V2025.09.12"
"4975",380,"SWD","Sweden",1983,NA,NA,0,0,0,0,"","","","","V2025.09.12"
"4976",380,"SWD","Sweden",1984,NA,NA,0,0,0,0,"","","","","V2025.09.12"
"4977",380,"SWD","Sweden",1985,NA,NA,0,0,0,0,"","","","","V2025.09.12"
"4978",380,"SWD","Sweden",1986,NA,NA,0,0,0,0,"","","","","V2025.09.12"
"4979",380,"SWD","Sweden",1987,NA,NA,0,0,0,0,"","","","","V2025.09.12"
"4980",380,"SWD","Sweden",1988,NA,NA,0,0,0,0,"","","","","V2025.09.12"
"4981",380,"SWD","Sweden",1989,NA,NA,0,0,0,0,"","","","","V2025.09.12"
"4982",380,"SWD","Sweden",1990,NA,NA,0,0,0,0,"","","","","V2025.09.12"
"4983",380,"SWD","Sweden",1991,NA,NA,0,0,0,0,"","","","","V2025.09.12"
"4984",380,"SWD","Sweden",1992,NA,NA,0,0,0,0,"","","","","V2025.09.12"
"4985",380,"SWD","Sweden",1993,NA,NA,0,0,0,0,"","","","","V2025.09.12"
"4986",380,"SWD","Sweden",1994,NA,NA,0,0,0,0,"","","","","V2025.09.12"
"4987",380,"SWD","Sweden",1995,NA,NA,0,0,0,0,"","","","","V2025.09.12"
"4988",380,"SWD","Sweden",1996,NA,NA,0,0,0,0,"","","","","V2025.09.12"
"4989",380,"SWD","Sweden",1997,NA,NA,0,0,0,0,"","","","","V2025.09.12"
"4990",380,"SWD","Sweden",1998,NA,NA,0,0,0,0,"","","","","V2025.09.12"
"4991",380,"SWD","Sweden",1999,NA,NA,0,0,0,0,"","","","","V2025.09.12"
"4992",380,"SWD","Sweden",2000,NA,NA,0,0,0,0,"","","","","V2025.09.12"
"4993",380,"SWD","Sweden",2001,NA,NA,0,0,0,0,"","","","","V2025.09.12"
"4994",380,"SWD","Sweden",2002,NA,NA,0,0,0,0,"","","","","V2025.09.12"
"4995",380,"SWD","Sweden",2003,NA,NA,0,0,0,0,"","","","","V2025.09.12"
"4996",380,"SWD","Sweden",2004,NA,NA,0,0,0,0,"","","","","V2025.09.12"
"4997",380,"SWD","Sweden",2005,NA,NA,0,0,0,0,"","","","","V2025.09.12"
"4998",380,"SWD","Sweden",2006,NA,NA,0,0,0,0,"","","","","V2025.09.12"
"4999",380,"SWD","Sweden",2007,NA,NA,0,0,0,0,"","","","","V2025.09.12"
"5000",380,"SWD","Sweden",2008,NA,NA,0,0,0,0,"","","","","V2025.09.12"
"5001",380,"SWD","Sweden",2009,NA,NA,0,0,0,0,"","","","","V2025.09.12"
"5002",380,"SWD","Sweden",2010,NA,NA,0,0,0,0,"","","","","V2025.09.12"
"5003",380,"SWD","Sweden",2011,NA,NA,0,0,0,0,"","","","","V2025.09.12"
"5004",380,"SWD","Sweden",2012,NA,NA,0,0,0,0,"","","","","V2025.09.12"
"5005",380,"SWD","Sweden",2013,NA,NA,0,0,0,0,"","","","","V2025.09.12"
"5006",380,"SWD","Sweden",2014,NA,NA,0,0,0,0,"","","","","V2025.09.12"
"5007",380,"SWD","Sweden",2015,NA,NA,0,0,0,0,"","","","","V2025.09.12"
"5008",380,"SWD","Sweden",2016,NA,NA,0,0,0,0,"","","","","V2025.09.12"
"5009",380,"SWD","Sweden",2017,NA,NA,0,0,0,0,"","","","","V2025.09.12"
"5010",380,"SWD","Sweden",2018,NA,NA,0,0,0,0,"","","","","V2025.09.12"
"5011",380,"SWD","Sweden",2019,NA,NA,0,0,0,0,"","","","","V2025.09.12"
"5012",380,"SWD","Sweden",2020,NA,NA,0,0,0,0,"","","","","V2025.09.12"
"5013",380,"SWD","Sweden",2021,NA,NA,0,0,0,0,"","","","","V2025.09.12"
"5014",380,"SWD","Sweden",2022,NA,NA,0,0,0,0,"","","","","V2025.09.12"
"5015",380,"SWD","Sweden",2023,NA,NA,0,0,0,0,"","","","","V2025.09.12"
"5016",380,"SWD","Sweden",2024,NA,NA,0,0,0,0,"","","","","V2025.09.12"
"5017",385,"NOR","Norway",1950,NA,NA,0,0,0,0,"","","","","V2025.09.12"
"5018",385,"NOR","Norway",1951,NA,NA,0,0,0,0,"","","","","V2025.09.12"
"5019",385,"NOR","Norway",1952,NA,NA,0,0,0,0,"","","","","V2025.09.12"
"5020",385,"NOR","Norway",1953,NA,NA,0,0,0,0,"","","","","V2025.09.12"
"5021",385,"NOR","Norway",1954,NA,NA,0,0,0,0,"","","","","V2025.09.12"
"5022",385,"NOR","Norway",1955,NA,NA,0,0,0,0,"","","","","V2025.09.12"
"5023",385,"NOR","Norway",1956,NA,NA,0,0,0,0,"","","","","V2025.09.12"
"5024",385,"NOR","Norway",1957,NA,NA,0,0,0,0,"","","","","V2025.09.12"
"5025",385,"NOR","Norway",1958,NA,NA,0,0,0,0,"","","","","V2025.09.12"
"5026",385,"NOR","Norway",1959,NA,NA,0,0,0,0,"","","","","V2025.09.12"
"5027",385,"NOR","Norway",1960,NA,NA,0,0,0,0,"","","","","V2025.09.12"
"5028",385,"NOR","Norway",1961,NA,NA,0,0,0,0,"","","","","V2025.09.12"
"5029",385,"NOR","Norway",1962,NA,NA,0,0,0,0,"","","","","V2025.09.12"
"5030",385,"NOR","Norway",1963,NA,NA,0,0,0,0,"","","","","V2025.09.12"
"5031",385,"NOR","Norway",1964,NA,NA,0,0,0,0,"","","","","V2025.09.12"
"5032",385,"NOR","Norway",1965,NA,NA,0,0,0,0,"","","","","V2025.09.12"
"5033",385,"NOR","Norway",1966,NA,NA,0,0,0,0,"","","","","V2025.09.12"
"5034",385,"NOR","Norway",1967,NA,NA,0,0,0,0,"","","","","V2025.09.12"
"5035",385,"NOR","Norway",1968,NA,NA,0,0,0,0,"","","","","V2025.09.12"
"5036",385,"NOR","Norway",1969,NA,NA,0,0,0,0,"","","","","V2025.09.12"
"5037",385,"NOR","Norway",1970,NA,NA,0,0,0,0,"","","","","V2025.09.12"
"5038",385,"NOR","Norway",1971,NA,NA,0,0,0,0,"","","","","V2025.09.12"
"5039",385,"NOR","Norway",1972,NA,NA,0,0,0,0,"","","","","V2025.09.12"
"5040",385,"NOR","Norway",1973,NA,NA,0,0,0,0,"","","","","V2025.09.12"
"5041",385,"NOR","Norway",1974,NA,NA,0,0,0,0,"","","","","V2025.09.12"
"5042",385,"NOR","Norway",1975,NA,NA,0,0,0,0,"","","","","V2025.09.12"
"5043",385,"NOR","Norway",1976,NA,NA,0,0,0,0,"","","","","V2025.09.12"
"5044",385,"NOR","Norway",1977,NA,NA,0,0,0,0,"","","","","V2025.09.12"
"5045",385,"NOR","Norway",1978,NA,NA,0,0,0,0,"","","","","V2025.09.12"
"5046",385,"NOR","Norway",1979,NA,NA,0,0,0,0,"","","","","V2025.09.12"
"5047",385,"NOR","Norway",1980,NA,NA,0,0,0,0,"","","","","V2025.09.12"
"5048",385,"NOR","Norway",1981,NA,NA,0,0,0,0,"","","","","V2025.09.12"
"5049",385,"NOR","Norway",1982,NA,NA,0,0,0,0,"","","","","V2025.09.12"
"5050",385,"NOR","Norway",1983,NA,NA,0,0,0,0,"","","","","V2025.09.12"
"5051",385,"NOR","Norway",1984,NA,NA,0,0,0,0,"","","","","V2025.09.12"
"5052",385,"NOR","Norway",1985,NA,NA,0,0,0,0,"","","","","V2025.09.12"
"5053",385,"NOR","Norway",1986,NA,NA,0,0,0,0,"","","","","V2025.09.12"
"5054",385,"NOR","Norway",1987,NA,NA,0,0,0,0,"","","","","V2025.09.12"
"5055",385,"NOR","Norway",1988,NA,NA,0,0,0,0,"","","","","V2025.09.12"
"5056",385,"NOR","Norway",1989,NA,NA,0,0,0,0,"","","","","V2025.09.12"
"5057",385,"NOR","Norway",1990,NA,NA,0,0,0,0,"","","","","V2025.09.12"
"5058",385,"NOR","Norway",1991,NA,NA,0,0,0,0,"","","","","V2025.09.12"
"5059",385,"NOR","Norway",1992,NA,NA,0,0,0,0,"","","","","V2025.09.12"
"5060",385,"NOR","Norway",1993,NA,NA,0,0,0,0,"","","","","V2025.09.12"
"5061",385,"NOR","Norway",1994,NA,NA,0,0,0,0,"","","","","V2025.09.12"
"5062",385,"NOR","Norway",1995,NA,NA,0,0,0,0,"","","","","V2025.09.12"
"5063",385,"NOR","Norway",1996,NA,NA,0,0,0,0,"","","","","V2025.09.12"
"5064",385,"NOR","Norway",1997,NA,NA,0,0,0,0,"","","","","V2025.09.12"
"5065",385,"NOR","Norway",1998,NA,NA,0,0,0,0,"","","","","V2025.09.12"
"5066",385,"NOR","Norway",1999,NA,NA,0,0,0,0,"","","","","V2025.09.12"
"5067",385,"NOR","Norway",2000,NA,NA,0,0,0,0,"","","","","V2025.09.12"
"5068",385,"NOR","Norway",2001,NA,NA,0,0,0,0,"","","","","V2025.09.12"
"5069",385,"NOR","Norway",2002,NA,NA,0,0,0,0,"","","","","V2025.09.12"
"5070",385,"NOR","Norway",2003,NA,NA,0,0,0,0,"","","","","V2025.09.12"
"5071",385,"NOR","Norway",2004,NA,NA,0,0,0,0,"","","","","V2025.09.12"
"5072",385,"NOR","Norway",2005,NA,NA,0,0,0,0,"","","","","V2025.09.12"
"5073",385,"NOR","Norway",2006,NA,NA,0,0,0,0,"","","","","V2025.09.12"
"5074",385,"NOR","Norway",2007,NA,NA,0,0,0,0,"","","","","V2025.09.12"
"5075",385,"NOR","Norway",2008,NA,NA,0,0,0,0,"","","","","V2025.09.12"
"5076",385,"NOR","Norway",2009,NA,NA,0,0,0,0,"","","","","V2025.09.12"
"5077",385,"NOR","Norway",2010,NA,NA,0,0,0,0,"","","","","V2025.09.12"
"5078",385,"NOR","Norway",2011,NA,NA,0,0,0,0,"","","","","V2025.09.12"
"5079",385,"NOR","Norway",2012,NA,NA,0,0,0,0,"","","","","V2025.09.12"
"5080",385,"NOR","Norway",2013,NA,NA,0,0,0,0,"","","","","V2025.09.12"
"5081",385,"NOR","Norway",2014,NA,NA,0,0,0,0,"","","","","V2025.09.12"
"5082",385,"NOR","Norway",2015,NA,NA,0,0,0,0,"","","","","V2025.09.12"
"5083",385,"NOR","Norway",2016,NA,NA,0,0,0,0,"","","","","V2025.09.12"
"5084",385,"NOR","Norway",2017,NA,NA,0,0,0,0,"","","","","V2025.09.12"
"5085",385,"NOR","Norway",2018,NA,NA,0,0,0,0,"","","","","V2025.09.12"
"5086",385,"NOR","Norway",2019,NA,NA,0,0,0,0,"","","","","V2025.09.12"
"5087",385,"NOR","Norway",2020,NA,NA,0,0,0,0,"","","","","V2025.09.12"
"5088",385,"NOR","Norway",2021,NA,NA,0,0,0,0,"","","","","V2025.09.12"
"5089",385,"NOR","Norway",2022,NA,NA,0,0,0,0,"","","","","V2025.09.12"
"5090",385,"NOR","Norway",2023,NA,NA,0,0,0,0,"","","","","V2025.09.12"
"5091",385,"NOR","Norway",2024,NA,NA,0,0,0,0,"","","","","V2025.09.12"
"5092",390,"DEN","Denmark",1950,NA,NA,0,0,0,0,"","","","","V2025.09.12"
"5093",390,"DEN","Denmark",1951,NA,NA,0,0,0,0,"","","","","V2025.09.12"
"5094",390,"DEN","Denmark",1952,NA,NA,0,0,0,0,"","","","","V2025.09.12"
"5095",390,"DEN","Denmark",1953,NA,NA,0,0,0,0,"","","","","V2025.09.12"
"5096",390,"DEN","Denmark",1954,NA,NA,0,0,0,0,"","","","","V2025.09.12"
"5097",390,"DEN","Denmark",1955,NA,NA,0,0,0,0,"","","","","V2025.09.12"
"5098",390,"DEN","Denmark",1956,NA,NA,0,0,0,0,"","","","","V2025.09.12"
"5099",390,"DEN","Denmark",1957,NA,NA,0,0,0,0,"","","","","V2025.09.12"
"5100",390,"DEN","Denmark",1958,NA,NA,0,0,0,0,"","","","","V2025.09.12"
"5101",390,"DEN","Denmark",1959,NA,NA,0,0,0,0,"","","","","V2025.09.12"
"5102",390,"DEN","Denmark",1960,NA,NA,0,0,0,0,"","","","","V2025.09.12"
"5103",390,"DEN","Denmark",1961,NA,NA,0,0,0,0,"","","","","V2025.09.12"
"5104",390,"DEN","Denmark",1962,NA,NA,0,0,0,0,"","","","","V2025.09.12"
"5105",390,"DEN","Denmark",1963,NA,NA,0,0,0,0,"","","","","V2025.09.12"
"5106",390,"DEN","Denmark",1964,NA,NA,0,0,0,0,"","","","","V2025.09.12"
"5107",390,"DEN","Denmark",1965,NA,NA,0,0,0,0,"","","","","V2025.09.12"
"5108",390,"DEN","Denmark",1966,NA,NA,0,0,0,0,"","","","","V2025.09.12"
"5109",390,"DEN","Denmark",1967,NA,NA,0,0,0,0,"","","","","V2025.09.12"
"5110",390,"DEN","Denmark",1968,NA,NA,0,0,0,0,"","","","","V2025.09.12"
"5111",390,"DEN","Denmark",1969,NA,NA,0,0,0,0,"","","","","V2025.09.12"
"5112",390,"DEN","Denmark",1970,NA,NA,0,0,0,0,"","","","","V2025.09.12"
"5113",390,"DEN","Denmark",1971,NA,NA,0,0,0,0,"","","","","V2025.09.12"
"5114",390,"DEN","Denmark",1972,NA,NA,0,0,0,0,"","","","","V2025.09.12"
"5115",390,"DEN","Denmark",1973,NA,NA,0,0,0,0,"","","","","V2025.09.12"
"5116",390,"DEN","Denmark",1974,NA,NA,0,0,0,0,"","","","","V2025.09.12"
"5117",390,"DEN","Denmark",1975,NA,NA,0,0,0,0,"","","","","V2025.09.12"
"5118",390,"DEN","Denmark",1976,NA,NA,0,0,0,0,"","","","","V2025.09.12"
"5119",390,"DEN","Denmark",1977,NA,NA,0,0,0,0,"","","","","V2025.09.12"
"5120",390,"DEN","Denmark",1978,NA,NA,0,0,0,0,"","","","","V2025.09.12"
"5121",390,"DEN","Denmark",1979,NA,NA,0,0,0,0,"","","","","V2025.09.12"
"5122",390,"DEN","Denmark",1980,NA,NA,0,0,0,0,"","","","","V2025.09.12"
"5123",390,"DEN","Denmark",1981,NA,NA,0,0,0,0,"","","","","V2025.09.12"
"5124",390,"DEN","Denmark",1982,NA,NA,0,0,0,0,"","","","","V2025.09.12"
"5125",390,"DEN","Denmark",1983,NA,NA,0,0,0,0,"","","","","V2025.09.12"
"5126",390,"DEN","Denmark",1984,NA,NA,0,0,0,0,"","","","","V2025.09.12"
"5127",390,"DEN","Denmark",1985,NA,NA,0,0,0,0,"","","","","V2025.09.12"
"5128",390,"DEN","Denmark",1986,NA,NA,0,0,0,0,"","","","","V2025.09.12"
"5129",390,"DEN","Denmark",1987,NA,NA,0,0,0,0,"","","","","V2025.09.12"
"5130",390,"DEN","Denmark",1988,NA,NA,0,0,0,0,"","","","","V2025.09.12"
"5131",390,"DEN","Denmark",1989,NA,NA,0,0,0,0,"","","","","V2025.09.12"
"5132",390,"DEN","Denmark",1990,NA,NA,0,0,0,0,"","","","","V2025.09.12"
"5133",390,"DEN","Denmark",1991,NA,NA,0,0,0,0,"","","","","V2025.09.12"
"5134",390,"DEN","Denmark",1992,NA,NA,0,0,0,0,"","","","","V2025.09.12"
"5135",390,"DEN","Denmark",1993,NA,NA,0,0,0,0,"","","","","V2025.09.12"
"5136",390,"DEN","Denmark",1994,NA,NA,0,0,0,0,"","","","","V2025.09.12"
"5137",390,"DEN","Denmark",1995,NA,NA,0,0,0,0,"","","","","V2025.09.12"
"5138",390,"DEN","Denmark",1996,NA,NA,0,0,0,0,"","","","","V2025.09.12"
"5139",390,"DEN","Denmark",1997,NA,NA,0,0,0,0,"","","","","V2025.09.12"
"5140",390,"DEN","Denmark",1998,NA,NA,0,0,0,0,"","","","","V2025.09.12"
"5141",390,"DEN","Denmark",1999,NA,NA,0,0,0,0,"","","","","V2025.09.12"
"5142",390,"DEN","Denmark",2000,NA,NA,0,0,0,0,"","","","","V2025.09.12"
"5143",390,"DEN","Denmark",2001,NA,NA,0,0,0,0,"","","","","V2025.09.12"
"5144",390,"DEN","Denmark",2002,NA,NA,0,0,0,0,"","","","","V2025.09.12"
"5145",390,"DEN","Denmark",2003,NA,NA,0,0,0,0,"","","","","V2025.09.12"
"5146",390,"DEN","Denmark",2004,NA,NA,0,0,0,0,"","","","","V2025.09.12"
"5147",390,"DEN","Denmark",2005,NA,NA,0,0,0,0,"","","","","V2025.09.12"
"5148",390,"DEN","Denmark",2006,NA,NA,0,0,0,0,"","","","","V2025.09.12"
"5149",390,"DEN","Denmark",2007,NA,NA,0,0,0,0,"","","","","V2025.09.12"
"5150",390,"DEN","Denmark",2008,NA,NA,0,0,0,0,"","","","","V2025.09.12"
"5151",390,"DEN","Denmark",2009,NA,NA,0,0,0,0,"","","","","V2025.09.12"
"5152",390,"DEN","Denmark",2010,NA,NA,0,0,0,0,"","","","","V2025.09.12"
"5153",390,"DEN","Denmark",2011,NA,NA,0,0,0,0,"","","","","V2025.09.12"
"5154",390,"DEN","Denmark",2012,NA,NA,0,0,0,0,"","","","","V2025.09.12"
"5155",390,"DEN","Denmark",2013,NA,NA,0,0,0,0,"","","","","V2025.09.12"
"5156",390,"DEN","Denmark",2014,NA,NA,0,0,0,0,"","","","","V2025.09.12"
"5157",390,"DEN","Denmark",2015,NA,NA,0,0,0,0,"","","","","V2025.09.12"
"5158",390,"DEN","Denmark",2016,NA,NA,0,0,0,0,"","","","","V2025.09.12"
"5159",390,"DEN","Denmark",2017,NA,NA,0,0,0,0,"","","","","V2025.09.12"
"5160",390,"DEN","Denmark",2018,NA,NA,0,0,0,0,"","","","","V2025.09.12"
"5161",390,"DEN","Denmark",2019,NA,NA,0,0,0,0,"","","","","V2025.09.12"
"5162",390,"DEN","Denmark",2020,NA,NA,0,0,0,0,"","","","","V2025.09.12"
"5163",390,"DEN","Denmark",2021,NA,NA,0,0,0,0,"","","","","V2025.09.12"
"5164",390,"DEN","Denmark",2022,NA,NA,0,0,0,0,"","","","","V2025.09.12"
"5165",390,"DEN","Denmark",2023,NA,NA,0,0,0,0,"","","","","V2025.09.12"
"5166",390,"DEN","Denmark",2024,NA,NA,0,0,0,0,"","","","","V2025.09.12"
"5167",395,"ICE","Iceland",1950,NA,NA,0,0,0,0,"","","","","V2025.09.12"
"5168",395,"ICE","Iceland",1951,NA,NA,0,0,0,0,"","","","","V2025.09.12"
"5169",395,"ICE","Iceland",1952,NA,NA,0,0,0,0,"","","","","V2025.09.12"
"5170",395,"ICE","Iceland",1953,NA,NA,0,0,0,0,"","","","","V2025.09.12"
"5171",395,"ICE","Iceland",1954,NA,NA,0,0,0,0,"","","","","V2025.09.12"
"5172",395,"ICE","Iceland",1955,NA,NA,0,0,0,0,"","","","","V2025.09.12"
"5173",395,"ICE","Iceland",1956,NA,NA,0,0,0,0,"","","","","V2025.09.12"
"5174",395,"ICE","Iceland",1957,NA,NA,0,0,0,0,"","","","","V2025.09.12"
"5175",395,"ICE","Iceland",1958,NA,NA,0,0,0,0,"","","","","V2025.09.12"
"5176",395,"ICE","Iceland",1959,NA,NA,0,0,0,0,"","","","","V2025.09.12"
"5177",395,"ICE","Iceland",1960,NA,NA,0,0,0,0,"","","","","V2025.09.12"
"5178",395,"ICE","Iceland",1961,NA,NA,0,0,0,0,"","","","","V2025.09.12"
"5179",395,"ICE","Iceland",1962,NA,NA,0,0,0,0,"","","","","V2025.09.12"
"5180",395,"ICE","Iceland",1963,NA,NA,0,0,0,0,"","","","","V2025.09.12"
"5181",395,"ICE","Iceland",1964,NA,NA,0,0,0,0,"","","","","V2025.09.12"
"5182",395,"ICE","Iceland",1965,NA,NA,0,0,0,0,"","","","","V2025.09.12"
"5183",395,"ICE","Iceland",1966,NA,NA,0,0,0,0,"","","","","V2025.09.12"
"5184",395,"ICE","Iceland",1967,NA,NA,0,0,0,0,"","","","","V2025.09.12"
"5185",395,"ICE","Iceland",1968,NA,NA,0,0,0,0,"","","","","V2025.09.12"
"5186",395,"ICE","Iceland",1969,NA,NA,0,0,0,0,"","","","","V2025.09.12"
"5187",395,"ICE","Iceland",1970,NA,NA,0,0,0,0,"","","","","V2025.09.12"
"5188",395,"ICE","Iceland",1971,NA,NA,0,0,0,0,"","","","","V2025.09.12"
"5189",395,"ICE","Iceland",1972,NA,NA,0,0,0,0,"","","","","V2025.09.12"
"5190",395,"ICE","Iceland",1973,NA,NA,0,0,0,0,"","","","","V2025.09.12"
"5191",395,"ICE","Iceland",1974,NA,NA,0,0,0,0,"","","","","V2025.09.12"
"5192",395,"ICE","Iceland",1975,NA,NA,0,0,0,0,"","","","","V2025.09.12"
"5193",395,"ICE","Iceland",1976,NA,NA,0,0,0,0,"","","","","V2025.09.12"
"5194",395,"ICE","Iceland",1977,NA,NA,0,0,0,0,"","","","","V2025.09.12"
"5195",395,"ICE","Iceland",1978,NA,NA,0,0,0,0,"","","","","V2025.09.12"
"5196",395,"ICE","Iceland",1979,NA,NA,0,0,0,0,"","","","","V2025.09.12"
"5197",395,"ICE","Iceland",1980,NA,NA,0,0,0,0,"","","","","V2025.09.12"
"5198",395,"ICE","Iceland",1981,NA,NA,0,0,0,0,"","","","","V2025.09.12"
"5199",395,"ICE","Iceland",1982,NA,NA,0,0,0,0,"","","","","V2025.09.12"
"5200",395,"ICE","Iceland",1983,NA,NA,0,0,0,0,"","","","","V2025.09.12"
"5201",395,"ICE","Iceland",1984,NA,NA,0,0,0,0,"","","","","V2025.09.12"
"5202",395,"ICE","Iceland",1985,NA,NA,0,0,0,0,"","","","","V2025.09.12"
"5203",395,"ICE","Iceland",1986,NA,NA,0,0,0,0,"","","","","V2025.09.12"
"5204",395,"ICE","Iceland",1987,NA,NA,0,0,0,0,"","","","","V2025.09.12"
"5205",395,"ICE","Iceland",1988,NA,NA,0,0,0,0,"","","","","V2025.09.12"
"5206",395,"ICE","Iceland",1989,NA,NA,0,0,0,0,"","","","","V2025.09.12"
"5207",395,"ICE","Iceland",1990,NA,NA,0,0,0,0,"","","","","V2025.09.12"
"5208",395,"ICE","Iceland",1991,NA,NA,0,0,0,0,"","","","","V2025.09.12"
"5209",395,"ICE","Iceland",1992,NA,NA,0,0,0,0,"","","","","V2025.09.12"
"5210",395,"ICE","Iceland",1993,NA,NA,0,0,0,0,"","","","","V2025.09.12"
"5211",395,"ICE","Iceland",1994,NA,NA,0,0,0,0,"","","","","V2025.09.12"
"5212",395,"ICE","Iceland",1995,NA,NA,0,0,0,0,"","","","","V2025.09.12"
"5213",395,"ICE","Iceland",1996,NA,NA,0,0,0,0,"","","","","V2025.09.12"
"5214",395,"ICE","Iceland",1997,NA,NA,0,0,0,0,"","","","","V2025.09.12"
"5215",395,"ICE","Iceland",1998,NA,NA,0,0,0,0,"","","","","V2025.09.12"
"5216",395,"ICE","Iceland",1999,NA,NA,0,0,0,0,"","","","","V2025.09.12"
"5217",395,"ICE","Iceland",2000,NA,NA,0,0,0,0,"","","","","V2025.09.12"
"5218",395,"ICE","Iceland",2001,NA,NA,0,0,0,0,"","","","","V2025.09.12"
"5219",395,"ICE","Iceland",2002,NA,NA,0,0,0,0,"","","","","V2025.09.12"
"5220",395,"ICE","Iceland",2003,NA,NA,0,0,0,0,"","","","","V2025.09.12"
"5221",395,"ICE","Iceland",2004,NA,NA,0,0,0,0,"","","","","V2025.09.12"
"5222",395,"ICE","Iceland",2005,NA,NA,0,0,0,0,"","","","","V2025.09.12"
"5223",395,"ICE","Iceland",2006,NA,NA,0,0,0,0,"","","","","V2025.09.12"
"5224",395,"ICE","Iceland",2007,NA,NA,0,0,0,0,"","","","","V2025.09.12"
"5225",395,"ICE","Iceland",2008,NA,NA,0,0,0,0,"","","","","V2025.09.12"
"5226",395,"ICE","Iceland",2009,NA,NA,0,0,0,0,"","","","","V2025.09.12"
"5227",395,"ICE","Iceland",2010,NA,NA,0,0,0,0,"","","","","V2025.09.12"
"5228",395,"ICE","Iceland",2011,NA,NA,0,0,0,0,"","","","","V2025.09.12"
"5229",395,"ICE","Iceland",2012,NA,NA,0,0,0,0,"","","","","V2025.09.12"
"5230",395,"ICE","Iceland",2013,NA,NA,0,0,0,0,"","","","","V2025.09.12"
"5231",395,"ICE","Iceland",2014,NA,NA,0,0,0,0,"","","","","V2025.09.12"
"5232",395,"ICE","Iceland",2015,NA,NA,0,0,0,0,"","","","","V2025.09.12"
"5233",395,"ICE","Iceland",2016,NA,NA,0,0,0,0,"","","","","V2025.09.12"
"5234",395,"ICE","Iceland",2017,NA,NA,0,0,0,0,"","","","","V2025.09.12"
"5235",395,"ICE","Iceland",2018,NA,NA,0,0,0,0,"","","","","V2025.09.12"
"5236",395,"ICE","Iceland",2019,NA,NA,0,0,0,0,"","","","","V2025.09.12"
"5237",395,"ICE","Iceland",2020,NA,NA,0,0,0,0,"","","","","V2025.09.12"
"5238",395,"ICE","Iceland",2021,NA,NA,0,0,0,0,"","","","","V2025.09.12"
"5239",395,"ICE","Iceland",2022,NA,NA,0,0,0,0,"","","","","V2025.09.12"
"5240",395,"ICE","Iceland",2023,NA,NA,0,0,0,0,"","","","","V2025.09.12"
"5241",395,"ICE","Iceland",2024,NA,NA,0,0,0,0,"","","","","V2025.09.12"
"5242",396,"ABK","Abkhazia",2008,NA,NA,0,0,0,0,"","","","","V2025.09.12"
"5243",396,"ABK","Abkhazia",2009,NA,NA,0,0,0,0,"","","","","V2025.09.12"
"5244",396,"ABK","Abkhazia",2010,NA,NA,0,0,0,0,"","","","","V2025.09.12"
"5245",396,"ABK","Abkhazia",2011,NA,NA,0,0,0,0,"","","","","V2025.09.12"
"5246",396,"ABK","Abkhazia",2012,NA,NA,0,0,0,0,"","","","","V2025.09.12"
"5247",396,"ABK","Abkhazia",2013,NA,NA,0,0,0,0,"","","","","V2025.09.12"
"5248",396,"ABK","Abkhazia",2014,NA,NA,0,0,0,0,"","","","","V2025.09.12"
"5249",396,"ABK","Abkhazia",2015,NA,NA,0,0,0,0,"","","","","V2025.09.12"
"5250",396,"ABK","Abkhazia",2016,NA,NA,0,0,0,0,"","","","","V2025.09.12"
"5251",396,"ABK","Abkhazia",2017,NA,NA,0,0,0,0,"","","","","V2025.09.12"
"5252",396,"ABK","Abkhazia",2018,NA,NA,0,0,0,0,"","","","","V2025.09.12"
"5253",396,"ABK","Abkhazia",2019,NA,NA,0,0,0,0,"","","","","V2025.09.12"
"5254",396,"ABK","Abkhazia",2020,NA,NA,0,0,0,0,"","","","","V2025.09.12"
"5255",396,"ABK","Abkhazia",2021,NA,NA,0,0,0,0,"","","","","V2025.09.12"
"5256",396,"ABK","Abkhazia",2022,NA,NA,0,0,0,0,"","","","","V2025.09.12"
"5257",396,"ABK","Abkhazia",2023,NA,NA,0,0,0,0,"","","","","V2025.09.12"
"5258",396,"ABK","Abkhazia",2024,NA,NA,0,0,0,0,"","","","","V2025.09.12"
"5259",397,"SOT","South Ossetia",2008,NA,NA,0,0,0,0,"","","","","V2025.09.12"
"5260",397,"SOT","South Ossetia",2009,NA,NA,0,0,0,0,"","","","","V2025.09.12"
"5261",397,"SOT","South Ossetia",2010,NA,NA,0,0,0,0,"","","","","V2025.09.12"
"5262",397,"SOT","South Ossetia",2011,NA,NA,0,0,0,0,"","","","","V2025.09.12"
"5263",397,"SOT","South Ossetia",2012,NA,NA,0,0,0,0,"","","","","V2025.09.12"
"5264",397,"SOT","South Ossetia",2013,NA,NA,0,0,0,0,"","","","","V2025.09.12"
"5265",397,"SOT","South Ossetia",2014,NA,NA,0,0,0,0,"","","","","V2025.09.12"
"5266",397,"SOT","South Ossetia",2015,NA,NA,0,0,0,0,"","","","","V2025.09.12"
"5267",397,"SOT","South Ossetia",2016,NA,NA,0,0,0,0,"","","","","V2025.09.12"
"5268",397,"SOT","South Ossetia",2017,NA,NA,0,0,0,0,"","","","","V2025.09.12"
"5269",397,"SOT","South Ossetia",2018,NA,NA,0,0,0,0,"","","","","V2025.09.12"
"5270",397,"SOT","South Ossetia",2019,NA,NA,0,0,0,0,"","","","","V2025.09.12"
"5271",397,"SOT","South Ossetia",2020,NA,NA,0,0,0,0,"","","","","V2025.09.12"
"5272",397,"SOT","South Ossetia",2021,NA,NA,0,0,0,0,"","","","","V2025.09.12"
"5273",397,"SOT","South Ossetia",2022,NA,NA,0,0,0,0,"","","","","V2025.09.12"
"5274",397,"SOT","South Ossetia",2023,NA,NA,0,0,0,0,"","","","","V2025.09.12"
"5275",397,"SOT","South Ossetia",2024,NA,NA,0,0,0,0,"","","","","V2025.09.12"
"5276",402,"CAP","Cape Verde",1975,NA,NA,0,0,0,0,"","","","","V2025.09.12"
"5277",402,"CAP","Cape Verde",1976,NA,NA,0,0,0,0,"","","","","V2025.09.12"
"5278",402,"CAP","Cape Verde",1977,NA,NA,0,0,0,0,"","","","","V2025.09.12"
"5279",402,"CAP","Cape Verde",1978,NA,NA,0,0,0,0,"","","","","V2025.09.12"
"5280",402,"CAP","Cape Verde",1979,NA,NA,0,0,0,0,"","","","","V2025.09.12"
"5281",402,"CAP","Cape Verde",1980,NA,NA,0,0,0,0,"","","","","V2025.09.12"
"5282",402,"CAP","Cape Verde",1981,NA,NA,0,0,0,0,"","","","","V2025.09.12"
"5283",402,"CAP","Cape Verde",1982,NA,NA,0,0,0,0,"","","","","V2025.09.12"
"5284",402,"CAP","Cape Verde",1983,NA,NA,0,0,0,0,"","","","","V2025.09.12"
"5285",402,"CAP","Cape Verde",1984,NA,NA,0,0,0,0,"","","","","V2025.09.12"
"5286",402,"CAP","Cape Verde",1985,NA,NA,0,0,0,0,"","","","","V2025.09.12"
"5287",402,"CAP","Cape Verde",1986,NA,NA,0,0,0,0,"","","","","V2025.09.12"
"5288",402,"CAP","Cape Verde",1987,NA,NA,0,0,0,0,"","","","","V2025.09.12"
"5289",402,"CAP","Cape Verde",1988,NA,NA,0,0,0,0,"","","","","V2025.09.12"
"5290",402,"CAP","Cape Verde",1989,NA,NA,0,0,0,0,"","","","","V2025.09.12"
"5291",402,"CAP","Cape Verde",1990,NA,NA,0,0,0,0,"","","","","V2025.09.12"
"5292",402,"CAP","Cape Verde",1991,NA,NA,0,0,0,0,"","","","","V2025.09.12"
"5293",402,"CAP","Cape Verde",1992,NA,NA,0,0,0,0,"","","","","V2025.09.12"
"5294",402,"CAP","Cape Verde",1993,NA,NA,0,0,0,0,"","","","","V2025.09.12"
"5295",402,"CAP","Cape Verde",1994,NA,NA,0,0,0,0,"","","","","V2025.09.12"
"5296",402,"CAP","Cape Verde",1995,NA,NA,0,0,0,0,"","","","","V2025.09.12"
"5297",402,"CAP","Cape Verde",1996,NA,NA,0,0,0,0,"","","","","V2025.09.12"
"5298",402,"CAP","Cape Verde",1997,NA,NA,0,0,0,0,"","","","","V2025.09.12"
"5299",402,"CAP","Cape Verde",1998,NA,NA,0,0,0,0,"","","","","V2025.09.12"
"5300",402,"CAP","Cape Verde",1999,NA,NA,0,0,0,0,"","","","","V2025.09.12"
"5301",402,"CAP","Cape Verde",2000,NA,NA,0,0,0,0,"","","","","V2025.09.12"
"5302",402,"CAP","Cape Verde",2001,NA,NA,0,0,0,0,"","","","","V2025.09.12"
"5303",402,"CAP","Cape Verde",2002,NA,NA,0,0,0,0,"","","","","V2025.09.12"
"5304",402,"CAP","Cape Verde",2003,NA,NA,0,0,0,0,"","","","","V2025.09.12"
"5305",402,"CAP","Cape Verde",2004,NA,NA,0,0,0,0,"","","","","V2025.09.12"
"5306",402,"CAP","Cape Verde",2005,NA,NA,0,0,0,0,"","","","","V2025.09.12"
"5307",402,"CAP","Cape Verde",2006,NA,NA,0,0,0,0,"","","","","V2025.09.12"
"5308",402,"CAP","Cape Verde",2007,NA,NA,0,0,0,0,"","","","","V2025.09.12"
"5309",402,"CAP","Cape Verde",2008,NA,NA,0,0,0,0,"","","","","V2025.09.12"
"5310",402,"CAP","Cape Verde",2009,NA,NA,0,0,0,0,"","","","","V2025.09.12"
"5311",402,"CAP","Cape Verde",2010,NA,NA,0,0,0,0,"","","","","V2025.09.12"
"5312",402,"CAP","Cape Verde",2011,NA,NA,0,0,0,0,"","","","","V2025.09.12"
"5313",402,"CAP","Cape Verde",2012,NA,NA,0,0,0,0,"","","","","V2025.09.12"
"5314",402,"CAP","Cape Verde",2013,NA,NA,0,0,0,0,"","","","","V2025.09.12"
"5315",402,"CAP","Cape Verde",2014,NA,NA,0,0,0,0,"","","","","V2025.09.12"
"5316",402,"CAP","Cape Verde",2015,NA,NA,0,0,0,0,"","","","","V2025.09.12"
"5317",402,"CAP","Cape Verde",2016,NA,NA,0,0,0,0,"","","","","V2025.09.12"
"5318",402,"CAP","Cape Verde",2017,NA,NA,0,0,0,0,"","","","","V2025.09.12"
"5319",402,"CAP","Cape Verde",2018,NA,NA,0,0,0,0,"","","","","V2025.09.12"
"5320",402,"CAP","Cape Verde",2019,NA,NA,0,0,0,0,"","","","","V2025.09.12"
"5321",402,"CAP","Cape Verde",2020,NA,NA,0,0,0,0,"","","","","V2025.09.12"
"5322",402,"CAP","Cape Verde",2021,NA,NA,0,0,0,0,"","","","","V2025.09.12"
"5323",402,"CAP","Cape Verde",2022,NA,NA,0,0,0,0,"","","","","V2025.09.12"
"5324",402,"CAP","Cape Verde",2023,NA,NA,0,0,0,0,"","","","","V2025.09.12"
"5325",402,"CAP","Cape Verde",2024,NA,NA,0,0,0,0,"","","","","V2025.09.12"
"5326",403,"STP","São Tomé and Principe",1975,NA,NA,0,0,0,0,"","","","","V2025.09.12"
"5327",403,"STP","São Tomé and Principe",1976,NA,NA,0,0,0,0,"","","","","V2025.09.12"
"5328",403,"STP","São Tomé and Principe",1977,NA,NA,0,0,0,0,"","","","","V2025.09.12"
"5329",403,"STP","São Tomé and Principe",1978,NA,NA,0,0,0,0,"","","","","V2025.09.12"
"5330",403,"STP","São Tomé and Principe",1979,NA,NA,0,0,0,0,"","","","","V2025.09.12"
"5331",403,"STP","São Tomé and Principe",1980,NA,NA,0,0,0,0,"","","","","V2025.09.12"
"5332",403,"STP","São Tomé and Principe",1981,NA,NA,0,0,0,0,"","","","","V2025.09.12"
"5333",403,"STP","São Tomé and Principe",1982,NA,NA,0,0,0,0,"","","","","V2025.09.12"
"5334",403,"STP","São Tomé and Principe",1983,NA,NA,0,0,0,0,"","","","","V2025.09.12"
"5335",403,"STP","São Tomé and Principe",1984,NA,NA,0,0,0,0,"","","","","V2025.09.12"
"5336",403,"STP","São Tomé and Principe",1985,NA,NA,0,0,0,0,"","","","","V2025.09.12"
"5337",403,"STP","São Tomé and Principe",1986,NA,NA,0,0,0,0,"","","","","V2025.09.12"
"5338",403,"STP","São Tomé and Principe",1987,NA,NA,0,0,0,0,"","","","","V2025.09.12"
"5339",403,"STP","São Tomé and Principe",1988,NA,NA,0,0,0,0,"","","","","V2025.09.12"
"5340",403,"STP","São Tomé and Principe",1989,NA,NA,0,0,0,0,"","","","","V2025.09.12"
"5341",403,"STP","São Tomé and Principe",1990,NA,NA,0,0,0,0,"","","","","V2025.09.12"
"5342",403,"STP","São Tomé and Principe",1991,NA,NA,0,0,0,0,"","","","","V2025.09.12"
"5343",403,"STP","São Tomé and Principe",1992,NA,NA,0,0,0,0,"","","","","V2025.09.12"
"5344",403,"STP","São Tomé and Principe",1993,NA,NA,0,0,0,0,"","","","","V2025.09.12"
"5345",403,"STP","São Tomé and Principe",1994,NA,NA,0,0,0,0,"","","","","V2025.09.12"
"5346",403,"STP","São Tomé and Principe",1995,NA,NA,1,0,0,0,"15aug1995","","","","V2025.09.12"
"5347",403,"STP","São Tomé and Principe",1996,NA,NA,0,0,0,0,"","","","","V2025.09.12"
"5348",403,"STP","São Tomé and Principe",1997,NA,NA,0,0,0,0,"","","","","V2025.09.12"
"5349",403,"STP","São Tomé and Principe",1998,NA,NA,0,0,0,0,"","","","","V2025.09.12"
"5350",403,"STP","São Tomé and Principe",1999,NA,NA,0,0,0,0,"","","","","V2025.09.12"
"5351",403,"STP","São Tomé and Principe",2000,NA,NA,0,0,0,0,"","","","","V2025.09.12"
"5352",403,"STP","São Tomé and Principe",2001,NA,NA,0,0,0,0,"","","","","V2025.09.12"
"5353",403,"STP","São Tomé and Principe",2002,NA,NA,0,0,0,0,"","","","","V2025.09.12"
"5354",403,"STP","São Tomé and Principe",2003,NA,NA,2,0,0,0,"16jul2003","","","","V2025.09.12"
"5355",403,"STP","São Tomé and Principe",2004,NA,NA,0,0,0,0,"","","","","V2025.09.12"
"5356",403,"STP","São Tomé and Principe",2005,NA,NA,0,0,0,0,"","","","","V2025.09.12"
"5357",403,"STP","São Tomé and Principe",2006,NA,NA,0,0,0,0,"","","","","V2025.09.12"
"5358",403,"STP","São Tomé and Principe",2007,NA,NA,0,0,0,0,"","","","","V2025.09.12"
"5359",403,"STP","São Tomé and Principe",2008,NA,NA,0,0,0,0,"","","","","V2025.09.12"
"5360",403,"STP","São Tomé and Principe",2009,NA,NA,0,0,0,0,"","","","","V2025.09.12"
"5361",403,"STP","São Tomé and Principe",2010,NA,NA,0,0,0,0,"","","","","V2025.09.12"
"5362",403,"STP","São Tomé and Principe",2011,NA,NA,0,0,0,0,"","","","","V2025.09.12"
"5363",403,"STP","São Tomé and Principe",2012,NA,NA,0,0,0,0,"","","","","V2025.09.12"
"5364",403,"STP","São Tomé and Principe",2013,NA,NA,0,0,0,0,"","","","","V2025.09.12"
"5365",403,"STP","São Tomé and Principe",2014,NA,NA,0,0,0,0,"","","","","V2025.09.12"
"5366",403,"STP","São Tomé and Principe",2015,NA,NA,0,0,0,0,"","","","","V2025.09.12"
"5367",403,"STP","São Tomé and Principe",2016,NA,NA,0,0,0,0,"","","","","V2025.09.12"
"5368",403,"STP","São Tomé and Principe",2017,NA,NA,0,0,0,0,"","","","","V2025.09.12"
"5369",403,"STP","São Tomé and Principe",2018,NA,NA,0,0,0,0,"","","","","V2025.09.12"
"5370",403,"STP","São Tomé and Principe",2019,NA,NA,0,0,0,0,"","","","","V2025.09.12"
"5371",403,"STP","São Tomé and Principe",2020,NA,NA,0,0,0,0,"","","","","V2025.09.12"
"5372",403,"STP","São Tomé and Principe",2021,NA,NA,0,0,0,0,"","","","","V2025.09.12"
"5373",403,"STP","São Tomé and Principe",2022,NA,NA,1,0,0,0,"25nov2022","","","","V2025.09.12"
"5374",403,"STP","São Tomé and Principe",2023,NA,NA,0,0,0,0,"","","","","V2025.09.12"
"5375",403,"STP","São Tomé and Principe",2024,NA,NA,0,0,0,0,"","","","","V2025.09.12"
"5376",404,"GNB","Guinea-Bissau",1974,NA,NA,0,0,0,0,"","","","","V2025.09.12"
"5377",404,"GNB","Guinea-Bissau",1975,NA,NA,0,0,0,0,"","","","","V2025.09.12"
"5378",404,"GNB","Guinea-Bissau",1976,NA,NA,0,0,0,0,"","","","","V2025.09.12"
"5379",404,"GNB","Guinea-Bissau",1977,NA,NA,0,0,0,0,"","","","","V2025.09.12"
"5380",404,"GNB","Guinea-Bissau",1978,NA,NA,0,0,0,0,"","","","","V2025.09.12"
"5381",404,"GNB","Guinea-Bissau",1979,NA,NA,0,0,0,0,"","","","","V2025.09.12"
"5382",404,"GNB","Guinea-Bissau",1980,NA,NA,2,0,0,0,"15nov1980","","","","V2025.09.12"
"5383",404,"GNB","Guinea-Bissau",1981,NA,NA,0,0,0,0,"","","","","V2025.09.12"
"5384",404,"GNB","Guinea-Bissau",1982,NA,NA,0,0,0,0,"","","","","V2025.09.12"
"5385",404,"GNB","Guinea-Bissau",1983,NA,NA,0,0,0,0,"","","","","V2025.09.12"
"5386",404,"GNB","Guinea-Bissau",1984,NA,NA,0,0,0,0,"","","","","V2025.09.12"
"5387",404,"GNB","Guinea-Bissau",1985,NA,NA,0,0,0,0,"","","","","V2025.09.12"
"5388",404,"GNB","Guinea-Bissau",1986,NA,NA,0,0,0,0,"","","","","V2025.09.12"
"5389",404,"GNB","Guinea-Bissau",1987,NA,NA,0,0,0,0,"","","","","V2025.09.12"
"5390",404,"GNB","Guinea-Bissau",1988,NA,NA,0,0,0,0,"","","","","V2025.09.12"
"5391",404,"GNB","Guinea-Bissau",1989,NA,NA,0,0,0,0,"","","","","V2025.09.12"
"5392",404,"GNB","Guinea-Bissau",1990,NA,NA,0,0,0,0,"","","","","V2025.09.12"
"5393",404,"GNB","Guinea-Bissau",1991,NA,NA,0,0,0,0,"","","","","V2025.09.12"
"5394",404,"GNB","Guinea-Bissau",1992,NA,NA,0,0,0,0,"","","","","V2025.09.12"
"5395",404,"GNB","Guinea-Bissau",1993,NA,NA,0,0,0,0,"","","","","V2025.09.12"
"5396",404,"GNB","Guinea-Bissau",1994,NA,NA,0,0,0,0,"","","","","V2025.09.12"
"5397",404,"GNB","Guinea-Bissau",1995,NA,NA,0,0,0,0,"","","","","V2025.09.12"
"5398",404,"GNB","Guinea-Bissau",1996,NA,NA,0,0,0,0,"","","","","V2025.09.12"
"5399",404,"GNB","Guinea-Bissau",1997,NA,NA,0,0,0,0,"","","","","V2025.09.12"
"5400",404,"GNB","Guinea-Bissau",1998,NA,NA,1,0,0,0,"07jun1998","","","","V2025.09.12"
"5401",404,"GNB","Guinea-Bissau",1999,NA,NA,2,0,0,0,"07may1999","","","","V2025.09.12"
"5402",404,"GNB","Guinea-Bissau",2000,NA,NA,1,0,0,0,"23nov2000","","","","V2025.09.12"
"5403",404,"GNB","Guinea-Bissau",2001,NA,NA,0,0,0,0,"","","","","V2025.09.12"
"5404",404,"GNB","Guinea-Bissau",2002,NA,NA,0,0,0,0,"","","","","V2025.09.12"
"5405",404,"GNB","Guinea-Bissau",2003,NA,NA,2,0,0,0,"14sep2003","","","","V2025.09.12"
"5406",404,"GNB","Guinea-Bissau",2004,NA,NA,0,0,0,0,"","","","","V2025.09.12"
"5407",404,"GNB","Guinea-Bissau",2005,NA,NA,0,0,0,0,"","","","","V2025.09.12"
"5408",404,"GNB","Guinea-Bissau",2006,NA,NA,0,0,0,0,"","","","","V2025.09.12"
"5409",404,"GNB","Guinea-Bissau",2007,NA,NA,0,0,0,0,"","","","","V2025.09.12"
"5410",404,"GNB","Guinea-Bissau",2008,NA,NA,1,0,0,0,"23nov2008","","","","V2025.09.12"
"5411",404,"GNB","Guinea-Bissau",2009,NA,NA,0,0,0,0,"","","","","V2025.09.12"
"5412",404,"GNB","Guinea-Bissau",2010,NA,NA,1,0,0,0,"01apr2010","","","","V2025.09.12"
"5413",404,"GNB","Guinea-Bissau",2011,NA,NA,0,0,0,0,"","","","","V2025.09.12"
"5414",404,"GNB","Guinea-Bissau",2012,NA,NA,2,0,0,0,"12apr2012","","","","V2025.09.12"
"5415",404,"GNB","Guinea-Bissau",2013,NA,NA,0,0,0,0,"","","","","V2025.09.12"
"5416",404,"GNB","Guinea-Bissau",2014,NA,NA,0,0,0,0,"","","","","V2025.09.12"
"5417",404,"GNB","Guinea-Bissau",2015,NA,NA,0,0,0,0,"","","","","V2025.09.12"
"5418",404,"GNB","Guinea-Bissau",2016,NA,NA,0,0,0,0,"","","","","V2025.09.12"
"5419",404,"GNB","Guinea-Bissau",2017,NA,NA,0,0,0,0,"","","","","V2025.09.12"
"5420",404,"GNB","Guinea-Bissau",2018,NA,NA,0,0,0,0,"","","","","V2025.09.12"
"5421",404,"GNB","Guinea-Bissau",2019,NA,NA,0,0,0,0,"","","","","V2025.09.12"
"5422",404,"GNB","Guinea-Bissau",2020,NA,NA,0,0,0,0,"","","","","V2025.09.12"
"5423",404,"GNB","Guinea-Bissau",2021,NA,NA,0,0,0,0,"","","","","V2025.09.12"
"5424",404,"GNB","Guinea-Bissau",2022,NA,NA,1,0,0,0,"01feb2022","","","","V2025.09.12"
"5425",404,"GNB","Guinea-Bissau",2023,NA,NA,0,0,0,0,"","","","","V2025.09.12"
"5426",404,"GNB","Guinea-Bissau",2024,NA,NA,0,0,0,0,"","","","","V2025.09.12"
"5427",404,"EQG","Equatorial Guinea",2025,NA,NA,2,0,0,0,"26nov2025","","","","V2025.09.12"
"5428",411,"EQG","Equatorial Guinea",1968,NA,NA,0,0,0,0,"","","","","V2025.09.12"
"5429",411,"EQG","Equatorial Guinea",1969,NA,NA,1,0,0,0,"05mar1969","","","","V2025.09.12"
"5430",411,"EQG","Equatorial Guinea",1970,NA,NA,0,0,0,0,"","","","","V2025.09.12"
"5431",411,"EQG","Equatorial Guinea",1971,NA,NA,0,0,0,0,"","","","","V2025.09.12"
"5432",411,"EQG","Equatorial Guinea",1972,NA,NA,0,0,0,0,"","","","","V2025.09.12"
"5433",411,"EQG","Equatorial Guinea",1973,NA,NA,0,0,0,0,"","","","","V2025.09.12"
"5434",411,"EQG","Equatorial Guinea",1974,NA,NA,0,0,0,0,"","","","","V2025.09.12"
"5435",411,"EQG","Equatorial Guinea",1975,NA,NA,0,0,0,0,"","","","","V2025.09.12"
"5436",411,"EQG","Equatorial Guinea",1976,NA,NA,0,0,0,0,"","","","","V2025.09.12"
"5437",411,"EQG","Equatorial Guinea",1977,NA,NA,0,0,0,0,"","","","","V2025.09.12"
"5438",411,"EQG","Equatorial Guinea",1978,NA,NA,0,0,0,0,"","","","","V2025.09.12"
"5439",411,"EQG","Equatorial Guinea",1979,NA,NA,2,0,0,0,"03aug1979","","","","V2025.09.12"
"5440",411,"EQG","Equatorial Guinea",1980,NA,NA,0,0,0,0,"","","","","V2025.09.12"
"5441",411,"EQG","Equatorial Guinea",1981,NA,NA,0,0,0,0,"","","","","V2025.09.12"
"5442",411,"EQG","Equatorial Guinea",1982,NA,NA,0,0,0,0,"","","","","V2025.09.12"
"5443",411,"EQG","Equatorial Guinea",1983,NA,NA,0,0,0,0,"","","","","V2025.09.12"
"5444",411,"EQG","Equatorial Guinea",1984,NA,NA,0,0,0,0,"","","","","V2025.09.12"
"5445",411,"EQG","Equatorial Guinea",1985,NA,NA,0,0,0,0,"","","","","V2025.09.12"
"5446",411,"EQG","Equatorial Guinea",1986,NA,NA,0,0,0,0,"","","","","V2025.09.12"
"5447",411,"EQG","Equatorial Guinea",1987,NA,NA,0,0,0,0,"","","","","V2025.09.12"
"5448",411,"EQG","Equatorial Guinea",1988,NA,NA,0,0,0,0,"","","","","V2025.09.12"
"5449",411,"EQG","Equatorial Guinea",1989,NA,NA,0,0,0,0,"","","","","V2025.09.12"
"5450",411,"EQG","Equatorial Guinea",1990,NA,NA,0,0,0,0,"","","","","V2025.09.12"
"5451",411,"EQG","Equatorial Guinea",1991,NA,NA,0,0,0,0,"","","","","V2025.09.12"
"5452",411,"EQG","Equatorial Guinea",1992,NA,NA,0,0,0,0,"","","","","V2025.09.12"
"5453",411,"EQG","Equatorial Guinea",1993,NA,NA,0,0,0,0,"","","","","V2025.09.12"
"5454",411,"EQG","Equatorial Guinea",1994,NA,NA,0,0,0,0,"","","","","V2025.09.12"
"5455",411,"EQG","Equatorial Guinea",1995,NA,NA,0,0,0,0,"","","","","V2025.09.12"
"5456",411,"EQG","Equatorial Guinea",1996,NA,NA,0,0,0,0,"","","","","V2025.09.12"
"5457",411,"EQG","Equatorial Guinea",1997,NA,NA,0,0,0,0,"","","","","V2025.09.12"
"5458",411,"EQG","Equatorial Guinea",1998,NA,NA,0,0,0,0,"","","","","V2025.09.12"
"5459",411,"EQG","Equatorial Guinea",1999,NA,NA,0,0,0,0,"","","","","V2025.09.12"
"5460",411,"EQG","Equatorial Guinea",2000,NA,NA,0,0,0,0,"","","","","V2025.09.12"
"5461",411,"EQG","Equatorial Guinea",2001,NA,NA,0,0,0,0,"","","","","V2025.09.12"
"5462",411,"EQG","Equatorial Guinea",2002,NA,NA,0,0,0,0,"","","","","V2025.09.12"
"5463",411,"EQG","Equatorial Guinea",2003,NA,NA,0,0,0,0,"","","","","V2025.09.12"
"5464",411,"EQG","Equatorial Guinea",2004,NA,NA,0,0,0,0,"","","","","V2025.09.12"
"5465",411,"EQG","Equatorial Guinea",2005,NA,NA,0,0,0,0,"","","","","V2025.09.12"
"5466",411,"EQG","Equatorial Guinea",2006,NA,NA,0,0,0,0,"","","","","V2025.09.12"
"5467",411,"EQG","Equatorial Guinea",2007,NA,NA,0,0,0,0,"","","","","V2025.09.12"
"5468",411,"EQG","Equatorial Guinea",2008,NA,NA,0,0,0,0,"","","","","V2025.09.12"
"5469",411,"EQG","Equatorial Guinea",2009,NA,NA,0,0,0,0,"","","","","V2025.09.12"
"5470",411,"EQG","Equatorial Guinea",2010,NA,NA,0,0,0,0,"","","","","V2025.09.12"
"5471",411,"EQG","Equatorial Guinea",2011,NA,NA,0,0,0,0,"","","","","V2025.09.12"
"5472",411,"EQG","Equatorial Guinea",2012,NA,NA,0,0,0,0,"","","","","V2025.09.12"
"5473",411,"EQG","Equatorial Guinea",2013,NA,NA,0,0,0,0,"","","","","V2025.09.12"
"5474",411,"EQG","Equatorial Guinea",2014,NA,NA,0,0,0,0,"","","","","V2025.09.12"
"5475",411,"EQG","Equatorial Guinea",2015,NA,NA,0,0,0,0,"","","","","V2025.09.12"
"5476",411,"EQG","Equatorial Guinea",2016,NA,NA,0,0,0,0,"","","","","V2025.09.12"
"5477",411,"EQG","Equatorial Guinea",2017,NA,NA,0,0,0,0,"","","","","V2025.09.12"
"5478",411,"EQG","Equatorial Guinea",2018,NA,NA,0,0,0,0,"","","","","V2025.09.12"
"5479",411,"EQG","Equatorial Guinea",2019,NA,NA,0,0,0,0,"","","","","V2025.09.12"
"5480",411,"EQG","Equatorial Guinea",2020,NA,NA,0,0,0,0,"","","","","V2025.09.12"
"5481",411,"EQG","Equatorial Guinea",2021,NA,NA,0,0,0,0,"","","","","V2025.09.12"
"5482",411,"EQG","Equatorial Guinea",2022,NA,NA,0,0,0,0,"","","","","V2025.09.12"
"5483",411,"EQG","Equatorial Guinea",2023,NA,NA,0,0,0,0,"","","","","V2025.09.12"
"5484",411,"EQG","Equatorial Guinea",2024,NA,NA,0,0,0,0,"","","","","V2025.09.12"
"5485",420,"GAM","Gambia",1965,NA,NA,0,0,0,0,"","","","","V2025.09.12"
"5486",420,"GAM","Gambia",1966,NA,NA,0,0,0,0,"","","","","V2025.09.12"
"5487",420,"GAM","Gambia",1967,NA,NA,0,0,0,0,"","","","","V2025.09.12"
"5488",420,"GAM","Gambia",1968,NA,NA,0,0,0,0,"","","","","V2025.09.12"
"5489",420,"GAM","Gambia",1969,NA,NA,0,0,0,0,"","","","","V2025.09.12"
"5490",420,"GAM","Gambia",1970,NA,NA,0,0,0,0,"","","","","V2025.09.12"
"5491",420,"GAM","Gambia",1971,NA,NA,0,0,0,0,"","","","","V2025.09.12"
"5492",420,"GAM","Gambia",1972,NA,NA,0,0,0,0,"","","","","V2025.09.12"
"5493",420,"GAM","Gambia",1973,NA,NA,0,0,0,0,"","","","","V2025.09.12"
"5494",420,"GAM","Gambia",1974,NA,NA,0,0,0,0,"","","","","V2025.09.12"
"5495",420,"GAM","Gambia",1975,NA,NA,0,0,0,0,"","","","","V2025.09.12"
"5496",420,"GAM","Gambia",1976,NA,NA,0,0,0,0,"","","","","V2025.09.12"
"5497",420,"GAM","Gambia",1977,NA,NA,0,0,0,0,"","","","","V2025.09.12"
"5498",420,"GAM","Gambia",1978,NA,NA,0,0,0,0,"","","","","V2025.09.12"
"5499",420,"GAM","Gambia",1979,NA,NA,0,0,0,0,"","","","","V2025.09.12"
"5500",420,"GAM","Gambia",1980,NA,NA,0,0,0,0,"","","","","V2025.09.12"
"5501",420,"GAM","Gambia",1981,NA,NA,1,0,0,0,"29jul1981","","","","V2025.09.12"
"5502",420,"GAM","Gambia",1982,NA,NA,0,0,0,0,"","","","","V2025.09.12"
"5503",420,"GAM","Gambia",1983,NA,NA,0,0,0,0,"","","","","V2025.09.12"
"5504",420,"GAM","Gambia",1984,NA,NA,0,0,0,0,"","","","","V2025.09.12"
"5505",420,"GAM","Gambia",1985,NA,NA,0,0,0,0,"","","","","V2025.09.12"
"5506",420,"GAM","Gambia",1986,NA,NA,0,0,0,0,"","","","","V2025.09.12"
"5507",420,"GAM","Gambia",1987,NA,NA,0,0,0,0,"","","","","V2025.09.12"
"5508",420,"GAM","Gambia",1988,NA,NA,0,0,0,0,"","","","","V2025.09.12"
"5509",420,"GAM","Gambia",1989,NA,NA,0,0,0,0,"","","","","V2025.09.12"
"5510",420,"GAM","Gambia",1990,NA,NA,0,0,0,0,"","","","","V2025.09.12"
"5511",420,"GAM","Gambia",1991,NA,NA,0,0,0,0,"","","","","V2025.09.12"
"5512",420,"GAM","Gambia",1992,NA,NA,0,0,0,0,"","","","","V2025.09.12"
"5513",420,"GAM","Gambia",1993,NA,NA,0,0,0,0,"","","","","V2025.09.12"
"5514",420,"GAM","Gambia",1994,NA,NA,2,1,0,0,"23jul1994","11nov1994","","","V2025.09.12"
"5515",420,"GAM","Gambia",1995,NA,NA,0,0,0,0,"","","","","V2025.09.12"
"5516",420,"GAM","Gambia",1996,NA,NA,0,0,0,0,"","","","","V2025.09.12"
"5517",420,"GAM","Gambia",1997,NA,NA,0,0,0,0,"","","","","V2025.09.12"
"5518",420,"GAM","Gambia",1998,NA,NA,0,0,0,0,"","","","","V2025.09.12"
"5519",420,"GAM","Gambia",1999,NA,NA,0,0,0,0,"","","","","V2025.09.12"
"5520",420,"GAM","Gambia",2000,NA,NA,0,0,0,0,"","","","","V2025.09.12"
"5521",420,"GAM","Gambia",2001,NA,NA,0,0,0,0,"","","","","V2025.09.12"
"5522",420,"GAM","Gambia",2002,NA,NA,0,0,0,0,"","","","","V2025.09.12"
"5523",420,"GAM","Gambia",2003,NA,NA,0,0,0,0,"","","","","V2025.09.12"
"5524",420,"GAM","Gambia",2004,NA,NA,0,0,0,0,"","","","","V2025.09.12"
"5525",420,"GAM","Gambia",2005,NA,NA,0,0,0,0,"","","","","V2025.09.12"
"5526",420,"GAM","Gambia",2006,NA,NA,0,0,0,0,"","","","","V2025.09.12"
"5527",420,"GAM","Gambia",2007,NA,NA,0,0,0,0,"","","","","V2025.09.12"
"5528",420,"GAM","Gambia",2008,NA,NA,0,0,0,0,"","","","","V2025.09.12"
"5529",420,"GAM","Gambia",2009,NA,NA,0,0,0,0,"","","","","V2025.09.12"
"5530",420,"GAM","Gambia",2010,NA,NA,0,0,0,0,"","","","","V2025.09.12"
"5531",420,"GAM","Gambia",2011,NA,NA,0,0,0,0,"","","","","V2025.09.12"
"5532",420,"GAM","Gambia",2012,NA,NA,0,0,0,0,"","","","","V2025.09.12"
"5533",420,"GAM","Gambia",2013,NA,NA,0,0,0,0,"","","","","V2025.09.12"
"5534",420,"GAM","Gambia",2014,NA,NA,0,0,0,0,"","","","","V2025.09.12"
"5535",420,"GAM","Gambia",2015,NA,NA,0,0,0,0,"","","","","V2025.09.12"
"5536",420,"GAM","Gambia",2016,NA,NA,0,0,0,0,"","","","","V2025.09.12"
"5537",420,"GAM","Gambia",2017,NA,NA,0,0,0,0,"","","","","V2025.09.12"
"5538",420,"GAM","Gambia",2018,NA,NA,0,0,0,0,"","","","","V2025.09.12"
"5539",420,"GAM","Gambia",2019,NA,NA,0,0,0,0,"","","","","V2025.09.12"
"5540",420,"GAM","Gambia",2020,NA,NA,0,0,0,0,"","","","","V2025.09.12"
"5541",420,"GAM","Gambia",2021,NA,NA,0,0,0,0,"","","","","V2025.09.12"
"5542",420,"GAM","Gambia",2022,NA,NA,0,0,0,0,"","","","","V2025.09.12"
"5543",420,"GAM","Gambia",2023,NA,NA,0,0,0,0,"","","","","V2025.09.12"
"5544",420,"GAM","Gambia",2024,NA,NA,0,0,0,0,"","","","","V2025.09.12"
"5545",432,"MLI","Mali",1960,NA,NA,0,0,0,0,"","","","","V2025.09.12"
"5546",432,"MLI","Mali",1961,NA,NA,0,0,0,0,"","","","","V2025.09.12"
"5547",432,"MLI","Mali",1962,NA,NA,0,0,0,0,"","","","","V2025.09.12"
"5548",432,"MLI","Mali",1963,NA,NA,0,0,0,0,"","","","","V2025.09.12"
"5549",432,"MLI","Mali",1964,NA,NA,0,0,0,0,"","","","","V2025.09.12"
"5550",432,"MLI","Mali",1965,NA,NA,0,0,0,0,"","","","","V2025.09.12"
"5551",432,"MLI","Mali",1966,NA,NA,0,0,0,0,"","","","","V2025.09.12"
"5552",432,"MLI","Mali",1967,NA,NA,0,0,0,0,"","","","","V2025.09.12"
"5553",432,"MLI","Mali",1968,NA,NA,2,0,0,0,"19nov1968","","","","V2025.09.12"
"5554",432,"MLI","Mali",1969,NA,NA,0,0,0,0,"","","","","V2025.09.12"
"5555",432,"MLI","Mali",1970,NA,NA,0,0,0,0,"","","","","V2025.09.12"
"5556",432,"MLI","Mali",1971,NA,NA,0,0,0,0,"","","","","V2025.09.12"
"5557",432,"MLI","Mali",1972,NA,NA,0,0,0,0,"","","","","V2025.09.12"
"5558",432,"MLI","Mali",1973,NA,NA,0,0,0,0,"","","","","V2025.09.12"
"5559",432,"MLI","Mali",1974,NA,NA,0,0,0,0,"","","","","V2025.09.12"
"5560",432,"MLI","Mali",1975,NA,NA,0,0,0,0,"","","","","V2025.09.12"
"5561",432,"MLI","Mali",1976,NA,NA,0,0,0,0,"","","","","V2025.09.12"
"5562",432,"MLI","Mali",1977,NA,NA,0,0,0,0,"","","","","V2025.09.12"
"5563",432,"MLI","Mali",1978,NA,NA,1,0,0,0,"15feb1978","","","","V2025.09.12"
"5564",432,"MLI","Mali",1979,NA,NA,0,0,0,0,"","","","","V2025.09.12"
"5565",432,"MLI","Mali",1980,NA,NA,0,0,0,0,"","","","","V2025.09.12"
"5566",432,"MLI","Mali",1981,NA,NA,0,0,0,0,"","","","","V2025.09.12"
"5567",432,"MLI","Mali",1982,NA,NA,0,0,0,0,"","","","","V2025.09.12"
"5568",432,"MLI","Mali",1983,NA,NA,0,0,0,0,"","","","","V2025.09.12"
"5569",432,"MLI","Mali",1984,NA,NA,0,0,0,0,"","","","","V2025.09.12"
"5570",432,"MLI","Mali",1985,NA,NA,0,0,0,0,"","","","","V2025.09.12"
"5571",432,"MLI","Mali",1986,NA,NA,0,0,0,0,"","","","","V2025.09.12"
"5572",432,"MLI","Mali",1987,NA,NA,0,0,0,0,"","","","","V2025.09.12"
"5573",432,"MLI","Mali",1988,NA,NA,0,0,0,0,"","","","","V2025.09.12"
"5574",432,"MLI","Mali",1989,NA,NA,0,0,0,0,"","","","","V2025.09.12"
"5575",432,"MLI","Mali",1990,NA,NA,0,0,0,0,"","","","","V2025.09.12"
"5576",432,"MLI","Mali",1991,NA,NA,2,1,0,0,"26mar1991","14jul1991","","","V2025.09.12"
"5577",432,"MLI","Mali",1992,NA,NA,0,0,0,0,"","","","","V2025.09.12"
"5578",432,"MLI","Mali",1993,NA,NA,0,0,0,0,"","","","","V2025.09.12"
"5579",432,"MLI","Mali",1994,NA,NA,0,0,0,0,"","","","","V2025.09.12"
"5580",432,"MLI","Mali",1995,NA,NA,0,0,0,0,"","","","","V2025.09.12"
"5581",432,"MLI","Mali",1996,NA,NA,0,0,0,0,"","","","","V2025.09.12"
"5582",432,"MLI","Mali",1997,NA,NA,0,0,0,0,"","","","","V2025.09.12"
"5583",432,"MLI","Mali",1998,NA,NA,0,0,0,0,"","","","","V2025.09.12"
"5584",432,"MLI","Mali",1999,NA,NA,0,0,0,0,"","","","","V2025.09.12"
"5585",432,"MLI","Mali",2000,NA,NA,0,0,0,0,"","","","","V2025.09.12"
"5586",432,"MLI","Mali",2001,NA,NA,0,0,0,0,"","","","","V2025.09.12"
"5587",432,"MLI","Mali",2002,NA,NA,0,0,0,0,"","","","","V2025.09.12"
"5588",432,"MLI","Mali",2003,NA,NA,0,0,0,0,"","","","","V2025.09.12"
"5589",432,"MLI","Mali",2004,NA,NA,0,0,0,0,"","","","","V2025.09.12"
"5590",432,"MLI","Mali",2005,NA,NA,0,0,0,0,"","","","","V2025.09.12"
"5591",432,"MLI","Mali",2006,NA,NA,0,0,0,0,"","","","","V2025.09.12"
"5592",432,"MLI","Mali",2007,NA,NA,0,0,0,0,"","","","","V2025.09.12"
"5593",432,"MLI","Mali",2008,NA,NA,0,0,0,0,"","","","","V2025.09.12"
"5594",432,"MLI","Mali",2009,NA,NA,0,0,0,0,"","","","","V2025.09.12"
"5595",432,"MLI","Mali",2010,NA,NA,0,0,0,0,"","","","","V2025.09.12"
"5596",432,"MLI","Mali",2011,NA,NA,0,0,0,0,"","","","","V2025.09.12"
"5597",432,"MLI","Mali",2012,NA,NA,2,1,0,0,"22mar2012","01may2012","","","V2025.09.12"
"5598",432,"MLI","Mali",2013,NA,NA,0,0,0,0,"","","","","V2025.09.12"
"5599",432,"MLI","Mali",2014,NA,NA,0,0,0,0,"","","","","V2025.09.12"
"5600",432,"MLI","Mali",2015,NA,NA,0,0,0,0,"","","","","V2025.09.12"
"5601",432,"MLI","Mali",2016,NA,NA,0,0,0,0,"","","","","V2025.09.12"
"5602",432,"MLI","Mali",2017,NA,NA,0,0,0,0,"","","","","V2025.09.12"
"5603",432,"MLI","Mali",2018,NA,NA,0,0,0,0,"","","","","V2025.09.12"
"5604",432,"MLI","Mali",2019,NA,NA,0,0,0,0,"","","","","V2025.09.12"
"5605",432,"MLI","Mali",2020,NA,NA,2,0,0,0,"18aug2020","","","","V2025.09.12"
"5606",432,"MLI","Mali",2021,NA,NA,2,0,0,0,"21may2021","","","","V2025.09.12"
"5607",432,"MLI","Mali",2022,NA,NA,0,0,0,0,"","","","","V2025.09.12"
"5608",432,"MLI","Mali",2023,NA,NA,0,0,0,0,"","","","","V2025.09.12"
"5609",432,"MLI","Mali",2024,NA,NA,0,0,0,0,"","","","","V2025.09.12"
"5610",433,"SEN","Senegal",1960,NA,NA,0,0,0,0,"","","","","V2025.09.12"
"5611",433,"SEN","Senegal",1961,NA,NA,0,0,0,0,"","","","","V2025.09.12"
"5612",433,"SEN","Senegal",1962,NA,NA,1,0,0,0,"17dec1962","","","","V2025.09.12"
"5613",433,"SEN","Senegal",1963,NA,NA,0,0,0,0,"","","","","V2025.09.12"
"5614",433,"SEN","Senegal",1964,NA,NA,0,0,0,0,"","","","","V2025.09.12"
"5615",433,"SEN","Senegal",1965,NA,NA,0,0,0,0,"","","","","V2025.09.12"
"5616",433,"SEN","Senegal",1966,NA,NA,0,0,0,0,"","","","","V2025.09.12"
"5617",433,"SEN","Senegal",1967,NA,NA,0,0,0,0,"","","","","V2025.09.12"
"5618",433,"SEN","Senegal",1968,NA,NA,0,0,0,0,"","","","","V2025.09.12"
"5619",433,"SEN","Senegal",1969,NA,NA,0,0,0,0,"","","","","V2025.09.12"
"5620",433,"SEN","Senegal",1970,NA,NA,0,0,0,0,"","","","","V2025.09.12"
"5621",433,"SEN","Senegal",1971,NA,NA,0,0,0,0,"","","","","V2025.09.12"
"5622",433,"SEN","Senegal",1972,NA,NA,0,0,0,0,"","","","","V2025.09.12"
"5623",433,"SEN","Senegal",1973,NA,NA,0,0,0,0,"","","","","V2025.09.12"
"5624",433,"SEN","Senegal",1974,NA,NA,0,0,0,0,"","","","","V2025.09.12"
"5625",433,"SEN","Senegal",1975,NA,NA,0,0,0,0,"","","","","V2025.09.12"
"5626",433,"SEN","Senegal",1976,NA,NA,0,0,0,0,"","","","","V2025.09.12"
"5627",433,"SEN","Senegal",1977,NA,NA,0,0,0,0,"","","","","V2025.09.12"
"5628",433,"SEN","Senegal",1978,NA,NA,0,0,0,0,"","","","","V2025.09.12"
"5629",433,"SEN","Senegal",1979,NA,NA,0,0,0,0,"","","","","V2025.09.12"
"5630",433,"SEN","Senegal",1980,NA,NA,0,0,0,0,"","","","","V2025.09.12"
"5631",433,"SEN","Senegal",1981,NA,NA,0,0,0,0,"","","","","V2025.09.12"
"5632",433,"SEN","Senegal",1982,NA,NA,0,0,0,0,"","","","","V2025.09.12"
"5633",433,"SEN","Senegal",1983,NA,NA,0,0,0,0,"","","","","V2025.09.12"
"5634",433,"SEN","Senegal",1984,NA,NA,0,0,0,0,"","","","","V2025.09.12"
"5635",433,"SEN","Senegal",1985,NA,NA,0,0,0,0,"","","","","V2025.09.12"
"5636",433,"SEN","Senegal",1986,NA,NA,0,0,0,0,"","","","","V2025.09.12"
"5637",433,"SEN","Senegal",1987,NA,NA,0,0,0,0,"","","","","V2025.09.12"
"5638",433,"SEN","Senegal",1988,NA,NA,0,0,0,0,"","","","","V2025.09.12"
"5639",433,"SEN","Senegal",1989,NA,NA,0,0,0,0,"","","","","V2025.09.12"
"5640",433,"SEN","Senegal",1990,NA,NA,0,0,0,0,"","","","","V2025.09.12"
"5641",433,"SEN","Senegal",1991,NA,NA,0,0,0,0,"","","","","V2025.09.12"
"5642",433,"SEN","Senegal",1992,NA,NA,0,0,0,0,"","","","","V2025.09.12"
"5643",433,"SEN","Senegal",1993,NA,NA,0,0,0,0,"","","","","V2025.09.12"
"5644",433,"SEN","Senegal",1994,NA,NA,0,0,0,0,"","","","","V2025.09.12"
"5645",433,"SEN","Senegal",1995,NA,NA,0,0,0,0,"","","","","V2025.09.12"
"5646",433,"SEN","Senegal",1996,NA,NA,0,0,0,0,"","","","","V2025.09.12"
"5647",433,"SEN","Senegal",1997,NA,NA,0,0,0,0,"","","","","V2025.09.12"
"5648",433,"SEN","Senegal",1998,NA,NA,0,0,0,0,"","","","","V2025.09.12"
"5649",433,"SEN","Senegal",1999,NA,NA,0,0,0,0,"","","","","V2025.09.12"
"5650",433,"SEN","Senegal",2000,NA,NA,0,0,0,0,"","","","","V2025.09.12"
"5651",433,"SEN","Senegal",2001,NA,NA,0,0,0,0,"","","","","V2025.09.12"
"5652",433,"SEN","Senegal",2002,NA,NA,0,0,0,0,"","","","","V2025.09.12"
"5653",433,"SEN","Senegal",2003,NA,NA,0,0,0,0,"","","","","V2025.09.12"
"5654",433,"SEN","Senegal",2004,NA,NA,0,0,0,0,"","","","","V2025.09.12"
"5655",433,"SEN","Senegal",2005,NA,NA,0,0,0,0,"","","","","V2025.09.12"
"5656",433,"SEN","Senegal",2006,NA,NA,0,0,0,0,"","","","","V2025.09.12"
"5657",433,"SEN","Senegal",2007,NA,NA,0,0,0,0,"","","","","V2025.09.12"
"5658",433,"SEN","Senegal",2008,NA,NA,0,0,0,0,"","","","","V2025.09.12"
"5659",433,"SEN","Senegal",2009,NA,NA,0,0,0,0,"","","","","V2025.09.12"
"5660",433,"SEN","Senegal",2010,NA,NA,0,0,0,0,"","","","","V2025.09.12"
"5661",433,"SEN","Senegal",2011,NA,NA,0,0,0,0,"","","","","V2025.09.12"
"5662",433,"SEN","Senegal",2012,NA,NA,0,0,0,0,"","","","","V2025.09.12"
"5663",433,"SEN","Senegal",2013,NA,NA,0,0,0,0,"","","","","V2025.09.12"
"5664",433,"SEN","Senegal",2014,NA,NA,0,0,0,0,"","","","","V2025.09.12"
"5665",433,"SEN","Senegal",2015,NA,NA,0,0,0,0,"","","","","V2025.09.12"
"5666",433,"SEN","Senegal",2016,NA,NA,0,0,0,0,"","","","","V2025.09.12"
"5667",433,"SEN","Senegal",2017,NA,NA,0,0,0,0,"","","","","V2025.09.12"
"5668",433,"SEN","Senegal",2018,NA,NA,0,0,0,0,"","","","","V2025.09.12"
"5669",433,"SEN","Senegal",2019,NA,NA,0,0,0,0,"","","","","V2025.09.12"
"5670",433,"SEN","Senegal",2020,NA,NA,0,0,0,0,"","","","","V2025.09.12"
"5671",433,"SEN","Senegal",2021,NA,NA,0,0,0,0,"","","","","V2025.09.12"
"5672",433,"SEN","Senegal",2022,NA,NA,0,0,0,0,"","","","","V2025.09.12"
"5673",433,"SEN","Senegal",2023,NA,NA,0,0,0,0,"","","","","V2025.09.12"
"5674",433,"SEN","Senegal",2024,NA,NA,0,0,0,0,"","","","","V2025.09.12"
"5675",434,"BEN","Benin",1960,NA,NA,0,0,0,0,"","","","","V2025.09.12"
"5676",434,"BEN","Benin",1961,NA,NA,0,0,0,0,"","","","","V2025.09.12"
"5677",434,"BEN","Benin",1962,NA,NA,0,0,0,0,"","","","","V2025.09.12"
"5678",434,"BEN","Benin",1963,NA,NA,2,0,0,0,"28oct1963","","","","V2025.09.12"
"5679",434,"BEN","Benin",1964,NA,NA,0,0,0,0,"","","","","V2025.09.12"
"5680",434,"BEN","Benin",1965,NA,NA,2,2,0,0,"29nov1965","22dec1965","","","V2025.09.12"
"5681",434,"BEN","Benin",1966,NA,NA,0,0,0,0,"","","","","V2025.09.12"
"5682",434,"BEN","Benin",1967,NA,NA,2,0,0,0,"17dec1967","","","","V2025.09.12"
"5683",434,"BEN","Benin",1968,NA,NA,0,0,0,0,"","","","","V2025.09.12"
"5684",434,"BEN","Benin",1969,NA,NA,2,0,0,0,"10dec1969","","","","V2025.09.12"
"5685",434,"BEN","Benin",1970,NA,NA,0,0,0,0,"","","","","V2025.09.12"
"5686",434,"BEN","Benin",1971,NA,NA,0,0,0,0,"","","","","V2025.09.12"
"5687",434,"BEN","Benin",1972,NA,NA,1,2,0,0,"23feb1972","26oct1972","","","V2025.09.12"
"5688",434,"BEN","Benin",1973,NA,NA,0,0,0,0,"","","","","V2025.09.12"
"5689",434,"BEN","Benin",1974,NA,NA,0,0,0,0,"","","","","V2025.09.12"
"5690",434,"BEN","Benin",1975,NA,NA,1,0,0,0,"21jan1975","","","","V2025.09.12"
"5691",434,"BEN","Benin",1976,NA,NA,0,0,0,0,"","","","","V2025.09.12"
"5692",434,"BEN","Benin",1977,NA,NA,0,0,0,0,"","","","","V2025.09.12"
"5693",434,"BEN","Benin",1978,NA,NA,0,0,0,0,"","","","","V2025.09.12"
"5694",434,"BEN","Benin",1979,NA,NA,0,0,0,0,"","","","","V2025.09.12"
"5695",434,"BEN","Benin",1980,NA,NA,0,0,0,0,"","","","","V2025.09.12"
"5696",434,"BEN","Benin",1981,NA,NA,0,0,0,0,"","","","","V2025.09.12"
"5697",434,"BEN","Benin",1982,NA,NA,0,0,0,0,"","","","","V2025.09.12"
"5698",434,"BEN","Benin",1983,NA,NA,0,0,0,0,"","","","","V2025.09.12"
"5699",434,"BEN","Benin",1984,NA,NA,0,0,0,0,"","","","","V2025.09.12"
"5700",434,"BEN","Benin",1985,NA,NA,0,0,0,0,"","","","","V2025.09.12"
"5701",434,"BEN","Benin",1986,NA,NA,0,0,0,0,"","","","","V2025.09.12"
"5702",434,"BEN","Benin",1987,NA,NA,0,0,0,0,"","","","","V2025.09.12"
"5703",434,"BEN","Benin",1988,NA,NA,0,0,0,0,"","","","","V2025.09.12"
"5704",434,"BEN","Benin",1989,NA,NA,0,0,0,0,"","","","","V2025.09.12"
"5705",434,"BEN","Benin",1990,NA,NA,0,0,0,0,"","","","","V2025.09.12"
"5706",434,"BEN","Benin",1991,NA,NA,0,0,0,0,"","","","","V2025.09.12"
"5707",434,"BEN","Benin",1992,NA,NA,0,0,0,0,"","","","","V2025.09.12"
"5708",434,"BEN","Benin",1993,NA,NA,0,0,0,0,"","","","","V2025.09.12"
"5709",434,"BEN","Benin",1994,NA,NA,0,0,0,0,"","","","","V2025.09.12"
"5710",434,"BEN","Benin",1995,NA,NA,0,0,0,0,"","","","","V2025.09.12"
"5711",434,"BEN","Benin",1996,NA,NA,0,0,0,0,"","","","","V2025.09.12"
"5712",434,"BEN","Benin",1997,NA,NA,0,0,0,0,"","","","","V2025.09.12"
"5713",434,"BEN","Benin",1998,NA,NA,0,0,0,0,"","","","","V2025.09.12"
"5714",434,"BEN","Benin",1999,NA,NA,0,0,0,0,"","","","","V2025.09.12"
"5715",434,"BEN","Benin",2000,NA,NA,0,0,0,0,"","","","","V2025.09.12"
"5716",434,"BEN","Benin",2001,NA,NA,0,0,0,0,"","","","","V2025.09.12"
"5717",434,"BEN","Benin",2002,NA,NA,0,0,0,0,"","","","","V2025.09.12"
"5718",434,"BEN","Benin",2003,NA,NA,0,0,0,0,"","","","","V2025.09.12"
"5719",434,"BEN","Benin",2004,NA,NA,0,0,0,0,"","","","","V2025.09.12"
"5720",434,"BEN","Benin",2005,NA,NA,0,0,0,0,"","","","","V2025.09.12"
"5721",434,"BEN","Benin",2006,NA,NA,0,0,0,0,"","","","","V2025.09.12"
"5722",434,"BEN","Benin",2007,NA,NA,0,0,0,0,"","","","","V2025.09.12"
"5723",434,"BEN","Benin",2008,NA,NA,0,0,0,0,"","","","","V2025.09.12"
"5724",434,"BEN","Benin",2009,NA,NA,0,0,0,0,"","","","","V2025.09.12"
"5725",434,"BEN","Benin",2010,NA,NA,0,0,0,0,"","","","","V2025.09.12"
"5726",434,"BEN","Benin",2011,NA,NA,0,0,0,0,"","","","","V2025.09.12"
"5727",434,"BEN","Benin",2012,NA,NA,0,0,0,0,"","","","","V2025.09.12"
"5728",434,"BEN","Benin",2013,NA,NA,0,0,0,0,"","","","","V2025.09.12"
"5729",434,"BEN","Benin",2014,NA,NA,0,0,0,0,"","","","","V2025.09.12"
"5730",434,"BEN","Benin",2015,NA,NA,0,0,0,0,"","","","","V2025.09.12"
"5731",434,"BEN","Benin",2016,NA,NA,0,0,0,0,"","","","","V2025.09.12"
"5732",434,"BEN","Benin",2017,NA,NA,0,0,0,0,"","","","","V2025.09.12"
"5733",434,"BEN","Benin",2018,NA,NA,0,0,0,0,"","","","","V2025.09.12"
"5734",434,"BEN","Benin",2019,NA,NA,0,0,0,0,"","","","","V2025.09.12"
"5735",434,"BEN","Benin",2020,NA,NA,0,0,0,0,"","","","","V2025.09.12"
"5736",434,"BEN","Benin",2021,NA,NA,0,0,0,0,"","","","","V2025.09.12"
"5737",434,"BEN","Benin",2022,NA,NA,0,0,0,0,"","","","","V2025.09.12"
"5738",434,"BEN","Benin",2023,NA,NA,0,0,0,0,"","","","","V2025.09.12"
"5739",434,"BEN","Benin",2024,NA,NA,0,0,0,0,"","","","","V2025.09.12"
"5740",435,"MAA","Mauritania",1960,NA,NA,0,0,0,0,"","","","","V2025.09.12"
"5741",435,"MAA","Mauritania",1961,NA,NA,0,0,0,0,"","","","","V2025.09.12"
"5742",435,"MAA","Mauritania",1962,NA,NA,0,0,0,0,"","","","","V2025.09.12"
"5743",435,"MAA","Mauritania",1963,NA,NA,0,0,0,0,"","","","","V2025.09.12"
"5744",435,"MAA","Mauritania",1964,NA,NA,0,0,0,0,"","","","","V2025.09.12"
"5745",435,"MAA","Mauritania",1965,NA,NA,0,0,0,0,"","","","","V2025.09.12"
"5746",435,"MAA","Mauritania",1966,NA,NA,0,0,0,0,"","","","","V2025.09.12"
"5747",435,"MAA","Mauritania",1967,NA,NA,0,0,0,0,"","","","","V2025.09.12"
"5748",435,"MAA","Mauritania",1968,NA,NA,0,0,0,0,"","","","","V2025.09.12"
"5749",435,"MAA","Mauritania",1969,NA,NA,0,0,0,0,"","","","","V2025.09.12"
"5750",435,"MAA","Mauritania",1970,NA,NA,0,0,0,0,"","","","","V2025.09.12"
"5751",435,"MAA","Mauritania",1971,NA,NA,0,0,0,0,"","","","","V2025.09.12"
"5752",435,"MAA","Mauritania",1972,NA,NA,0,0,0,0,"","","","","V2025.09.12"
"5753",435,"MAA","Mauritania",1973,NA,NA,0,0,0,0,"","","","","V2025.09.12"
"5754",435,"MAA","Mauritania",1974,NA,NA,0,0,0,0,"","","","","V2025.09.12"
"5755",435,"MAA","Mauritania",1975,NA,NA,0,0,0,0,"","","","","V2025.09.12"
"5756",435,"MAA","Mauritania",1976,NA,NA,0,0,0,0,"","","","","V2025.09.12"
"5757",435,"MAA","Mauritania",1977,NA,NA,0,0,0,0,"","","","","V2025.09.12"
"5758",435,"MAA","Mauritania",1978,NA,NA,2,0,0,0,"10jul1978","","","","V2025.09.12"
"5759",435,"MAA","Mauritania",1979,NA,NA,0,0,0,0,"","","","","V2025.09.12"
"5760",435,"MAA","Mauritania",1980,NA,NA,2,0,0,0,"04jan1980","","","","V2025.09.12"
"5761",435,"MAA","Mauritania",1981,NA,NA,0,0,0,0,"","","","","V2025.09.12"
"5762",435,"MAA","Mauritania",1982,NA,NA,1,0,0,0,"06feb1982","","","","V2025.09.12"
"5763",435,"MAA","Mauritania",1983,NA,NA,0,0,0,0,"","","","","V2025.09.12"
"5764",435,"MAA","Mauritania",1984,NA,NA,2,0,0,0,"12dec1984","","","","V2025.09.12"
"5765",435,"MAA","Mauritania",1985,NA,NA,0,0,0,0,"","","","","V2025.09.12"
"5766",435,"MAA","Mauritania",1986,NA,NA,0,0,0,0,"","","","","V2025.09.12"
"5767",435,"MAA","Mauritania",1987,NA,NA,0,0,0,0,"","","","","V2025.09.12"
"5768",435,"MAA","Mauritania",1988,NA,NA,0,0,0,0,"","","","","V2025.09.12"
"5769",435,"MAA","Mauritania",1989,NA,NA,0,0,0,0,"","","","","V2025.09.12"
"5770",435,"MAA","Mauritania",1990,NA,NA,0,0,0,0,"","","","","V2025.09.12"
"5771",435,"MAA","Mauritania",1991,NA,NA,0,0,0,0,"","","","","V2025.09.12"
"5772",435,"MAA","Mauritania",1992,NA,NA,0,0,0,0,"","","","","V2025.09.12"
"5773",435,"MAA","Mauritania",1993,NA,NA,0,0,0,0,"","","","","V2025.09.12"
"5774",435,"MAA","Mauritania",1994,NA,NA,0,0,0,0,"","","","","V2025.09.12"
"5775",435,"MAA","Mauritania",1995,NA,NA,0,0,0,0,"","","","","V2025.09.12"
"5776",435,"MAA","Mauritania",1996,NA,NA,0,0,0,0,"","","","","V2025.09.12"
"5777",435,"MAA","Mauritania",1997,NA,NA,0,0,0,0,"","","","","V2025.09.12"
"5778",435,"MAA","Mauritania",1998,NA,NA,0,0,0,0,"","","","","V2025.09.12"
"5779",435,"MAA","Mauritania",1999,NA,NA,0,0,0,0,"","","","","V2025.09.12"
"5780",435,"MAA","Mauritania",2000,NA,NA,0,0,0,0,"","","","","V2025.09.12"
"5781",435,"MAA","Mauritania",2001,NA,NA,0,0,0,0,"","","","","V2025.09.12"
"5782",435,"MAA","Mauritania",2002,NA,NA,0,0,0,0,"","","","","V2025.09.12"
"5783",435,"MAA","Mauritania",2003,NA,NA,1,0,0,0,"08jun2003","","","","V2025.09.12"
"5784",435,"MAA","Mauritania",2004,NA,NA,0,0,0,0,"","","","","V2025.09.12"
"5785",435,"MAA","Mauritania",2005,NA,NA,2,0,0,0,"03aug2005","","","","V2025.09.12"
"5786",435,"MAA","Mauritania",2006,NA,NA,0,0,0,0,"","","","","V2025.09.12"
"5787",435,"MAA","Mauritania",2007,NA,NA,0,0,0,0,"","","","","V2025.09.12"
"5788",435,"MAA","Mauritania",2008,NA,NA,2,0,0,0,"06aug2008","","","","V2025.09.12"
"5789",435,"MAA","Mauritania",2009,NA,NA,0,0,0,0,"","","","","V2025.09.12"
"5790",435,"MAA","Mauritania",2010,NA,NA,0,0,0,0,"","","","","V2025.09.12"
"5791",435,"MAA","Mauritania",2011,NA,NA,0,0,0,0,"","","","","V2025.09.12"
"5792",435,"MAA","Mauritania",2012,NA,NA,0,0,0,0,"","","","","V2025.09.12"
"5793",435,"MAA","Mauritania",2013,NA,NA,0,0,0,0,"","","","","V2025.09.12"
"5794",435,"MAA","Mauritania",2014,NA,NA,0,0,0,0,"","","","","V2025.09.12"
"5795",435,"MAA","Mauritania",2015,NA,NA,0,0,0,0,"","","","","V2025.09.12"
"5796",435,"MAA","Mauritania",2016,NA,NA,0,0,0,0,"","","","","V2025.09.12"
"5797",435,"MAA","Mauritania",2017,NA,NA,0,0,0,0,"","","","","V2025.09.12"
"5798",435,"MAA","Mauritania",2018,NA,NA,0,0,0,0,"","","","","V2025.09.12"
"5799",435,"MAA","Mauritania",2019,NA,NA,0,0,0,0,"","","","","V2025.09.12"
"5800",435,"MAA","Mauritania",2020,NA,NA,0,0,0,0,"","","","","V2025.09.12"
"5801",435,"MAA","Mauritania",2021,NA,NA,0,0,0,0,"","","","","V2025.09.12"
"5802",435,"MAA","Mauritania",2022,NA,NA,0,0,0,0,"","","","","V2025.09.12"
"5803",435,"MAA","Mauritania",2023,NA,NA,0,0,0,0,"","","","","V2025.09.12"
"5804",435,"MAA","Mauritania",2024,NA,NA,0,0,0,0,"","","","","V2025.09.12"
"5805",436,"NIR","Niger",1960,NA,NA,0,0,0,0,"","","","","V2025.09.12"
"5806",436,"NIR","Niger",1961,NA,NA,0,0,0,0,"","","","","V2025.09.12"
"5807",436,"NIR","Niger",1962,NA,NA,0,0,0,0,"","","","","V2025.09.12"
"5808",436,"NIR","Niger",1963,NA,NA,0,0,0,0,"","","","","V2025.09.12"
"5809",436,"NIR","Niger",1964,NA,NA,0,0,0,0,"","","","","V2025.09.12"
"5810",436,"NIR","Niger",1965,NA,NA,0,0,0,0,"","","","","V2025.09.12"
"5811",436,"NIR","Niger",1966,NA,NA,0,0,0,0,"","","","","V2025.09.12"
"5812",436,"NIR","Niger",1967,NA,NA,0,0,0,0,"","","","","V2025.09.12"
"5813",436,"NIR","Niger",1968,NA,NA,0,0,0,0,"","","","","V2025.09.12"
"5814",436,"NIR","Niger",1969,NA,NA,0,0,0,0,"","","","","V2025.09.12"
"5815",436,"NIR","Niger",1970,NA,NA,0,0,0,0,"","","","","V2025.09.12"
"5816",436,"NIR","Niger",1971,NA,NA,0,0,0,0,"","","","","V2025.09.12"
"5817",436,"NIR","Niger",1972,NA,NA,0,0,0,0,"","","","","V2025.09.12"
"5818",436,"NIR","Niger",1973,NA,NA,0,0,0,0,"","","","","V2025.09.12"
"5819",436,"NIR","Niger",1974,NA,NA,2,0,0,0,"15apr1974","","","","V2025.09.12"
"5820",436,"NIR","Niger",1975,NA,NA,0,0,0,0,"","","","","V2025.09.12"
"5821",436,"NIR","Niger",1976,NA,NA,1,0,0,0,"15mar1976","","","","V2025.09.12"
"5822",436,"NIR","Niger",1977,NA,NA,0,0,0,0,"","","","","V2025.09.12"
"5823",436,"NIR","Niger",1978,NA,NA,0,0,0,0,"","","","","V2025.09.12"
"5824",436,"NIR","Niger",1979,NA,NA,0,0,0,0,"","","","","V2025.09.12"
"5825",436,"NIR","Niger",1980,NA,NA,0,0,0,0,"","","","","V2025.09.12"
"5826",436,"NIR","Niger",1981,NA,NA,0,0,0,0,"","","","","V2025.09.12"
"5827",436,"NIR","Niger",1982,NA,NA,0,0,0,0,"","","","","V2025.09.12"
"5828",436,"NIR","Niger",1983,NA,NA,1,0,0,0,"05oct1983","","","","V2025.09.12"
"5829",436,"NIR","Niger",1984,NA,NA,0,0,0,0,"","","","","V2025.09.12"
"5830",436,"NIR","Niger",1985,NA,NA,0,0,0,0,"","","","","V2025.09.12"
"5831",436,"NIR","Niger",1986,NA,NA,0,0,0,0,"","","","","V2025.09.12"
"5832",436,"NIR","Niger",1987,NA,NA,0,0,0,0,"","","","","V2025.09.12"
"5833",436,"NIR","Niger",1988,NA,NA,0,0,0,0,"","","","","V2025.09.12"
"5834",436,"NIR","Niger",1989,NA,NA,0,0,0,0,"","","","","V2025.09.12"
"5835",436,"NIR","Niger",1990,NA,NA,0,0,0,0,"","","","","V2025.09.12"
"5836",436,"NIR","Niger",1991,NA,NA,0,0,0,0,"","","","","V2025.09.12"
"5837",436,"NIR","Niger",1992,NA,NA,0,0,0,0,"","","","","V2025.09.12"
"5838",436,"NIR","Niger",1993,NA,NA,0,0,0,0,"","","","","V2025.09.12"
"5839",436,"NIR","Niger",1994,NA,NA,0,0,0,0,"","","","","V2025.09.12"
"5840",436,"NIR","Niger",1995,NA,NA,0,0,0,0,"","","","","V2025.09.12"
"5841",436,"NIR","Niger",1996,NA,NA,2,0,0,0,"27jan1996","","","","V2025.09.12"
"5842",436,"NIR","Niger",1997,NA,NA,0,0,0,0,"","","","","V2025.09.12"
"5843",436,"NIR","Niger",1998,NA,NA,0,0,0,0,"","","","","V2025.09.12"
"5844",436,"NIR","Niger",1999,NA,NA,2,0,0,0,"09apr1999","","","","V2025.09.12"
"5845",436,"NIR","Niger",2000,NA,NA,0,0,0,0,"","","","","V2025.09.12"
"5846",436,"NIR","Niger",2001,NA,NA,0,0,0,0,"","","","","V2025.09.12"
"5847",436,"NIR","Niger",2002,NA,NA,0,0,0,0,"","","","","V2025.09.12"
"5848",436,"NIR","Niger",2003,NA,NA,0,0,0,0,"","","","","V2025.09.12"
"5849",436,"NIR","Niger",2004,NA,NA,0,0,0,0,"","","","","V2025.09.12"
"5850",436,"NIR","Niger",2005,NA,NA,0,0,0,0,"","","","","V2025.09.12"
"5851",436,"NIR","Niger",2006,NA,NA,0,0,0,0,"","","","","V2025.09.12"
"5852",436,"NIR","Niger",2007,NA,NA,0,0,0,0,"","","","","V2025.09.12"
"5853",436,"NIR","Niger",2008,NA,NA,0,0,0,0,"","","","","V2025.09.12"
"5854",436,"NIR","Niger",2009,NA,NA,0,0,0,0,"","","","","V2025.09.12"
"5855",436,"NIR","Niger",2010,NA,NA,2,0,0,0,"18feb2010","","","","V2025.09.12"
"5856",436,"NIR","Niger",2011,NA,NA,0,0,0,0,"","","","","V2025.09.12"
"5857",436,"NIR","Niger",2012,NA,NA,0,0,0,0,"","","","","V2025.09.12"
"5858",436,"NIR","Niger",2013,NA,NA,0,0,0,0,"","","","","V2025.09.12"
"5859",436,"NIR","Niger",2014,NA,NA,0,0,0,0,"","","","","V2025.09.12"
"5860",436,"NIR","Niger",2015,NA,NA,0,0,0,0,"","","","","V2025.09.12"
"5861",436,"NIR","Niger",2016,NA,NA,0,0,0,0,"","","","","V2025.09.12"
"5862",436,"NIR","Niger",2017,NA,NA,0,0,0,0,"","","","","V2025.09.12"
"5863",436,"NIR","Niger",2018,NA,NA,0,0,0,0,"","","","","V2025.09.12"
"5864",436,"NIR","Niger",2019,NA,NA,0,0,0,0,"","","","","V2025.09.12"
"5865",436,"NIR","Niger",2020,NA,NA,0,0,0,0,"","","","","V2025.09.12"
"5866",436,"NIR","Niger",2021,NA,NA,1,0,0,0,"31mar2021","","","","V2025.09.12"
"5867",436,"NIR","Niger",2022,NA,NA,0,0,0,0,"","","","","V2025.09.12"
"5868",436,"NIR","Niger",2023,NA,NA,2,0,0,0,"26jul2023","","","","V2025.09.12"
"5869",436,"NIR","Niger",2024,NA,NA,0,0,0,0,"","","","","V2025.09.12"
"5870",437,"CDI","Cote D’Ivoire",1960,NA,NA,0,0,0,0,"","","","","V2025.09.12"
"5871",437,"CDI","Cote D’Ivoire",1961,NA,NA,0,0,0,0,"","","","","V2025.09.12"
"5872",437,"CDI","Cote D’Ivoire",1962,NA,NA,0,0,0,0,"","","","","V2025.09.12"
"5873",437,"CDI","Cote D’Ivoire",1963,NA,NA,0,0,0,0,"","","","","V2025.09.12"
"5874",437,"CDI","Cote D’Ivoire",1964,NA,NA,0,0,0,0,"","","","","V2025.09.12"
"5875",437,"CDI","Cote D’Ivoire",1965,NA,NA,0,0,0,0,"","","","","V2025.09.12"
"5876",437,"CDI","Cote D’Ivoire",1966,NA,NA,0,0,0,0,"","","","","V2025.09.12"
"5877",437,"CDI","Cote D’Ivoire",1967,NA,NA,0,0,0,0,"","","","","V2025.09.12"
"5878",437,"CDI","Cote D’Ivoire",1968,NA,NA,0,0,0,0,"","","","","V2025.09.12"
"5879",437,"CDI","Cote D’Ivoire",1969,NA,NA,0,0,0,0,"","","","","V2025.09.12"
"5880",437,"CDI","Cote D’Ivoire",1970,NA,NA,0,0,0,0,"","","","","V2025.09.12"
"5881",437,"CDI","Cote D’Ivoire",1971,NA,NA,0,0,0,0,"","","","","V2025.09.12"
"5882",437,"CDI","Cote D’Ivoire",1972,NA,NA,0,0,0,0,"","","","","V2025.09.12"
"5883",437,"CDI","Cote D’Ivoire",1973,NA,NA,0,0,0,0,"","","","","V2025.09.12"
"5884",437,"CDI","Cote D’Ivoire",1974,NA,NA,0,0,0,0,"","","","","V2025.09.12"
"5885",437,"CDI","Cote D’Ivoire",1975,NA,NA,0,0,0,0,"","","","","V2025.09.12"
"5886",437,"CDI","Cote D’Ivoire",1976,NA,NA,0,0,0,0,"","","","","V2025.09.12"
"5887",437,"CDI","Cote D’Ivoire",1977,NA,NA,0,0,0,0,"","","","","V2025.09.12"
"5888",437,"CDI","Cote D’Ivoire",1978,NA,NA,0,0,0,0,"","","","","V2025.09.12"
"5889",437,"CDI","Cote D’Ivoire",1979,NA,NA,0,0,0,0,"","","","","V2025.09.12"
"5890",437,"CDI","Cote D’Ivoire",1980,NA,NA,0,0,0,0,"","","","","V2025.09.12"
"5891",437,"CDI","Cote D’Ivoire",1981,NA,NA,0,0,0,0,"","","","","V2025.09.12"
"5892",437,"CDI","Cote D’Ivoire",1982,NA,NA,0,0,0,0,"","","","","V2025.09.12"
"5893",437,"CDI","Cote D’Ivoire",1983,NA,NA,0,0,0,0,"","","","","V2025.09.12"
"5894",437,"CDI","Cote D’Ivoire",1984,NA,NA,0,0,0,0,"","","","","V2025.09.12"
"5895",437,"CDI","Cote D’Ivoire",1985,NA,NA,0,0,0,0,"","","","","V2025.09.12"
"5896",437,"CDI","Cote D’Ivoire",1986,NA,NA,0,0,0,0,"","","","","V2025.09.12"
"5897",437,"CDI","Cote D’Ivoire",1987,NA,NA,0,0,0,0,"","","","","V2025.09.12"
"5898",437,"CDI","Cote D’Ivoire",1988,NA,NA,0,0,0,0,"","","","","V2025.09.12"
"5899",437,"CDI","Cote D’Ivoire",1989,NA,NA,0,0,0,0,"","","","","V2025.09.12"
"5900",437,"CDI","Cote D’Ivoire",1990,NA,NA,0,0,0,0,"","","","","V2025.09.12"
"5901",437,"CDI","Cote D’Ivoire",1991,NA,NA,0,0,0,0,"","","","","V2025.09.12"
"5902",437,"CDI","Cote D’Ivoire",1992,NA,NA,0,0,0,0,"","","","","V2025.09.12"
"5903",437,"CDI","Cote D’Ivoire",1993,NA,NA,0,0,0,0,"","","","","V2025.09.12"
"5904",437,"CDI","Cote D’Ivoire",1994,NA,NA,0,0,0,0,"","","","","V2025.09.12"
"5905",437,"CDI","Cote D’Ivoire",1995,NA,NA,0,0,0,0,"","","","","V2025.09.12"
"5906",437,"CDI","Cote D’Ivoire",1996,NA,NA,0,0,0,0,"","","","","V2025.09.12"
"5907",437,"CDI","Cote D’Ivoire",1997,NA,NA,0,0,0,0,"","","","","V2025.09.12"
"5908",437,"CDI","Cote D’Ivoire",1998,NA,NA,0,0,0,0,"","","","","V2025.09.12"
"5909",437,"CDI","Cote D’Ivoire",1999,NA,NA,2,0,0,0,"24dec1999","","","","V2025.09.12"
"5910",437,"CDI","Cote D’Ivoire",2000,NA,NA,1,0,0,0,"18sep2000","","","","V2025.09.12"
"5911",437,"CDI","Cote D’Ivoire",2001,NA,NA,1,0,0,0,"06jan2001","","","","V2025.09.12"
"5912",437,"CDI","Cote D’Ivoire",2002,NA,NA,1,0,0,0,"19sep2002","","","","V2025.09.12"
"5913",437,"CDI","Cote D’Ivoire",2003,NA,NA,0,0,0,0,"","","","","V2025.09.12"
"5914",437,"CDI","Cote D’Ivoire",2004,NA,NA,0,0,0,0,"","","","","V2025.09.12"
"5915",437,"CDI","Cote D’Ivoire",2005,NA,NA,0,0,0,0,"","","","","V2025.09.12"
"5916",437,"CDI","Cote D’Ivoire",2006,NA,NA,0,0,0,0,"","","","","V2025.09.12"
"5917",437,"CDI","Cote D’Ivoire",2007,NA,NA,0,0,0,0,"","","","","V2025.09.12"
"5918",437,"CDI","Cote D’Ivoire",2008,NA,NA,0,0,0,0,"","","","","V2025.09.12"
"5919",437,"CDI","Cote D’Ivoire",2009,NA,NA,0,0,0,0,"","","","","V2025.09.12"
"5920",437,"CDI","Cote D’Ivoire",2010,NA,NA,0,0,0,0,"","","","","V2025.09.12"
"5921",437,"CDI","Cote D’Ivoire",2011,NA,NA,0,0,0,0,"","","","","V2025.09.12"
"5922",437,"CDI","Cote D’Ivoire",2012,NA,NA,0,0,0,0,"","","","","V2025.09.12"
"5923",437,"CDI","Cote D’Ivoire",2013,NA,NA,0,0,0,0,"","","","","V2025.09.12"
"5924",437,"CDI","Cote D’Ivoire",2014,NA,NA,0,0,0,0,"","","","","V2025.09.12"
"5925",437,"CDI","Cote D’Ivoire",2015,NA,NA,0,0,0,0,"","","","","V2025.09.12"
"5926",437,"CDI","Cote D’Ivoire",2016,NA,NA,0,0,0,0,"","","","","V2025.09.12"
"5927",437,"CDI","Cote D’Ivoire",2017,NA,NA,0,0,0,0,"","","","","V2025.09.12"
"5928",437,"CDI","Cote D’Ivoire",2018,NA,NA,0,0,0,0,"","","","","V2025.09.12"
"5929",437,"CDI","Cote D’Ivoire",2019,NA,NA,0,0,0,0,"","","","","V2025.09.12"
"5930",437,"CDI","Cote D’Ivoire",2020,NA,NA,0,0,0,0,"","","","","V2025.09.12"
"5931",437,"CDI","Cote D’Ivoire",2021,NA,NA,0,0,0,0,"","","","","V2025.09.12"
"5932",437,"CDI","Cote D’Ivoire",2022,NA,NA,0,0,0,0,"","","","","V2025.09.12"
"5933",437,"CDI","Cote D’Ivoire",2023,NA,NA,0,0,0,0,"","","","","V2025.09.12"
"5934",437,"CDI","Cote D’Ivoire",2024,NA,NA,0,0,0,0,"","","","","V2025.09.12"
"5935",438,"GUI","Guinea",1958,NA,NA,0,0,0,0,"","","","","V2025.09.12"
"5936",438,"GUI","Guinea",1959,NA,NA,0,0,0,0,"","","","","V2025.09.12"
"5937",438,"GUI","Guinea",1960,NA,NA,0,0,0,0,"","","","","V2025.09.12"
"5938",438,"GUI","Guinea",1961,NA,NA,0,0,0,0,"","","","","V2025.09.12"
"5939",438,"GUI","Guinea",1962,NA,NA,0,0,0,0,"","","","","V2025.09.12"
"5940",438,"GUI","Guinea",1963,NA,NA,0,0,0,0,"","","","","V2025.09.12"
"5941",438,"GUI","Guinea",1964,NA,NA,0,0,0,0,"","","","","V2025.09.12"
"5942",438,"GUI","Guinea",1965,NA,NA,0,0,0,0,"","","","","V2025.09.12"
"5943",438,"GUI","Guinea",1966,NA,NA,0,0,0,0,"","","","","V2025.09.12"
"5944",438,"GUI","Guinea",1967,NA,NA,0,0,0,0,"","","","","V2025.09.12"
"5945",438,"GUI","Guinea",1968,NA,NA,0,0,0,0,"","","","","V2025.09.12"
"5946",438,"GUI","Guinea",1969,NA,NA,0,0,0,0,"","","","","V2025.09.12"
"5947",438,"GUI","Guinea",1970,NA,NA,0,0,0,0,"","","","","V2025.09.12"
"5948",438,"GUI","Guinea",1971,NA,NA,0,0,0,0,"","","","","V2025.09.12"
"5949",438,"GUI","Guinea",1972,NA,NA,0,0,0,0,"","","","","V2025.09.12"
"5950",438,"GUI","Guinea",1973,NA,NA,0,0,0,0,"","","","","V2025.09.12"
"5951",438,"GUI","Guinea",1974,NA,NA,0,0,0,0,"","","","","V2025.09.12"
"5952",438,"GUI","Guinea",1975,NA,NA,0,0,0,0,"","","","","V2025.09.12"
"5953",438,"GUI","Guinea",1976,NA,NA,0,0,0,0,"","","","","V2025.09.12"
"5954",438,"GUI","Guinea",1977,NA,NA,0,0,0,0,"","","","","V2025.09.12"
"5955",438,"GUI","Guinea",1978,NA,NA,0,0,0,0,"","","","","V2025.09.12"
"5956",438,"GUI","Guinea",1979,NA,NA,0,0,0,0,"","","","","V2025.09.12"
"5957",438,"GUI","Guinea",1980,NA,NA,0,0,0,0,"","","","","V2025.09.12"
"5958",438,"GUI","Guinea",1981,NA,NA,0,0,0,0,"","","","","V2025.09.12"
"5959",438,"GUI","Guinea",1982,NA,NA,0,0,0,0,"","","","","V2025.09.12"
"5960",438,"GUI","Guinea",1983,NA,NA,0,0,0,0,"","","","","V2025.09.12"
"5961",438,"GUI","Guinea",1984,NA,NA,2,0,0,0,"03apr1984","","","","V2025.09.12"
"5962",438,"GUI","Guinea",1985,NA,NA,1,0,0,0,"04jul1985","","","","V2025.09.12"
"5963",438,"GUI","Guinea",1986,NA,NA,0,0,0,0,"","","","","V2025.09.12"
"5964",438,"GUI","Guinea",1987,NA,NA,0,0,0,0,"","","","","V2025.09.12"
"5965",438,"GUI","Guinea",1988,NA,NA,0,0,0,0,"","","","","V2025.09.12"
"5966",438,"GUI","Guinea",1989,NA,NA,0,0,0,0,"","","","","V2025.09.12"
"5967",438,"GUI","Guinea",1990,NA,NA,0,0,0,0,"","","","","V2025.09.12"
"5968",438,"GUI","Guinea",1991,NA,NA,0,0,0,0,"","","","","V2025.09.12"
"5969",438,"GUI","Guinea",1992,NA,NA,0,0,0,0,"","","","","V2025.09.12"
"5970",438,"GUI","Guinea",1993,NA,NA,0,0,0,0,"","","","","V2025.09.12"
"5971",438,"GUI","Guinea",1994,NA,NA,0,0,0,0,"","","","","V2025.09.12"
"5972",438,"GUI","Guinea",1995,NA,NA,0,0,0,0,"","","","","V2025.09.12"
"5973",438,"GUI","Guinea",1996,NA,NA,1,0,0,0,"03feb1996","","","","V2025.09.12"
"5974",438,"GUI","Guinea",1997,NA,NA,0,0,0,0,"","","","","V2025.09.12"
"5975",438,"GUI","Guinea",1998,NA,NA,0,0,0,0,"","","","","V2025.09.12"
"5976",438,"GUI","Guinea",1999,NA,NA,0,0,0,0,"","","","","V2025.09.12"
"5977",438,"GUI","Guinea",2000,NA,NA,0,0,0,0,"","","","","V2025.09.12"
"5978",438,"GUI","Guinea",2001,NA,NA,0,0,0,0,"","","","","V2025.09.12"
"5979",438,"GUI","Guinea",2002,NA,NA,0,0,0,0,"","","","","V2025.09.12"
"5980",438,"GUI","Guinea",2003,NA,NA,0,0,0,0,"","","","","V2025.09.12"
"5981",438,"GUI","Guinea",2004,NA,NA,0,0,0,0,"","","","","V2025.09.12"
"5982",438,"GUI","Guinea",2005,NA,NA,0,0,0,0,"","","","","V2025.09.12"
"5983",438,"GUI","Guinea",2006,NA,NA,0,0,0,0,"","","","","V2025.09.12"
"5984",438,"GUI","Guinea",2007,NA,NA,0,0,0,0,"","","","","V2025.09.12"
"5985",438,"GUI","Guinea",2008,NA,NA,2,0,0,0,"23dec2008","","","","V2025.09.12"
"5986",438,"GUI","Guinea",2009,NA,NA,0,0,0,0,"","","","","V2025.09.12"
"5987",438,"GUI","Guinea",2010,NA,NA,0,0,0,0,"","","","","V2025.09.12"
"5988",438,"GUI","Guinea",2011,NA,NA,1,0,0,0,"19jul2011","","","","V2025.09.12"
"5989",438,"GUI","Guinea",2012,NA,NA,0,0,0,0,"","","","","V2025.09.12"
"5990",438,"GUI","Guinea",2013,NA,NA,0,0,0,0,"","","","","V2025.09.12"
"5991",438,"GUI","Guinea",2014,NA,NA,0,0,0,0,"","","","","V2025.09.12"
"5992",438,"GUI","Guinea",2015,NA,NA,0,0,0,0,"","","","","V2025.09.12"
"5993",438,"GUI","Guinea",2016,NA,NA,0,0,0,0,"","","","","V2025.09.12"
"5994",438,"GUI","Guinea",2017,NA,NA,0,0,0,0,"","","","","V2025.09.12"
"5995",438,"GUI","Guinea",2018,NA,NA,0,0,0,0,"","","","","V2025.09.12"
"5996",438,"GUI","Guinea",2019,NA,NA,0,0,0,0,"","","","","V2025.09.12"
"5997",438,"GUI","Guinea",2020,NA,NA,0,0,0,0,"","","","","V2025.09.12"
"5998",438,"GUI","Guinea",2021,NA,NA,2,0,0,0,"05sep2021","","","","V2025.09.12"
"5999",438,"GUI","Guinea",2022,NA,NA,0,0,0,0,"","","","","V2025.09.12"
"6000",438,"GUI","Guinea",2023,NA,NA,0,0,0,0,"","","","","V2025.09.12"
"6001",438,"GUI","Guinea",2024,NA,NA,0,0,0,0,"","","","","V2025.09.12"
"6002",439,"BFO","Burkina Faso (Upper Volta)",1960,NA,NA,0,0,0,0,"","","","","V2025.09.12"
"6003",439,"BFO","Burkina Faso (Upper Volta)",1961,NA,NA,0,0,0,0,"","","","","V2025.09.12"
"6004",439,"BFO","Burkina Faso (Upper Volta)",1962,NA,NA,0,0,0,0,"","","","","V2025.09.12"
"6005",439,"BFO","Burkina Faso (Upper Volta)",1963,NA,NA,0,0,0,0,"","","","","V2025.09.12"
"6006",439,"BFO","Burkina Faso (Upper Volta)",1964,NA,NA,0,0,0,0,"","","","","V2025.09.12"
"6007",439,"BFO","Burkina Faso (Upper Volta)",1965,NA,NA,0,0,0,0,"","","","","V2025.09.12"
"6008",439,"BFO","Burkina Faso (Upper Volta)",1966,NA,NA,2,0,0,0,"03jan1966","","","","V2025.09.12"
"6009",439,"BFO","Burkina Faso (Upper Volta)",1967,NA,NA,0,0,0,0,"","","","","V2025.09.12"
"6010",439,"BFO","Burkina Faso (Upper Volta)",1968,NA,NA,0,0,0,0,"","","","","V2025.09.12"
"6011",439,"BFO","Burkina Faso (Upper Volta)",1969,NA,NA,0,0,0,0,"","","","","V2025.09.12"
"6012",439,"BFO","Burkina Faso (Upper Volta)",1970,NA,NA,0,0,0,0,"","","","","V2025.09.12"
"6013",439,"BFO","Burkina Faso (Upper Volta)",1971,NA,NA,0,0,0,0,"","","","","V2025.09.12"
"6014",439,"BFO","Burkina Faso (Upper Volta)",1972,NA,NA,0,0,0,0,"","","","","V2025.09.12"
"6015",439,"BFO","Burkina Faso (Upper Volta)",1973,NA,NA,0,0,0,0,"","","","","V2025.09.12"
"6016",439,"BFO","Burkina Faso (Upper Volta)",1974,NA,NA,2,0,0,0,"08feb1974","","","","V2025.09.12"
"6017",439,"BFO","Burkina Faso (Upper Volta)",1975,NA,NA,0,0,0,0,"","","","","V2025.09.12"
"6018",439,"BFO","Burkina Faso (Upper Volta)",1976,NA,NA,0,0,0,0,"","","","","V2025.09.12"
"6019",439,"BFO","Burkina Faso (Upper Volta)",1977,NA,NA,0,0,0,0,"","","","","V2025.09.12"
"6020",439,"BFO","Burkina Faso (Upper Volta)",1978,NA,NA,0,0,0,0,"","","","","V2025.09.12"
"6021",439,"BFO","Burkina Faso (Upper Volta)",1979,NA,NA,0,0,0,0,"","","","","V2025.09.12"
"6022",439,"BFO","Burkina Faso (Upper Volta)",1980,NA,NA,2,0,0,0,"25nov1980","","","","V2025.09.12"
"6023",439,"BFO","Burkina Faso (Upper Volta)",1981,NA,NA,0,0,0,0,"","","","","V2025.09.12"
"6024",439,"BFO","Burkina Faso (Upper Volta)",1982,NA,NA,2,0,0,0,"07nov1982","","","","V2025.09.12"
"6025",439,"BFO","Burkina Faso (Upper Volta)",1983,NA,NA,2,0,0,0,"04aug1983","","","","V2025.09.12"
"6026",439,"BFO","Burkina Faso (Upper Volta)",1984,NA,NA,0,0,0,0,"","","","","V2025.09.12"
"6027",439,"BFO","Burkina Faso (Upper Volta)",1985,NA,NA,0,0,0,0,"","","","","V2025.09.12"
"6028",439,"BFO","Burkina Faso (Upper Volta)",1986,NA,NA,0,0,0,0,"","","","","V2025.09.12"
"6029",439,"BFO","Burkina Faso (Upper Volta)",1987,NA,NA,2,0,0,0,"15oct1987","","","","V2025.09.12"
"6030",439,"BFO","Burkina Faso (Upper Volta)",1988,NA,NA,0,0,0,0,"","","","","V2025.09.12"
"6031",439,"BFO","Burkina Faso (Upper Volta)",1989,NA,NA,0,0,0,0,"","","","","V2025.09.12"
"6032",439,"BFO","Burkina Faso (Upper Volta)",1990,NA,NA,0,0,0,0,"","","","","V2025.09.12"
"6033",439,"BFO","Burkina Faso (Upper Volta)",1991,NA,NA,0,0,0,0,"","","","","V2025.09.12"
"6034",439,"BFO","Burkina Faso (Upper Volta)",1992,NA,NA,0,0,0,0,"","","","","V2025.09.12"
"6035",439,"BFO","Burkina Faso (Upper Volta)",1993,NA,NA,0,0,0,0,"","","","","V2025.09.12"
"6036",439,"BFO","Burkina Faso (Upper Volta)",1994,NA,NA,0,0,0,0,"","","","","V2025.09.12"
"6037",439,"BFO","Burkina Faso (Upper Volta)",1995,NA,NA,0,0,0,0,"","","","","V2025.09.12"
"6038",439,"BFO","Burkina Faso (Upper Volta)",1996,NA,NA,0,0,0,0,"","","","","V2025.09.12"
"6039",439,"BFO","Burkina Faso (Upper Volta)",1997,NA,NA,0,0,0,0,"","","","","V2025.09.12"
"6040",439,"BFO","Burkina Faso (Upper Volta)",1998,NA,NA,0,0,0,0,"","","","","V2025.09.12"
"6041",439,"BFO","Burkina Faso (Upper Volta)",1999,NA,NA,0,0,0,0,"","","","","V2025.09.12"
"6042",439,"BFO","Burkina Faso (Upper Volta)",2000,NA,NA,0,0,0,0,"","","","","V2025.09.12"
"6043",439,"BFO","Burkina Faso (Upper Volta)",2001,NA,NA,0,0,0,0,"","","","","V2025.09.12"
"6044",439,"BFO","Burkina Faso (Upper Volta)",2002,NA,NA,0,0,0,0,"","","","","V2025.09.12"
"6045",439,"BFO","Burkina Faso (Upper Volta)",2003,NA,NA,0,0,0,0,"","","","","V2025.09.12"
"6046",439,"BFO","Burkina Faso (Upper Volta)",2004,NA,NA,0,0,0,0,"","","","","V2025.09.12"
"6047",439,"BFO","Burkina Faso (Upper Volta)",2005,NA,NA,0,0,0,0,"","","","","V2025.09.12"
"6048",439,"BFO","Burkina Faso (Upper Volta)",2006,NA,NA,0,0,0,0,"","","","","V2025.09.12"
"6049",439,"BFO","Burkina Faso (Upper Volta)",2007,NA,NA,0,0,0,0,"","","","","V2025.09.12"
"6050",439,"BFO","Burkina Faso (Upper Volta)",2008,NA,NA,0,0,0,0,"","","","","V2025.09.12"
"6051",439,"BFO","Burkina Faso (Upper Volta)",2009,NA,NA,0,0,0,0,"","","","","V2025.09.12"
"6052",439,"BFO","Burkina Faso (Upper Volta)",2010,NA,NA,0,0,0,0,"","","","","V2025.09.12"
"6053",439,"BFO","Burkina Faso (Upper Volta)",2011,NA,NA,0,0,0,0,"","","","","V2025.09.12"
"6054",439,"BFO","Burkina Faso (Upper Volta)",2012,NA,NA,0,0,0,0,"","","","","V2025.09.12"
"6055",439,"BFO","Burkina Faso (Upper Volta)",2013,NA,NA,0,0,0,0,"","","","","V2025.09.12"
"6056",439,"BFO","Burkina Faso (Upper Volta)",2014,NA,NA,2,0,0,0,"30oct2014","","","","V2025.09.12"
"6057",439,"BFO","Burkina Faso (Upper Volta)",2015,NA,NA,1,0,0,0,"17sep2015","","","","V2025.09.12"
"6058",439,"BFO","Burkina Faso (Upper Volta)",2016,NA,NA,0,0,0,0,"","","","","V2025.09.12"
"6059",439,"BFO","Burkina Faso (Upper Volta)",2017,NA,NA,0,0,0,0,"","","","","V2025.09.12"
"6060",439,"BFO","Burkina Faso (Upper Volta)",2018,NA,NA,0,0,0,0,"","","","","V2025.09.12"
"6061",439,"BFO","Burkina Faso (Upper Volta)",2019,NA,NA,0,0,0,0,"","","","","V2025.09.12"
"6062",439,"BFO","Burkina Faso (Upper Volta)",2020,NA,NA,0,0,0,0,"","","","","V2025.09.12"
"6063",439,"BFO","Burkina Faso (Upper Volta)",2021,NA,NA,0,0,0,0,"","","","","V2025.09.12"
"6064",439,"BFO","Burkina Faso (Upper Volta)",2022,NA,NA,2,2,0,0,"23jan2022","30sep2022","","","V2025.09.12"
"6065",439,"BFO","Burkina Faso (Upper Volta)",2023,NA,NA,0,0,0,0,"","","","","V2025.09.12"
"6066",439,"BFO","Burkina Faso (Upper Volta)",2024,NA,NA,0,0,0,0,"","","","","V2025.09.12"
"6067",450,"LBR","Liberia",1950,NA,NA,0,0,0,0,"","","","","V2025.09.12"
"6068",450,"LBR","Liberia",1951,NA,NA,0,0,0,0,"","","","","V2025.09.12"
"6069",450,"LBR","Liberia",1952,NA,NA,0,0,0,0,"","","","","V2025.09.12"
"6070",450,"LBR","Liberia",1953,NA,NA,0,0,0,0,"","","","","V2025.09.12"
"6071",450,"LBR","Liberia",1954,NA,NA,0,0,0,0,"","","","","V2025.09.12"
"6072",450,"LBR","Liberia",1955,NA,NA,0,0,0,0,"","","","","V2025.09.12"
"6073",450,"LBR","Liberia",1956,NA,NA,0,0,0,0,"","","","","V2025.09.12"
"6074",450,"LBR","Liberia",1957,NA,NA,0,0,0,0,"","","","","V2025.09.12"
"6075",450,"LBR","Liberia",1958,NA,NA,0,0,0,0,"","","","","V2025.09.12"
"6076",450,"LBR","Liberia",1959,NA,NA,0,0,0,0,"","","","","V2025.09.12"
"6077",450,"LBR","Liberia",1960,NA,NA,0,0,0,0,"","","","","V2025.09.12"
"6078",450,"LBR","Liberia",1961,NA,NA,0,0,0,0,"","","","","V2025.09.12"
"6079",450,"LBR","Liberia",1962,NA,NA,0,0,0,0,"","","","","V2025.09.12"
"6080",450,"LBR","Liberia",1963,NA,NA,0,0,0,0,"","","","","V2025.09.12"
"6081",450,"LBR","Liberia",1964,NA,NA,0,0,0,0,"","","","","V2025.09.12"
"6082",450,"LBR","Liberia",1965,NA,NA,0,0,0,0,"","","","","V2025.09.12"
"6083",450,"LBR","Liberia",1966,NA,NA,0,0,0,0,"","","","","V2025.09.12"
"6084",450,"LBR","Liberia",1967,NA,NA,0,0,0,0,"","","","","V2025.09.12"
"6085",450,"LBR","Liberia",1968,NA,NA,0,0,0,0,"","","","","V2025.09.12"
"6086",450,"LBR","Liberia",1969,NA,NA,0,0,0,0,"","","","","V2025.09.12"
"6087",450,"LBR","Liberia",1970,NA,NA,0,0,0,0,"","","","","V2025.09.12"
"6088",450,"LBR","Liberia",1971,NA,NA,0,0,0,0,"","","","","V2025.09.12"
"6089",450,"LBR","Liberia",1972,NA,NA,0,0,0,0,"","","","","V2025.09.12"
"6090",450,"LBR","Liberia",1973,NA,NA,0,0,0,0,"","","","","V2025.09.12"
"6091",450,"LBR","Liberia",1974,NA,NA,0,0,0,0,"","","","","V2025.09.12"
"6092",450,"LBR","Liberia",1975,NA,NA,0,0,0,0,"","","","","V2025.09.12"
"6093",450,"LBR","Liberia",1976,NA,NA,0,0,0,0,"","","","","V2025.09.12"
"6094",450,"LBR","Liberia",1977,NA,NA,0,0,0,0,"","","","","V2025.09.12"
"6095",450,"LBR","Liberia",1978,NA,NA,0,0,0,0,"","","","","V2025.09.12"
"6096",450,"LBR","Liberia",1979,NA,NA,0,0,0,0,"","","","","V2025.09.12"
"6097",450,"LBR","Liberia",1980,NA,NA,2,0,0,0,"12apr1980","","","","V2025.09.12"
"6098",450,"LBR","Liberia",1981,NA,NA,0,0,0,0,"","","","","V2025.09.12"
"6099",450,"LBR","Liberia",1982,NA,NA,0,0,0,0,"","","","","V2025.09.12"
"6100",450,"LBR","Liberia",1983,NA,NA,0,0,0,0,"","","","","V2025.09.12"
"6101",450,"LBR","Liberia",1984,NA,NA,0,0,0,0,"","","","","V2025.09.12"
"6102",450,"LBR","Liberia",1985,NA,NA,1,1,0,0,"01apr1985","12nov1985","","","V2025.09.12"
"6103",450,"LBR","Liberia",1986,NA,NA,0,0,0,0,"","","","","V2025.09.12"
"6104",450,"LBR","Liberia",1987,NA,NA,0,0,0,0,"","","","","V2025.09.12"
"6105",450,"LBR","Liberia",1988,NA,NA,0,0,0,0,"","","","","V2025.09.12"
"6106",450,"LBR","Liberia",1989,NA,NA,0,0,0,0,"","","","","V2025.09.12"
"6107",450,"LBR","Liberia",1990,NA,NA,0,0,0,0,"","","","","V2025.09.12"
"6108",450,"LBR","Liberia",1991,NA,NA,0,0,0,0,"","","","","V2025.09.12"
"6109",450,"LBR","Liberia",1992,NA,NA,0,0,0,0,"","","","","V2025.09.12"
"6110",450,"LBR","Liberia",1993,NA,NA,0,0,0,0,"","","","","V2025.09.12"
"6111",450,"LBR","Liberia",1994,NA,NA,1,0,0,0,"15sep1994","","","","V2025.09.12"
"6112",450,"LBR","Liberia",1995,NA,NA,0,0,0,0,"","","","","V2025.09.12"
"6113",450,"LBR","Liberia",1996,NA,NA,0,0,0,0,"","","","","V2025.09.12"
"6114",450,"LBR","Liberia",1997,NA,NA,0,0,0,0,"","","","","V2025.09.12"
"6115",450,"LBR","Liberia",1998,NA,NA,0,0,0,0,"","","","","V2025.09.12"
"6116",450,"LBR","Liberia",1999,NA,NA,0,0,0,0,"","","","","V2025.09.12"
"6117",450,"LBR","Liberia",2000,NA,NA,0,0,0,0,"","","","","V2025.09.12"
"6118",450,"LBR","Liberia",2001,NA,NA,0,0,0,0,"","","","","V2025.09.12"
"6119",450,"LBR","Liberia",2002,NA,NA,0,0,0,0,"","","","","V2025.09.12"
"6120",450,"LBR","Liberia",2003,NA,NA,0,0,0,0,"","","","","V2025.09.12"
"6121",450,"LBR","Liberia",2004,NA,NA,0,0,0,0,"","","","","V2025.09.12"
"6122",450,"LBR","Liberia",2005,NA,NA,0,0,0,0,"","","","","V2025.09.12"
"6123",450,"LBR","Liberia",2006,NA,NA,0,0,0,0,"","","","","V2025.09.12"
"6124",450,"LBR","Liberia",2007,NA,NA,0,0,0,0,"","","","","V2025.09.12"
"6125",450,"LBR","Liberia",2008,NA,NA,0,0,0,0,"","","","","V2025.09.12"
"6126",450,"LBR","Liberia",2009,NA,NA,0,0,0,0,"","","","","V2025.09.12"
"6127",450,"LBR","Liberia",2010,NA,NA,0,0,0,0,"","","","","V2025.09.12"
"6128",450,"LBR","Liberia",2011,NA,NA,0,0,0,0,"","","","","V2025.09.12"
"6129",450,"LBR","Liberia",2012,NA,NA,0,0,0,0,"","","","","V2025.09.12"
"6130",450,"LBR","Liberia",2013,NA,NA,0,0,0,0,"","","","","V2025.09.12"
"6131",450,"LBR","Liberia",2014,NA,NA,0,0,0,0,"","","","","V2025.09.12"
"6132",450,"LBR","Liberia",2015,NA,NA,0,0,0,0,"","","","","V2025.09.12"
"6133",450,"LBR","Liberia",2016,NA,NA,0,0,0,0,"","","","","V2025.09.12"
"6134",450,"LBR","Liberia",2017,NA,NA,0,0,0,0,"","","","","V2025.09.12"
"6135",450,"LBR","Liberia",2018,NA,NA,0,0,0,0,"","","","","V2025.09.12"
"6136",450,"LBR","Liberia",2019,NA,NA,0,0,0,0,"","","","","V2025.09.12"
"6137",450,"LBR","Liberia",2020,NA,NA,0,0,0,0,"","","","","V2025.09.12"
"6138",450,"LBR","Liberia",2021,NA,NA,0,0,0,0,"","","","","V2025.09.12"
"6139",450,"LBR","Liberia",2022,NA,NA,0,0,0,0,"","","","","V2025.09.12"
"6140",450,"LBR","Liberia",2023,NA,NA,0,0,0,0,"","","","","V2025.09.12"
"6141",450,"LBR","Liberia",2024,NA,NA,0,0,0,0,"","","","","V2025.09.12"
"6142",451,"SIE","Sierra Leone",1961,NA,NA,0,0,0,0,"","","","","V2025.09.12"
"6143",451,"SIE","Sierra Leone",1962,NA,NA,0,0,0,0,"","","","","V2025.09.12"
"6144",451,"SIE","Sierra Leone",1963,NA,NA,0,0,0,0,"","","","","V2025.09.12"
"6145",451,"SIE","Sierra Leone",1964,NA,NA,0,0,0,0,"","","","","V2025.09.12"
"6146",451,"SIE","Sierra Leone",1965,NA,NA,0,0,0,0,"","","","","V2025.09.12"
"6147",451,"SIE","Sierra Leone",1966,NA,NA,0,0,0,0,"","","","","V2025.09.12"
"6148",451,"SIE","Sierra Leone",1967,NA,NA,1,2,0,0,"21mar1967","23mar1967","","","V2025.09.12"
"6149",451,"SIE","Sierra Leone",1968,NA,NA,2,0,0,0,"18apr1968","","","","V2025.09.12"
"6150",451,"SIE","Sierra Leone",1969,NA,NA,0,0,0,0,"","","","","V2025.09.12"
"6151",451,"SIE","Sierra Leone",1970,NA,NA,0,0,0,0,"","","","","V2025.09.12"
"6152",451,"SIE","Sierra Leone",1971,NA,NA,1,0,0,0,"23mar1971","","","","V2025.09.12"
"6153",451,"SIE","Sierra Leone",1972,NA,NA,0,0,0,0,"","","","","V2025.09.12"
"6154",451,"SIE","Sierra Leone",1973,NA,NA,0,0,0,0,"","","","","V2025.09.12"
"6155",451,"SIE","Sierra Leone",1974,NA,NA,0,0,0,0,"","","","","V2025.09.12"
"6156",451,"SIE","Sierra Leone",1975,NA,NA,0,0,0,0,"","","","","V2025.09.12"
"6157",451,"SIE","Sierra Leone",1976,NA,NA,0,0,0,0,"","","","","V2025.09.12"
"6158",451,"SIE","Sierra Leone",1977,NA,NA,0,0,0,0,"","","","","V2025.09.12"
"6159",451,"SIE","Sierra Leone",1978,NA,NA,0,0,0,0,"","","","","V2025.09.12"
"6160",451,"SIE","Sierra Leone",1979,NA,NA,0,0,0,0,"","","","","V2025.09.12"
"6161",451,"SIE","Sierra Leone",1980,NA,NA,0,0,0,0,"","","","","V2025.09.12"
"6162",451,"SIE","Sierra Leone",1981,NA,NA,0,0,0,0,"","","","","V2025.09.12"
"6163",451,"SIE","Sierra Leone",1982,NA,NA,0,0,0,0,"","","","","V2025.09.12"
"6164",451,"SIE","Sierra Leone",1983,NA,NA,0,0,0,0,"","","","","V2025.09.12"
"6165",451,"SIE","Sierra Leone",1984,NA,NA,0,0,0,0,"","","","","V2025.09.12"
"6166",451,"SIE","Sierra Leone",1985,NA,NA,0,0,0,0,"","","","","V2025.09.12"
"6167",451,"SIE","Sierra Leone",1986,NA,NA,0,0,0,0,"","","","","V2025.09.12"
"6168",451,"SIE","Sierra Leone",1987,NA,NA,1,0,0,0,"23mar1987","","","","V2025.09.12"
"6169",451,"SIE","Sierra Leone",1988,NA,NA,0,0,0,0,"","","","","V2025.09.12"
"6170",451,"SIE","Sierra Leone",1989,NA,NA,0,0,0,0,"","","","","V2025.09.12"
"6171",451,"SIE","Sierra Leone",1990,NA,NA,0,0,0,0,"","","","","V2025.09.12"
"6172",451,"SIE","Sierra Leone",1991,NA,NA,0,0,0,0,"","","","","V2025.09.12"
"6173",451,"SIE","Sierra Leone",1992,NA,NA,2,1,0,0,"30apr1992","29dec1992","","","V2025.09.12"
"6174",451,"SIE","Sierra Leone",1993,NA,NA,0,0,0,0,"","","","","V2025.09.12"
"6175",451,"SIE","Sierra Leone",1994,NA,NA,0,0,0,0,"","","","","V2025.09.12"
"6176",451,"SIE","Sierra Leone",1995,NA,NA,1,0,0,0,"02oct1995","","","","V2025.09.12"
"6177",451,"SIE","Sierra Leone",1996,NA,NA,2,0,0,0,"16jan1996","","","","V2025.09.12"
"6178",451,"SIE","Sierra Leone",1997,NA,NA,2,0,0,0,"25may1997","","","","V2025.09.12"
"6179",451,"SIE","Sierra Leone",1998,NA,NA,0,0,0,0,"","","","","V2025.09.12"
"6180",451,"SIE","Sierra Leone",1999,NA,NA,0,0,0,0,"","","","","V2025.09.12"
"6181",451,"SIE","Sierra Leone",2000,NA,NA,0,0,0,0,"","","","","V2025.09.12"
"6182",451,"SIE","Sierra Leone",2001,NA,NA,0,0,0,0,"","","","","V2025.09.12"
"6183",451,"SIE","Sierra Leone",2002,NA,NA,0,0,0,0,"","","","","V2025.09.12"
"6184",451,"SIE","Sierra Leone",2003,NA,NA,0,0,0,0,"","","","","V2025.09.12"
"6185",451,"SIE","Sierra Leone",2004,NA,NA,0,0,0,0,"","","","","V2025.09.12"
"6186",451,"SIE","Sierra Leone",2005,NA,NA,0,0,0,0,"","","","","V2025.09.12"
"6187",451,"SIE","Sierra Leone",2006,NA,NA,0,0,0,0,"","","","","V2025.09.12"
"6188",451,"SIE","Sierra Leone",2007,NA,NA,0,0,0,0,"","","","","V2025.09.12"
"6189",451,"SIE","Sierra Leone",2008,NA,NA,0,0,0,0,"","","","","V2025.09.12"
"6190",451,"SIE","Sierra Leone",2009,NA,NA,0,0,0,0,"","","","","V2025.09.12"
"6191",451,"SIE","Sierra Leone",2010,NA,NA,0,0,0,0,"","","","","V2025.09.12"
"6192",451,"SIE","Sierra Leone",2011,NA,NA,0,0,0,0,"","","","","V2025.09.12"
"6193",451,"SIE","Sierra Leone",2012,NA,NA,0,0,0,0,"","","","","V2025.09.12"
"6194",451,"SIE","Sierra Leone",2013,NA,NA,0,0,0,0,"","","","","V2025.09.12"
"6195",451,"SIE","Sierra Leone",2014,NA,NA,0,0,0,0,"","","","","V2025.09.12"
"6196",451,"SIE","Sierra Leone",2015,NA,NA,0,0,0,0,"","","","","V2025.09.12"
"6197",451,"SIE","Sierra Leone",2016,NA,NA,0,0,0,0,"","","","","V2025.09.12"
"6198",451,"SIE","Sierra Leone",2017,NA,NA,0,0,0,0,"","","","","V2025.09.12"
"6199",451,"SIE","Sierra Leone",2018,NA,NA,0,0,0,0,"","","","","V2025.09.12"
"6200",451,"SIE","Sierra Leone",2019,NA,NA,0,0,0,0,"","","","","V2025.09.12"
"6201",451,"SIE","Sierra Leone",2020,NA,NA,0,0,0,0,"","","","","V2025.09.12"
"6202",451,"SIE","Sierra Leone",2021,NA,NA,0,0,0,0,"","","","","V2025.09.12"
"6203",451,"SIE","Sierra Leone",2022,NA,NA,0,0,0,0,"","","","","V2025.09.12"
"6204",451,"SIE","Sierra Leone",2023,NA,NA,0,0,0,0,"","","","","V2025.09.12"
"6205",451,"SIE","Sierra Leone",2024,NA,NA,0,0,0,0,"","","","","V2025.09.12"
"6206",452,"GHA","Ghana",1957,NA,NA,0,0,0,0,"","","","","V2025.09.12"
"6207",452,"GHA","Ghana",1958,NA,NA,0,0,0,0,"","","","","V2025.09.12"
"6208",452,"GHA","Ghana",1959,NA,NA,0,0,0,0,"","","","","V2025.09.12"
"6209",452,"GHA","Ghana",1960,NA,NA,0,0,0,0,"","","","","V2025.09.12"
"6210",452,"GHA","Ghana",1961,NA,NA,0,0,0,0,"","","","","V2025.09.12"
"6211",452,"GHA","Ghana",1962,NA,NA,0,0,0,0,"","","","","V2025.09.12"
"6212",452,"GHA","Ghana",1963,NA,NA,0,0,0,0,"","","","","V2025.09.12"
"6213",452,"GHA","Ghana",1964,NA,NA,0,0,0,0,"","","","","V2025.09.12"
"6214",452,"GHA","Ghana",1965,NA,NA,0,0,0,0,"","","","","V2025.09.12"
"6215",452,"GHA","Ghana",1966,NA,NA,2,0,0,0,"24feb1966","","","","V2025.09.12"
"6216",452,"GHA","Ghana",1967,NA,NA,1,0,0,0,"17apr1967","","","","V2025.09.12"
"6217",452,"GHA","Ghana",1968,NA,NA,0,0,0,0,"","","","","V2025.09.12"
"6218",452,"GHA","Ghana",1969,NA,NA,0,0,0,0,"","","","","V2025.09.12"
"6219",452,"GHA","Ghana",1970,NA,NA,0,0,0,0,"","","","","V2025.09.12"
"6220",452,"GHA","Ghana",1971,NA,NA,0,0,0,0,"","","","","V2025.09.12"
"6221",452,"GHA","Ghana",1972,NA,NA,2,0,0,0,"13jan1972","","","","V2025.09.12"
"6222",452,"GHA","Ghana",1973,NA,NA,0,0,0,0,"","","","","V2025.09.12"
"6223",452,"GHA","Ghana",1974,NA,NA,0,0,0,0,"","","","","V2025.09.12"
"6224",452,"GHA","Ghana",1975,NA,NA,0,0,0,0,"","","","","V2025.09.12"
"6225",452,"GHA","Ghana",1976,NA,NA,0,0,0,0,"","","","","V2025.09.12"
"6226",452,"GHA","Ghana",1977,NA,NA,0,0,0,0,"","","","","V2025.09.12"
"6227",452,"GHA","Ghana",1978,NA,NA,2,0,0,0,"05jul1978","","","","V2025.09.12"
"6228",452,"GHA","Ghana",1979,NA,NA,1,2,0,0,"15may1979","04jun1979","","","V2025.09.12"
"6229",452,"GHA","Ghana",1980,NA,NA,0,0,0,0,"","","","","V2025.09.12"
"6230",452,"GHA","Ghana",1981,NA,NA,2,0,0,0,"31dec1981","","","","V2025.09.12"
"6231",452,"GHA","Ghana",1982,NA,NA,1,0,0,0,"23nov1982","","","","V2025.09.12"
"6232",452,"GHA","Ghana",1983,NA,NA,1,0,0,0,"19jun1983","","","","V2025.09.12"
"6233",452,"GHA","Ghana",1984,NA,NA,1,0,0,0,"23mar1984","","","","V2025.09.12"
"6234",452,"GHA","Ghana",1985,NA,NA,0,0,0,0,"","","","","V2025.09.12"
"6235",452,"GHA","Ghana",1986,NA,NA,0,0,0,0,"","","","","V2025.09.12"
"6236",452,"GHA","Ghana",1987,NA,NA,0,0,0,0,"","","","","V2025.09.12"
"6237",452,"GHA","Ghana",1988,NA,NA,0,0,0,0,"","","","","V2025.09.12"
"6238",452,"GHA","Ghana",1989,NA,NA,0,0,0,0,"","","","","V2025.09.12"
"6239",452,"GHA","Ghana",1990,NA,NA,0,0,0,0,"","","","","V2025.09.12"
"6240",452,"GHA","Ghana",1991,NA,NA,0,0,0,0,"","","","","V2025.09.12"
"6241",452,"GHA","Ghana",1992,NA,NA,0,0,0,0,"","","","","V2025.09.12"
"6242",452,"GHA","Ghana",1993,NA,NA,0,0,0,0,"","","","","V2025.09.12"
"6243",452,"GHA","Ghana",1994,NA,NA,0,0,0,0,"","","","","V2025.09.12"
"6244",452,"GHA","Ghana",1995,NA,NA,0,0,0,0,"","","","","V2025.09.12"
"6245",452,"GHA","Ghana",1996,NA,NA,0,0,0,0,"","","","","V2025.09.12"
"6246",452,"GHA","Ghana",1997,NA,NA,0,0,0,0,"","","","","V2025.09.12"
"6247",452,"GHA","Ghana",1998,NA,NA,0,0,0,0,"","","","","V2025.09.12"
"6248",452,"GHA","Ghana",1999,NA,NA,0,0,0,0,"","","","","V2025.09.12"
"6249",452,"GHA","Ghana",2000,NA,NA,0,0,0,0,"","","","","V2025.09.12"
"6250",452,"GHA","Ghana",2001,NA,NA,0,0,0,0,"","","","","V2025.09.12"
"6251",452,"GHA","Ghana",2002,NA,NA,0,0,0,0,"","","","","V2025.09.12"
"6252",452,"GHA","Ghana",2003,NA,NA,0,0,0,0,"","","","","V2025.09.12"
"6253",452,"GHA","Ghana",2004,NA,NA,0,0,0,0,"","","","","V2025.09.12"
"6254",452,"GHA","Ghana",2005,NA,NA,0,0,0,0,"","","","","V2025.09.12"
"6255",452,"GHA","Ghana",2006,NA,NA,0,0,0,0,"","","","","V2025.09.12"
"6256",452,"GHA","Ghana",2007,NA,NA,0,0,0,0,"","","","","V2025.09.12"
"6257",452,"GHA","Ghana",2008,NA,NA,0,0,0,0,"","","","","V2025.09.12"
"6258",452,"GHA","Ghana",2009,NA,NA,0,0,0,0,"","","","","V2025.09.12"
"6259",452,"GHA","Ghana",2010,NA,NA,0,0,0,0,"","","","","V2025.09.12"
"6260",452,"GHA","Ghana",2011,NA,NA,0,0,0,0,"","","","","V2025.09.12"
"6261",452,"GHA","Ghana",2012,NA,NA,0,0,0,0,"","","","","V2025.09.12"
"6262",452,"GHA","Ghana",2013,NA,NA,0,0,0,0,"","","","","V2025.09.12"
"6263",452,"GHA","Ghana",2014,NA,NA,0,0,0,0,"","","","","V2025.09.12"
"6264",452,"GHA","Ghana",2015,NA,NA,0,0,0,0,"","","","","V2025.09.12"
"6265",452,"GHA","Ghana",2016,NA,NA,0,0,0,0,"","","","","V2025.09.12"
"6266",452,"GHA","Ghana",2017,NA,NA,0,0,0,0,"","","","","V2025.09.12"
"6267",452,"GHA","Ghana",2018,NA,NA,0,0,0,0,"","","","","V2025.09.12"
"6268",452,"GHA","Ghana",2019,NA,NA,0,0,0,0,"","","","","V2025.09.12"
"6269",452,"GHA","Ghana",2020,NA,NA,0,0,0,0,"","","","","V2025.09.12"
"6270",452,"GHA","Ghana",2021,NA,NA,0,0,0,0,"","","","","V2025.09.12"
"6271",452,"GHA","Ghana",2022,NA,NA,0,0,0,0,"","","","","V2025.09.12"
"6272",452,"GHA","Ghana",2023,NA,NA,0,0,0,0,"","","","","V2025.09.12"
"6273",452,"GHA","Ghana",2024,NA,NA,0,0,0,0,"","","","","V2025.09.12"
"6274",461,"TOG","Togo",1960,NA,NA,0,0,0,0,"","","","","V2025.09.12"
"6275",461,"TOG","Togo",1961,NA,NA,0,0,0,0,"","","","","V2025.09.12"
"6276",461,"TOG","Togo",1962,NA,NA,0,0,0,0,"","","","","V2025.09.12"
"6277",461,"TOG","Togo",1963,NA,NA,2,0,0,0,"13jan1963","","","","V2025.09.12"
"6278",461,"TOG","Togo",1964,NA,NA,0,0,0,0,"","","","","V2025.09.12"
"6279",461,"TOG","Togo",1965,NA,NA,0,0,0,0,"","","","","V2025.09.12"
"6280",461,"TOG","Togo",1966,NA,NA,0,0,0,0,"","","","","V2025.09.12"
"6281",461,"TOG","Togo",1967,NA,NA,2,0,0,0,"13jan1967","","","","V2025.09.12"
"6282",461,"TOG","Togo",1968,NA,NA,0,0,0,0,"","","","","V2025.09.12"
"6283",461,"TOG","Togo",1969,NA,NA,0,0,0,0,"","","","","V2025.09.12"
"6284",461,"TOG","Togo",1970,NA,NA,0,0,0,0,"","","","","V2025.09.12"
"6285",461,"TOG","Togo",1971,NA,NA,0,0,0,0,"","","","","V2025.09.12"
"6286",461,"TOG","Togo",1972,NA,NA,0,0,0,0,"","","","","V2025.09.12"
"6287",461,"TOG","Togo",1973,NA,NA,0,0,0,0,"","","","","V2025.09.12"
"6288",461,"TOG","Togo",1974,NA,NA,0,0,0,0,"","","","","V2025.09.12"
"6289",461,"TOG","Togo",1975,NA,NA,0,0,0,0,"","","","","V2025.09.12"
"6290",461,"TOG","Togo",1976,NA,NA,0,0,0,0,"","","","","V2025.09.12"
"6291",461,"TOG","Togo",1977,NA,NA,0,0,0,0,"","","","","V2025.09.12"
"6292",461,"TOG","Togo",1978,NA,NA,0,0,0,0,"","","","","V2025.09.12"
"6293",461,"TOG","Togo",1979,NA,NA,0,0,0,0,"","","","","V2025.09.12"
"6294",461,"TOG","Togo",1980,NA,NA,0,0,0,0,"","","","","V2025.09.12"
"6295",461,"TOG","Togo",1981,NA,NA,0,0,0,0,"","","","","V2025.09.12"
"6296",461,"TOG","Togo",1982,NA,NA,0,0,0,0,"","","","","V2025.09.12"
"6297",461,"TOG","Togo",1983,NA,NA,0,0,0,0,"","","","","V2025.09.12"
"6298",461,"TOG","Togo",1984,NA,NA,0,0,0,0,"","","","","V2025.09.12"
"6299",461,"TOG","Togo",1985,NA,NA,0,0,0,0,"","","","","V2025.09.12"
"6300",461,"TOG","Togo",1986,NA,NA,0,0,0,0,"","","","","V2025.09.12"
"6301",461,"TOG","Togo",1987,NA,NA,0,0,0,0,"","","","","V2025.09.12"
"6302",461,"TOG","Togo",1988,NA,NA,0,0,0,0,"","","","","V2025.09.12"
"6303",461,"TOG","Togo",1989,NA,NA,0,0,0,0,"","","","","V2025.09.12"
"6304",461,"TOG","Togo",1990,NA,NA,0,0,0,0,"","","","","V2025.09.12"
"6305",461,"TOG","Togo",1991,NA,NA,1,1,1,1,"01oct1991","07oct1991","28nov1991","15dec1991","V2025.09.12"
"6306",461,"TOG","Togo",1992,NA,NA,0,0,0,0,"","","","","V2025.09.12"
"6307",461,"TOG","Togo",1993,NA,NA,0,0,0,0,"","","","","V2025.09.12"
"6308",461,"TOG","Togo",1994,NA,NA,0,0,0,0,"","","","","V2025.09.12"
"6309",461,"TOG","Togo",1995,NA,NA,0,0,0,0,"","","","","V2025.09.12"
"6310",461,"TOG","Togo",1996,NA,NA,0,0,0,0,"","","","","V2025.09.12"
"6311",461,"TOG","Togo",1997,NA,NA,0,0,0,0,"","","","","V2025.09.12"
"6312",461,"TOG","Togo",1998,NA,NA,0,0,0,0,"","","","","V2025.09.12"
"6313",461,"TOG","Togo",1999,NA,NA,0,0,0,0,"","","","","V2025.09.12"
"6314",461,"TOG","Togo",2000,NA,NA,0,0,0,0,"","","","","V2025.09.12"
"6315",461,"TOG","Togo",2001,NA,NA,0,0,0,0,"","","","","V2025.09.12"
"6316",461,"TOG","Togo",2002,NA,NA,0,0,0,0,"","","","","V2025.09.12"
"6317",461,"TOG","Togo",2003,NA,NA,0,0,0,0,"","","","","V2025.09.12"
"6318",461,"TOG","Togo",2004,NA,NA,0,0,0,0,"","","","","V2025.09.12"
"6319",461,"TOG","Togo",2005,NA,NA,2,0,0,0,"05feb2005","","","","V2025.09.12"
"6320",461,"TOG","Togo",2006,NA,NA,0,0,0,0,"","","","","V2025.09.12"
"6321",461,"TOG","Togo",2007,NA,NA,0,0,0,0,"","","","","V2025.09.12"
"6322",461,"TOG","Togo",2008,NA,NA,0,0,0,0,"","","","","V2025.09.12"
"6323",461,"TOG","Togo",2009,NA,NA,0,0,0,0,"","","","","V2025.09.12"
"6324",461,"TOG","Togo",2010,NA,NA,0,0,0,0,"","","","","V2025.09.12"
"6325",461,"TOG","Togo",2011,NA,NA,0,0,0,0,"","","","","V2025.09.12"
"6326",461,"TOG","Togo",2012,NA,NA,0,0,0,0,"","","","","V2025.09.12"
"6327",461,"TOG","Togo",2013,NA,NA,0,0,0,0,"","","","","V2025.09.12"
"6328",461,"TOG","Togo",2014,NA,NA,0,0,0,0,"","","","","V2025.09.12"
"6329",461,"TOG","Togo",2015,NA,NA,0,0,0,0,"","","","","V2025.09.12"
"6330",461,"TOG","Togo",2016,NA,NA,0,0,0,0,"","","","","V2025.09.12"
"6331",461,"TOG","Togo",2017,NA,NA,0,0,0,0,"","","","","V2025.09.12"
"6332",461,"TOG","Togo",2018,NA,NA,0,0,0,0,"","","","","V2025.09.12"
"6333",461,"TOG","Togo",2019,NA,NA,0,0,0,0,"","","","","V2025.09.12"
"6334",461,"TOG","Togo",2020,NA,NA,0,0,0,0,"","","","","V2025.09.12"
"6335",461,"TOG","Togo",2021,NA,NA,0,0,0,0,"","","","","V2025.09.12"
"6336",461,"TOG","Togo",2022,NA,NA,0,0,0,0,"","","","","V2025.09.12"
"6337",461,"TOG","Togo",2023,NA,NA,0,0,0,0,"","","","","V2025.09.12"
"6338",461,"TOG","Togo",2024,NA,NA,0,0,0,0,"","","","","V2025.09.12"
"6339",471,"CAO","Cameroon",1960,NA,NA,0,0,0,0,"","","","","V2025.09.12"
"6340",471,"CAO","Cameroon",1961,NA,NA,0,0,0,0,"","","","","V2025.09.12"
"6341",471,"CAO","Cameroon",1962,NA,NA,0,0,0,0,"","","","","V2025.09.12"
"6342",471,"CAO","Cameroon",1963,NA,NA,0,0,0,0,"","","","","V2025.09.12"
"6343",471,"CAO","Cameroon",1964,NA,NA,0,0,0,0,"","","","","V2025.09.12"
"6344",471,"CAO","Cameroon",1965,NA,NA,0,0,0,0,"","","","","V2025.09.12"
"6345",471,"CAO","Cameroon",1966,NA,NA,0,0,0,0,"","","","","V2025.09.12"
"6346",471,"CAO","Cameroon",1967,NA,NA,0,0,0,0,"","","","","V2025.09.12"
"6347",471,"CAO","Cameroon",1968,NA,NA,0,0,0,0,"","","","","V2025.09.12"
"6348",471,"CAO","Cameroon",1969,NA,NA,0,0,0,0,"","","","","V2025.09.12"
"6349",471,"CAO","Cameroon",1970,NA,NA,0,0,0,0,"","","","","V2025.09.12"
"6350",471,"CAO","Cameroon",1971,NA,NA,0,0,0,0,"","","","","V2025.09.12"
"6351",471,"CAO","Cameroon",1972,NA,NA,0,0,0,0,"","","","","V2025.09.12"
"6352",471,"CAO","Cameroon",1973,NA,NA,0,0,0,0,"","","","","V2025.09.12"
"6353",471,"CAO","Cameroon",1974,NA,NA,0,0,0,0,"","","","","V2025.09.12"
"6354",471,"CAO","Cameroon",1975,NA,NA,0,0,0,0,"","","","","V2025.09.12"
"6355",471,"CAO","Cameroon",1976,NA,NA,0,0,0,0,"","","","","V2025.09.12"
"6356",471,"CAO","Cameroon",1977,NA,NA,0,0,0,0,"","","","","V2025.09.12"
"6357",471,"CAO","Cameroon",1978,NA,NA,0,0,0,0,"","","","","V2025.09.12"
"6358",471,"CAO","Cameroon",1979,NA,NA,0,0,0,0,"","","","","V2025.09.12"
"6359",471,"CAO","Cameroon",1980,NA,NA,0,0,0,0,"","","","","V2025.09.12"
"6360",471,"CAO","Cameroon",1981,NA,NA,0,0,0,0,"","","","","V2025.09.12"
"6361",471,"CAO","Cameroon",1982,NA,NA,0,0,0,0,"","","","","V2025.09.12"
"6362",471,"CAO","Cameroon",1983,NA,NA,0,0,0,0,"","","","","V2025.09.12"
"6363",471,"CAO","Cameroon",1984,NA,NA,1,0,0,0,"06apr1984","","","","V2025.09.12"
"6364",471,"CAO","Cameroon",1985,NA,NA,0,0,0,0,"","","","","V2025.09.12"
"6365",471,"CAO","Cameroon",1986,NA,NA,0,0,0,0,"","","","","V2025.09.12"
"6366",471,"CAO","Cameroon",1987,NA,NA,0,0,0,0,"","","","","V2025.09.12"
"6367",471,"CAO","Cameroon",1988,NA,NA,0,0,0,0,"","","","","V2025.09.12"
"6368",471,"CAO","Cameroon",1989,NA,NA,0,0,0,0,"","","","","V2025.09.12"
"6369",471,"CAO","Cameroon",1990,NA,NA,0,0,0,0,"","","","","V2025.09.12"
"6370",471,"CAO","Cameroon",1991,NA,NA,0,0,0,0,"","","","","V2025.09.12"
"6371",471,"CAO","Cameroon",1992,NA,NA,0,0,0,0,"","","","","V2025.09.12"
"6372",471,"CAO","Cameroon",1993,NA,NA,0,0,0,0,"","","","","V2025.09.12"
"6373",471,"CAO","Cameroon",1994,NA,NA,0,0,0,0,"","","","","V2025.09.12"
"6374",471,"CAO","Cameroon",1995,NA,NA,0,0,0,0,"","","","","V2025.09.12"
"6375",471,"CAO","Cameroon",1996,NA,NA,0,0,0,0,"","","","","V2025.09.12"
"6376",471,"CAO","Cameroon",1997,NA,NA,0,0,0,0,"","","","","V2025.09.12"
"6377",471,"CAO","Cameroon",1998,NA,NA,0,0,0,0,"","","","","V2025.09.12"
"6378",471,"CAO","Cameroon",1999,NA,NA,0,0,0,0,"","","","","V2025.09.12"
"6379",471,"CAO","Cameroon",2000,NA,NA,0,0,0,0,"","","","","V2025.09.12"
"6380",471,"CAO","Cameroon",2001,NA,NA,0,0,0,0,"","","","","V2025.09.12"
"6381",471,"CAO","Cameroon",2002,NA,NA,0,0,0,0,"","","","","V2025.09.12"
"6382",471,"CAO","Cameroon",2003,NA,NA,0,0,0,0,"","","","","V2025.09.12"
"6383",471,"CAO","Cameroon",2004,NA,NA,0,0,0,0,"","","","","V2025.09.12"
"6384",471,"CAO","Cameroon",2005,NA,NA,0,0,0,0,"","","","","V2025.09.12"
"6385",471,"CAO","Cameroon",2006,NA,NA,0,0,0,0,"","","","","V2025.09.12"
"6386",471,"CAO","Cameroon",2007,NA,NA,0,0,0,0,"","","","","V2025.09.12"
"6387",471,"CAO","Cameroon",2008,NA,NA,0,0,0,0,"","","","","V2025.09.12"
"6388",471,"CAO","Cameroon",2009,NA,NA,0,0,0,0,"","","","","V2025.09.12"
"6389",471,"CAO","Cameroon",2010,NA,NA,0,0,0,0,"","","","","V2025.09.12"
"6390",471,"CAO","Cameroon",2011,NA,NA,0,0,0,0,"","","","","V2025.09.12"
"6391",471,"CAO","Cameroon",2012,NA,NA,0,0,0,0,"","","","","V2025.09.12"
"6392",471,"CAO","Cameroon",2013,NA,NA,0,0,0,0,"","","","","V2025.09.12"
"6393",471,"CAO","Cameroon",2014,NA,NA,0,0,0,0,"","","","","V2025.09.12"
"6394",471,"CAO","Cameroon",2015,NA,NA,0,0,0,0,"","","","","V2025.09.12"
"6395",471,"CAO","Cameroon",2016,NA,NA,0,0,0,0,"","","","","V2025.09.12"
"6396",471,"CAO","Cameroon",2017,NA,NA,0,0,0,0,"","","","","V2025.09.12"
"6397",471,"CAO","Cameroon",2018,NA,NA,0,0,0,0,"","","","","V2025.09.12"
"6398",471,"CAO","Cameroon",2019,NA,NA,0,0,0,0,"","","","","V2025.09.12"
"6399",471,"CAO","Cameroon",2020,NA,NA,0,0,0,0,"","","","","V2025.09.12"
"6400",471,"CAO","Cameroon",2021,NA,NA,0,0,0,0,"","","","","V2025.09.12"
"6401",471,"CAO","Cameroon",2022,NA,NA,0,0,0,0,"","","","","V2025.09.12"
"6402",471,"CAO","Cameroon",2023,NA,NA,0,0,0,0,"","","","","V2025.09.12"
"6403",471,"CAO","Cameroon",2024,NA,NA,0,0,0,0,"","","","","V2025.09.12"
"6404",475,"NIG","Nigeria",1960,NA,NA,0,0,0,0,"","","","","V2025.09.12"
"6405",475,"NIG","Nigeria",1961,NA,NA,0,0,0,0,"","","","","V2025.09.12"
"6406",475,"NIG","Nigeria",1962,NA,NA,0,0,0,0,"","","","","V2025.09.12"
"6407",475,"NIG","Nigeria",1963,NA,NA,0,0,0,0,"","","","","V2025.09.12"
"6408",475,"NIG","Nigeria",1964,NA,NA,0,0,0,0,"","","","","V2025.09.12"
"6409",475,"NIG","Nigeria",1965,NA,NA,0,0,0,0,"","","","","V2025.09.12"
"6410",475,"NIG","Nigeria",1966,NA,NA,2,2,0,0,"15jan1966","29jul1966","","","V2025.09.12"
"6411",475,"NIG","Nigeria",1967,NA,NA,0,0,0,0,"","","","","V2025.09.12"
"6412",475,"NIG","Nigeria",1968,NA,NA,0,0,0,0,"","","","","V2025.09.12"
"6413",475,"NIG","Nigeria",1969,NA,NA,0,0,0,0,"","","","","V2025.09.12"
"6414",475,"NIG","Nigeria",1970,NA,NA,0,0,0,0,"","","","","V2025.09.12"
"6415",475,"NIG","Nigeria",1971,NA,NA,0,0,0,0,"","","","","V2025.09.12"
"6416",475,"NIG","Nigeria",1972,NA,NA,0,0,0,0,"","","","","V2025.09.12"
"6417",475,"NIG","Nigeria",1973,NA,NA,0,0,0,0,"","","","","V2025.09.12"
"6418",475,"NIG","Nigeria",1974,NA,NA,0,0,0,0,"","","","","V2025.09.12"
"6419",475,"NIG","Nigeria",1975,NA,NA,2,0,0,0,"29jul1975","","","","V2025.09.12"
"6420",475,"NIG","Nigeria",1976,NA,NA,1,0,0,0,"13feb1976","","","","V2025.09.12"
"6421",475,"NIG","Nigeria",1977,NA,NA,0,0,0,0,"","","","","V2025.09.12"
"6422",475,"NIG","Nigeria",1978,NA,NA,0,0,0,0,"","","","","V2025.09.12"
"6423",475,"NIG","Nigeria",1979,NA,NA,0,0,0,0,"","","","","V2025.09.12"
"6424",475,"NIG","Nigeria",1980,NA,NA,0,0,0,0,"","","","","V2025.09.12"
"6425",475,"NIG","Nigeria",1981,NA,NA,0,0,0,0,"","","","","V2025.09.12"
"6426",475,"NIG","Nigeria",1982,NA,NA,0,0,0,0,"","","","","V2025.09.12"
"6427",475,"NIG","Nigeria",1983,NA,NA,2,0,0,0,"31dec1983","","","","V2025.09.12"
"6428",475,"NIG","Nigeria",1984,NA,NA,0,0,0,0,"","","","","V2025.09.12"
"6429",475,"NIG","Nigeria",1985,NA,NA,2,0,0,0,"27aug1985","","","","V2025.09.12"
"6430",475,"NIG","Nigeria",1986,NA,NA,0,0,0,0,"","","","","V2025.09.12"
"6431",475,"NIG","Nigeria",1987,NA,NA,0,0,0,0,"","","","","V2025.09.12"
"6432",475,"NIG","Nigeria",1988,NA,NA,0,0,0,0,"","","","","V2025.09.12"
"6433",475,"NIG","Nigeria",1989,NA,NA,0,0,0,0,"","","","","V2025.09.12"
"6434",475,"NIG","Nigeria",1990,NA,NA,1,0,0,0,"22apr1990","","","","V2025.09.12"
"6435",475,"NIG","Nigeria",1991,NA,NA,0,0,0,0,"","","","","V2025.09.12"
"6436",475,"NIG","Nigeria",1992,NA,NA,0,0,0,0,"","","","","V2025.09.12"
"6437",475,"NIG","Nigeria",1993,NA,NA,2,0,0,0,"17nov1993","","","","V2025.09.12"
"6438",475,"NIG","Nigeria",1994,NA,NA,0,0,0,0,"","","","","V2025.09.12"
"6439",475,"NIG","Nigeria",1995,NA,NA,0,0,0,0,"","","","","V2025.09.12"
"6440",475,"NIG","Nigeria",1996,NA,NA,0,0,0,0,"","","","","V2025.09.12"
"6441",475,"NIG","Nigeria",1997,NA,NA,0,0,0,0,"","","","","V2025.09.12"
"6442",475,"NIG","Nigeria",1998,NA,NA,0,0,0,0,"","","","","V2025.09.12"
"6443",475,"NIG","Nigeria",1999,NA,NA,0,0,0,0,"","","","","V2025.09.12"
"6444",475,"NIG","Nigeria",2000,NA,NA,0,0,0,0,"","","","","V2025.09.12"
"6445",475,"NIG","Nigeria",2001,NA,NA,0,0,0,0,"","","","","V2025.09.12"
"6446",475,"NIG","Nigeria",2002,NA,NA,0,0,0,0,"","","","","V2025.09.12"
"6447",475,"NIG","Nigeria",2003,NA,NA,0,0,0,0,"","","","","V2025.09.12"
"6448",475,"NIG","Nigeria",2004,NA,NA,0,0,0,0,"","","","","V2025.09.12"
"6449",475,"NIG","Nigeria",2005,NA,NA,0,0,0,0,"","","","","V2025.09.12"
"6450",475,"NIG","Nigeria",2006,NA,NA,0,0,0,0,"","","","","V2025.09.12"
"6451",475,"NIG","Nigeria",2007,NA,NA,0,0,0,0,"","","","","V2025.09.12"
"6452",475,"NIG","Nigeria",2008,NA,NA,0,0,0,0,"","","","","V2025.09.12"
"6453",475,"NIG","Nigeria",2009,NA,NA,0,0,0,0,"","","","","V2025.09.12"
"6454",475,"NIG","Nigeria",2010,NA,NA,0,0,0,0,"","","","","V2025.09.12"
"6455",475,"NIG","Nigeria",2011,NA,NA,0,0,0,0,"","","","","V2025.09.12"
"6456",475,"NIG","Nigeria",2012,NA,NA,0,0,0,0,"","","","","V2025.09.12"
"6457",475,"NIG","Nigeria",2013,NA,NA,0,0,0,0,"","","","","V2025.09.12"
"6458",475,"NIG","Nigeria",2014,NA,NA,0,0,0,0,"","","","","V2025.09.12"
"6459",475,"NIG","Nigeria",2015,NA,NA,0,0,0,0,"","","","","V2025.09.12"
"6460",475,"NIG","Nigeria",2016,NA,NA,0,0,0,0,"","","","","V2025.09.12"
"6461",475,"NIG","Nigeria",2017,NA,NA,0,0,0,0,"","","","","V2025.09.12"
"6462",475,"NIG","Nigeria",2018,NA,NA,0,0,0,0,"","","","","V2025.09.12"
"6463",475,"NIG","Nigeria",2019,NA,NA,0,0,0,0,"","","","","V2025.09.12"
"6464",475,"NIG","Nigeria",2020,NA,NA,0,0,0,0,"","","","","V2025.09.12"
"6465",475,"NIG","Nigeria",2021,NA,NA,0,0,0,0,"","","","","V2025.09.12"
"6466",475,"NIG","Nigeria",2022,NA,NA,0,0,0,0,"","","","","V2025.09.12"
"6467",475,"NIG","Nigeria",2023,NA,NA,0,0,0,0,"","","","","V2025.09.12"
"6468",475,"NIG","Nigeria",2024,NA,NA,0,0,0,0,"","","","","V2025.09.12"
"6469",481,"GAB","Gabon",1960,NA,NA,0,0,0,0,"","","","","V2025.09.12"
"6470",481,"GAB","Gabon",1961,NA,NA,0,0,0,0,"","","","","V2025.09.12"
"6471",481,"GAB","Gabon",1962,NA,NA,0,0,0,0,"","","","","V2025.09.12"
"6472",481,"GAB","Gabon",1963,NA,NA,0,0,0,0,"","","","","V2025.09.12"
"6473",481,"GAB","Gabon",1964,NA,NA,1,0,0,0,"17feb1964","","","","V2025.09.12"
"6474",481,"GAB","Gabon",1965,NA,NA,0,0,0,0,"","","","","V2025.09.12"
"6475",481,"GAB","Gabon",1966,NA,NA,0,0,0,0,"","","","","V2025.09.12"
"6476",481,"GAB","Gabon",1967,NA,NA,0,0,0,0,"","","","","V2025.09.12"
"6477",481,"GAB","Gabon",1968,NA,NA,0,0,0,0,"","","","","V2025.09.12"
"6478",481,"GAB","Gabon",1969,NA,NA,0,0,0,0,"","","","","V2025.09.12"
"6479",481,"GAB","Gabon",1970,NA,NA,0,0,0,0,"","","","","V2025.09.12"
"6480",481,"GAB","Gabon",1971,NA,NA,0,0,0,0,"","","","","V2025.09.12"
"6481",481,"GAB","Gabon",1972,NA,NA,0,0,0,0,"","","","","V2025.09.12"
"6482",481,"GAB","Gabon",1973,NA,NA,0,0,0,0,"","","","","V2025.09.12"
"6483",481,"GAB","Gabon",1974,NA,NA,0,0,0,0,"","","","","V2025.09.12"
"6484",481,"GAB","Gabon",1975,NA,NA,0,0,0,0,"","","","","V2025.09.12"
"6485",481,"GAB","Gabon",1976,NA,NA,0,0,0,0,"","","","","V2025.09.12"
"6486",481,"GAB","Gabon",1977,NA,NA,0,0,0,0,"","","","","V2025.09.12"
"6487",481,"GAB","Gabon",1978,NA,NA,0,0,0,0,"","","","","V2025.09.12"
"6488",481,"GAB","Gabon",1979,NA,NA,0,0,0,0,"","","","","V2025.09.12"
"6489",481,"GAB","Gabon",1980,NA,NA,0,0,0,0,"","","","","V2025.09.12"
"6490",481,"GAB","Gabon",1981,NA,NA,0,0,0,0,"","","","","V2025.09.12"
"6491",481,"GAB","Gabon",1982,NA,NA,0,0,0,0,"","","","","V2025.09.12"
"6492",481,"GAB","Gabon",1983,NA,NA,0,0,0,0,"","","","","V2025.09.12"
"6493",481,"GAB","Gabon",1984,NA,NA,0,0,0,0,"","","","","V2025.09.12"
"6494",481,"GAB","Gabon",1985,NA,NA,0,0,0,0,"","","","","V2025.09.12"
"6495",481,"GAB","Gabon",1986,NA,NA,0,0,0,0,"","","","","V2025.09.12"
"6496",481,"GAB","Gabon",1987,NA,NA,0,0,0,0,"","","","","V2025.09.12"
"6497",481,"GAB","Gabon",1988,NA,NA,0,0,0,0,"","","","","V2025.09.12"
"6498",481,"GAB","Gabon",1989,NA,NA,0,0,0,0,"","","","","V2025.09.12"
"6499",481,"GAB","Gabon",1990,NA,NA,0,0,0,0,"","","","","V2025.09.12"
"6500",481,"GAB","Gabon",1991,NA,NA,0,0,0,0,"","","","","V2025.09.12"
"6501",481,"GAB","Gabon",1992,NA,NA,0,0,0,0,"","","","","V2025.09.12"
"6502",481,"GAB","Gabon",1993,NA,NA,0,0,0,0,"","","","","V2025.09.12"
"6503",481,"GAB","Gabon",1994,NA,NA,0,0,0,0,"","","","","V2025.09.12"
"6504",481,"GAB","Gabon",1995,NA,NA,0,0,0,0,"","","","","V2025.09.12"
"6505",481,"GAB","Gabon",1996,NA,NA,0,0,0,0,"","","","","V2025.09.12"
"6506",481,"GAB","Gabon",1997,NA,NA,0,0,0,0,"","","","","V2025.09.12"
"6507",481,"GAB","Gabon",1998,NA,NA,0,0,0,0,"","","","","V2025.09.12"
"6508",481,"GAB","Gabon",1999,NA,NA,0,0,0,0,"","","","","V2025.09.12"
"6509",481,"GAB","Gabon",2000,NA,NA,0,0,0,0,"","","","","V2025.09.12"
"6510",481,"GAB","Gabon",2001,NA,NA,0,0,0,0,"","","","","V2025.09.12"
"6511",481,"GAB","Gabon",2002,NA,NA,0,0,0,0,"","","","","V2025.09.12"
"6512",481,"GAB","Gabon",2003,NA,NA,0,0,0,0,"","","","","V2025.09.12"
"6513",481,"GAB","Gabon",2004,NA,NA,0,0,0,0,"","","","","V2025.09.12"
"6514",481,"GAB","Gabon",2005,NA,NA,0,0,0,0,"","","","","V2025.09.12"
"6515",481,"GAB","Gabon",2006,NA,NA,0,0,0,0,"","","","","V2025.09.12"
"6516",481,"GAB","Gabon",2007,NA,NA,0,0,0,0,"","","","","V2025.09.12"
"6517",481,"GAB","Gabon",2008,NA,NA,0,0,0,0,"","","","","V2025.09.12"
"6518",481,"GAB","Gabon",2009,NA,NA,0,0,0,0,"","","","","V2025.09.12"
"6519",481,"GAB","Gabon",2010,NA,NA,0,0,0,0,"","","","","V2025.09.12"
"6520",481,"GAB","Gabon",2011,NA,NA,0,0,0,0,"","","","","V2025.09.12"
"6521",481,"GAB","Gabon",2012,NA,NA,0,0,0,0,"","","","","V2025.09.12"
"6522",481,"GAB","Gabon",2013,NA,NA,0,0,0,0,"","","","","V2025.09.12"
"6523",481,"GAB","Gabon",2014,NA,NA,0,0,0,0,"","","","","V2025.09.12"
"6524",481,"GAB","Gabon",2015,NA,NA,0,0,0,0,"","","","","V2025.09.12"
"6525",481,"GAB","Gabon",2016,NA,NA,0,0,0,0,"","","","","V2025.09.12"
"6526",481,"GAB","Gabon",2017,NA,NA,0,0,0,0,"","","","","V2025.09.12"
"6527",481,"GAB","Gabon",2018,NA,NA,0,0,0,0,"","","","","V2025.09.12"
"6528",481,"GAB","Gabon",2019,NA,NA,1,0,0,0,"07jan2019","","","","V2025.09.12"
"6529",481,"GAB","Gabon",2020,NA,NA,0,0,0,0,"","","","","V2025.09.12"
"6530",481,"GAB","Gabon",2021,NA,NA,0,0,0,0,"","","","","V2025.09.12"
"6531",481,"GAB","Gabon",2022,NA,NA,0,0,0,0,"","","","","V2025.09.12"
"6532",481,"GAB","Gabon",2023,NA,NA,2,0,0,0,"30aug2023","","","","V2025.09.12"
"6533",481,"GAB","Gabon",2024,NA,NA,0,0,0,0,"","","","","V2025.09.12"
"6534",482,"CEN","Central African Republic",1960,NA,NA,0,0,0,0,"","","","","V2025.09.12"
"6535",482,"CEN","Central African Republic",1961,NA,NA,0,0,0,0,"","","","","V2025.09.12"
"6536",482,"CEN","Central African Republic",1962,NA,NA,0,0,0,0,"","","","","V2025.09.12"
"6537",482,"CEN","Central African Republic",1963,NA,NA,0,0,0,0,"","","","","V2025.09.12"
"6538",482,"CEN","Central African Republic",1964,NA,NA,0,0,0,0,"","","","","V2025.09.12"
"6539",482,"CEN","Central African Republic",1965,NA,NA,0,0,0,0,"","","","","V2025.09.12"
"6540",482,"CEN","Central African Republic",1966,NA,NA,2,0,0,0,"01jan1966","","","","V2025.09.12"
"6541",482,"CEN","Central African Republic",1967,NA,NA,0,0,0,0,"","","","","V2025.09.12"
"6542",482,"CEN","Central African Republic",1968,NA,NA,0,0,0,0,"","","","","V2025.09.12"
"6543",482,"CEN","Central African Republic",1969,NA,NA,0,0,0,0,"","","","","V2025.09.12"
"6544",482,"CEN","Central African Republic",1970,NA,NA,0,0,0,0,"","","","","V2025.09.12"
"6545",482,"CEN","Central African Republic",1971,NA,NA,0,0,0,0,"","","","","V2025.09.12"
"6546",482,"CEN","Central African Republic",1972,NA,NA,0,0,0,0,"","","","","V2025.09.12"
"6547",482,"CEN","Central African Republic",1973,NA,NA,0,0,0,0,"","","","","V2025.09.12"
"6548",482,"CEN","Central African Republic",1974,NA,NA,0,0,0,0,"","","","","V2025.09.12"
"6549",482,"CEN","Central African Republic",1975,NA,NA,0,0,0,0,"","","","","V2025.09.12"
"6550",482,"CEN","Central African Republic",1976,NA,NA,1,0,0,0,"05feb1976","","","","V2025.09.12"
"6551",482,"CEN","Central African Republic",1977,NA,NA,0,0,0,0,"","","","","V2025.09.12"
"6552",482,"CEN","Central African Republic",1978,NA,NA,0,0,0,0,"","","","","V2025.09.12"
"6553",482,"CEN","Central African Republic",1979,NA,NA,0,0,0,0,"","","","","V2025.09.12"
"6554",482,"CEN","Central African Republic",1980,NA,NA,0,0,0,0,"","","","","V2025.09.12"
"6555",482,"CEN","Central African Republic",1981,NA,NA,2,0,0,0,"01sep1981","","","","V2025.09.12"
"6556",482,"CEN","Central African Republic",1982,NA,NA,0,0,0,0,"","","","","V2025.09.12"
"6557",482,"CEN","Central African Republic",1983,NA,NA,0,0,0,0,"","","","","V2025.09.12"
"6558",482,"CEN","Central African Republic",1984,NA,NA,0,0,0,0,"","","","","V2025.09.12"
"6559",482,"CEN","Central African Republic",1985,NA,NA,0,0,0,0,"","","","","V2025.09.12"
"6560",482,"CEN","Central African Republic",1986,NA,NA,0,0,0,0,"","","","","V2025.09.12"
"6561",482,"CEN","Central African Republic",1987,NA,NA,0,0,0,0,"","","","","V2025.09.12"
"6562",482,"CEN","Central African Republic",1988,NA,NA,0,0,0,0,"","","","","V2025.09.12"
"6563",482,"CEN","Central African Republic",1989,NA,NA,0,0,0,0,"","","","","V2025.09.12"
"6564",482,"CEN","Central African Republic",1990,NA,NA,0,0,0,0,"","","","","V2025.09.12"
"6565",482,"CEN","Central African Republic",1991,NA,NA,0,0,0,0,"","","","","V2025.09.12"
"6566",482,"CEN","Central African Republic",1992,NA,NA,0,0,0,0,"","","","","V2025.09.12"
"6567",482,"CEN","Central African Republic",1993,NA,NA,0,0,0,0,"","","","","V2025.09.12"
"6568",482,"CEN","Central African Republic",1994,NA,NA,0,0,0,0,"","","","","V2025.09.12"
"6569",482,"CEN","Central African Republic",1995,NA,NA,0,0,0,0,"","","","","V2025.09.12"
"6570",482,"CEN","Central African Republic",1996,NA,NA,0,0,0,0,"","","","","V2025.09.12"
"6571",482,"CEN","Central African Republic",1997,NA,NA,0,0,0,0,"","","","","V2025.09.12"
"6572",482,"CEN","Central African Republic",1998,NA,NA,0,0,0,0,"","","","","V2025.09.12"
"6573",482,"CEN","Central African Republic",1999,NA,NA,0,0,0,0,"","","","","V2025.09.12"
"6574",482,"CEN","Central African Republic",2000,NA,NA,0,0,0,0,"","","","","V2025.09.12"
"6575",482,"CEN","Central African Republic",2001,NA,NA,1,0,0,0,"28may2001","","","","V2025.09.12"
"6576",482,"CEN","Central African Republic",2002,NA,NA,0,0,0,0,"","","","","V2025.09.12"
"6577",482,"CEN","Central African Republic",2003,NA,NA,2,0,0,0,"15mar2003","","","","V2025.09.12"
"6578",482,"CEN","Central African Republic",2004,NA,NA,0,0,0,0,"","","","","V2025.09.12"
"6579",482,"CEN","Central African Republic",2005,NA,NA,0,0,0,0,"","","","","V2025.09.12"
"6580",482,"CEN","Central African Republic",2006,NA,NA,0,0,0,0,"","","","","V2025.09.12"
"6581",482,"CEN","Central African Republic",2007,NA,NA,0,0,0,0,"","","","","V2025.09.12"
"6582",482,"CEN","Central African Republic",2008,NA,NA,0,0,0,0,"","","","","V2025.09.12"
"6583",482,"CEN","Central African Republic",2009,NA,NA,0,0,0,0,"","","","","V2025.09.12"
"6584",482,"CEN","Central African Republic",2010,NA,NA,0,0,0,0,"","","","","V2025.09.12"
"6585",482,"CEN","Central African Republic",2011,NA,NA,0,0,0,0,"","","","","V2025.09.12"
"6586",482,"CEN","Central African Republic",2012,NA,NA,0,0,0,0,"","","","","V2025.09.12"
"6587",482,"CEN","Central African Republic",2013,NA,NA,0,0,0,0,"","","","","V2025.09.12"
"6588",482,"CEN","Central African Republic",2014,NA,NA,0,0,0,0,"","","","","V2025.09.12"
"6589",482,"CEN","Central African Republic",2015,NA,NA,0,0,0,0,"","","","","V2025.09.12"
"6590",482,"CEN","Central African Republic",2016,NA,NA,0,0,0,0,"","","","","V2025.09.12"
"6591",482,"CEN","Central African Republic",2017,NA,NA,0,0,0,0,"","","","","V2025.09.12"
"6592",482,"CEN","Central African Republic",2018,NA,NA,0,0,0,0,"","","","","V2025.09.12"
"6593",482,"CEN","Central African Republic",2019,NA,NA,0,0,0,0,"","","","","V2025.09.12"
"6594",482,"CEN","Central African Republic",2020,NA,NA,0,0,0,0,"","","","","V2025.09.12"
"6595",482,"CEN","Central African Republic",2021,NA,NA,0,0,0,0,"","","","","V2025.09.12"
"6596",482,"CEN","Central African Republic",2022,NA,NA,0,0,0,0,"","","","","V2025.09.12"
"6597",482,"CEN","Central African Republic",2023,NA,NA,0,0,0,0,"","","","","V2025.09.12"
"6598",482,"CEN","Central African Republic",2024,NA,NA,0,0,0,0,"","","","","V2025.09.12"
"6599",483,"CHA","Chad",1960,NA,NA,0,0,0,0,"","","","","V2025.09.12"
"6600",483,"CHA","Chad",1961,NA,NA,0,0,0,0,"","","","","V2025.09.12"
"6601",483,"CHA","Chad",1962,NA,NA,0,0,0,0,"","","","","V2025.09.12"
"6602",483,"CHA","Chad",1963,NA,NA,0,0,0,0,"","","","","V2025.09.12"
"6603",483,"CHA","Chad",1964,NA,NA,0,0,0,0,"","","","","V2025.09.12"
"6604",483,"CHA","Chad",1965,NA,NA,0,0,0,0,"","","","","V2025.09.12"
"6605",483,"CHA","Chad",1966,NA,NA,0,0,0,0,"","","","","V2025.09.12"
"6606",483,"CHA","Chad",1967,NA,NA,0,0,0,0,"","","","","V2025.09.12"
"6607",483,"CHA","Chad",1968,NA,NA,0,0,0,0,"","","","","V2025.09.12"
"6608",483,"CHA","Chad",1969,NA,NA,0,0,0,0,"","","","","V2025.09.12"
"6609",483,"CHA","Chad",1970,NA,NA,0,0,0,0,"","","","","V2025.09.12"
"6610",483,"CHA","Chad",1971,NA,NA,0,0,0,0,"","","","","V2025.09.12"
"6611",483,"CHA","Chad",1972,NA,NA,0,0,0,0,"","","","","V2025.09.12"
"6612",483,"CHA","Chad",1973,NA,NA,0,0,0,0,"","","","","V2025.09.12"
"6613",483,"CHA","Chad",1974,NA,NA,0,0,0,0,"","","","","V2025.09.12"
"6614",483,"CHA","Chad",1975,NA,NA,2,0,0,0,"13apr1975","","","","V2025.09.12"
"6615",483,"CHA","Chad",1976,NA,NA,0,0,0,0,"","","","","V2025.09.12"
"6616",483,"CHA","Chad",1977,NA,NA,1,0,0,0,"01apr1977","","","","V2025.09.12"
"6617",483,"CHA","Chad",1978,NA,NA,0,0,0,0,"","","","","V2025.09.12"
"6618",483,"CHA","Chad",1979,NA,NA,0,0,0,0,"","","","","V2025.09.12"
"6619",483,"CHA","Chad",1980,NA,NA,0,0,0,0,"","","","","V2025.09.12"
"6620",483,"CHA","Chad",1981,NA,NA,0,0,0,0,"","","","","V2025.09.12"
"6621",483,"CHA","Chad",1982,NA,NA,0,0,0,0,"","","","","V2025.09.12"
"6622",483,"CHA","Chad",1983,NA,NA,0,0,0,0,"","","","","V2025.09.12"
"6623",483,"CHA","Chad",1984,NA,NA,0,0,0,0,"","","","","V2025.09.12"
"6624",483,"CHA","Chad",1985,NA,NA,0,0,0,0,"","","","","V2025.09.12"
"6625",483,"CHA","Chad",1986,NA,NA,0,0,0,0,"","","","","V2025.09.12"
"6626",483,"CHA","Chad",1987,NA,NA,0,0,0,0,"","","","","V2025.09.12"
"6627",483,"CHA","Chad",1988,NA,NA,0,0,0,0,"","","","","V2025.09.12"
"6628",483,"CHA","Chad",1989,NA,NA,1,0,0,0,"01apr1989","","","","V2025.09.12"
"6629",483,"CHA","Chad",1990,NA,NA,0,0,0,0,"","","","","V2025.09.12"
"6630",483,"CHA","Chad",1991,NA,NA,1,0,0,0,"13oct1991","","","","V2025.09.12"
"6631",483,"CHA","Chad",1992,NA,NA,0,0,0,0,"","","","","V2025.09.12"
"6632",483,"CHA","Chad",1993,NA,NA,1,0,0,0,"27jan1993","","","","V2025.09.12"
"6633",483,"CHA","Chad",1994,NA,NA,0,0,0,0,"","","","","V2025.09.12"
"6634",483,"CHA","Chad",1995,NA,NA,0,0,0,0,"","","","","V2025.09.12"
"6635",483,"CHA","Chad",1996,NA,NA,0,0,0,0,"","","","","V2025.09.12"
"6636",483,"CHA","Chad",1997,NA,NA,0,0,0,0,"","","","","V2025.09.12"
"6637",483,"CHA","Chad",1998,NA,NA,0,0,0,0,"","","","","V2025.09.12"
"6638",483,"CHA","Chad",1999,NA,NA,0,0,0,0,"","","","","V2025.09.12"
"6639",483,"CHA","Chad",2000,NA,NA,0,0,0,0,"","","","","V2025.09.12"
"6640",483,"CHA","Chad",2001,NA,NA,0,0,0,0,"","","","","V2025.09.12"
"6641",483,"CHA","Chad",2002,NA,NA,0,0,0,0,"","","","","V2025.09.12"
"6642",483,"CHA","Chad",2003,NA,NA,0,0,0,0,"","","","","V2025.09.12"
"6643",483,"CHA","Chad",2004,NA,NA,0,0,0,0,"","","","","V2025.09.12"
"6644",483,"CHA","Chad",2005,NA,NA,0,0,0,0,"","","","","V2025.09.12"
"6645",483,"CHA","Chad",2006,NA,NA,1,0,0,0,"13mar2006","","","","V2025.09.12"
"6646",483,"CHA","Chad",2007,NA,NA,0,0,0,0,"","","","","V2025.09.12"
"6647",483,"CHA","Chad",2008,NA,NA,0,0,0,0,"","","","","V2025.09.12"
"6648",483,"CHA","Chad",2009,NA,NA,0,0,0,0,"","","","","V2025.09.12"
"6649",483,"CHA","Chad",2010,NA,NA,0,0,0,0,"","","","","V2025.09.12"
"6650",483,"CHA","Chad",2011,NA,NA,0,0,0,0,"","","","","V2025.09.12"
"6651",483,"CHA","Chad",2012,NA,NA,0,0,0,0,"","","","","V2025.09.12"
"6652",483,"CHA","Chad",2013,NA,NA,0,0,0,0,"","","","","V2025.09.12"
"6653",483,"CHA","Chad",2014,NA,NA,0,0,0,0,"","","","","V2025.09.12"
"6654",483,"CHA","Chad",2015,NA,NA,0,0,0,0,"","","","","V2025.09.12"
"6655",483,"CHA","Chad",2016,NA,NA,0,0,0,0,"","","","","V2025.09.12"
"6656",483,"CHA","Chad",2017,NA,NA,0,0,0,0,"","","","","V2025.09.12"
"6657",483,"CHA","Chad",2018,NA,NA,0,0,0,0,"","","","","V2025.09.12"
"6658",483,"CHA","Chad",2019,NA,NA,0,0,0,0,"","","","","V2025.09.12"
"6659",483,"CHA","Chad",2020,NA,NA,0,0,0,0,"","","","","V2025.09.12"
"6660",483,"CHA","Chad",2021,NA,NA,2,0,0,0,"20apr2021","","","","V2025.09.12"
"6661",483,"CHA","Chad",2022,NA,NA,0,0,0,0,"","","","","V2025.09.12"
"6662",483,"CHA","Chad",2023,NA,NA,0,0,0,0,"","","","","V2025.09.12"
"6663",483,"CHA","Chad",2024,NA,NA,0,0,0,0,"","","","","V2025.09.12"
"6664",484,"CON","Congo",1960,NA,NA,0,0,0,0,"","","","","V2025.09.12"
"6665",484,"CON","Congo",1961,NA,NA,0,0,0,0,"","","","","V2025.09.12"
"6666",484,"CON","Congo",1962,NA,NA,0,0,0,0,"","","","","V2025.09.12"
"6667",484,"CON","Congo",1963,NA,NA,2,0,0,0,"15aug1963","","","","V2025.09.12"
"6668",484,"CON","Congo",1964,NA,NA,0,0,0,0,"","","","","V2025.09.12"
"6669",484,"CON","Congo",1965,NA,NA,0,0,0,0,"","","","","V2025.09.12"
"6670",484,"CON","Congo",1966,NA,NA,1,0,0,0,"27jun1966","","","","V2025.09.12"
"6671",484,"CON","Congo",1967,NA,NA,0,0,0,0,"","","","","V2025.09.12"
"6672",484,"CON","Congo",1968,NA,NA,1,2,0,0,"03aug1968","04sep1968","","","V2025.09.12"
"6673",484,"CON","Congo",1969,NA,NA,1,0,0,0,"08nov1969","","","","V2025.09.12"
"6674",484,"CON","Congo",1970,NA,NA,1,0,0,0,"22mar1970","","","","V2025.09.12"
"6675",484,"CON","Congo",1971,NA,NA,0,0,0,0,"","","","","V2025.09.12"
"6676",484,"CON","Congo",1972,NA,NA,1,0,0,0,"22feb1972","","","","V2025.09.12"
"6677",484,"CON","Congo",1973,NA,NA,0,0,0,0,"","","","","V2025.09.12"
"6678",484,"CON","Congo",1974,NA,NA,0,0,0,0,"","","","","V2025.09.12"
"6679",484,"CON","Congo",1975,NA,NA,0,0,0,0,"","","","","V2025.09.12"
"6680",484,"CON","Congo",1976,NA,NA,0,0,0,0,"","","","","V2025.09.12"
"6681",484,"CON","Congo",1977,NA,NA,0,0,0,0,"","","","","V2025.09.12"
"6682",484,"CON","Congo",1978,NA,NA,0,0,0,0,"","","","","V2025.09.12"
"6683",484,"CON","Congo",1979,NA,NA,0,0,0,0,"","","","","V2025.09.12"
"6684",484,"CON","Congo",1980,NA,NA,0,0,0,0,"","","","","V2025.09.12"
"6685",484,"CON","Congo",1981,NA,NA,0,0,0,0,"","","","","V2025.09.12"
"6686",484,"CON","Congo",1982,NA,NA,0,0,0,0,"","","","","V2025.09.12"
"6687",484,"CON","Congo",1983,NA,NA,0,0,0,0,"","","","","V2025.09.12"
"6688",484,"CON","Congo",1984,NA,NA,0,0,0,0,"","","","","V2025.09.12"
"6689",484,"CON","Congo",1985,NA,NA,0,0,0,0,"","","","","V2025.09.12"
"6690",484,"CON","Congo",1986,NA,NA,0,0,0,0,"","","","","V2025.09.12"
"6691",484,"CON","Congo",1987,NA,NA,0,0,0,0,"","","","","V2025.09.12"
"6692",484,"CON","Congo",1988,NA,NA,0,0,0,0,"","","","","V2025.09.12"
"6693",484,"CON","Congo",1989,NA,NA,0,0,0,0,"","","","","V2025.09.12"
"6694",484,"CON","Congo",1990,NA,NA,0,0,0,0,"","","","","V2025.09.12"
"6695",484,"CON","Congo",1991,NA,NA,0,0,0,0,"","","","","V2025.09.12"
"6696",484,"CON","Congo",1992,NA,NA,0,0,0,0,"","","","","V2025.09.12"
"6697",484,"CON","Congo",1993,NA,NA,0,0,0,0,"","","","","V2025.09.12"
"6698",484,"CON","Congo",1994,NA,NA,0,0,0,0,"","","","","V2025.09.12"
"6699",484,"CON","Congo",1995,NA,NA,0,0,0,0,"","","","","V2025.09.12"
"6700",484,"CON","Congo",1996,NA,NA,0,0,0,0,"","","","","V2025.09.12"
"6701",484,"CON","Congo",1997,NA,NA,0,0,0,0,"","","","","V2025.09.12"
"6702",484,"CON","Congo",1998,NA,NA,0,0,0,0,"","","","","V2025.09.12"
"6703",484,"CON","Congo",1999,NA,NA,0,0,0,0,"","","","","V2025.09.12"
"6704",484,"CON","Congo",2000,NA,NA,0,0,0,0,"","","","","V2025.09.12"
"6705",484,"CON","Congo",2001,NA,NA,0,0,0,0,"","","","","V2025.09.12"
"6706",484,"CON","Congo",2002,NA,NA,0,0,0,0,"","","","","V2025.09.12"
"6707",484,"CON","Congo",2003,NA,NA,0,0,0,0,"","","","","V2025.09.12"
"6708",484,"CON","Congo",2004,NA,NA,0,0,0,0,"","","","","V2025.09.12"
"6709",484,"CON","Congo",2005,NA,NA,0,0,0,0,"","","","","V2025.09.12"
"6710",484,"CON","Congo",2006,NA,NA,0,0,0,0,"","","","","V2025.09.12"
"6711",484,"CON","Congo",2007,NA,NA,0,0,0,0,"","","","","V2025.09.12"
"6712",484,"CON","Congo",2008,NA,NA,0,0,0,0,"","","","","V2025.09.12"
"6713",484,"CON","Congo",2009,NA,NA,0,0,0,0,"","","","","V2025.09.12"
"6714",484,"CON","Congo",2010,NA,NA,0,0,0,0,"","","","","V2025.09.12"
"6715",484,"CON","Congo",2011,NA,NA,0,0,0,0,"","","","","V2025.09.12"
"6716",484,"CON","Congo",2012,NA,NA,0,0,0,0,"","","","","V2025.09.12"
"6717",484,"CON","Congo",2013,NA,NA,0,0,0,0,"","","","","V2025.09.12"
"6718",484,"CON","Congo",2014,NA,NA,0,0,0,0,"","","","","V2025.09.12"
"6719",484,"CON","Congo",2015,NA,NA,0,0,0,0,"","","","","V2025.09.12"
"6720",484,"CON","Congo",2016,NA,NA,0,0,0,0,"","","","","V2025.09.12"
"6721",484,"CON","Congo",2017,NA,NA,0,0,0,0,"","","","","V2025.09.12"
"6722",484,"CON","Congo",2018,NA,NA,0,0,0,0,"","","","","V2025.09.12"
"6723",484,"CON","Congo",2019,NA,NA,0,0,0,0,"","","","","V2025.09.12"
"6724",484,"CON","Congo",2020,NA,NA,0,0,0,0,"","","","","V2025.09.12"
"6725",484,"CON","Congo",2021,NA,NA,0,0,0,0,"","","","","V2025.09.12"
"6726",484,"CON","Congo",2022,NA,NA,0,0,0,0,"","","","","V2025.09.12"
"6727",484,"CON","Congo",2023,NA,NA,0,0,0,0,"","","","","V2025.09.12"
"6728",484,"CON","Congo",2024,NA,NA,0,0,0,0,"","","","","V2025.09.12"
"6729",490,"DRC","Congo, Democratic Republic of (Zaire)",1960,NA,NA,2,0,0,0,"14sep1960","","","","V2025.09.12"
"6730",490,"DRC","Congo, Democratic Republic of (Zaire)",1961,NA,NA,0,0,0,0,"","","","","V2025.09.12"
"6731",490,"DRC","Congo, Democratic Republic of (Zaire)",1962,NA,NA,0,0,0,0,"","","","","V2025.09.12"
"6732",490,"DRC","Congo, Democratic Republic of (Zaire)",1963,NA,NA,0,0,0,0,"","","","","V2025.09.12"
"6733",490,"DRC","Congo, Democratic Republic of (Zaire)",1964,NA,NA,0,0,0,0,"","","","","V2025.09.12"
"6734",490,"DRC","Congo, Democratic Republic of (Zaire)",1965,NA,NA,2,0,0,0,"25nov1965","","","","V2025.09.12"
"6735",490,"DRC","Congo, Democratic Republic of (Zaire)",1966,NA,NA,0,0,0,0,"","","","","V2025.09.12"
"6736",490,"DRC","Congo, Democratic Republic of (Zaire)",1967,NA,NA,0,0,0,0,"","","","","V2025.09.12"
"6737",490,"DRC","Congo, Democratic Republic of (Zaire)",1968,NA,NA,0,0,0,0,"","","","","V2025.09.12"
"6738",490,"DRC","Congo, Democratic Republic of (Zaire)",1969,NA,NA,0,0,0,0,"","","","","V2025.09.12"
"6739",490,"DRC","Congo, Democratic Republic of (Zaire)",1970,NA,NA,0,0,0,0,"","","","","V2025.09.12"
"6740",490,"DRC","Congo, Democratic Republic of (Zaire)",1971,NA,NA,0,0,0,0,"","","","","V2025.09.12"
"6741",490,"DRC","Congo, Democratic Republic of (Zaire)",1972,NA,NA,0,0,0,0,"","","","","V2025.09.12"
"6742",490,"DRC","Congo, Democratic Republic of (Zaire)",1973,NA,NA,0,0,0,0,"","","","","V2025.09.12"
"6743",490,"DRC","Congo, Democratic Republic of (Zaire)",1974,NA,NA,0,0,0,0,"","","","","V2025.09.12"
"6744",490,"DRC","Congo, Democratic Republic of (Zaire)",1975,NA,NA,0,0,0,0,"","","","","V2025.09.12"
"6745",490,"DRC","Congo, Democratic Republic of (Zaire)",1976,NA,NA,0,0,0,0,"","","","","V2025.09.12"
"6746",490,"DRC","Congo, Democratic Republic of (Zaire)",1977,NA,NA,0,0,0,0,"","","","","V2025.09.12"
"6747",490,"DRC","Congo, Democratic Republic of (Zaire)",1978,NA,NA,0,0,0,0,"","","","","V2025.09.12"
"6748",490,"DRC","Congo, Democratic Republic of (Zaire)",1979,NA,NA,0,0,0,0,"","","","","V2025.09.12"
"6749",490,"DRC","Congo, Democratic Republic of (Zaire)",1980,NA,NA,0,0,0,0,"","","","","V2025.09.12"
"6750",490,"DRC","Congo, Democratic Republic of (Zaire)",1981,NA,NA,0,0,0,0,"","","","","V2025.09.12"
"6751",490,"DRC","Congo, Democratic Republic of (Zaire)",1982,NA,NA,0,0,0,0,"","","","","V2025.09.12"
"6752",490,"DRC","Congo, Democratic Republic of (Zaire)",1983,NA,NA,0,0,0,0,"","","","","V2025.09.12"
"6753",490,"DRC","Congo, Democratic Republic of (Zaire)",1984,NA,NA,0,0,0,0,"","","","","V2025.09.12"
"6754",490,"DRC","Congo, Democratic Republic of (Zaire)",1985,NA,NA,0,0,0,0,"","","","","V2025.09.12"
"6755",490,"DRC","Congo, Democratic Republic of (Zaire)",1986,NA,NA,0,0,0,0,"","","","","V2025.09.12"
"6756",490,"DRC","Congo, Democratic Republic of (Zaire)",1987,NA,NA,0,0,0,0,"","","","","V2025.09.12"
"6757",490,"DRC","Congo, Democratic Republic of (Zaire)",1988,NA,NA,0,0,0,0,"","","","","V2025.09.12"
"6758",490,"DRC","Congo, Democratic Republic of (Zaire)",1989,NA,NA,0,0,0,0,"","","","","V2025.09.12"
"6759",490,"DRC","Congo, Democratic Republic of (Zaire)",1990,NA,NA,0,0,0,0,"","","","","V2025.09.12"
"6760",490,"DRC","Congo, Democratic Republic of (Zaire)",1991,NA,NA,0,0,0,0,"","","","","V2025.09.12"
"6761",490,"DRC","Congo, Democratic Republic of (Zaire)",1992,NA,NA,0,0,0,0,"","","","","V2025.09.12"
"6762",490,"DRC","Congo, Democratic Republic of (Zaire)",1993,NA,NA,0,0,0,0,"","","","","V2025.09.12"
"6763",490,"DRC","Congo, Democratic Republic of (Zaire)",1994,NA,NA,0,0,0,0,"","","","","V2025.09.12"
"6764",490,"DRC","Congo, Democratic Republic of (Zaire)",1995,NA,NA,0,0,0,0,"","","","","V2025.09.12"
"6765",490,"DRC","Congo, Democratic Republic of (Zaire)",1996,NA,NA,0,0,0,0,"","","","","V2025.09.12"
"6766",490,"DRC","Congo, Democratic Republic of (Zaire)",1997,NA,NA,0,0,0,0,"","","","","V2025.09.12"
"6767",490,"DRC","Congo, Democratic Republic of (Zaire)",1998,NA,NA,0,0,0,0,"","","","","V2025.09.12"
"6768",490,"DRC","Congo, Democratic Republic of (Zaire)",1999,NA,NA,0,0,0,0,"","","","","V2025.09.12"
"6769",490,"DRC","Congo, Democratic Republic of (Zaire)",2000,NA,NA,0,0,0,0,"","","","","V2025.09.12"
"6770",490,"DRC","Congo, Democratic Republic of (Zaire)",2001,NA,NA,0,0,0,0,"","","","","V2025.09.12"
"6771",490,"DRC","Congo, Democratic Republic of (Zaire)",2002,NA,NA,0,0,0,0,"","","","","V2025.09.12"
"6772",490,"DRC","Congo, Democratic Republic of (Zaire)",2003,NA,NA,0,0,0,0,"","","","","V2025.09.12"
"6773",490,"DRC","Congo, Democratic Republic of (Zaire)",2004,NA,NA,1,1,0,0,"28mar2004","11jun2004","","","V2025.09.12"
"6774",490,"DRC","Congo, Democratic Republic of (Zaire)",2005,NA,NA,0,0,0,0,"","","","","V2025.09.12"
"6775",490,"DRC","Congo, Democratic Republic of (Zaire)",2006,NA,NA,0,0,0,0,"","","","","V2025.09.12"
"6776",490,"DRC","Congo, Democratic Republic of (Zaire)",2007,NA,NA,0,0,0,0,"","","","","V2025.09.12"
"6777",490,"DRC","Congo, Democratic Republic of (Zaire)",2008,NA,NA,0,0,0,0,"","","","","V2025.09.12"
"6778",490,"DRC","Congo, Democratic Republic of (Zaire)",2009,NA,NA,0,0,0,0,"","","","","V2025.09.12"
"6779",490,"DRC","Congo, Democratic Republic of (Zaire)",2010,NA,NA,0,0,0,0,"","","","","V2025.09.12"
"6780",490,"DRC","Congo, Democratic Republic of (Zaire)",2011,NA,NA,0,0,0,0,"","","","","V2025.09.12"
"6781",490,"DRC","Congo, Democratic Republic of (Zaire)",2012,NA,NA,0,0,0,0,"","","","","V2025.09.12"
"6782",490,"DRC","Congo, Democratic Republic of (Zaire)",2013,NA,NA,0,0,0,0,"","","","","V2025.09.12"
"6783",490,"DRC","Congo, Democratic Republic of (Zaire)",2014,NA,NA,0,0,0,0,"","","","","V2025.09.12"
"6784",490,"DRC","Congo, Democratic Republic of (Zaire)",2015,NA,NA,0,0,0,0,"","","","","V2025.09.12"
"6785",490,"DRC","Congo, Democratic Republic of (Zaire)",2016,NA,NA,0,0,0,0,"","","","","V2025.09.12"
"6786",490,"DRC","Congo, Democratic Republic of (Zaire)",2017,NA,NA,0,0,0,0,"","","","","V2025.09.12"
"6787",490,"DRC","Congo, Democratic Republic of (Zaire)",2018,NA,NA,0,0,0,0,"","","","","V2025.09.12"
"6788",490,"DRC","Congo, Democratic Republic of (Zaire)",2019,NA,NA,0,0,0,0,"","","","","V2025.09.12"
"6789",490,"DRC","Congo, Democratic Republic of (Zaire)",2020,NA,NA,0,0,0,0,"","","","","V2025.09.12"
"6790",490,"DRC","Congo, Democratic Republic of (Zaire)",2021,NA,NA,0,0,0,0,"","","","","V2025.09.12"
"6791",490,"DRC","Congo, Democratic Republic of (Zaire)",2022,NA,NA,0,0,0,0,"","","","","V2025.09.12"
"6792",490,"DRC","Congo, Democratic Republic of (Zaire)",2023,NA,NA,0,0,0,0,"","","","","V2025.09.12"
"6793",490,"DRC","Congo, Democratic Republic of (Zaire)",2024,NA,NA,0,0,0,0,"","","","","V2025.09.12"
"6794",500,"UGA","Uganda",1962,NA,NA,0,0,0,0,"","","","","V2025.09.12"
"6795",500,"UGA","Uganda",1963,NA,NA,0,0,0,0,"","","","","V2025.09.12"
"6796",500,"UGA","Uganda",1964,NA,NA,0,0,0,0,"","","","","V2025.09.12"
"6797",500,"UGA","Uganda",1965,NA,NA,0,0,0,0,"","","","","V2025.09.12"
"6798",500,"UGA","Uganda",1966,NA,NA,0,0,0,0,"","","","","V2025.09.12"
"6799",500,"UGA","Uganda",1967,NA,NA,0,0,0,0,"","","","","V2025.09.12"
"6800",500,"UGA","Uganda",1968,NA,NA,0,0,0,0,"","","","","V2025.09.12"
"6801",500,"UGA","Uganda",1969,NA,NA,0,0,0,0,"","","","","V2025.09.12"
"6802",500,"UGA","Uganda",1970,NA,NA,0,0,0,0,"","","","","V2025.09.12"
"6803",500,"UGA","Uganda",1971,NA,NA,2,0,0,0,"25jan1971","","","","V2025.09.12"
"6804",500,"UGA","Uganda",1972,NA,NA,0,0,0,0,"","","","","V2025.09.12"
"6805",500,"UGA","Uganda",1973,NA,NA,0,0,0,0,"","","","","V2025.09.12"
"6806",500,"UGA","Uganda",1974,NA,NA,1,1,0,0,"23mar1974","11nov1974","","","V2025.09.12"
"6807",500,"UGA","Uganda",1975,NA,NA,0,0,0,0,"","","","","V2025.09.12"
"6808",500,"UGA","Uganda",1976,NA,NA,0,0,0,0,"","","","","V2025.09.12"
"6809",500,"UGA","Uganda",1977,NA,NA,0,0,0,0,"","","","","V2025.09.12"
"6810",500,"UGA","Uganda",1978,NA,NA,0,0,0,0,"","","","","V2025.09.12"
"6811",500,"UGA","Uganda",1979,NA,NA,0,0,0,0,"","","","","V2025.09.12"
"6812",500,"UGA","Uganda",1980,NA,NA,2,0,0,0,"11may1980","","","","V2025.09.12"
"6813",500,"UGA","Uganda",1981,NA,NA,0,0,0,0,"","","","","V2025.09.12"
"6814",500,"UGA","Uganda",1982,NA,NA,0,0,0,0,"","","","","V2025.09.12"
"6815",500,"UGA","Uganda",1983,NA,NA,0,0,0,0,"","","","","V2025.09.12"
"6816",500,"UGA","Uganda",1984,NA,NA,0,0,0,0,"","","","","V2025.09.12"
"6817",500,"UGA","Uganda",1985,NA,NA,2,0,0,0,"27jul1985","","","","V2025.09.12"
"6818",500,"UGA","Uganda",1986,NA,NA,0,0,0,0,"","","","","V2025.09.12"
"6819",500,"UGA","Uganda",1987,NA,NA,0,0,0,0,"","","","","V2025.09.12"
"6820",500,"UGA","Uganda",1988,NA,NA,0,0,0,0,"","","","","V2025.09.12"
"6821",500,"UGA","Uganda",1989,NA,NA,0,0,0,0,"","","","","V2025.09.12"
"6822",500,"UGA","Uganda",1990,NA,NA,0,0,0,0,"","","","","V2025.09.12"
"6823",500,"UGA","Uganda",1991,NA,NA,0,0,0,0,"","","","","V2025.09.12"
"6824",500,"UGA","Uganda",1992,NA,NA,0,0,0,0,"","","","","V2025.09.12"
"6825",500,"UGA","Uganda",1993,NA,NA,0,0,0,0,"","","","","V2025.09.12"
"6826",500,"UGA","Uganda",1994,NA,NA,0,0,0,0,"","","","","V2025.09.12"
"6827",500,"UGA","Uganda",1995,NA,NA,0,0,0,0,"","","","","V2025.09.12"
"6828",500,"UGA","Uganda",1996,NA,NA,0,0,0,0,"","","","","V2025.09.12"
"6829",500,"UGA","Uganda",1997,NA,NA,0,0,0,0,"","","","","V2025.09.12"
"6830",500,"UGA","Uganda",1998,NA,NA,0,0,0,0,"","","","","V2025.09.12"
"6831",500,"UGA","Uganda",1999,NA,NA,0,0,0,0,"","","","","V2025.09.12"
"6832",500,"UGA","Uganda",2000,NA,NA,0,0,0,0,"","","","","V2025.09.12"
"6833",500,"UGA","Uganda",2001,NA,NA,0,0,0,0,"","","","","V2025.09.12"
"6834",500,"UGA","Uganda",2002,NA,NA,0,0,0,0,"","","","","V2025.09.12"
"6835",500,"UGA","Uganda",2003,NA,NA,0,0,0,0,"","","","","V2025.09.12"
"6836",500,"UGA","Uganda",2004,NA,NA,0,0,0,0,"","","","","V2025.09.12"
"6837",500,"UGA","Uganda",2005,NA,NA,0,0,0,0,"","","","","V2025.09.12"
"6838",500,"UGA","Uganda",2006,NA,NA,0,0,0,0,"","","","","V2025.09.12"
"6839",500,"UGA","Uganda",2007,NA,NA,0,0,0,0,"","","","","V2025.09.12"
"6840",500,"UGA","Uganda",2008,NA,NA,0,0,0,0,"","","","","V2025.09.12"
"6841",500,"UGA","Uganda",2009,NA,NA,0,0,0,0,"","","","","V2025.09.12"
"6842",500,"UGA","Uganda",2010,NA,NA,0,0,0,0,"","","","","V2025.09.12"
"6843",500,"UGA","Uganda",2011,NA,NA,0,0,0,0,"","","","","V2025.09.12"
"6844",500,"UGA","Uganda",2012,NA,NA,0,0,0,0,"","","","","V2025.09.12"
"6845",500,"UGA","Uganda",2013,NA,NA,0,0,0,0,"","","","","V2025.09.12"
"6846",500,"UGA","Uganda",2014,NA,NA,0,0,0,0,"","","","","V2025.09.12"
"6847",500,"UGA","Uganda",2015,NA,NA,0,0,0,0,"","","","","V2025.09.12"
"6848",500,"UGA","Uganda",2016,NA,NA,0,0,0,0,"","","","","V2025.09.12"
"6849",500,"UGA","Uganda",2017,NA,NA,0,0,0,0,"","","","","V2025.09.12"
"6850",500,"UGA","Uganda",2018,NA,NA,0,0,0,0,"","","","","V2025.09.12"
"6851",500,"UGA","Uganda",2019,NA,NA,0,0,0,0,"","","","","V2025.09.12"
"6852",500,"UGA","Uganda",2020,NA,NA,0,0,0,0,"","","","","V2025.09.12"
"6853",500,"UGA","Uganda",2021,NA,NA,0,0,0,0,"","","","","V2025.09.12"
"6854",500,"UGA","Uganda",2022,NA,NA,0,0,0,0,"","","","","V2025.09.12"
"6855",500,"UGA","Uganda",2023,NA,NA,0,0,0,0,"","","","","V2025.09.12"
"6856",500,"UGA","Uganda",2024,NA,NA,0,0,0,0,"","","","","V2025.09.12"
"6857",501,"KEN","Kenya",1963,NA,NA,0,0,0,0,"","","","","V2025.09.12"
"6858",501,"KEN","Kenya",1964,NA,NA,0,0,0,0,"","","","","V2025.09.12"
"6859",501,"KEN","Kenya",1965,NA,NA,0,0,0,0,"","","","","V2025.09.12"
"6860",501,"KEN","Kenya",1966,NA,NA,0,0,0,0,"","","","","V2025.09.12"
"6861",501,"KEN","Kenya",1967,NA,NA,0,0,0,0,"","","","","V2025.09.12"
"6862",501,"KEN","Kenya",1968,NA,NA,0,0,0,0,"","","","","V2025.09.12"
"6863",501,"KEN","Kenya",1969,NA,NA,0,0,0,0,"","","","","V2025.09.12"
"6864",501,"KEN","Kenya",1970,NA,NA,0,0,0,0,"","","","","V2025.09.12"
"6865",501,"KEN","Kenya",1971,NA,NA,0,0,0,0,"","","","","V2025.09.12"
"6866",501,"KEN","Kenya",1972,NA,NA,0,0,0,0,"","","","","V2025.09.12"
"6867",501,"KEN","Kenya",1973,NA,NA,0,0,0,0,"","","","","V2025.09.12"
"6868",501,"KEN","Kenya",1974,NA,NA,0,0,0,0,"","","","","V2025.09.12"
"6869",501,"KEN","Kenya",1975,NA,NA,0,0,0,0,"","","","","V2025.09.12"
"6870",501,"KEN","Kenya",1976,NA,NA,0,0,0,0,"","","","","V2025.09.12"
"6871",501,"KEN","Kenya",1977,NA,NA,0,0,0,0,"","","","","V2025.09.12"
"6872",501,"KEN","Kenya",1978,NA,NA,0,0,0,0,"","","","","V2025.09.12"
"6873",501,"KEN","Kenya",1979,NA,NA,0,0,0,0,"","","","","V2025.09.12"
"6874",501,"KEN","Kenya",1980,NA,NA,0,0,0,0,"","","","","V2025.09.12"
"6875",501,"KEN","Kenya",1981,NA,NA,0,0,0,0,"","","","","V2025.09.12"
"6876",501,"KEN","Kenya",1982,NA,NA,1,0,0,0,"01aug1982","","","","V2025.09.12"
"6877",501,"KEN","Kenya",1983,NA,NA,0,0,0,0,"","","","","V2025.09.12"
"6878",501,"KEN","Kenya",1984,NA,NA,0,0,0,0,"","","","","V2025.09.12"
"6879",501,"KEN","Kenya",1985,NA,NA,0,0,0,0,"","","","","V2025.09.12"
"6880",501,"KEN","Kenya",1986,NA,NA,0,0,0,0,"","","","","V2025.09.12"
"6881",501,"KEN","Kenya",1987,NA,NA,0,0,0,0,"","","","","V2025.09.12"
"6882",501,"KEN","Kenya",1988,NA,NA,0,0,0,0,"","","","","V2025.09.12"
"6883",501,"KEN","Kenya",1989,NA,NA,0,0,0,0,"","","","","V2025.09.12"
"6884",501,"KEN","Kenya",1990,NA,NA,0,0,0,0,"","","","","V2025.09.12"
"6885",501,"KEN","Kenya",1991,NA,NA,0,0,0,0,"","","","","V2025.09.12"
"6886",501,"KEN","Kenya",1992,NA,NA,0,0,0,0,"","","","","V2025.09.12"
"6887",501,"KEN","Kenya",1993,NA,NA,0,0,0,0,"","","","","V2025.09.12"
"6888",501,"KEN","Kenya",1994,NA,NA,0,0,0,0,"","","","","V2025.09.12"
"6889",501,"KEN","Kenya",1995,NA,NA,0,0,0,0,"","","","","V2025.09.12"
"6890",501,"KEN","Kenya",1996,NA,NA,0,0,0,0,"","","","","V2025.09.12"
"6891",501,"KEN","Kenya",1997,NA,NA,0,0,0,0,"","","","","V2025.09.12"
"6892",501,"KEN","Kenya",1998,NA,NA,0,0,0,0,"","","","","V2025.09.12"
"6893",501,"KEN","Kenya",1999,NA,NA,0,0,0,0,"","","","","V2025.09.12"
"6894",501,"KEN","Kenya",2000,NA,NA,0,0,0,0,"","","","","V2025.09.12"
"6895",501,"KEN","Kenya",2001,NA,NA,0,0,0,0,"","","","","V2025.09.12"
"6896",501,"KEN","Kenya",2002,NA,NA,0,0,0,0,"","","","","V2025.09.12"
"6897",501,"KEN","Kenya",2003,NA,NA,0,0,0,0,"","","","","V2025.09.12"
"6898",501,"KEN","Kenya",2004,NA,NA,0,0,0,0,"","","","","V2025.09.12"
"6899",501,"KEN","Kenya",2005,NA,NA,0,0,0,0,"","","","","V2025.09.12"
"6900",501,"KEN","Kenya",2006,NA,NA,0,0,0,0,"","","","","V2025.09.12"
"6901",501,"KEN","Kenya",2007,NA,NA,0,0,0,0,"","","","","V2025.09.12"
"6902",501,"KEN","Kenya",2008,NA,NA,0,0,0,0,"","","","","V2025.09.12"
"6903",501,"KEN","Kenya",2009,NA,NA,0,0,0,0,"","","","","V2025.09.12"
"6904",501,"KEN","Kenya",2010,NA,NA,0,0,0,0,"","","","","V2025.09.12"
"6905",501,"KEN","Kenya",2011,NA,NA,0,0,0,0,"","","","","V2025.09.12"
"6906",501,"KEN","Kenya",2012,NA,NA,0,0,0,0,"","","","","V2025.09.12"
"6907",501,"KEN","Kenya",2013,NA,NA,0,0,0,0,"","","","","V2025.09.12"
"6908",501,"KEN","Kenya",2014,NA,NA,0,0,0,0,"","","","","V2025.09.12"
"6909",501,"KEN","Kenya",2015,NA,NA,0,0,0,0,"","","","","V2025.09.12"
"6910",501,"KEN","Kenya",2016,NA,NA,0,0,0,0,"","","","","V2025.09.12"
"6911",501,"KEN","Kenya",2017,NA,NA,0,0,0,0,"","","","","V2025.09.12"
"6912",501,"KEN","Kenya",2018,NA,NA,0,0,0,0,"","","","","V2025.09.12"
"6913",501,"KEN","Kenya",2019,NA,NA,0,0,0,0,"","","","","V2025.09.12"
"6914",501,"KEN","Kenya",2020,NA,NA,0,0,0,0,"","","","","V2025.09.12"
"6915",501,"KEN","Kenya",2021,NA,NA,0,0,0,0,"","","","","V2025.09.12"
"6916",501,"KEN","Kenya",2022,NA,NA,0,0,0,0,"","","","","V2025.09.12"
"6917",501,"KEN","Kenya",2023,NA,NA,0,0,0,0,"","","","","V2025.09.12"
"6918",501,"KEN","Kenya",2024,NA,NA,0,0,0,0,"","","","","V2025.09.12"
"6919",510,"TAZ","Tanzania/Tanganyika",1961,NA,NA,0,0,0,0,"","","","","V2025.09.12"
"6920",510,"TAZ","Tanzania/Tanganyika",1962,NA,NA,0,0,0,0,"","","","","V2025.09.12"
"6921",510,"TAZ","Tanzania/Tanganyika",1963,NA,NA,0,0,0,0,"","","","","V2025.09.12"
"6922",510,"TAZ","Tanzania/Tanganyika",1964,NA,NA,0,0,0,0,"","","","","V2025.09.12"
"6923",510,"TAZ","Tanzania/Tanganyika",1965,NA,NA,0,0,0,0,"","","","","V2025.09.12"
"6924",510,"TAZ","Tanzania/Tanganyika",1966,NA,NA,0,0,0,0,"","","","","V2025.09.12"
"6925",510,"TAZ","Tanzania/Tanganyika",1967,NA,NA,0,0,0,0,"","","","","V2025.09.12"
"6926",510,"TAZ","Tanzania/Tanganyika",1968,NA,NA,0,0,0,0,"","","","","V2025.09.12"
"6927",510,"TAZ","Tanzania/Tanganyika",1969,NA,NA,0,0,0,0,"","","","","V2025.09.12"
"6928",510,"TAZ","Tanzania/Tanganyika",1970,NA,NA,0,0,0,0,"","","","","V2025.09.12"
"6929",510,"TAZ","Tanzania/Tanganyika",1971,NA,NA,0,0,0,0,"","","","","V2025.09.12"
"6930",510,"TAZ","Tanzania/Tanganyika",1972,NA,NA,0,0,0,0,"","","","","V2025.09.12"
"6931",510,"TAZ","Tanzania/Tanganyika",1973,NA,NA,0,0,0,0,"","","","","V2025.09.12"
"6932",510,"TAZ","Tanzania/Tanganyika",1974,NA,NA,0,0,0,0,"","","","","V2025.09.12"
"6933",510,"TAZ","Tanzania/Tanganyika",1975,NA,NA,0,0,0,0,"","","","","V2025.09.12"
"6934",510,"TAZ","Tanzania/Tanganyika",1976,NA,NA,0,0,0,0,"","","","","V2025.09.12"
"6935",510,"TAZ","Tanzania/Tanganyika",1977,NA,NA,0,0,0,0,"","","","","V2025.09.12"
"6936",510,"TAZ","Tanzania/Tanganyika",1978,NA,NA,0,0,0,0,"","","","","V2025.09.12"
"6937",510,"TAZ","Tanzania/Tanganyika",1979,NA,NA,0,0,0,0,"","","","","V2025.09.12"
"6938",510,"TAZ","Tanzania/Tanganyika",1980,NA,NA,0,0,0,0,"","","","","V2025.09.12"
"6939",510,"TAZ","Tanzania/Tanganyika",1981,NA,NA,0,0,0,0,"","","","","V2025.09.12"
"6940",510,"TAZ","Tanzania/Tanganyika",1982,NA,NA,0,0,0,0,"","","","","V2025.09.12"
"6941",510,"TAZ","Tanzania/Tanganyika",1983,NA,NA,0,0,0,0,"","","","","V2025.09.12"
"6942",510,"TAZ","Tanzania/Tanganyika",1984,NA,NA,0,0,0,0,"","","","","V2025.09.12"
"6943",510,"TAZ","Tanzania/Tanganyika",1985,NA,NA,0,0,0,0,"","","","","V2025.09.12"
"6944",510,"TAZ","Tanzania/Tanganyika",1986,NA,NA,0,0,0,0,"","","","","V2025.09.12"
"6945",510,"TAZ","Tanzania/Tanganyika",1987,NA,NA,0,0,0,0,"","","","","V2025.09.12"
"6946",510,"TAZ","Tanzania/Tanganyika",1988,NA,NA,0,0,0,0,"","","","","V2025.09.12"
"6947",510,"TAZ","Tanzania/Tanganyika",1989,NA,NA,0,0,0,0,"","","","","V2025.09.12"
"6948",510,"TAZ","Tanzania/Tanganyika",1990,NA,NA,0,0,0,0,"","","","","V2025.09.12"
"6949",510,"TAZ","Tanzania/Tanganyika",1991,NA,NA,0,0,0,0,"","","","","V2025.09.12"
"6950",510,"TAZ","Tanzania/Tanganyika",1992,NA,NA,0,0,0,0,"","","","","V2025.09.12"
"6951",510,"TAZ","Tanzania/Tanganyika",1993,NA,NA,0,0,0,0,"","","","","V2025.09.12"
"6952",510,"TAZ","Tanzania/Tanganyika",1994,NA,NA,0,0,0,0,"","","","","V2025.09.12"
"6953",510,"TAZ","Tanzania/Tanganyika",1995,NA,NA,0,0,0,0,"","","","","V2025.09.12"
"6954",510,"TAZ","Tanzania/Tanganyika",1996,NA,NA,0,0,0,0,"","","","","V2025.09.12"
"6955",510,"TAZ","Tanzania/Tanganyika",1997,NA,NA,0,0,0,0,"","","","","V2025.09.12"
"6956",510,"TAZ","Tanzania/Tanganyika",1998,NA,NA,0,0,0,0,"","","","","V2025.09.12"
"6957",510,"TAZ","Tanzania/Tanganyika",1999,NA,NA,0,0,0,0,"","","","","V2025.09.12"
"6958",510,"TAZ","Tanzania/Tanganyika",2000,NA,NA,0,0,0,0,"","","","","V2025.09.12"
"6959",510,"TAZ","Tanzania/Tanganyika",2001,NA,NA,0,0,0,0,"","","","","V2025.09.12"
"6960",510,"TAZ","Tanzania/Tanganyika",2002,NA,NA,0,0,0,0,"","","","","V2025.09.12"
"6961",510,"TAZ","Tanzania/Tanganyika",2003,NA,NA,0,0,0,0,"","","","","V2025.09.12"
"6962",510,"TAZ","Tanzania/Tanganyika",2004,NA,NA,0,0,0,0,"","","","","V2025.09.12"
"6963",510,"TAZ","Tanzania/Tanganyika",2005,NA,NA,0,0,0,0,"","","","","V2025.09.12"
"6964",510,"TAZ","Tanzania/Tanganyika",2006,NA,NA,0,0,0,0,"","","","","V2025.09.12"
"6965",510,"TAZ","Tanzania/Tanganyika",2007,NA,NA,0,0,0,0,"","","","","V2025.09.12"
"6966",510,"TAZ","Tanzania/Tanganyika",2008,NA,NA,0,0,0,0,"","","","","V2025.09.12"
"6967",510,"TAZ","Tanzania/Tanganyika",2009,NA,NA,0,0,0,0,"","","","","V2025.09.12"
"6968",510,"TAZ","Tanzania/Tanganyika",2010,NA,NA,0,0,0,0,"","","","","V2025.09.12"
"6969",510,"TAZ","Tanzania/Tanganyika",2011,NA,NA,0,0,0,0,"","","","","V2025.09.12"
"6970",510,"TAZ","Tanzania/Tanganyika",2012,NA,NA,0,0,0,0,"","","","","V2025.09.12"
"6971",510,"TAZ","Tanzania/Tanganyika",2013,NA,NA,0,0,0,0,"","","","","V2025.09.12"
"6972",510,"TAZ","Tanzania/Tanganyika",2014,NA,NA,0,0,0,0,"","","","","V2025.09.12"
"6973",510,"TAZ","Tanzania/Tanganyika",2015,NA,NA,0,0,0,0,"","","","","V2025.09.12"
"6974",510,"TAZ","Tanzania/Tanganyika",2016,NA,NA,0,0,0,0,"","","","","V2025.09.12"
"6975",510,"TAZ","Tanzania/Tanganyika",2017,NA,NA,0,0,0,0,"","","","","V2025.09.12"
"6976",510,"TAZ","Tanzania/Tanganyika",2018,NA,NA,0,0,0,0,"","","","","V2025.09.12"
"6977",510,"TAZ","Tanzania/Tanganyika",2019,NA,NA,0,0,0,0,"","","","","V2025.09.12"
"6978",510,"TAZ","Tanzania/Tanganyika",2020,NA,NA,0,0,0,0,"","","","","V2025.09.12"
"6979",510,"TAZ","Tanzania/Tanganyika",2021,NA,NA,0,0,0,0,"","","","","V2025.09.12"
"6980",510,"TAZ","Tanzania/Tanganyika",2022,NA,NA,0,0,0,0,"","","","","V2025.09.12"
"6981",510,"TAZ","Tanzania/Tanganyika",2023,NA,NA,0,0,0,0,"","","","","V2025.09.12"
"6982",510,"TAZ","Tanzania/Tanganyika",2024,NA,NA,0,0,0,0,"","","","","V2025.09.12"
"6983",511,"ZAN","Zanzibar",1963,NA,NA,0,0,0,0,"","","","","V2025.09.12"
"6984",511,"ZAN","Zanzibar",1964,NA,NA,0,0,0,0,"","","","","V2025.09.12"
"6985",516,"BUI","Burundi",1962,NA,NA,0,0,0,0,"","","","","V2025.09.12"
"6986",516,"BUI","Burundi",1963,NA,NA,0,0,0,0,"","","","","V2025.09.12"
"6987",516,"BUI","Burundi",1964,NA,NA,0,0,0,0,"","","","","V2025.09.12"
"6988",516,"BUI","Burundi",1965,NA,NA,1,0,0,0,"18oct1965","","","","V2025.09.12"
"6989",516,"BUI","Burundi",1966,NA,NA,2,2,0,0,"08jul1966","28nov1966","","","V2025.09.12"
"6990",516,"BUI","Burundi",1967,NA,NA,0,0,0,0,"","","","","V2025.09.12"
"6991",516,"BUI","Burundi",1968,NA,NA,0,0,0,0,"","","","","V2025.09.12"
"6992",516,"BUI","Burundi",1969,NA,NA,0,0,0,0,"","","","","V2025.09.12"
"6993",516,"BUI","Burundi",1970,NA,NA,0,0,0,0,"","","","","V2025.09.12"
"6994",516,"BUI","Burundi",1971,NA,NA,0,0,0,0,"","","","","V2025.09.12"
"6995",516,"BUI","Burundi",1972,NA,NA,0,0,0,0,"","","","","V2025.09.12"
"6996",516,"BUI","Burundi",1973,NA,NA,0,0,0,0,"","","","","V2025.09.12"
"6997",516,"BUI","Burundi",1974,NA,NA,0,0,0,0,"","","","","V2025.09.12"
"6998",516,"BUI","Burundi",1975,NA,NA,0,0,0,0,"","","","","V2025.09.12"
"6999",516,"BUI","Burundi",1976,NA,NA,2,0,0,0,"01nov1976","","","","V2025.09.12"
"7000",516,"BUI","Burundi",1977,NA,NA,0,0,0,0,"","","","","V2025.09.12"
"7001",516,"BUI","Burundi",1978,NA,NA,0,0,0,0,"","","","","V2025.09.12"
"7002",516,"BUI","Burundi",1979,NA,NA,0,0,0,0,"","","","","V2025.09.12"
"7003",516,"BUI","Burundi",1980,NA,NA,0,0,0,0,"","","","","V2025.09.12"
"7004",516,"BUI","Burundi",1981,NA,NA,0,0,0,0,"","","","","V2025.09.12"
"7005",516,"BUI","Burundi",1982,NA,NA,0,0,0,0,"","","","","V2025.09.12"
"7006",516,"BUI","Burundi",1983,NA,NA,0,0,0,0,"","","","","V2025.09.12"
"7007",516,"BUI","Burundi",1984,NA,NA,0,0,0,0,"","","","","V2025.09.12"
"7008",516,"BUI","Burundi",1985,NA,NA,0,0,0,0,"","","","","V2025.09.12"
"7009",516,"BUI","Burundi",1986,NA,NA,0,0,0,0,"","","","","V2025.09.12"
"7010",516,"BUI","Burundi",1987,NA,NA,2,0,0,0,"03sep1987","","","","V2025.09.12"
"7011",516,"BUI","Burundi",1988,NA,NA,0,0,0,0,"","","","","V2025.09.12"
"7012",516,"BUI","Burundi",1989,NA,NA,0,0,0,0,"","","","","V2025.09.12"
"7013",516,"BUI","Burundi",1990,NA,NA,0,0,0,0,"","","","","V2025.09.12"
"7014",516,"BUI","Burundi",1991,NA,NA,0,0,0,0,"","","","","V2025.09.12"
"7015",516,"BUI","Burundi",1992,NA,NA,0,0,0,0,"","","","","V2025.09.12"
"7016",516,"BUI","Burundi",1993,NA,NA,1,1,0,0,"03jul1993","21oct1993","","","V2025.09.12"
"7017",516,"BUI","Burundi",1994,NA,NA,0,0,0,0,"","","","","V2025.09.12"
"7018",516,"BUI","Burundi",1995,NA,NA,0,0,0,0,"","","","","V2025.09.12"
"7019",516,"BUI","Burundi",1996,NA,NA,2,0,0,0,"25jul1996","","","","V2025.09.12"
"7020",516,"BUI","Burundi",1997,NA,NA,0,0,0,0,"","","","","V2025.09.12"
"7021",516,"BUI","Burundi",1998,NA,NA,0,0,0,0,"","","","","V2025.09.12"
"7022",516,"BUI","Burundi",1999,NA,NA,0,0,0,0,"","","","","V2025.09.12"
"7023",516,"BUI","Burundi",2000,NA,NA,0,0,0,0,"","","","","V2025.09.12"
"7024",516,"BUI","Burundi",2001,NA,NA,1,1,0,0,"18apr2001","22jul2001","","","V2025.09.12"
"7025",516,"BUI","Burundi",2002,NA,NA,0,0,0,0,"","","","","V2025.09.12"
"7026",516,"BUI","Burundi",2003,NA,NA,0,0,0,0,"","","","","V2025.09.12"
"7027",516,"BUI","Burundi",2004,NA,NA,0,0,0,0,"","","","","V2025.09.12"
"7028",516,"BUI","Burundi",2005,NA,NA,0,0,0,0,"","","","","V2025.09.12"
"7029",516,"BUI","Burundi",2006,NA,NA,0,0,0,0,"","","","","V2025.09.12"
"7030",516,"BUI","Burundi",2007,NA,NA,0,0,0,0,"","","","","V2025.09.12"
"7031",516,"BUI","Burundi",2008,NA,NA,0,0,0,0,"","","","","V2025.09.12"
"7032",516,"BUI","Burundi",2009,NA,NA,0,0,0,0,"","","","","V2025.09.12"
"7033",516,"BUI","Burundi",2010,NA,NA,0,0,0,0,"","","","","V2025.09.12"
"7034",516,"BUI","Burundi",2011,NA,NA,0,0,0,0,"","","","","V2025.09.12"
"7035",516,"BUI","Burundi",2012,NA,NA,0,0,0,0,"","","","","V2025.09.12"
"7036",516,"BUI","Burundi",2013,NA,NA,0,0,0,0,"","","","","V2025.09.12"
"7037",516,"BUI","Burundi",2014,NA,NA,0,0,0,0,"","","","","V2025.09.12"
"7038",516,"BUI","Burundi",2015,NA,NA,1,0,0,0,"13may2015","","","","V2025.09.12"
"7039",516,"BUI","Burundi",2016,NA,NA,0,0,0,0,"","","","","V2025.09.12"
"7040",516,"BUI","Burundi",2017,NA,NA,0,0,0,0,"","","","","V2025.09.12"
"7041",516,"BUI","Burundi",2018,NA,NA,0,0,0,0,"","","","","V2025.09.12"
"7042",516,"BUI","Burundi",2019,NA,NA,0,0,0,0,"","","","","V2025.09.12"
"7043",516,"BUI","Burundi",2020,NA,NA,0,0,0,0,"","","","","V2025.09.12"
"7044",516,"BUI","Burundi",2021,NA,NA,0,0,0,0,"","","","","V2025.09.12"
"7045",516,"BUI","Burundi",2022,NA,NA,0,0,0,0,"","","","","V2025.09.12"
"7046",516,"BUI","Burundi",2023,NA,NA,0,0,0,0,"","","","","V2025.09.12"
"7047",516,"BUI","Burundi",2024,NA,NA,0,0,0,0,"","","","","V2025.09.12"
"7048",517,"RWA","Rwanda",1962,NA,NA,0,0,0,0,"","","","","V2025.09.12"
"7049",517,"RWA","Rwanda",1963,NA,NA,0,0,0,0,"","","","","V2025.09.12"
"7050",517,"RWA","Rwanda",1964,NA,NA,0,0,0,0,"","","","","V2025.09.12"
"7051",517,"RWA","Rwanda",1965,NA,NA,0,0,0,0,"","","","","V2025.09.12"
"7052",517,"RWA","Rwanda",1966,NA,NA,0,0,0,0,"","","","","V2025.09.12"
"7053",517,"RWA","Rwanda",1967,NA,NA,0,0,0,0,"","","","","V2025.09.12"
"7054",517,"RWA","Rwanda",1968,NA,NA,0,0,0,0,"","","","","V2025.09.12"
"7055",517,"RWA","Rwanda",1969,NA,NA,0,0,0,0,"","","","","V2025.09.12"
"7056",517,"RWA","Rwanda",1970,NA,NA,0,0,0,0,"","","","","V2025.09.12"
"7057",517,"RWA","Rwanda",1971,NA,NA,0,0,0,0,"","","","","V2025.09.12"
"7058",517,"RWA","Rwanda",1972,NA,NA,0,0,0,0,"","","","","V2025.09.12"
"7059",517,"RWA","Rwanda",1973,NA,NA,2,0,0,0,"05jul1973","","","","V2025.09.12"
"7060",517,"RWA","Rwanda",1974,NA,NA,0,0,0,0,"","","","","V2025.09.12"
"7061",517,"RWA","Rwanda",1975,NA,NA,0,0,0,0,"","","","","V2025.09.12"
"7062",517,"RWA","Rwanda",1976,NA,NA,0,0,0,0,"","","","","V2025.09.12"
"7063",517,"RWA","Rwanda",1977,NA,NA,0,0,0,0,"","","","","V2025.09.12"
"7064",517,"RWA","Rwanda",1978,NA,NA,0,0,0,0,"","","","","V2025.09.12"
"7065",517,"RWA","Rwanda",1979,NA,NA,0,0,0,0,"","","","","V2025.09.12"
"7066",517,"RWA","Rwanda",1980,NA,NA,0,0,0,0,"","","","","V2025.09.12"
"7067",517,"RWA","Rwanda",1981,NA,NA,0,0,0,0,"","","","","V2025.09.12"
"7068",517,"RWA","Rwanda",1982,NA,NA,0,0,0,0,"","","","","V2025.09.12"
"7069",517,"RWA","Rwanda",1983,NA,NA,0,0,0,0,"","","","","V2025.09.12"
"7070",517,"RWA","Rwanda",1984,NA,NA,0,0,0,0,"","","","","V2025.09.12"
"7071",517,"RWA","Rwanda",1985,NA,NA,0,0,0,0,"","","","","V2025.09.12"
"7072",517,"RWA","Rwanda",1986,NA,NA,0,0,0,0,"","","","","V2025.09.12"
"7073",517,"RWA","Rwanda",1987,NA,NA,0,0,0,0,"","","","","V2025.09.12"
"7074",517,"RWA","Rwanda",1988,NA,NA,0,0,0,0,"","","","","V2025.09.12"
"7075",517,"RWA","Rwanda",1989,NA,NA,0,0,0,0,"","","","","V2025.09.12"
"7076",517,"RWA","Rwanda",1990,NA,NA,0,0,0,0,"","","","","V2025.09.12"
"7077",517,"RWA","Rwanda",1991,NA,NA,0,0,0,0,"","","","","V2025.09.12"
"7078",517,"RWA","Rwanda",1992,NA,NA,0,0,0,0,"","","","","V2025.09.12"
"7079",517,"RWA","Rwanda",1993,NA,NA,0,0,0,0,"","","","","V2025.09.12"
"7080",517,"RWA","Rwanda",1994,NA,NA,2,0,0,0,"07apr1994","","","","V2025.09.12"
"7081",517,"RWA","Rwanda",1995,NA,NA,0,0,0,0,"","","","","V2025.09.12"
"7082",517,"RWA","Rwanda",1996,NA,NA,0,0,0,0,"","","","","V2025.09.12"
"7083",517,"RWA","Rwanda",1997,NA,NA,0,0,0,0,"","","","","V2025.09.12"
"7084",517,"RWA","Rwanda",1998,NA,NA,0,0,0,0,"","","","","V2025.09.12"
"7085",517,"RWA","Rwanda",1999,NA,NA,0,0,0,0,"","","","","V2025.09.12"
"7086",517,"RWA","Rwanda",2000,NA,NA,0,0,0,0,"","","","","V2025.09.12"
"7087",517,"RWA","Rwanda",2001,NA,NA,0,0,0,0,"","","","","V2025.09.12"
"7088",517,"RWA","Rwanda",2002,NA,NA,0,0,0,0,"","","","","V2025.09.12"
"7089",517,"RWA","Rwanda",2003,NA,NA,0,0,0,0,"","","","","V2025.09.12"
"7090",517,"RWA","Rwanda",2004,NA,NA,0,0,0,0,"","","","","V2025.09.12"
"7091",517,"RWA","Rwanda",2005,NA,NA,0,0,0,0,"","","","","V2025.09.12"
"7092",517,"RWA","Rwanda",2006,NA,NA,0,0,0,0,"","","","","V2025.09.12"
"7093",517,"RWA","Rwanda",2007,NA,NA,0,0,0,0,"","","","","V2025.09.12"
"7094",517,"RWA","Rwanda",2008,NA,NA,0,0,0,0,"","","","","V2025.09.12"
"7095",517,"RWA","Rwanda",2009,NA,NA,0,0,0,0,"","","","","V2025.09.12"
"7096",517,"RWA","Rwanda",2010,NA,NA,0,0,0,0,"","","","","V2025.09.12"
"7097",517,"RWA","Rwanda",2011,NA,NA,0,0,0,0,"","","","","V2025.09.12"
"7098",517,"RWA","Rwanda",2012,NA,NA,0,0,0,0,"","","","","V2025.09.12"
"7099",517,"RWA","Rwanda",2013,NA,NA,0,0,0,0,"","","","","V2025.09.12"
"7100",517,"RWA","Rwanda",2014,NA,NA,0,0,0,0,"","","","","V2025.09.12"
"7101",517,"RWA","Rwanda",2015,NA,NA,0,0,0,0,"","","","","V2025.09.12"
"7102",517,"RWA","Rwanda",2016,NA,NA,0,0,0,0,"","","","","V2025.09.12"
"7103",517,"RWA","Rwanda",2017,NA,NA,0,0,0,0,"","","","","V2025.09.12"
"7104",517,"RWA","Rwanda",2018,NA,NA,0,0,0,0,"","","","","V2025.09.12"
"7105",517,"RWA","Rwanda",2019,NA,NA,0,0,0,0,"","","","","V2025.09.12"
"7106",517,"RWA","Rwanda",2020,NA,NA,0,0,0,0,"","","","","V2025.09.12"
"7107",517,"RWA","Rwanda",2021,NA,NA,0,0,0,0,"","","","","V2025.09.12"
"7108",517,"RWA","Rwanda",2022,NA,NA,0,0,0,0,"","","","","V2025.09.12"
"7109",517,"RWA","Rwanda",2023,NA,NA,0,0,0,0,"","","","","V2025.09.12"
"7110",517,"RWA","Rwanda",2024,NA,NA,0,0,0,0,"","","","","V2025.09.12"
"7111",520,"SOM","Somalia",1960,NA,NA,0,0,0,0,"","","","","V2025.09.12"
"7112",520,"SOM","Somalia",1961,NA,NA,1,0,0,0,"10dec1961","","","","V2025.09.12"
"7113",520,"SOM","Somalia",1962,NA,NA,0,0,0,0,"","","","","V2025.09.12"
"7114",520,"SOM","Somalia",1963,NA,NA,0,0,0,0,"","","","","V2025.09.12"
"7115",520,"SOM","Somalia",1964,NA,NA,0,0,0,0,"","","","","V2025.09.12"
"7116",520,"SOM","Somalia",1965,NA,NA,0,0,0,0,"","","","","V2025.09.12"
"7117",520,"SOM","Somalia",1966,NA,NA,0,0,0,0,"","","","","V2025.09.12"
"7118",520,"SOM","Somalia",1967,NA,NA,0,0,0,0,"","","","","V2025.09.12"
"7119",520,"SOM","Somalia",1968,NA,NA,0,0,0,0,"","","","","V2025.09.12"
"7120",520,"SOM","Somalia",1969,NA,NA,2,0,0,0,"21oct1969","","","","V2025.09.12"
"7121",520,"SOM","Somalia",1970,NA,NA,0,0,0,0,"","","","","V2025.09.12"
"7122",520,"SOM","Somalia",1971,NA,NA,0,0,0,0,"","","","","V2025.09.12"
"7123",520,"SOM","Somalia",1972,NA,NA,0,0,0,0,"","","","","V2025.09.12"
"7124",520,"SOM","Somalia",1973,NA,NA,0,0,0,0,"","","","","V2025.09.12"
"7125",520,"SOM","Somalia",1974,NA,NA,0,0,0,0,"","","","","V2025.09.12"
"7126",520,"SOM","Somalia",1975,NA,NA,0,0,0,0,"","","","","V2025.09.12"
"7127",520,"SOM","Somalia",1976,NA,NA,0,0,0,0,"","","","","V2025.09.12"
"7128",520,"SOM","Somalia",1977,NA,NA,0,0,0,0,"","","","","V2025.09.12"
"7129",520,"SOM","Somalia",1978,NA,NA,1,0,0,0,"09apr1978","","","","V2025.09.12"
"7130",520,"SOM","Somalia",1979,NA,NA,0,0,0,0,"","","","","V2025.09.12"
"7131",520,"SOM","Somalia",1980,NA,NA,0,0,0,0,"","","","","V2025.09.12"
"7132",520,"SOM","Somalia",1981,NA,NA,0,0,0,0,"","","","","V2025.09.12"
"7133",520,"SOM","Somalia",1982,NA,NA,0,0,0,0,"","","","","V2025.09.12"
"7134",520,"SOM","Somalia",1983,NA,NA,0,0,0,0,"","","","","V2025.09.12"
"7135",520,"SOM","Somalia",1984,NA,NA,0,0,0,0,"","","","","V2025.09.12"
"7136",520,"SOM","Somalia",1985,NA,NA,0,0,0,0,"","","","","V2025.09.12"
"7137",520,"SOM","Somalia",1986,NA,NA,0,0,0,0,"","","","","V2025.09.12"
"7138",520,"SOM","Somalia",1987,NA,NA,0,0,0,0,"","","","","V2025.09.12"
"7139",520,"SOM","Somalia",1988,NA,NA,0,0,0,0,"","","","","V2025.09.12"
"7140",520,"SOM","Somalia",1989,NA,NA,0,0,0,0,"","","","","V2025.09.12"
"7141",520,"SOM","Somalia",1990,NA,NA,0,0,0,0,"","","","","V2025.09.12"
"7142",520,"SOM","Somalia",1991,NA,NA,0,0,0,0,"","","","","V2025.09.12"
"7143",520,"SOM","Somalia",1992,NA,NA,0,0,0,0,"","","","","V2025.09.12"
"7144",520,"SOM","Somalia",1993,NA,NA,0,0,0,0,"","","","","V2025.09.12"
"7145",520,"SOM","Somalia",1994,NA,NA,0,0,0,0,"","","","","V2025.09.12"
"7146",520,"SOM","Somalia",1995,NA,NA,0,0,0,0,"","","","","V2025.09.12"
"7147",520,"SOM","Somalia",1996,NA,NA,0,0,0,0,"","","","","V2025.09.12"
"7148",520,"SOM","Somalia",1997,NA,NA,0,0,0,0,"","","","","V2025.09.12"
"7149",520,"SOM","Somalia",1998,NA,NA,0,0,0,0,"","","","","V2025.09.12"
"7150",520,"SOM","Somalia",1999,NA,NA,0,0,0,0,"","","","","V2025.09.12"
"7151",520,"SOM","Somalia",2000,NA,NA,0,0,0,0,"","","","","V2025.09.12"
"7152",520,"SOM","Somalia",2001,NA,NA,0,0,0,0,"","","","","V2025.09.12"
"7153",520,"SOM","Somalia",2002,NA,NA,0,0,0,0,"","","","","V2025.09.12"
"7154",520,"SOM","Somalia",2003,NA,NA,0,0,0,0,"","","","","V2025.09.12"
"7155",520,"SOM","Somalia",2004,NA,NA,0,0,0,0,"","","","","V2025.09.12"
"7156",520,"SOM","Somalia",2005,NA,NA,0,0,0,0,"","","","","V2025.09.12"
"7157",520,"SOM","Somalia",2006,NA,NA,0,0,0,0,"","","","","V2025.09.12"
"7158",520,"SOM","Somalia",2007,NA,NA,0,0,0,0,"","","","","V2025.09.12"
"7159",520,"SOM","Somalia",2008,NA,NA,0,0,0,0,"","","","","V2025.09.12"
"7160",520,"SOM","Somalia",2009,NA,NA,0,0,0,0,"","","","","V2025.09.12"
"7161",520,"SOM","Somalia",2010,NA,NA,0,0,0,0,"","","","","V2025.09.12"
"7162",520,"SOM","Somalia",2011,NA,NA,0,0,0,0,"","","","","V2025.09.12"
"7163",520,"SOM","Somalia",2012,NA,NA,0,0,0,0,"","","","","V2025.09.12"
"7164",520,"SOM","Somalia",2013,NA,NA,0,0,0,0,"","","","","V2025.09.12"
"7165",520,"SOM","Somalia",2014,NA,NA,0,0,0,0,"","","","","V2025.09.12"
"7166",520,"SOM","Somalia",2015,NA,NA,0,0,0,0,"","","","","V2025.09.12"
"7167",520,"SOM","Somalia",2016,NA,NA,0,0,0,0,"","","","","V2025.09.12"
"7168",520,"SOM","Somalia",2017,NA,NA,0,0,0,0,"","","","","V2025.09.12"
"7169",520,"SOM","Somalia",2018,NA,NA,0,0,0,0,"","","","","V2025.09.12"
"7170",520,"SOM","Somalia",2019,NA,NA,0,0,0,0,"","","","","V2025.09.12"
"7171",520,"SOM","Somalia",2020,NA,NA,0,0,0,0,"","","","","V2025.09.12"
"7172",520,"SOM","Somalia",2021,NA,NA,0,0,0,0,"","","","","V2025.09.12"
"7173",520,"SOM","Somalia",2022,NA,NA,0,0,0,0,"","","","","V2025.09.12"
"7174",520,"SOM","Somalia",2023,NA,NA,0,0,0,0,"","","","","V2025.09.12"
"7175",520,"SOM","Somalia",2024,NA,NA,0,0,0,0,"","","","","V2025.09.12"
"7176",522,"DJI","Djibouti",1977,NA,NA,0,0,0,0,"","","","","V2025.09.12"
"7177",522,"DJI","Djibouti",1978,NA,NA,0,0,0,0,"","","","","V2025.09.12"
"7178",522,"DJI","Djibouti",1979,NA,NA,0,0,0,0,"","","","","V2025.09.12"
"7179",522,"DJI","Djibouti",1980,NA,NA,0,0,0,0,"","","","","V2025.09.12"
"7180",522,"DJI","Djibouti",1981,NA,NA,0,0,0,0,"","","","","V2025.09.12"
"7181",522,"DJI","Djibouti",1982,NA,NA,0,0,0,0,"","","","","V2025.09.12"
"7182",522,"DJI","Djibouti",1983,NA,NA,0,0,0,0,"","","","","V2025.09.12"
"7183",522,"DJI","Djibouti",1984,NA,NA,0,0,0,0,"","","","","V2025.09.12"
"7184",522,"DJI","Djibouti",1985,NA,NA,0,0,0,0,"","","","","V2025.09.12"
"7185",522,"DJI","Djibouti",1986,NA,NA,0,0,0,0,"","","","","V2025.09.12"
"7186",522,"DJI","Djibouti",1987,NA,NA,0,0,0,0,"","","","","V2025.09.12"
"7187",522,"DJI","Djibouti",1988,NA,NA,0,0,0,0,"","","","","V2025.09.12"
"7188",522,"DJI","Djibouti",1989,NA,NA,0,0,0,0,"","","","","V2025.09.12"
"7189",522,"DJI","Djibouti",1990,NA,NA,0,0,0,0,"","","","","V2025.09.12"
"7190",522,"DJI","Djibouti",1991,NA,NA,0,0,0,0,"","","","","V2025.09.12"
"7191",522,"DJI","Djibouti",1992,NA,NA,0,0,0,0,"","","","","V2025.09.12"
"7192",522,"DJI","Djibouti",1993,NA,NA,0,0,0,0,"","","","","V2025.09.12"
"7193",522,"DJI","Djibouti",1994,NA,NA,0,0,0,0,"","","","","V2025.09.12"
"7194",522,"DJI","Djibouti",1995,NA,NA,0,0,0,0,"","","","","V2025.09.12"
"7195",522,"DJI","Djibouti",1996,NA,NA,0,0,0,0,"","","","","V2025.09.12"
"7196",522,"DJI","Djibouti",1997,NA,NA,0,0,0,0,"","","","","V2025.09.12"
"7197",522,"DJI","Djibouti",1998,NA,NA,0,0,0,0,"","","","","V2025.09.12"
"7198",522,"DJI","Djibouti",1999,NA,NA,0,0,0,0,"","","","","V2025.09.12"
"7199",522,"DJI","Djibouti",2000,NA,NA,1,0,0,0,"07dec2000","","","","V2025.09.12"
"7200",522,"DJI","Djibouti",2001,NA,NA,0,0,0,0,"","","","","V2025.09.12"
"7201",522,"DJI","Djibouti",2002,NA,NA,0,0,0,0,"","","","","V2025.09.12"
"7202",522,"DJI","Djibouti",2003,NA,NA,0,0,0,0,"","","","","V2025.09.12"
"7203",522,"DJI","Djibouti",2004,NA,NA,0,0,0,0,"","","","","V2025.09.12"
"7204",522,"DJI","Djibouti",2005,NA,NA,0,0,0,0,"","","","","V2025.09.12"
"7205",522,"DJI","Djibouti",2006,NA,NA,0,0,0,0,"","","","","V2025.09.12"
"7206",522,"DJI","Djibouti",2007,NA,NA,0,0,0,0,"","","","","V2025.09.12"
"7207",522,"DJI","Djibouti",2008,NA,NA,0,0,0,0,"","","","","V2025.09.12"
"7208",522,"DJI","Djibouti",2009,NA,NA,0,0,0,0,"","","","","V2025.09.12"
"7209",522,"DJI","Djibouti",2010,NA,NA,0,0,0,0,"","","","","V2025.09.12"
"7210",522,"DJI","Djibouti",2011,NA,NA,0,0,0,0,"","","","","V2025.09.12"
"7211",522,"DJI","Djibouti",2012,NA,NA,0,0,0,0,"","","","","V2025.09.12"
"7212",522,"DJI","Djibouti",2013,NA,NA,0,0,0,0,"","","","","V2025.09.12"
"7213",522,"DJI","Djibouti",2014,NA,NA,0,0,0,0,"","","","","V2025.09.12"
"7214",522,"DJI","Djibouti",2015,NA,NA,0,0,0,0,"","","","","V2025.09.12"
"7215",522,"DJI","Djibouti",2016,NA,NA,0,0,0,0,"","","","","V2025.09.12"
"7216",522,"DJI","Djibouti",2017,NA,NA,0,0,0,0,"","","","","V2025.09.12"
"7217",522,"DJI","Djibouti",2018,NA,NA,0,0,0,0,"","","","","V2025.09.12"
"7218",522,"DJI","Djibouti",2019,NA,NA,0,0,0,0,"","","","","V2025.09.12"
"7219",522,"DJI","Djibouti",2020,NA,NA,0,0,0,0,"","","","","V2025.09.12"
"7220",522,"DJI","Djibouti",2021,NA,NA,0,0,0,0,"","","","","V2025.09.12"
"7221",522,"DJI","Djibouti",2022,NA,NA,0,0,0,0,"","","","","V2025.09.12"
"7222",522,"DJI","Djibouti",2023,NA,NA,0,0,0,0,"","","","","V2025.09.12"
"7223",522,"DJI","Djibouti",2024,NA,NA,0,0,0,0,"","","","","V2025.09.12"
"7224",530,"ETH","Ethiopia",1950,NA,NA,0,0,0,0,"","","","","V2025.09.12"
"7225",530,"ETH","Ethiopia",1951,NA,NA,0,0,0,0,"","","","","V2025.09.12"
"7226",530,"ETH","Ethiopia",1952,NA,NA,0,0,0,0,"","","","","V2025.09.12"
"7227",530,"ETH","Ethiopia",1953,NA,NA,0,0,0,0,"","","","","V2025.09.12"
"7228",530,"ETH","Ethiopia",1954,NA,NA,0,0,0,0,"","","","","V2025.09.12"
"7229",530,"ETH","Ethiopia",1955,NA,NA,0,0,0,0,"","","","","V2025.09.12"
"7230",530,"ETH","Ethiopia",1956,NA,NA,0,0,0,0,"","","","","V2025.09.12"
"7231",530,"ETH","Ethiopia",1957,NA,NA,0,0,0,0,"","","","","V2025.09.12"
"7232",530,"ETH","Ethiopia",1958,NA,NA,0,0,0,0,"","","","","V2025.09.12"
"7233",530,"ETH","Ethiopia",1959,NA,NA,0,0,0,0,"","","","","V2025.09.12"
"7234",530,"ETH","Ethiopia",1960,NA,NA,1,0,0,0,"14dec1960","","","","V2025.09.12"
"7235",530,"ETH","Ethiopia",1961,NA,NA,1,0,0,0,"14dec1961","","","","V2025.09.12"
"7236",530,"ETH","Ethiopia",1962,NA,NA,0,0,0,0,"","","","","V2025.09.12"
"7237",530,"ETH","Ethiopia",1963,NA,NA,0,0,0,0,"","","","","V2025.09.12"
"7238",530,"ETH","Ethiopia",1964,NA,NA,0,0,0,0,"","","","","V2025.09.12"
"7239",530,"ETH","Ethiopia",1965,NA,NA,0,0,0,0,"","","","","V2025.09.12"
"7240",530,"ETH","Ethiopia",1966,NA,NA,0,0,0,0,"","","","","V2025.09.12"
"7241",530,"ETH","Ethiopia",1967,NA,NA,0,0,0,0,"","","","","V2025.09.12"
"7242",530,"ETH","Ethiopia",1968,NA,NA,0,0,0,0,"","","","","V2025.09.12"
"7243",530,"ETH","Ethiopia",1969,NA,NA,0,0,0,0,"","","","","V2025.09.12"
"7244",530,"ETH","Ethiopia",1970,NA,NA,0,0,0,0,"","","","","V2025.09.12"
"7245",530,"ETH","Ethiopia",1971,NA,NA,0,0,0,0,"","","","","V2025.09.12"
"7246",530,"ETH","Ethiopia",1972,NA,NA,0,0,0,0,"","","","","V2025.09.12"
"7247",530,"ETH","Ethiopia",1973,NA,NA,0,0,0,0,"","","","","V2025.09.12"
"7248",530,"ETH","Ethiopia",1974,NA,NA,2,0,0,0,"12sep1974","","","","V2025.09.12"
"7249",530,"ETH","Ethiopia",1975,NA,NA,0,0,0,0,"","","","","V2025.09.12"
"7250",530,"ETH","Ethiopia",1976,NA,NA,0,0,0,0,"","","","","V2025.09.12"
"7251",530,"ETH","Ethiopia",1977,NA,NA,2,0,0,0,"03feb1977","","","","V2025.09.12"
"7252",530,"ETH","Ethiopia",1978,NA,NA,0,0,0,0,"","","","","V2025.09.12"
"7253",530,"ETH","Ethiopia",1979,NA,NA,0,0,0,0,"","","","","V2025.09.12"
"7254",530,"ETH","Ethiopia",1980,NA,NA,0,0,0,0,"","","","","V2025.09.12"
"7255",530,"ETH","Ethiopia",1981,NA,NA,0,0,0,0,"","","","","V2025.09.12"
"7256",530,"ETH","Ethiopia",1982,NA,NA,0,0,0,0,"","","","","V2025.09.12"
"7257",530,"ETH","Ethiopia",1983,NA,NA,0,0,0,0,"","","","","V2025.09.12"
"7258",530,"ETH","Ethiopia",1984,NA,NA,0,0,0,0,"","","","","V2025.09.12"
"7259",530,"ETH","Ethiopia",1985,NA,NA,0,0,0,0,"","","","","V2025.09.12"
"7260",530,"ETH","Ethiopia",1986,NA,NA,0,0,0,0,"","","","","V2025.09.12"
"7261",530,"ETH","Ethiopia",1987,NA,NA,0,0,0,0,"","","","","V2025.09.12"
"7262",530,"ETH","Ethiopia",1988,NA,NA,0,0,0,0,"","","","","V2025.09.12"
"7263",530,"ETH","Ethiopia",1989,NA,NA,1,0,0,0,"16may1989","","","","V2025.09.12"
"7264",530,"ETH","Ethiopia",1990,NA,NA,0,0,0,0,"","","","","V2025.09.12"
"7265",530,"ETH","Ethiopia",1991,NA,NA,0,0,0,0,"","","","","V2025.09.12"
"7266",530,"ETH","Ethiopia",1992,NA,NA,0,0,0,0,"","","","","V2025.09.12"
"7267",530,"ETH","Ethiopia",1993,NA,NA,0,0,0,0,"","","","","V2025.09.12"
"7268",530,"ETH","Ethiopia",1994,NA,NA,0,0,0,0,"","","","","V2025.09.12"
"7269",530,"ETH","Ethiopia",1995,NA,NA,0,0,0,0,"","","","","V2025.09.12"
"7270",530,"ETH","Ethiopia",1996,NA,NA,0,0,0,0,"","","","","V2025.09.12"
"7271",530,"ETH","Ethiopia",1997,NA,NA,0,0,0,0,"","","","","V2025.09.12"
"7272",530,"ETH","Ethiopia",1998,NA,NA,0,0,0,0,"","","","","V2025.09.12"
"7273",530,"ETH","Ethiopia",1999,NA,NA,0,0,0,0,"","","","","V2025.09.12"
"7274",530,"ETH","Ethiopia",2000,NA,NA,0,0,0,0,"","","","","V2025.09.12"
"7275",530,"ETH","Ethiopia",2001,NA,NA,0,0,0,0,"","","","","V2025.09.12"
"7276",530,"ETH","Ethiopia",2002,NA,NA,0,0,0,0,"","","","","V2025.09.12"
"7277",530,"ETH","Ethiopia",2003,NA,NA,0,0,0,0,"","","","","V2025.09.12"
"7278",530,"ETH","Ethiopia",2004,NA,NA,0,0,0,0,"","","","","V2025.09.12"
"7279",530,"ETH","Ethiopia",2005,NA,NA,0,0,0,0,"","","","","V2025.09.12"
"7280",530,"ETH","Ethiopia",2006,NA,NA,0,0,0,0,"","","","","V2025.09.12"
"7281",530,"ETH","Ethiopia",2007,NA,NA,0,0,0,0,"","","","","V2025.09.12"
"7282",530,"ETH","Ethiopia",2008,NA,NA,0,0,0,0,"","","","","V2025.09.12"
"7283",530,"ETH","Ethiopia",2009,NA,NA,0,0,0,0,"","","","","V2025.09.12"
"7284",530,"ETH","Ethiopia",2010,NA,NA,0,0,0,0,"","","","","V2025.09.12"
"7285",530,"ETH","Ethiopia",2011,NA,NA,0,0,0,0,"","","","","V2025.09.12"
"7286",530,"ETH","Ethiopia",2012,NA,NA,0,0,0,0,"","","","","V2025.09.12"
"7287",530,"ETH","Ethiopia",2013,NA,NA,0,0,0,0,"","","","","V2025.09.12"
"7288",530,"ETH","Ethiopia",2014,NA,NA,0,0,0,0,"","","","","V2025.09.12"
"7289",530,"ETH","Ethiopia",2015,NA,NA,0,0,0,0,"","","","","V2025.09.12"
"7290",530,"ETH","Ethiopia",2016,NA,NA,0,0,0,0,"","","","","V2025.09.12"
"7291",530,"ETH","Ethiopia",2017,NA,NA,0,0,0,0,"","","","","V2025.09.12"
"7292",530,"ETH","Ethiopia",2018,NA,NA,0,0,0,0,"","","","","V2025.09.12"
"7293",530,"ETH","Ethiopia",2019,NA,NA,0,0,0,0,"","","","","V2025.09.12"
"7294",530,"ETH","Ethiopia",2020,NA,NA,0,0,0,0,"","","","","V2025.09.12"
"7295",530,"ETH","Ethiopia",2021,NA,NA,0,0,0,0,"","","","","V2025.09.12"
"7296",530,"ETH","Ethiopia",2022,NA,NA,0,0,0,0,"","","","","V2025.09.12"
"7297",530,"ETH","Ethiopia",2023,NA,NA,0,0,0,0,"","","","","V2025.09.12"
"7298",530,"ETH","Ethiopia",2024,NA,NA,0,0,0,0,"","","","","V2025.09.12"
"7299",531,"ERI","Eritrea",1993,NA,NA,0,0,0,0,"","","","","V2025.09.12"
"7300",531,"ERI","Eritrea",1994,NA,NA,0,0,0,0,"","","","","V2025.09.12"
"7301",531,"ERI","Eritrea",1995,NA,NA,0,0,0,0,"","","","","V2025.09.12"
"7302",531,"ERI","Eritrea",1996,NA,NA,0,0,0,0,"","","","","V2025.09.12"
"7303",531,"ERI","Eritrea",1997,NA,NA,0,0,0,0,"","","","","V2025.09.12"
"7304",531,"ERI","Eritrea",1998,NA,NA,0,0,0,0,"","","","","V2025.09.12"
"7305",531,"ERI","Eritrea",1999,NA,NA,0,0,0,0,"","","","","V2025.09.12"
"7306",531,"ERI","Eritrea",2000,NA,NA,0,0,0,0,"","","","","V2025.09.12"
"7307",531,"ERI","Eritrea",2001,NA,NA,0,0,0,0,"","","","","V2025.09.12"
"7308",531,"ERI","Eritrea",2002,NA,NA,0,0,0,0,"","","","","V2025.09.12"
"7309",531,"ERI","Eritrea",2003,NA,NA,0,0,0,0,"","","","","V2025.09.12"
"7310",531,"ERI","Eritrea",2004,NA,NA,0,0,0,0,"","","","","V2025.09.12"
"7311",531,"ERI","Eritrea",2005,NA,NA,0,0,0,0,"","","","","V2025.09.12"
"7312",531,"ERI","Eritrea",2006,NA,NA,0,0,0,0,"","","","","V2025.09.12"
"7313",531,"ERI","Eritrea",2007,NA,NA,0,0,0,0,"","","","","V2025.09.12"
"7314",531,"ERI","Eritrea",2008,NA,NA,0,0,0,0,"","","","","V2025.09.12"
"7315",531,"ERI","Eritrea",2009,NA,NA,0,0,0,0,"","","","","V2025.09.12"
"7316",531,"ERI","Eritrea",2010,NA,NA,0,0,0,0,"","","","","V2025.09.12"
"7317",531,"ERI","Eritrea",2011,NA,NA,0,0,0,0,"","","","","V2025.09.12"
"7318",531,"ERI","Eritrea",2012,NA,NA,0,0,0,0,"","","","","V2025.09.12"
"7319",531,"ERI","Eritrea",2013,NA,NA,0,0,0,0,"","","","","V2025.09.12"
"7320",531,"ERI","Eritrea",2014,NA,NA,0,0,0,0,"","","","","V2025.09.12"
"7321",531,"ERI","Eritrea",2015,NA,NA,0,0,0,0,"","","","","V2025.09.12"
"7322",531,"ERI","Eritrea",2016,NA,NA,0,0,0,0,"","","","","V2025.09.12"
"7323",531,"ERI","Eritrea",2017,NA,NA,0,0,0,0,"","","","","V2025.09.12"
"7324",531,"ERI","Eritrea",2018,NA,NA,0,0,0,0,"","","","","V2025.09.12"
"7325",531,"ERI","Eritrea",2019,NA,NA,0,0,0,0,"","","","","V2025.09.12"
"7326",531,"ERI","Eritrea",2020,NA,NA,0,0,0,0,"","","","","V2025.09.12"
"7327",531,"ERI","Eritrea",2021,NA,NA,0,0,0,0,"","","","","V2025.09.12"
"7328",531,"ERI","Eritrea",2022,NA,NA,0,0,0,0,"","","","","V2025.09.12"
"7329",531,"ERI","Eritrea",2023,NA,NA,0,0,0,0,"","","","","V2025.09.12"
"7330",531,"ERI","Eritrea",2024,NA,NA,0,0,0,0,"","","","","V2025.09.12"
"7331",540,"ANG","Angola",1975,NA,NA,0,0,0,0,"","","","","V2025.09.12"
"7332",540,"ANG","Angola",1976,NA,NA,0,0,0,0,"","","","","V2025.09.12"
"7333",540,"ANG","Angola",1977,NA,NA,1,0,0,0,"27may1977","","","","V2025.09.12"
"7334",540,"ANG","Angola",1978,NA,NA,0,0,0,0,"","","","","V2025.09.12"
"7335",540,"ANG","Angola",1979,NA,NA,0,0,0,0,"","","","","V2025.09.12"
"7336",540,"ANG","Angola",1980,NA,NA,0,0,0,0,"","","","","V2025.09.12"
"7337",540,"ANG","Angola",1981,NA,NA,0,0,0,0,"","","","","V2025.09.12"
"7338",540,"ANG","Angola",1982,NA,NA,0,0,0,0,"","","","","V2025.09.12"
"7339",540,"ANG","Angola",1983,NA,NA,0,0,0,0,"","","","","V2025.09.12"
"7340",540,"ANG","Angola",1984,NA,NA,0,0,0,0,"","","","","V2025.09.12"
"7341",540,"ANG","Angola",1985,NA,NA,0,0,0,0,"","","","","V2025.09.12"
"7342",540,"ANG","Angola",1986,NA,NA,0,0,0,0,"","","","","V2025.09.12"
"7343",540,"ANG","Angola",1987,NA,NA,0,0,0,0,"","","","","V2025.09.12"
"7344",540,"ANG","Angola",1988,NA,NA,0,0,0,0,"","","","","V2025.09.12"
"7345",540,"ANG","Angola",1989,NA,NA,0,0,0,0,"","","","","V2025.09.12"
"7346",540,"ANG","Angola",1990,NA,NA,0,0,0,0,"","","","","V2025.09.12"
"7347",540,"ANG","Angola",1991,NA,NA,0,0,0,0,"","","","","V2025.09.12"
"7348",540,"ANG","Angola",1992,NA,NA,0,0,0,0,"","","","","V2025.09.12"
"7349",540,"ANG","Angola",1993,NA,NA,0,0,0,0,"","","","","V2025.09.12"
"7350",540,"ANG","Angola",1994,NA,NA,0,0,0,0,"","","","","V2025.09.12"
"7351",540,"ANG","Angola",1995,NA,NA,0,0,0,0,"","","","","V2025.09.12"
"7352",540,"ANG","Angola",1996,NA,NA,0,0,0,0,"","","","","V2025.09.12"
"7353",540,"ANG","Angola",1997,NA,NA,0,0,0,0,"","","","","V2025.09.12"
"7354",540,"ANG","Angola",1998,NA,NA,0,0,0,0,"","","","","V2025.09.12"
"7355",540,"ANG","Angola",1999,NA,NA,0,0,0,0,"","","","","V2025.09.12"
"7356",540,"ANG","Angola",2000,NA,NA,0,0,0,0,"","","","","V2025.09.12"
"7357",540,"ANG","Angola",2001,NA,NA,0,0,0,0,"","","","","V2025.09.12"
"7358",540,"ANG","Angola",2002,NA,NA,0,0,0,0,"","","","","V2025.09.12"
"7359",540,"ANG","Angola",2003,NA,NA,0,0,0,0,"","","","","V2025.09.12"
"7360",540,"ANG","Angola",2004,NA,NA,0,0,0,0,"","","","","V2025.09.12"
"7361",540,"ANG","Angola",2005,NA,NA,0,0,0,0,"","","","","V2025.09.12"
"7362",540,"ANG","Angola",2006,NA,NA,0,0,0,0,"","","","","V2025.09.12"
"7363",540,"ANG","Angola",2007,NA,NA,0,0,0,0,"","","","","V2025.09.12"
"7364",540,"ANG","Angola",2008,NA,NA,0,0,0,0,"","","","","V2025.09.12"
"7365",540,"ANG","Angola",2009,NA,NA,0,0,0,0,"","","","","V2025.09.12"
"7366",540,"ANG","Angola",2010,NA,NA,0,0,0,0,"","","","","V2025.09.12"
"7367",540,"ANG","Angola",2011,NA,NA,0,0,0,0,"","","","","V2025.09.12"
"7368",540,"ANG","Angola",2012,NA,NA,0,0,0,0,"","","","","V2025.09.12"
"7369",540,"ANG","Angola",2013,NA,NA,0,0,0,0,"","","","","V2025.09.12"
"7370",540,"ANG","Angola",2014,NA,NA,0,0,0,0,"","","","","V2025.09.12"
"7371",540,"ANG","Angola",2015,NA,NA,0,0,0,0,"","","","","V2025.09.12"
"7372",540,"ANG","Angola",2016,NA,NA,0,0,0,0,"","","","","V2025.09.12"
"7373",540,"ANG","Angola",2017,NA,NA,0,0,0,0,"","","","","V2025.09.12"
"7374",540,"ANG","Angola",2018,NA,NA,0,0,0,0,"","","","","V2025.09.12"
"7375",540,"ANG","Angola",2019,NA,NA,0,0,0,0,"","","","","V2025.09.12"
"7376",540,"ANG","Angola",2020,NA,NA,0,0,0,0,"","","","","V2025.09.12"
"7377",540,"ANG","Angola",2021,NA,NA,0,0,0,0,"","","","","V2025.09.12"
"7378",540,"ANG","Angola",2022,NA,NA,0,0,0,0,"","","","","V2025.09.12"
"7379",540,"ANG","Angola",2023,NA,NA,0,0,0,0,"","","","","V2025.09.12"
"7380",540,"ANG","Angola",2024,NA,NA,0,0,0,0,"","","","","V2025.09.12"
"7381",541,"MZM","Mozambique",1975,NA,NA,1,0,0,0,"17dec1975","","","","V2025.09.12"
"7382",541,"MZM","Mozambique",1976,NA,NA,0,0,0,0,"","","","","V2025.09.12"
"7383",541,"MZM","Mozambique",1977,NA,NA,0,0,0,0,"","","","","V2025.09.12"
"7384",541,"MZM","Mozambique",1978,NA,NA,0,0,0,0,"","","","","V2025.09.12"
"7385",541,"MZM","Mozambique",1979,NA,NA,0,0,0,0,"","","","","V2025.09.12"
"7386",541,"MZM","Mozambique",1980,NA,NA,0,0,0,0,"","","","","V2025.09.12"
"7387",541,"MZM","Mozambique",1981,NA,NA,0,0,0,0,"","","","","V2025.09.12"
"7388",541,"MZM","Mozambique",1982,NA,NA,0,0,0,0,"","","","","V2025.09.12"
"7389",541,"MZM","Mozambique",1983,NA,NA,0,0,0,0,"","","","","V2025.09.12"
"7390",541,"MZM","Mozambique",1984,NA,NA,0,0,0,0,"","","","","V2025.09.12"
"7391",541,"MZM","Mozambique",1985,NA,NA,0,0,0,0,"","","","","V2025.09.12"
"7392",541,"MZM","Mozambique",1986,NA,NA,0,0,0,0,"","","","","V2025.09.12"
"7393",541,"MZM","Mozambique",1987,NA,NA,0,0,0,0,"","","","","V2025.09.12"
"7394",541,"MZM","Mozambique",1988,NA,NA,0,0,0,0,"","","","","V2025.09.12"
"7395",541,"MZM","Mozambique",1989,NA,NA,0,0,0,0,"","","","","V2025.09.12"
"7396",541,"MZM","Mozambique",1990,NA,NA,0,0,0,0,"","","","","V2025.09.12"
"7397",541,"MZM","Mozambique",1991,NA,NA,0,0,0,0,"","","","","V2025.09.12"
"7398",541,"MZM","Mozambique",1992,NA,NA,0,0,0,0,"","","","","V2025.09.12"
"7399",541,"MZM","Mozambique",1993,NA,NA,0,0,0,0,"","","","","V2025.09.12"
"7400",541,"MZM","Mozambique",1994,NA,NA,0,0,0,0,"","","","","V2025.09.12"
"7401",541,"MZM","Mozambique",1995,NA,NA,0,0,0,0,"","","","","V2025.09.12"
"7402",541,"MZM","Mozambique",1996,NA,NA,0,0,0,0,"","","","","V2025.09.12"
"7403",541,"MZM","Mozambique",1997,NA,NA,0,0,0,0,"","","","","V2025.09.12"
"7404",541,"MZM","Mozambique",1998,NA,NA,0,0,0,0,"","","","","V2025.09.12"
"7405",541,"MZM","Mozambique",1999,NA,NA,0,0,0,0,"","","","","V2025.09.12"
"7406",541,"MZM","Mozambique",2000,NA,NA,0,0,0,0,"","","","","V2025.09.12"
"7407",541,"MZM","Mozambique",2001,NA,NA,0,0,0,0,"","","","","V2025.09.12"
"7408",541,"MZM","Mozambique",2002,NA,NA,0,0,0,0,"","","","","V2025.09.12"
"7409",541,"MZM","Mozambique",2003,NA,NA,0,0,0,0,"","","","","V2025.09.12"
"7410",541,"MZM","Mozambique",2004,NA,NA,0,0,0,0,"","","","","V2025.09.12"
"7411",541,"MZM","Mozambique",2005,NA,NA,0,0,0,0,"","","","","V2025.09.12"
"7412",541,"MZM","Mozambique",2006,NA,NA,0,0,0,0,"","","","","V2025.09.12"
"7413",541,"MZM","Mozambique",2007,NA,NA,0,0,0,0,"","","","","V2025.09.12"
"7414",541,"MZM","Mozambique",2008,NA,NA,0,0,0,0,"","","","","V2025.09.12"
"7415",541,"MZM","Mozambique",2009,NA,NA,0,0,0,0,"","","","","V2025.09.12"
"7416",541,"MZM","Mozambique",2010,NA,NA,0,0,0,0,"","","","","V2025.09.12"
"7417",541,"MZM","Mozambique",2011,NA,NA,0,0,0,0,"","","","","V2025.09.12"
"7418",541,"MZM","Mozambique",2012,NA,NA,0,0,0,0,"","","","","V2025.09.12"
"7419",541,"MZM","Mozambique",2013,NA,NA,0,0,0,0,"","","","","V2025.09.12"
"7420",541,"MZM","Mozambique",2014,NA,NA,0,0,0,0,"","","","","V2025.09.12"
"7421",541,"MZM","Mozambique",2015,NA,NA,0,0,0,0,"","","","","V2025.09.12"
"7422",541,"MZM","Mozambique",2016,NA,NA,0,0,0,0,"","","","","V2025.09.12"
"7423",541,"MZM","Mozambique",2017,NA,NA,0,0,0,0,"","","","","V2025.09.12"
"7424",541,"MZM","Mozambique",2018,NA,NA,0,0,0,0,"","","","","V2025.09.12"
"7425",541,"MZM","Mozambique",2019,NA,NA,0,0,0,0,"","","","","V2025.09.12"
"7426",541,"MZM","Mozambique",2020,NA,NA,0,0,0,0,"","","","","V2025.09.12"
"7427",541,"MZM","Mozambique",2021,NA,NA,0,0,0,0,"","","","","V2025.09.12"
"7428",541,"MZM","Mozambique",2022,NA,NA,0,0,0,0,"","","","","V2025.09.12"
"7429",541,"MZM","Mozambique",2023,NA,NA,0,0,0,0,"","","","","V2025.09.12"
"7430",541,"MZM","Mozambique",2024,NA,NA,0,0,0,0,"","","","","V2025.09.12"
"7431",551,"ZAM","Zambia",1964,NA,NA,0,0,0,0,"","","","","V2025.09.12"
"7432",551,"ZAM","Zambia",1965,NA,NA,0,0,0,0,"","","","","V2025.09.12"
"7433",551,"ZAM","Zambia",1966,NA,NA,0,0,0,0,"","","","","V2025.09.12"
"7434",551,"ZAM","Zambia",1967,NA,NA,0,0,0,0,"","","","","V2025.09.12"
"7435",551,"ZAM","Zambia",1968,NA,NA,0,0,0,0,"","","","","V2025.09.12"
"7436",551,"ZAM","Zambia",1969,NA,NA,0,0,0,0,"","","","","V2025.09.12"
"7437",551,"ZAM","Zambia",1970,NA,NA,0,0,0,0,"","","","","V2025.09.12"
"7438",551,"ZAM","Zambia",1971,NA,NA,0,0,0,0,"","","","","V2025.09.12"
"7439",551,"ZAM","Zambia",1972,NA,NA,0,0,0,0,"","","","","V2025.09.12"
"7440",551,"ZAM","Zambia",1973,NA,NA,0,0,0,0,"","","","","V2025.09.12"
"7441",551,"ZAM","Zambia",1974,NA,NA,0,0,0,0,"","","","","V2025.09.12"
"7442",551,"ZAM","Zambia",1975,NA,NA,0,0,0,0,"","","","","V2025.09.12"
"7443",551,"ZAM","Zambia",1976,NA,NA,0,0,0,0,"","","","","V2025.09.12"
"7444",551,"ZAM","Zambia",1977,NA,NA,0,0,0,0,"","","","","V2025.09.12"
"7445",551,"ZAM","Zambia",1978,NA,NA,0,0,0,0,"","","","","V2025.09.12"
"7446",551,"ZAM","Zambia",1979,NA,NA,0,0,0,0,"","","","","V2025.09.12"
"7447",551,"ZAM","Zambia",1980,NA,NA,1,0,0,0,"16oct1980","","","","V2025.09.12"
"7448",551,"ZAM","Zambia",1981,NA,NA,0,0,0,0,"","","","","V2025.09.12"
"7449",551,"ZAM","Zambia",1982,NA,NA,0,0,0,0,"","","","","V2025.09.12"
"7450",551,"ZAM","Zambia",1983,NA,NA,0,0,0,0,"","","","","V2025.09.12"
"7451",551,"ZAM","Zambia",1984,NA,NA,0,0,0,0,"","","","","V2025.09.12"
"7452",551,"ZAM","Zambia",1985,NA,NA,0,0,0,0,"","","","","V2025.09.12"
"7453",551,"ZAM","Zambia",1986,NA,NA,0,0,0,0,"","","","","V2025.09.12"
"7454",551,"ZAM","Zambia",1987,NA,NA,0,0,0,0,"","","","","V2025.09.12"
"7455",551,"ZAM","Zambia",1988,NA,NA,0,0,0,0,"","","","","V2025.09.12"
"7456",551,"ZAM","Zambia",1989,NA,NA,0,0,0,0,"","","","","V2025.09.12"
"7457",551,"ZAM","Zambia",1990,NA,NA,1,0,0,0,"30jun1990","","","","V2025.09.12"
"7458",551,"ZAM","Zambia",1991,NA,NA,0,0,0,0,"","","","","V2025.09.12"
"7459",551,"ZAM","Zambia",1992,NA,NA,0,0,0,0,"","","","","V2025.09.12"
"7460",551,"ZAM","Zambia",1993,NA,NA,0,0,0,0,"","","","","V2025.09.12"
"7461",551,"ZAM","Zambia",1994,NA,NA,0,0,0,0,"","","","","V2025.09.12"
"7462",551,"ZAM","Zambia",1995,NA,NA,0,0,0,0,"","","","","V2025.09.12"
"7463",551,"ZAM","Zambia",1996,NA,NA,0,0,0,0,"","","","","V2025.09.12"
"7464",551,"ZAM","Zambia",1997,NA,NA,1,0,0,0,"28oct1997","","","","V2025.09.12"
"7465",551,"ZAM","Zambia",1998,NA,NA,0,0,0,0,"","","","","V2025.09.12"
"7466",551,"ZAM","Zambia",1999,NA,NA,0,0,0,0,"","","","","V2025.09.12"
"7467",551,"ZAM","Zambia",2000,NA,NA,0,0,0,0,"","","","","V2025.09.12"
"7468",551,"ZAM","Zambia",2001,NA,NA,0,0,0,0,"","","","","V2025.09.12"
"7469",551,"ZAM","Zambia",2002,NA,NA,0,0,0,0,"","","","","V2025.09.12"
"7470",551,"ZAM","Zambia",2003,NA,NA,0,0,0,0,"","","","","V2025.09.12"
"7471",551,"ZAM","Zambia",2004,NA,NA,0,0,0,0,"","","","","V2025.09.12"
"7472",551,"ZAM","Zambia",2005,NA,NA,0,0,0,0,"","","","","V2025.09.12"
"7473",551,"ZAM","Zambia",2006,NA,NA,0,0,0,0,"","","","","V2025.09.12"
"7474",551,"ZAM","Zambia",2007,NA,NA,0,0,0,0,"","","","","V2025.09.12"
"7475",551,"ZAM","Zambia",2008,NA,NA,0,0,0,0,"","","","","V2025.09.12"
"7476",551,"ZAM","Zambia",2009,NA,NA,0,0,0,0,"","","","","V2025.09.12"
"7477",551,"ZAM","Zambia",2010,NA,NA,0,0,0,0,"","","","","V2025.09.12"
"7478",551,"ZAM","Zambia",2011,NA,NA,0,0,0,0,"","","","","V2025.09.12"
"7479",551,"ZAM","Zambia",2012,NA,NA,0,0,0,0,"","","","","V2025.09.12"
"7480",551,"ZAM","Zambia",2013,NA,NA,0,0,0,0,"","","","","V2025.09.12"
"7481",551,"ZAM","Zambia",2014,NA,NA,0,0,0,0,"","","","","V2025.09.12"
"7482",551,"ZAM","Zambia",2015,NA,NA,0,0,0,0,"","","","","V2025.09.12"
"7483",551,"ZAM","Zambia",2016,NA,NA,0,0,0,0,"","","","","V2025.09.12"
"7484",551,"ZAM","Zambia",2017,NA,NA,0,0,0,0,"","","","","V2025.09.12"
"7485",551,"ZAM","Zambia",2018,NA,NA,0,0,0,0,"","","","","V2025.09.12"
"7486",551,"ZAM","Zambia",2019,NA,NA,0,0,0,0,"","","","","V2025.09.12"
"7487",551,"ZAM","Zambia",2020,NA,NA,0,0,0,0,"","","","","V2025.09.12"
"7488",551,"ZAM","Zambia",2021,NA,NA,0,0,0,0,"","","","","V2025.09.12"
"7489",551,"ZAM","Zambia",2022,NA,NA,0,0,0,0,"","","","","V2025.09.12"
"7490",551,"ZAM","Zambia",2023,NA,NA,0,0,0,0,"","","","","V2025.09.12"
"7491",551,"ZAM","Zambia",2024,NA,NA,0,0,0,0,"","","","","V2025.09.12"
"7492",552,"ZIM","Zimbabwe (Rhodesia)",1965,NA,NA,0,0,0,0,"","","","","V2025.09.12"
"7493",552,"ZIM","Zimbabwe (Rhodesia)",1966,NA,NA,0,0,0,0,"","","","","V2025.09.12"
"7494",552,"ZIM","Zimbabwe (Rhodesia)",1967,NA,NA,0,0,0,0,"","","","","V2025.09.12"
"7495",552,"ZIM","Zimbabwe (Rhodesia)",1968,NA,NA,0,0,0,0,"","","","","V2025.09.12"
"7496",552,"ZIM","Zimbabwe (Rhodesia)",1969,NA,NA,0,0,0,0,"","","","","V2025.09.12"
"7497",552,"ZIM","Zimbabwe (Rhodesia)",1970,NA,NA,0,0,0,0,"","","","","V2025.09.12"
"7498",552,"ZIM","Zimbabwe (Rhodesia)",1971,NA,NA,0,0,0,0,"","","","","V2025.09.12"
"7499",552,"ZIM","Zimbabwe (Rhodesia)",1972,NA,NA,0,0,0,0,"","","","","V2025.09.12"
"7500",552,"ZIM","Zimbabwe (Rhodesia)",1973,NA,NA,0,0,0,0,"","","","","V2025.09.12"
"7501",552,"ZIM","Zimbabwe (Rhodesia)",1974,NA,NA,0,0,0,0,"","","","","V2025.09.12"
"7502",552,"ZIM","Zimbabwe (Rhodesia)",1975,NA,NA,0,0,0,0,"","","","","V2025.09.12"
"7503",552,"ZIM","Zimbabwe (Rhodesia)",1976,NA,NA,0,0,0,0,"","","","","V2025.09.12"
"7504",552,"ZIM","Zimbabwe (Rhodesia)",1977,NA,NA,0,0,0,0,"","","","","V2025.09.12"
"7505",552,"ZIM","Zimbabwe (Rhodesia)",1978,NA,NA,0,0,0,0,"","","","","V2025.09.12"
"7506",552,"ZIM","Zimbabwe (Rhodesia)",1979,NA,NA,0,0,0,0,"","","","","V2025.09.12"
"7507",552,"ZIM","Zimbabwe (Rhodesia)",1980,NA,NA,0,0,0,0,"","","","","V2025.09.12"
"7508",552,"ZIM","Zimbabwe (Rhodesia)",1981,NA,NA,0,0,0,0,"","","","","V2025.09.12"
"7509",552,"ZIM","Zimbabwe (Rhodesia)",1982,NA,NA,0,0,0,0,"","","","","V2025.09.12"
"7510",552,"ZIM","Zimbabwe (Rhodesia)",1983,NA,NA,0,0,0,0,"","","","","V2025.09.12"
"7511",552,"ZIM","Zimbabwe (Rhodesia)",1984,NA,NA,0,0,0,0,"","","","","V2025.09.12"
"7512",552,"ZIM","Zimbabwe (Rhodesia)",1985,NA,NA,0,0,0,0,"","","","","V2025.09.12"
"7513",552,"ZIM","Zimbabwe (Rhodesia)",1986,NA,NA,0,0,0,0,"","","","","V2025.09.12"
"7514",552,"ZIM","Zimbabwe (Rhodesia)",1987,NA,NA,0,0,0,0,"","","","","V2025.09.12"
"7515",552,"ZIM","Zimbabwe (Rhodesia)",1988,NA,NA,0,0,0,0,"","","","","V2025.09.12"
"7516",552,"ZIM","Zimbabwe (Rhodesia)",1989,NA,NA,0,0,0,0,"","","","","V2025.09.12"
"7517",552,"ZIM","Zimbabwe (Rhodesia)",1990,NA,NA,0,0,0,0,"","","","","V2025.09.12"
"7518",552,"ZIM","Zimbabwe (Rhodesia)",1991,NA,NA,0,0,0,0,"","","","","V2025.09.12"
"7519",552,"ZIM","Zimbabwe (Rhodesia)",1992,NA,NA,0,0,0,0,"","","","","V2025.09.12"
"7520",552,"ZIM","Zimbabwe (Rhodesia)",1993,NA,NA,0,0,0,0,"","","","","V2025.09.12"
"7521",552,"ZIM","Zimbabwe (Rhodesia)",1994,NA,NA,0,0,0,0,"","","","","V2025.09.12"
"7522",552,"ZIM","Zimbabwe (Rhodesia)",1995,NA,NA,0,0,0,0,"","","","","V2025.09.12"
"7523",552,"ZIM","Zimbabwe (Rhodesia)",1996,NA,NA,0,0,0,0,"","","","","V2025.09.12"
"7524",552,"ZIM","Zimbabwe (Rhodesia)",1997,NA,NA,0,0,0,0,"","","","","V2025.09.12"
"7525",552,"ZIM","Zimbabwe (Rhodesia)",1998,NA,NA,0,0,0,0,"","","","","V2025.09.12"
"7526",552,"ZIM","Zimbabwe (Rhodesia)",1999,NA,NA,0,0,0,0,"","","","","V2025.09.12"
"7527",552,"ZIM","Zimbabwe (Rhodesia)",2000,NA,NA,0,0,0,0,"","","","","V2025.09.12"
"7528",552,"ZIM","Zimbabwe (Rhodesia)",2001,NA,NA,0,0,0,0,"","","","","V2025.09.12"
"7529",552,"ZIM","Zimbabwe (Rhodesia)",2002,NA,NA,0,0,0,0,"","","","","V2025.09.12"
"7530",552,"ZIM","Zimbabwe (Rhodesia)",2003,NA,NA,0,0,0,0,"","","","","V2025.09.12"
"7531",552,"ZIM","Zimbabwe (Rhodesia)",2004,NA,NA,0,0,0,0,"","","","","V2025.09.12"
"7532",552,"ZIM","Zimbabwe (Rhodesia)",2005,NA,NA,0,0,0,0,"","","","","V2025.09.12"
"7533",552,"ZIM","Zimbabwe (Rhodesia)",2006,NA,NA,0,0,0,0,"","","","","V2025.09.12"
"7534",552,"ZIM","Zimbabwe (Rhodesia)",2007,NA,NA,0,0,0,0,"","","","","V2025.09.12"
"7535",552,"ZIM","Zimbabwe (Rhodesia)",2008,NA,NA,0,0,0,0,"","","","","V2025.09.12"
"7536",552,"ZIM","Zimbabwe (Rhodesia)",2009,NA,NA,0,0,0,0,"","","","","V2025.09.12"
"7537",552,"ZIM","Zimbabwe (Rhodesia)",2010,NA,NA,0,0,0,0,"","","","","V2025.09.12"
"7538",552,"ZIM","Zimbabwe (Rhodesia)",2011,NA,NA,0,0,0,0,"","","","","V2025.09.12"
"7539",552,"ZIM","Zimbabwe (Rhodesia)",2012,NA,NA,0,0,0,0,"","","","","V2025.09.12"
"7540",552,"ZIM","Zimbabwe (Rhodesia)",2013,NA,NA,0,0,0,0,"","","","","V2025.09.12"
"7541",552,"ZIM","Zimbabwe (Rhodesia)",2014,NA,NA,0,0,0,0,"","","","","V2025.09.12"
"7542",552,"ZIM","Zimbabwe (Rhodesia)",2015,NA,NA,0,0,0,0,"","","","","V2025.09.12"
"7543",552,"ZIM","Zimbabwe (Rhodesia)",2016,NA,NA,0,0,0,0,"","","","","V2025.09.12"
"7544",552,"ZIM","Zimbabwe (Rhodesia)",2017,NA,NA,2,0,0,0,"15nov2017","","","","V2025.09.12"
"7545",552,"ZIM","Zimbabwe (Rhodesia)",2018,NA,NA,0,0,0,0,"","","","","V2025.09.12"
"7546",552,"ZIM","Zimbabwe (Rhodesia)",2019,NA,NA,0,0,0,0,"","","","","V2025.09.12"
"7547",552,"ZIM","Zimbabwe (Rhodesia)",2020,NA,NA,0,0,0,0,"","","","","V2025.09.12"
"7548",552,"ZIM","Zimbabwe (Rhodesia)",2021,NA,NA,0,0,0,0,"","","","","V2025.09.12"
"7549",552,"ZIM","Zimbabwe (Rhodesia)",2022,NA,NA,0,0,0,0,"","","","","V2025.09.12"
"7550",552,"ZIM","Zimbabwe (Rhodesia)",2023,NA,NA,0,0,0,0,"","","","","V2025.09.12"
"7551",552,"ZIM","Zimbabwe (Rhodesia)",2024,NA,NA,0,0,0,0,"","","","","V2025.09.12"
"7552",553,"MAW","Malawi",1964,NA,NA,0,0,0,0,"","","","","V2025.09.12"
"7553",553,"MAW","Malawi",1965,NA,NA,0,0,0,0,"","","","","V2025.09.12"
"7554",553,"MAW","Malawi",1966,NA,NA,0,0,0,0,"","","","","V2025.09.12"
"7555",553,"MAW","Malawi",1967,NA,NA,0,0,0,0,"","","","","V2025.09.12"
"7556",553,"MAW","Malawi",1968,NA,NA,0,0,0,0,"","","","","V2025.09.12"
"7557",553,"MAW","Malawi",1969,NA,NA,0,0,0,0,"","","","","V2025.09.12"
"7558",553,"MAW","Malawi",1970,NA,NA,0,0,0,0,"","","","","V2025.09.12"
"7559",553,"MAW","Malawi",1971,NA,NA,0,0,0,0,"","","","","V2025.09.12"
"7560",553,"MAW","Malawi",1972,NA,NA,0,0,0,0,"","","","","V2025.09.12"
"7561",553,"MAW","Malawi",1973,NA,NA,0,0,0,0,"","","","","V2025.09.12"
"7562",553,"MAW","Malawi",1974,NA,NA,0,0,0,0,"","","","","V2025.09.12"
"7563",553,"MAW","Malawi",1975,NA,NA,0,0,0,0,"","","","","V2025.09.12"
"7564",553,"MAW","Malawi",1976,NA,NA,0,0,0,0,"","","","","V2025.09.12"
"7565",553,"MAW","Malawi",1977,NA,NA,0,0,0,0,"","","","","V2025.09.12"
"7566",553,"MAW","Malawi",1978,NA,NA,0,0,0,0,"","","","","V2025.09.12"
"7567",553,"MAW","Malawi",1979,NA,NA,0,0,0,0,"","","","","V2025.09.12"
"7568",553,"MAW","Malawi",1980,NA,NA,0,0,0,0,"","","","","V2025.09.12"
"7569",553,"MAW","Malawi",1981,NA,NA,0,0,0,0,"","","","","V2025.09.12"
"7570",553,"MAW","Malawi",1982,NA,NA,0,0,0,0,"","","","","V2025.09.12"
"7571",553,"MAW","Malawi",1983,NA,NA,0,0,0,0,"","","","","V2025.09.12"
"7572",553,"MAW","Malawi",1984,NA,NA,0,0,0,0,"","","","","V2025.09.12"
"7573",553,"MAW","Malawi",1985,NA,NA,0,0,0,0,"","","","","V2025.09.12"
"7574",553,"MAW","Malawi",1986,NA,NA,0,0,0,0,"","","","","V2025.09.12"
"7575",553,"MAW","Malawi",1987,NA,NA,0,0,0,0,"","","","","V2025.09.12"
"7576",553,"MAW","Malawi",1988,NA,NA,0,0,0,0,"","","","","V2025.09.12"
"7577",553,"MAW","Malawi",1989,NA,NA,0,0,0,0,"","","","","V2025.09.12"
"7578",553,"MAW","Malawi",1990,NA,NA,0,0,0,0,"","","","","V2025.09.12"
"7579",553,"MAW","Malawi",1991,NA,NA,0,0,0,0,"","","","","V2025.09.12"
"7580",553,"MAW","Malawi",1992,NA,NA,0,0,0,0,"","","","","V2025.09.12"
"7581",553,"MAW","Malawi",1993,NA,NA,0,0,0,0,"","","","","V2025.09.12"
"7582",553,"MAW","Malawi",1994,NA,NA,0,0,0,0,"","","","","V2025.09.12"
"7583",553,"MAW","Malawi",1995,NA,NA,0,0,0,0,"","","","","V2025.09.12"
"7584",553,"MAW","Malawi",1996,NA,NA,0,0,0,0,"","","","","V2025.09.12"
"7585",553,"MAW","Malawi",1997,NA,NA,0,0,0,0,"","","","","V2025.09.12"
"7586",553,"MAW","Malawi",1998,NA,NA,0,0,0,0,"","","","","V2025.09.12"
"7587",553,"MAW","Malawi",1999,NA,NA,0,0,0,0,"","","","","V2025.09.12"
"7588",553,"MAW","Malawi",2000,NA,NA,0,0,0,0,"","","","","V2025.09.12"
"7589",553,"MAW","Malawi",2001,NA,NA,0,0,0,0,"","","","","V2025.09.12"
"7590",553,"MAW","Malawi",2002,NA,NA,0,0,0,0,"","","","","V2025.09.12"
"7591",553,"MAW","Malawi",2003,NA,NA,0,0,0,0,"","","","","V2025.09.12"
"7592",553,"MAW","Malawi",2004,NA,NA,0,0,0,0,"","","","","V2025.09.12"
"7593",553,"MAW","Malawi",2005,NA,NA,0,0,0,0,"","","","","V2025.09.12"
"7594",553,"MAW","Malawi",2006,NA,NA,0,0,0,0,"","","","","V2025.09.12"
"7595",553,"MAW","Malawi",2007,NA,NA,0,0,0,0,"","","","","V2025.09.12"
"7596",553,"MAW","Malawi",2008,NA,NA,0,0,0,0,"","","","","V2025.09.12"
"7597",553,"MAW","Malawi",2009,NA,NA,0,0,0,0,"","","","","V2025.09.12"
"7598",553,"MAW","Malawi",2010,NA,NA,0,0,0,0,"","","","","V2025.09.12"
"7599",553,"MAW","Malawi",2011,NA,NA,0,0,0,0,"","","","","V2025.09.12"
"7600",553,"MAW","Malawi",2012,NA,NA,0,0,0,0,"","","","","V2025.09.12"
"7601",553,"MAW","Malawi",2013,NA,NA,0,0,0,0,"","","","","V2025.09.12"
"7602",553,"MAW","Malawi",2014,NA,NA,0,0,0,0,"","","","","V2025.09.12"
"7603",553,"MAW","Malawi",2015,NA,NA,0,0,0,0,"","","","","V2025.09.12"
"7604",553,"MAW","Malawi",2016,NA,NA,0,0,0,0,"","","","","V2025.09.12"
"7605",553,"MAW","Malawi",2017,NA,NA,0,0,0,0,"","","","","V2025.09.12"
"7606",553,"MAW","Malawi",2018,NA,NA,0,0,0,0,"","","","","V2025.09.12"
"7607",553,"MAW","Malawi",2019,NA,NA,0,0,0,0,"","","","","V2025.09.12"
"7608",553,"MAW","Malawi",2020,NA,NA,0,0,0,0,"","","","","V2025.09.12"
"7609",553,"MAW","Malawi",2021,NA,NA,0,0,0,0,"","","","","V2025.09.12"
"7610",553,"MAW","Malawi",2022,NA,NA,0,0,0,0,"","","","","V2025.09.12"
"7611",553,"MAW","Malawi",2023,NA,NA,0,0,0,0,"","","","","V2025.09.12"
"7612",553,"MAW","Malawi",2024,NA,NA,0,0,0,0,"","","","","V2025.09.12"
"7613",560,"SAF","South Africa",1950,NA,NA,0,0,0,0,"","","","","V2025.09.12"
"7614",560,"SAF","South Africa",1951,NA,NA,0,0,0,0,"","","","","V2025.09.12"
"7615",560,"SAF","South Africa",1952,NA,NA,0,0,0,0,"","","","","V2025.09.12"
"7616",560,"SAF","South Africa",1953,NA,NA,0,0,0,0,"","","","","V2025.09.12"
"7617",560,"SAF","South Africa",1954,NA,NA,0,0,0,0,"","","","","V2025.09.12"
"7618",560,"SAF","South Africa",1955,NA,NA,0,0,0,0,"","","","","V2025.09.12"
"7619",560,"SAF","South Africa",1956,NA,NA,0,0,0,0,"","","","","V2025.09.12"
"7620",560,"SAF","South Africa",1957,NA,NA,0,0,0,0,"","","","","V2025.09.12"
"7621",560,"SAF","South Africa",1958,NA,NA,0,0,0,0,"","","","","V2025.09.12"
"7622",560,"SAF","South Africa",1959,NA,NA,0,0,0,0,"","","","","V2025.09.12"
"7623",560,"SAF","South Africa",1960,NA,NA,0,0,0,0,"","","","","V2025.09.12"
"7624",560,"SAF","South Africa",1961,NA,NA,0,0,0,0,"","","","","V2025.09.12"
"7625",560,"SAF","South Africa",1962,NA,NA,0,0,0,0,"","","","","V2025.09.12"
"7626",560,"SAF","South Africa",1963,NA,NA,0,0,0,0,"","","","","V2025.09.12"
"7627",560,"SAF","South Africa",1964,NA,NA,0,0,0,0,"","","","","V2025.09.12"
"7628",560,"SAF","South Africa",1965,NA,NA,0,0,0,0,"","","","","V2025.09.12"
"7629",560,"SAF","South Africa",1966,NA,NA,0,0,0,0,"","","","","V2025.09.12"
"7630",560,"SAF","South Africa",1967,NA,NA,0,0,0,0,"","","","","V2025.09.12"
"7631",560,"SAF","South Africa",1968,NA,NA,0,0,0,0,"","","","","V2025.09.12"
"7632",560,"SAF","South Africa",1969,NA,NA,0,0,0,0,"","","","","V2025.09.12"
"7633",560,"SAF","South Africa",1970,NA,NA,0,0,0,0,"","","","","V2025.09.12"
"7634",560,"SAF","South Africa",1971,NA,NA,0,0,0,0,"","","","","V2025.09.12"
"7635",560,"SAF","South Africa",1972,NA,NA,0,0,0,0,"","","","","V2025.09.12"
"7636",560,"SAF","South Africa",1973,NA,NA,0,0,0,0,"","","","","V2025.09.12"
"7637",560,"SAF","South Africa",1974,NA,NA,0,0,0,0,"","","","","V2025.09.12"
"7638",560,"SAF","South Africa",1975,NA,NA,0,0,0,0,"","","","","V2025.09.12"
"7639",560,"SAF","South Africa",1976,NA,NA,0,0,0,0,"","","","","V2025.09.12"
"7640",560,"SAF","South Africa",1977,NA,NA,0,0,0,0,"","","","","V2025.09.12"
"7641",560,"SAF","South Africa",1978,NA,NA,0,0,0,0,"","","","","V2025.09.12"
"7642",560,"SAF","South Africa",1979,NA,NA,0,0,0,0,"","","","","V2025.09.12"
"7643",560,"SAF","South Africa",1980,NA,NA,0,0,0,0,"","","","","V2025.09.12"
"7644",560,"SAF","South Africa",1981,NA,NA,0,0,0,0,"","","","","V2025.09.12"
"7645",560,"SAF","South Africa",1982,NA,NA,0,0,0,0,"","","","","V2025.09.12"
"7646",560,"SAF","South Africa",1983,NA,NA,0,0,0,0,"","","","","V2025.09.12"
"7647",560,"SAF","South Africa",1984,NA,NA,0,0,0,0,"","","","","V2025.09.12"
"7648",560,"SAF","South Africa",1985,NA,NA,0,0,0,0,"","","","","V2025.09.12"
"7649",560,"SAF","South Africa",1986,NA,NA,0,0,0,0,"","","","","V2025.09.12"
"7650",560,"SAF","South Africa",1987,NA,NA,0,0,0,0,"","","","","V2025.09.12"
"7651",560,"SAF","South Africa",1988,NA,NA,0,0,0,0,"","","","","V2025.09.12"
"7652",560,"SAF","South Africa",1989,NA,NA,0,0,0,0,"","","","","V2025.09.12"
"7653",560,"SAF","South Africa",1990,NA,NA,0,0,0,0,"","","","","V2025.09.12"
"7654",560,"SAF","South Africa",1991,NA,NA,0,0,0,0,"","","","","V2025.09.12"
"7655",560,"SAF","South Africa",1992,NA,NA,0,0,0,0,"","","","","V2025.09.12"
"7656",560,"SAF","South Africa",1993,NA,NA,0,0,0,0,"","","","","V2025.09.12"
"7657",560,"SAF","South Africa",1994,NA,NA,0,0,0,0,"","","","","V2025.09.12"
"7658",560,"SAF","South Africa",1995,NA,NA,0,0,0,0,"","","","","V2025.09.12"
"7659",560,"SAF","South Africa",1996,NA,NA,0,0,0,0,"","","","","V2025.09.12"
"7660",560,"SAF","South Africa",1997,NA,NA,0,0,0,0,"","","","","V2025.09.12"
"7661",560,"SAF","South Africa",1998,NA,NA,0,0,0,0,"","","","","V2025.09.12"
"7662",560,"SAF","South Africa",1999,NA,NA,0,0,0,0,"","","","","V2025.09.12"
"7663",560,"SAF","South Africa",2000,NA,NA,0,0,0,0,"","","","","V2025.09.12"
"7664",560,"SAF","South Africa",2001,NA,NA,0,0,0,0,"","","","","V2025.09.12"
"7665",560,"SAF","South Africa",2002,NA,NA,0,0,0,0,"","","","","V2025.09.12"
"7666",560,"SAF","South Africa",2003,NA,NA,0,0,0,0,"","","","","V2025.09.12"
"7667",560,"SAF","South Africa",2004,NA,NA,0,0,0,0,"","","","","V2025.09.12"
"7668",560,"SAF","South Africa",2005,NA,NA,0,0,0,0,"","","","","V2025.09.12"
"7669",560,"SAF","South Africa",2006,NA,NA,0,0,0,0,"","","","","V2025.09.12"
"7670",560,"SAF","South Africa",2007,NA,NA,0,0,0,0,"","","","","V2025.09.12"
"7671",560,"SAF","South Africa",2008,NA,NA,0,0,0,0,"","","","","V2025.09.12"
"7672",560,"SAF","South Africa",2009,NA,NA,0,0,0,0,"","","","","V2025.09.12"
"7673",560,"SAF","South Africa",2010,NA,NA,0,0,0,0,"","","","","V2025.09.12"
"7674",560,"SAF","South Africa",2011,NA,NA,0,0,0,0,"","","","","V2025.09.12"
"7675",560,"SAF","South Africa",2012,NA,NA,0,0,0,0,"","","","","V2025.09.12"
"7676",560,"SAF","South Africa",2013,NA,NA,0,0,0,0,"","","","","V2025.09.12"
"7677",560,"SAF","South Africa",2014,NA,NA,0,0,0,0,"","","","","V2025.09.12"
"7678",560,"SAF","South Africa",2015,NA,NA,0,0,0,0,"","","","","V2025.09.12"
"7679",560,"SAF","South Africa",2016,NA,NA,0,0,0,0,"","","","","V2025.09.12"
"7680",560,"SAF","South Africa",2017,NA,NA,0,0,0,0,"","","","","V2025.09.12"
"7681",560,"SAF","South Africa",2018,NA,NA,0,0,0,0,"","","","","V2025.09.12"
"7682",560,"SAF","South Africa",2019,NA,NA,0,0,0,0,"","","","","V2025.09.12"
"7683",560,"SAF","South Africa",2020,NA,NA,0,0,0,0,"","","","","V2025.09.12"
"7684",560,"SAF","South Africa",2021,NA,NA,0,0,0,0,"","","","","V2025.09.12"
"7685",560,"SAF","South Africa",2022,NA,NA,0,0,0,0,"","","","","V2025.09.12"
"7686",560,"SAF","South Africa",2023,NA,NA,0,0,0,0,"","","","","V2025.09.12"
"7687",560,"SAF","South Africa",2024,NA,NA,0,0,0,0,"","","","","V2025.09.12"
"7688",565,"NAM","Namibia",1990,NA,NA,0,0,0,0,"","","","","V2025.09.12"
"7689",565,"NAM","Namibia",1991,NA,NA,0,0,0,0,"","","","","V2025.09.12"
"7690",565,"NAM","Namibia",1992,NA,NA,0,0,0,0,"","","","","V2025.09.12"
"7691",565,"NAM","Namibia",1993,NA,NA,0,0,0,0,"","","","","V2025.09.12"
"7692",565,"NAM","Namibia",1994,NA,NA,0,0,0,0,"","","","","V2025.09.12"
"7693",565,"NAM","Namibia",1995,NA,NA,0,0,0,0,"","","","","V2025.09.12"
"7694",565,"NAM","Namibia",1996,NA,NA,0,0,0,0,"","","","","V2025.09.12"
"7695",565,"NAM","Namibia",1997,NA,NA,0,0,0,0,"","","","","V2025.09.12"
"7696",565,"NAM","Namibia",1998,NA,NA,0,0,0,0,"","","","","V2025.09.12"
"7697",565,"NAM","Namibia",1999,NA,NA,0,0,0,0,"","","","","V2025.09.12"
"7698",565,"NAM","Namibia",2000,NA,NA,0,0,0,0,"","","","","V2025.09.12"
"7699",565,"NAM","Namibia",2001,NA,NA,0,0,0,0,"","","","","V2025.09.12"
"7700",565,"NAM","Namibia",2002,NA,NA,0,0,0,0,"","","","","V2025.09.12"
"7701",565,"NAM","Namibia",2003,NA,NA,0,0,0,0,"","","","","V2025.09.12"
"7702",565,"NAM","Namibia",2004,NA,NA,0,0,0,0,"","","","","V2025.09.12"
"7703",565,"NAM","Namibia",2005,NA,NA,0,0,0,0,"","","","","V2025.09.12"
"7704",565,"NAM","Namibia",2006,NA,NA,0,0,0,0,"","","","","V2025.09.12"
"7705",565,"NAM","Namibia",2007,NA,NA,0,0,0,0,"","","","","V2025.09.12"
"7706",565,"NAM","Namibia",2008,NA,NA,0,0,0,0,"","","","","V2025.09.12"
"7707",565,"NAM","Namibia",2009,NA,NA,0,0,0,0,"","","","","V2025.09.12"
"7708",565,"NAM","Namibia",2010,NA,NA,0,0,0,0,"","","","","V2025.09.12"
"7709",565,"NAM","Namibia",2011,NA,NA,0,0,0,0,"","","","","V2025.09.12"
"7710",565,"NAM","Namibia",2012,NA,NA,0,0,0,0,"","","","","V2025.09.12"
"7711",565,"NAM","Namibia",2013,NA,NA,0,0,0,0,"","","","","V2025.09.12"
"7712",565,"NAM","Namibia",2014,NA,NA,0,0,0,0,"","","","","V2025.09.12"
"7713",565,"NAM","Namibia",2015,NA,NA,0,0,0,0,"","","","","V2025.09.12"
"7714",565,"NAM","Namibia",2016,NA,NA,0,0,0,0,"","","","","V2025.09.12"
"7715",565,"NAM","Namibia",2017,NA,NA,0,0,0,0,"","","","","V2025.09.12"
"7716",565,"NAM","Namibia",2018,NA,NA,0,0,0,0,"","","","","V2025.09.12"
"7717",565,"NAM","Namibia",2019,NA,NA,0,0,0,0,"","","","","V2025.09.12"
"7718",565,"NAM","Namibia",2020,NA,NA,0,0,0,0,"","","","","V2025.09.12"
"7719",565,"NAM","Namibia",2021,NA,NA,0,0,0,0,"","","","","V2025.09.12"
"7720",565,"NAM","Namibia",2022,NA,NA,0,0,0,0,"","","","","V2025.09.12"
"7721",565,"NAM","Namibia",2023,NA,NA,0,0,0,0,"","","","","V2025.09.12"
"7722",565,"NAM","Namibia",2024,NA,NA,0,0,0,0,"","","","","V2025.09.12"
"7723",570,"LES","Lesotho",1966,NA,NA,0,0,0,0,"","","","","V2025.09.12"
"7724",570,"LES","Lesotho",1967,NA,NA,0,0,0,0,"","","","","V2025.09.12"
"7725",570,"LES","Lesotho",1968,NA,NA,0,0,0,0,"","","","","V2025.09.12"
"7726",570,"LES","Lesotho",1969,NA,NA,0,0,0,0,"","","","","V2025.09.12"
"7727",570,"LES","Lesotho",1970,NA,NA,0,0,0,0,"","","","","V2025.09.12"
"7728",570,"LES","Lesotho",1971,NA,NA,0,0,0,0,"","","","","V2025.09.12"
"7729",570,"LES","Lesotho",1972,NA,NA,0,0,0,0,"","","","","V2025.09.12"
"7730",570,"LES","Lesotho",1973,NA,NA,0,0,0,0,"","","","","V2025.09.12"
"7731",570,"LES","Lesotho",1974,NA,NA,0,0,0,0,"","","","","V2025.09.12"
"7732",570,"LES","Lesotho",1975,NA,NA,0,0,0,0,"","","","","V2025.09.12"
"7733",570,"LES","Lesotho",1976,NA,NA,0,0,0,0,"","","","","V2025.09.12"
"7734",570,"LES","Lesotho",1977,NA,NA,0,0,0,0,"","","","","V2025.09.12"
"7735",570,"LES","Lesotho",1978,NA,NA,0,0,0,0,"","","","","V2025.09.12"
"7736",570,"LES","Lesotho",1979,NA,NA,0,0,0,0,"","","","","V2025.09.12"
"7737",570,"LES","Lesotho",1980,NA,NA,0,0,0,0,"","","","","V2025.09.12"
"7738",570,"LES","Lesotho",1981,NA,NA,0,0,0,0,"","","","","V2025.09.12"
"7739",570,"LES","Lesotho",1982,NA,NA,0,0,0,0,"","","","","V2025.09.12"
"7740",570,"LES","Lesotho",1983,NA,NA,0,0,0,0,"","","","","V2025.09.12"
"7741",570,"LES","Lesotho",1984,NA,NA,0,0,0,0,"","","","","V2025.09.12"
"7742",570,"LES","Lesotho",1985,NA,NA,0,0,0,0,"","","","","V2025.09.12"
"7743",570,"LES","Lesotho",1986,NA,NA,2,0,0,0,"20jan1986","","","","V2025.09.12"
"7744",570,"LES","Lesotho",1987,NA,NA,0,0,0,0,"","","","","V2025.09.12"
"7745",570,"LES","Lesotho",1988,NA,NA,0,0,0,0,"","","","","V2025.09.12"
"7746",570,"LES","Lesotho",1989,NA,NA,0,0,0,0,"","","","","V2025.09.12"
"7747",570,"LES","Lesotho",1990,NA,NA,0,0,0,0,"","","","","V2025.09.12"
"7748",570,"LES","Lesotho",1991,NA,NA,2,0,0,0,"30apr1991","","","","V2025.09.12"
"7749",570,"LES","Lesotho",1992,NA,NA,0,0,0,0,"","","","","V2025.09.12"
"7750",570,"LES","Lesotho",1993,NA,NA,0,0,0,0,"","","","","V2025.09.12"
"7751",570,"LES","Lesotho",1994,NA,NA,2,0,0,0,"17aug1994","","","","V2025.09.12"
"7752",570,"LES","Lesotho",1995,NA,NA,0,0,0,0,"","","","","V2025.09.12"
"7753",570,"LES","Lesotho",1996,NA,NA,0,0,0,0,"","","","","V2025.09.12"
"7754",570,"LES","Lesotho",1997,NA,NA,0,0,0,0,"","","","","V2025.09.12"
"7755",570,"LES","Lesotho",1998,NA,NA,0,0,0,0,"","","","","V2025.09.12"
"7756",570,"LES","Lesotho",1999,NA,NA,0,0,0,0,"","","","","V2025.09.12"
"7757",570,"LES","Lesotho",2000,NA,NA,0,0,0,0,"","","","","V2025.09.12"
"7758",570,"LES","Lesotho",2001,NA,NA,0,0,0,0,"","","","","V2025.09.12"
"7759",570,"LES","Lesotho",2002,NA,NA,0,0,0,0,"","","","","V2025.09.12"
"7760",570,"LES","Lesotho",2003,NA,NA,0,0,0,0,"","","","","V2025.09.12"
"7761",570,"LES","Lesotho",2004,NA,NA,0,0,0,0,"","","","","V2025.09.12"
"7762",570,"LES","Lesotho",2005,NA,NA,0,0,0,0,"","","","","V2025.09.12"
"7763",570,"LES","Lesotho",2006,NA,NA,0,0,0,0,"","","","","V2025.09.12"
"7764",570,"LES","Lesotho",2007,NA,NA,0,0,0,0,"","","","","V2025.09.12"
"7765",570,"LES","Lesotho",2008,NA,NA,0,0,0,0,"","","","","V2025.09.12"
"7766",570,"LES","Lesotho",2009,NA,NA,0,0,0,0,"","","","","V2025.09.12"
"7767",570,"LES","Lesotho",2010,NA,NA,0,0,0,0,"","","","","V2025.09.12"
"7768",570,"LES","Lesotho",2011,NA,NA,0,0,0,0,"","","","","V2025.09.12"
"7769",570,"LES","Lesotho",2012,NA,NA,0,0,0,0,"","","","","V2025.09.12"
"7770",570,"LES","Lesotho",2013,NA,NA,0,0,0,0,"","","","","V2025.09.12"
"7771",570,"LES","Lesotho",2014,NA,NA,1,0,0,0,"30aug2014","","","","V2025.09.12"
"7772",570,"LES","Lesotho",2015,NA,NA,0,0,0,0,"","","","","V2025.09.12"
"7773",570,"LES","Lesotho",2016,NA,NA,0,0,0,0,"","","","","V2025.09.12"
"7774",570,"LES","Lesotho",2017,NA,NA,0,0,0,0,"","","","","V2025.09.12"
"7775",570,"LES","Lesotho",2018,NA,NA,0,0,0,0,"","","","","V2025.09.12"
"7776",570,"LES","Lesotho",2019,NA,NA,0,0,0,0,"","","","","V2025.09.12"
"7777",570,"LES","Lesotho",2020,NA,NA,0,0,0,0,"","","","","V2025.09.12"
"7778",570,"LES","Lesotho",2021,NA,NA,0,0,0,0,"","","","","V2025.09.12"
"7779",570,"LES","Lesotho",2022,NA,NA,0,0,0,0,"","","","","V2025.09.12"
"7780",570,"LES","Lesotho",2023,NA,NA,0,0,0,0,"","","","","V2025.09.12"
"7781",570,"LES","Lesotho",2024,NA,NA,0,0,0,0,"","","","","V2025.09.12"
"7782",571,"BOT","Botswana",1966,NA,NA,0,0,0,0,"","","","","V2025.09.12"
"7783",571,"BOT","Botswana",1967,NA,NA,0,0,0,0,"","","","","V2025.09.12"
"7784",571,"BOT","Botswana",1968,NA,NA,0,0,0,0,"","","","","V2025.09.12"
"7785",571,"BOT","Botswana",1969,NA,NA,0,0,0,0,"","","","","V2025.09.12"
"7786",571,"BOT","Botswana",1970,NA,NA,0,0,0,0,"","","","","V2025.09.12"
"7787",571,"BOT","Botswana",1971,NA,NA,0,0,0,0,"","","","","V2025.09.12"
"7788",571,"BOT","Botswana",1972,NA,NA,0,0,0,0,"","","","","V2025.09.12"
"7789",571,"BOT","Botswana",1973,NA,NA,0,0,0,0,"","","","","V2025.09.12"
"7790",571,"BOT","Botswana",1974,NA,NA,0,0,0,0,"","","","","V2025.09.12"
"7791",571,"BOT","Botswana",1975,NA,NA,0,0,0,0,"","","","","V2025.09.12"
"7792",571,"BOT","Botswana",1976,NA,NA,0,0,0,0,"","","","","V2025.09.12"
"7793",571,"BOT","Botswana",1977,NA,NA,0,0,0,0,"","","","","V2025.09.12"
"7794",571,"BOT","Botswana",1978,NA,NA,0,0,0,0,"","","","","V2025.09.12"
"7795",571,"BOT","Botswana",1979,NA,NA,0,0,0,0,"","","","","V2025.09.12"
"7796",571,"BOT","Botswana",1980,NA,NA,0,0,0,0,"","","","","V2025.09.12"
"7797",571,"BOT","Botswana",1981,NA,NA,0,0,0,0,"","","","","V2025.09.12"
"7798",571,"BOT","Botswana",1982,NA,NA,0,0,0,0,"","","","","V2025.09.12"
"7799",571,"BOT","Botswana",1983,NA,NA,0,0,0,0,"","","","","V2025.09.12"
"7800",571,"BOT","Botswana",1984,NA,NA,0,0,0,0,"","","","","V2025.09.12"
"7801",571,"BOT","Botswana",1985,NA,NA,0,0,0,0,"","","","","V2025.09.12"
"7802",571,"BOT","Botswana",1986,NA,NA,0,0,0,0,"","","","","V2025.09.12"
"7803",571,"BOT","Botswana",1987,NA,NA,0,0,0,0,"","","","","V2025.09.12"
"7804",571,"BOT","Botswana",1988,NA,NA,0,0,0,0,"","","","","V2025.09.12"
"7805",571,"BOT","Botswana",1989,NA,NA,0,0,0,0,"","","","","V2025.09.12"
"7806",571,"BOT","Botswana",1990,NA,NA,0,0,0,0,"","","","","V2025.09.12"
"7807",571,"BOT","Botswana",1991,NA,NA,0,0,0,0,"","","","","V2025.09.12"
"7808",571,"BOT","Botswana",1992,NA,NA,0,0,0,0,"","","","","V2025.09.12"
"7809",571,"BOT","Botswana",1993,NA,NA,0,0,0,0,"","","","","V2025.09.12"
"7810",571,"BOT","Botswana",1994,NA,NA,0,0,0,0,"","","","","V2025.09.12"
"7811",571,"BOT","Botswana",1995,NA,NA,0,0,0,0,"","","","","V2025.09.12"
"7812",571,"BOT","Botswana",1996,NA,NA,0,0,0,0,"","","","","V2025.09.12"
"7813",571,"BOT","Botswana",1997,NA,NA,0,0,0,0,"","","","","V2025.09.12"
"7814",571,"BOT","Botswana",1998,NA,NA,0,0,0,0,"","","","","V2025.09.12"
"7815",571,"BOT","Botswana",1999,NA,NA,0,0,0,0,"","","","","V2025.09.12"
"7816",571,"BOT","Botswana",2000,NA,NA,0,0,0,0,"","","","","V2025.09.12"
"7817",571,"BOT","Botswana",2001,NA,NA,0,0,0,0,"","","","","V2025.09.12"
"7818",571,"BOT","Botswana",2002,NA,NA,0,0,0,0,"","","","","V2025.09.12"
"7819",571,"BOT","Botswana",2003,NA,NA,0,0,0,0,"","","","","V2025.09.12"
"7820",571,"BOT","Botswana",2004,NA,NA,0,0,0,0,"","","","","V2025.09.12"
"7821",571,"BOT","Botswana",2005,NA,NA,0,0,0,0,"","","","","V2025.09.12"
"7822",571,"BOT","Botswana",2006,NA,NA,0,0,0,0,"","","","","V2025.09.12"
"7823",571,"BOT","Botswana",2007,NA,NA,0,0,0,0,"","","","","V2025.09.12"
"7824",571,"BOT","Botswana",2008,NA,NA,0,0,0,0,"","","","","V2025.09.12"
"7825",571,"BOT","Botswana",2009,NA,NA,0,0,0,0,"","","","","V2025.09.12"
"7826",571,"BOT","Botswana",2010,NA,NA,0,0,0,0,"","","","","V2025.09.12"
"7827",571,"BOT","Botswana",2011,NA,NA,0,0,0,0,"","","","","V2025.09.12"
"7828",571,"BOT","Botswana",2012,NA,NA,0,0,0,0,"","","","","V2025.09.12"
"7829",571,"BOT","Botswana",2013,NA,NA,0,0,0,0,"","","","","V2025.09.12"
"7830",571,"BOT","Botswana",2014,NA,NA,0,0,0,0,"","","","","V2025.09.12"
"7831",571,"BOT","Botswana",2015,NA,NA,0,0,0,0,"","","","","V2025.09.12"
"7832",571,"BOT","Botswana",2016,NA,NA,0,0,0,0,"","","","","V2025.09.12"
"7833",571,"BOT","Botswana",2017,NA,NA,0,0,0,0,"","","","","V2025.09.12"
"7834",571,"BOT","Botswana",2018,NA,NA,0,0,0,0,"","","","","V2025.09.12"
"7835",571,"BOT","Botswana",2019,NA,NA,0,0,0,0,"","","","","V2025.09.12"
"7836",571,"BOT","Botswana",2020,NA,NA,0,0,0,0,"","","","","V2025.09.12"
"7837",571,"BOT","Botswana",2021,NA,NA,0,0,0,0,"","","","","V2025.09.12"
"7838",571,"BOT","Botswana",2022,NA,NA,0,0,0,0,"","","","","V2025.09.12"
"7839",571,"BOT","Botswana",2023,NA,NA,0,0,0,0,"","","","","V2025.09.12"
"7840",571,"BOT","Botswana",2024,NA,NA,0,0,0,0,"","","","","V2025.09.12"
"7841",572,"SWA","Swaziland",1968,NA,NA,0,0,0,0,"","","","","V2025.09.12"
"7842",572,"SWA","Swaziland",1969,NA,NA,0,0,0,0,"","","","","V2025.09.12"
"7843",572,"SWA","Swaziland",1970,NA,NA,0,0,0,0,"","","","","V2025.09.12"
"7844",572,"SWA","Swaziland",1971,NA,NA,0,0,0,0,"","","","","V2025.09.12"
"7845",572,"SWA","Swaziland",1972,NA,NA,0,0,0,0,"","","","","V2025.09.12"
"7846",572,"SWA","Swaziland",1973,NA,NA,0,0,0,0,"","","","","V2025.09.12"
"7847",572,"SWA","Swaziland",1974,NA,NA,0,0,0,0,"","","","","V2025.09.12"
"7848",572,"SWA","Swaziland",1975,NA,NA,0,0,0,0,"","","","","V2025.09.12"
"7849",572,"SWA","Swaziland",1976,NA,NA,0,0,0,0,"","","","","V2025.09.12"
"7850",572,"SWA","Swaziland",1977,NA,NA,0,0,0,0,"","","","","V2025.09.12"
"7851",572,"SWA","Swaziland",1978,NA,NA,0,0,0,0,"","","","","V2025.09.12"
"7852",572,"SWA","Swaziland",1979,NA,NA,0,0,0,0,"","","","","V2025.09.12"
"7853",572,"SWA","Swaziland",1980,NA,NA,0,0,0,0,"","","","","V2025.09.12"
"7854",572,"SWA","Swaziland",1981,NA,NA,0,0,0,0,"","","","","V2025.09.12"
"7855",572,"SWA","Swaziland",1982,NA,NA,0,0,0,0,"","","","","V2025.09.12"
"7856",572,"SWA","Swaziland",1983,NA,NA,2,0,0,0,"10aug1983","","","","V2025.09.12"
"7857",572,"SWA","Swaziland",1984,NA,NA,0,0,0,0,"","","","","V2025.09.12"
"7858",572,"SWA","Swaziland",1985,NA,NA,0,0,0,0,"","","","","V2025.09.12"
"7859",572,"SWA","Swaziland",1986,NA,NA,0,0,0,0,"","","","","V2025.09.12"
"7860",572,"SWA","Swaziland",1987,NA,NA,0,0,0,0,"","","","","V2025.09.12"
"7861",572,"SWA","Swaziland",1988,NA,NA,0,0,0,0,"","","","","V2025.09.12"
"7862",572,"SWA","Swaziland",1989,NA,NA,0,0,0,0,"","","","","V2025.09.12"
"7863",572,"SWA","Swaziland",1990,NA,NA,0,0,0,0,"","","","","V2025.09.12"
"7864",572,"SWA","Swaziland",1991,NA,NA,0,0,0,0,"","","","","V2025.09.12"
"7865",572,"SWA","Swaziland",1992,NA,NA,0,0,0,0,"","","","","V2025.09.12"
"7866",572,"SWA","Swaziland",1993,NA,NA,0,0,0,0,"","","","","V2025.09.12"
"7867",572,"SWA","Swaziland",1994,NA,NA,0,0,0,0,"","","","","V2025.09.12"
"7868",572,"SWA","Swaziland",1995,NA,NA,0,0,0,0,"","","","","V2025.09.12"
"7869",572,"SWA","Swaziland",1996,NA,NA,0,0,0,0,"","","","","V2025.09.12"
"7870",572,"SWA","Swaziland",1997,NA,NA,0,0,0,0,"","","","","V2025.09.12"
"7871",572,"SWA","Swaziland",1998,NA,NA,0,0,0,0,"","","","","V2025.09.12"
"7872",572,"SWA","Swaziland",1999,NA,NA,0,0,0,0,"","","","","V2025.09.12"
"7873",572,"SWA","Swaziland",2000,NA,NA,0,0,0,0,"","","","","V2025.09.12"
"7874",572,"SWA","Swaziland",2001,NA,NA,0,0,0,0,"","","","","V2025.09.12"
"7875",572,"SWA","Swaziland",2002,NA,NA,0,0,0,0,"","","","","V2025.09.12"
"7876",572,"SWA","Swaziland",2003,NA,NA,0,0,0,0,"","","","","V2025.09.12"
"7877",572,"SWA","Swaziland",2004,NA,NA,0,0,0,0,"","","","","V2025.09.12"
"7878",572,"SWA","Swaziland",2005,NA,NA,0,0,0,0,"","","","","V2025.09.12"
"7879",572,"SWA","Swaziland",2006,NA,NA,0,0,0,0,"","","","","V2025.09.12"
"7880",572,"SWA","Swaziland",2007,NA,NA,0,0,0,0,"","","","","V2025.09.12"
"7881",572,"SWA","Swaziland",2008,NA,NA,0,0,0,0,"","","","","V2025.09.12"
"7882",572,"SWA","Swaziland",2009,NA,NA,0,0,0,0,"","","","","V2025.09.12"
"7883",572,"SWA","Swaziland",2010,NA,NA,0,0,0,0,"","","","","V2025.09.12"
"7884",572,"SWA","Swaziland",2011,NA,NA,0,0,0,0,"","","","","V2025.09.12"
"7885",572,"SWA","Swaziland",2012,NA,NA,0,0,0,0,"","","","","V2025.09.12"
"7886",572,"SWA","Swaziland",2013,NA,NA,0,0,0,0,"","","","","V2025.09.12"
"7887",572,"SWA","Swaziland",2014,NA,NA,0,0,0,0,"","","","","V2025.09.12"
"7888",572,"SWA","Swaziland",2015,NA,NA,0,0,0,0,"","","","","V2025.09.12"
"7889",572,"SWA","Swaziland",2016,NA,NA,0,0,0,0,"","","","","V2025.09.12"
"7890",572,"SWA","Swaziland",2017,NA,NA,0,0,0,0,"","","","","V2025.09.12"
"7891",572,"SWA","Swaziland",2018,NA,NA,0,0,0,0,"","","","","V2025.09.12"
"7892",572,"SWA","Swaziland",2019,NA,NA,0,0,0,0,"","","","","V2025.09.12"
"7893",572,"SWA","Swaziland",2020,NA,NA,0,0,0,0,"","","","","V2025.09.12"
"7894",572,"SWA","Swaziland",2021,NA,NA,0,0,0,0,"","","","","V2025.09.12"
"7895",572,"SWA","Swaziland",2022,NA,NA,0,0,0,0,"","","","","V2025.09.12"
"7896",572,"SWA","Swaziland",2023,NA,NA,0,0,0,0,"","","","","V2025.09.12"
"7897",572,"SWA","Swaziland",2024,NA,NA,0,0,0,0,"","","","","V2025.09.12"
"7898",580,"MAG","Madagascar",1960,NA,NA,0,0,0,0,"","","","","V2025.09.12"
"7899",580,"MAG","Madagascar",1961,NA,NA,0,0,0,0,"","","","","V2025.09.12"
"7900",580,"MAG","Madagascar",1962,NA,NA,0,0,0,0,"","","","","V2025.09.12"
"7901",580,"MAG","Madagascar",1963,NA,NA,0,0,0,0,"","","","","V2025.09.12"
"7902",580,"MAG","Madagascar",1964,NA,NA,0,0,0,0,"","","","","V2025.09.12"
"7903",580,"MAG","Madagascar",1965,NA,NA,0,0,0,0,"","","","","V2025.09.12"
"7904",580,"MAG","Madagascar",1966,NA,NA,0,0,0,0,"","","","","V2025.09.12"
"7905",580,"MAG","Madagascar",1967,NA,NA,0,0,0,0,"","","","","V2025.09.12"
"7906",580,"MAG","Madagascar",1968,NA,NA,0,0,0,0,"","","","","V2025.09.12"
"7907",580,"MAG","Madagascar",1969,NA,NA,0,0,0,0,"","","","","V2025.09.12"
"7908",580,"MAG","Madagascar",1970,NA,NA,0,0,0,0,"","","","","V2025.09.12"
"7909",580,"MAG","Madagascar",1971,NA,NA,0,0,0,0,"","","","","V2025.09.12"
"7910",580,"MAG","Madagascar",1972,NA,NA,0,0,0,0,"","","","","V2025.09.12"
"7911",580,"MAG","Madagascar",1973,NA,NA,0,0,0,0,"","","","","V2025.09.12"
"7912",580,"MAG","Madagascar",1974,NA,NA,1,0,0,0,"31dec1974","","","","V2025.09.12"
"7913",580,"MAG","Madagascar",1975,NA,NA,0,0,0,0,"","","","","V2025.09.12"
"7914",580,"MAG","Madagascar",1976,NA,NA,0,0,0,0,"","","","","V2025.09.12"
"7915",580,"MAG","Madagascar",1977,NA,NA,0,0,0,0,"","","","","V2025.09.12"
"7916",580,"MAG","Madagascar",1978,NA,NA,0,0,0,0,"","","","","V2025.09.12"
"7917",580,"MAG","Madagascar",1979,NA,NA,0,0,0,0,"","","","","V2025.09.12"
"7918",580,"MAG","Madagascar",1980,NA,NA,0,0,0,0,"","","","","V2025.09.12"
"7919",580,"MAG","Madagascar",1981,NA,NA,0,0,0,0,"","","","","V2025.09.12"
"7920",580,"MAG","Madagascar",1982,NA,NA,0,0,0,0,"","","","","V2025.09.12"
"7921",580,"MAG","Madagascar",1983,NA,NA,0,0,0,0,"","","","","V2025.09.12"
"7922",580,"MAG","Madagascar",1984,NA,NA,0,0,0,0,"","","","","V2025.09.12"
"7923",580,"MAG","Madagascar",1985,NA,NA,0,0,0,0,"","","","","V2025.09.12"
"7924",580,"MAG","Madagascar",1986,NA,NA,0,0,0,0,"","","","","V2025.09.12"
"7925",580,"MAG","Madagascar",1987,NA,NA,0,0,0,0,"","","","","V2025.09.12"
"7926",580,"MAG","Madagascar",1988,NA,NA,0,0,0,0,"","","","","V2025.09.12"
"7927",580,"MAG","Madagascar",1989,NA,NA,0,0,0,0,"","","","","V2025.09.12"
"7928",580,"MAG","Madagascar",1990,NA,NA,0,0,0,0,"","","","","V2025.09.12"
"7929",580,"MAG","Madagascar",1991,NA,NA,0,0,0,0,"","","","","V2025.09.12"
"7930",580,"MAG","Madagascar",1992,NA,NA,1,0,0,0,"29jul1992","","","","V2025.09.12"
"7931",580,"MAG","Madagascar",1993,NA,NA,0,0,0,0,"","","","","V2025.09.12"
"7932",580,"MAG","Madagascar",1994,NA,NA,0,0,0,0,"","","","","V2025.09.12"
"7933",580,"MAG","Madagascar",1995,NA,NA,0,0,0,0,"","","","","V2025.09.12"
"7934",580,"MAG","Madagascar",1996,NA,NA,0,0,0,0,"","","","","V2025.09.12"
"7935",580,"MAG","Madagascar",1997,NA,NA,0,0,0,0,"","","","","V2025.09.12"
"7936",580,"MAG","Madagascar",1998,NA,NA,0,0,0,0,"","","","","V2025.09.12"
"7937",580,"MAG","Madagascar",1999,NA,NA,0,0,0,0,"","","","","V2025.09.12"
"7938",580,"MAG","Madagascar",2000,NA,NA,0,0,0,0,"","","","","V2025.09.12"
"7939",580,"MAG","Madagascar",2001,NA,NA,0,0,0,0,"","","","","V2025.09.12"
"7940",580,"MAG","Madagascar",2002,NA,NA,0,0,0,0,"","","","","V2025.09.12"
"7941",580,"MAG","Madagascar",2003,NA,NA,0,0,0,0,"","","","","V2025.09.12"
"7942",580,"MAG","Madagascar",2004,NA,NA,0,0,0,0,"","","","","V2025.09.12"
"7943",580,"MAG","Madagascar",2005,NA,NA,0,0,0,0,"","","","","V2025.09.12"
"7944",580,"MAG","Madagascar",2006,NA,NA,0,0,0,0,"","","","","V2025.09.12"
"7945",580,"MAG","Madagascar",2007,NA,NA,0,0,0,0,"","","","","V2025.09.12"
"7946",580,"MAG","Madagascar",2008,NA,NA,0,0,0,0,"","","","","V2025.09.12"
"7947",580,"MAG","Madagascar",2009,NA,NA,2,0,0,0,"17mar2009","","","","V2025.09.12"
"7948",580,"MAG","Madagascar",2010,NA,NA,1,0,0,0,"17nov2010","","","","V2025.09.12"
"7949",580,"MAG","Madagascar",2011,NA,NA,0,0,0,0,"","","","","V2025.09.12"
"7950",580,"MAG","Madagascar",2012,NA,NA,0,0,0,0,"","","","","V2025.09.12"
"7951",580,"MAG","Madagascar",2013,NA,NA,0,0,0,0,"","","","","V2025.09.12"
"7952",580,"MAG","Madagascar",2014,NA,NA,0,0,0,0,"","","","","V2025.09.12"
"7953",580,"MAG","Madagascar",2015,NA,NA,0,0,0,0,"","","","","V2025.09.12"
"7954",580,"MAG","Madagascar",2016,NA,NA,0,0,0,0,"","","","","V2025.09.12"
"7955",580,"MAG","Madagascar",2017,NA,NA,0,0,0,0,"","","","","V2025.09.12"
"7956",580,"MAG","Madagascar",2018,NA,NA,0,0,0,0,"","","","","V2025.09.12"
"7957",580,"MAG","Madagascar",2019,NA,NA,0,0,0,0,"","","","","V2025.09.12"
"7958",580,"MAG","Madagascar",2020,NA,NA,0,0,0,0,"","","","","V2025.09.12"
"7959",580,"MAG","Madagascar",2021,NA,NA,0,0,0,0,"","","","","V2025.09.12"
"7960",580,"MAG","Madagascar",2022,NA,NA,0,0,0,0,"","","","","V2025.09.12"
"7961",580,"MAG","Madagascar",2023,NA,NA,0,0,0,0,"","","","","V2025.09.12"
"7962",580,"MAG","Madagascar",2024,NA,NA,0,0,0,0,"","","","","V2025.09.12"
"7963",580,"COM","Comoros",2025,NA,NA,2,0,0,0,"12oct2025","","","","V2025.09.12"
"7964",581,"COM","Comoros",1975,NA,NA,2,0,0,0,"03aug1975","","","","V2025.09.12"
"7965",581,"COM","Comoros",1976,NA,NA,0,0,0,0,"","","","","V2025.09.12"
"7966",581,"COM","Comoros",1977,NA,NA,0,0,0,0,"","","","","V2025.09.12"
"7967",581,"COM","Comoros",1978,NA,NA,2,0,0,0,"12may1978","","","","V2025.09.12"
"7968",581,"COM","Comoros",1979,NA,NA,0,0,0,0,"","","","","V2025.09.12"
"7969",581,"COM","Comoros",1980,NA,NA,0,0,0,0,"","","","","V2025.09.12"
"7970",581,"COM","Comoros",1981,NA,NA,0,0,0,0,"","","","","V2025.09.12"
"7971",581,"COM","Comoros",1982,NA,NA,0,0,0,0,"","","","","V2025.09.12"
"7972",581,"COM","Comoros",1983,NA,NA,0,0,0,0,"","","","","V2025.09.12"
"7973",581,"COM","Comoros",1984,NA,NA,0,0,0,0,"","","","","V2025.09.12"
"7974",581,"COM","Comoros",1985,NA,NA,1,0,0,0,"08mar1985","","","","V2025.09.12"
"7975",581,"COM","Comoros",1986,NA,NA,0,0,0,0,"","","","","V2025.09.12"
"7976",581,"COM","Comoros",1987,NA,NA,1,0,0,0,"30nov1987","","","","V2025.09.12"
"7977",581,"COM","Comoros",1988,NA,NA,0,0,0,0,"","","","","V2025.09.12"
"7978",581,"COM","Comoros",1989,NA,NA,2,0,0,0,"26nov1989","","","","V2025.09.12"
"7979",581,"COM","Comoros",1990,NA,NA,0,0,0,0,"","","","","V2025.09.12"
"7980",581,"COM","Comoros",1991,NA,NA,1,0,0,0,"03aug1991","","","","V2025.09.12"
"7981",581,"COM","Comoros",1992,NA,NA,1,0,0,0,"26sep1992","","","","V2025.09.12"
"7982",581,"COM","Comoros",1993,NA,NA,0,0,0,0,"","","","","V2025.09.12"
"7983",581,"COM","Comoros",1994,NA,NA,0,0,0,0,"","","","","V2025.09.12"
"7984",581,"COM","Comoros",1995,NA,NA,0,0,0,0,"","","","","V2025.09.12"
"7985",581,"COM","Comoros",1996,NA,NA,0,0,0,0,"","","","","V2025.09.12"
"7986",581,"COM","Comoros",1997,NA,NA,0,0,0,0,"","","","","V2025.09.12"
"7987",581,"COM","Comoros",1998,NA,NA,0,0,0,0,"","","","","V2025.09.12"
"7988",581,"COM","Comoros",1999,NA,NA,2,0,0,0,"30apr1999","","","","V2025.09.12"
"7989",581,"COM","Comoros",2000,NA,NA,1,0,0,0,"21mar2000","","","","V2025.09.12"
"7990",581,"COM","Comoros",2001,NA,NA,0,0,0,0,"","","","","V2025.09.12"
"7991",581,"COM","Comoros",2002,NA,NA,0,0,0,0,"","","","","V2025.09.12"
"7992",581,"COM","Comoros",2003,NA,NA,0,0,0,0,"","","","","V2025.09.12"
"7993",581,"COM","Comoros",2004,NA,NA,0,0,0,0,"","","","","V2025.09.12"
"7994",581,"COM","Comoros",2005,NA,NA,0,0,0,0,"","","","","V2025.09.12"
"7995",581,"COM","Comoros",2006,NA,NA,0,0,0,0,"","","","","V2025.09.12"
"7996",581,"COM","Comoros",2007,NA,NA,0,0,0,0,"","","","","V2025.09.12"
"7997",581,"COM","Comoros",2008,NA,NA,0,0,0,0,"","","","","V2025.09.12"
"7998",581,"COM","Comoros",2009,NA,NA,0,0,0,0,"","","","","V2025.09.12"
"7999",581,"COM","Comoros",2010,NA,NA,0,0,0,0,"","","","","V2025.09.12"
"8000",581,"COM","Comoros",2011,NA,NA,0,0,0,0,"","","","","V2025.09.12"
"8001",581,"COM","Comoros",2012,NA,NA,0,0,0,0,"","","","","V2025.09.12"
"8002",581,"COM","Comoros",2013,NA,NA,0,0,0,0,"","","","","V2025.09.12"
"8003",581,"COM","Comoros",2014,NA,NA,0,0,0,0,"","","","","V2025.09.12"
"8004",581,"COM","Comoros",2015,NA,NA,0,0,0,0,"","","","","V2025.09.12"
"8005",581,"COM","Comoros",2016,NA,NA,0,0,0,0,"","","","","V2025.09.12"
"8006",581,"COM","Comoros",2017,NA,NA,0,0,0,0,"","","","","V2025.09.12"
"8007",581,"COM","Comoros",2018,NA,NA,0,0,0,0,"","","","","V2025.09.12"
"8008",581,"COM","Comoros",2019,NA,NA,0,0,0,0,"","","","","V2025.09.12"
"8009",581,"COM","Comoros",2020,NA,NA,0,0,0,0,"","","","","V2025.09.12"
"8010",581,"COM","Comoros",2021,NA,NA,0,0,0,0,"","","","","V2025.09.12"
"8011",581,"COM","Comoros",2022,NA,NA,0,0,0,0,"","","","","V2025.09.12"
"8012",581,"COM","Comoros",2023,NA,NA,0,0,0,0,"","","","","V2025.09.12"
"8013",581,"COM","Comoros",2024,NA,NA,0,0,0,0,"","","","","V2025.09.12"
"8014",590,"MAS","Mauritius",1968,NA,NA,0,0,0,0,"","","","","V2025.09.12"
"8015",590,"MAS","Mauritius",1969,NA,NA,0,0,0,0,"","","","","V2025.09.12"
"8016",590,"MAS","Mauritius",1970,NA,NA,0,0,0,0,"","","","","V2025.09.12"
"8017",590,"MAS","Mauritius",1971,NA,NA,0,0,0,0,"","","","","V2025.09.12"
"8018",590,"MAS","Mauritius",1972,NA,NA,0,0,0,0,"","","","","V2025.09.12"
"8019",590,"MAS","Mauritius",1973,NA,NA,0,0,0,0,"","","","","V2025.09.12"
"8020",590,"MAS","Mauritius",1974,NA,NA,0,0,0,0,"","","","","V2025.09.12"
"8021",590,"MAS","Mauritius",1975,NA,NA,0,0,0,0,"","","","","V2025.09.12"
"8022",590,"MAS","Mauritius",1976,NA,NA,0,0,0,0,"","","","","V2025.09.12"
"8023",590,"MAS","Mauritius",1977,NA,NA,0,0,0,0,"","","","","V2025.09.12"
"8024",590,"MAS","Mauritius",1978,NA,NA,0,0,0,0,"","","","","V2025.09.12"
"8025",590,"MAS","Mauritius",1979,NA,NA,0,0,0,0,"","","","","V2025.09.12"
"8026",590,"MAS","Mauritius",1980,NA,NA,0,0,0,0,"","","","","V2025.09.12"
"8027",590,"MAS","Mauritius",1981,NA,NA,0,0,0,0,"","","","","V2025.09.12"
"8028",590,"MAS","Mauritius",1982,NA,NA,0,0,0,0,"","","","","V2025.09.12"
"8029",590,"MAS","Mauritius",1983,NA,NA,0,0,0,0,"","","","","V2025.09.12"
"8030",590,"MAS","Mauritius",1984,NA,NA,0,0,0,0,"","","","","V2025.09.12"
"8031",590,"MAS","Mauritius",1985,NA,NA,0,0,0,0,"","","","","V2025.09.12"
"8032",590,"MAS","Mauritius",1986,NA,NA,0,0,0,0,"","","","","V2025.09.12"
"8033",590,"MAS","Mauritius",1987,NA,NA,0,0,0,0,"","","","","V2025.09.12"
"8034",590,"MAS","Mauritius",1988,NA,NA,0,0,0,0,"","","","","V2025.09.12"
"8035",590,"MAS","Mauritius",1989,NA,NA,0,0,0,0,"","","","","V2025.09.12"
"8036",590,"MAS","Mauritius",1990,NA,NA,0,0,0,0,"","","","","V2025.09.12"
"8037",590,"MAS","Mauritius",1991,NA,NA,0,0,0,0,"","","","","V2025.09.12"
"8038",590,"MAS","Mauritius",1992,NA,NA,0,0,0,0,"","","","","V2025.09.12"
"8039",590,"MAS","Mauritius",1993,NA,NA,0,0,0,0,"","","","","V2025.09.12"
"8040",590,"MAS","Mauritius",1994,NA,NA,0,0,0,0,"","","","","V2025.09.12"
"8041",590,"MAS","Mauritius",1995,NA,NA,0,0,0,0,"","","","","V2025.09.12"
"8042",590,"MAS","Mauritius",1996,NA,NA,0,0,0,0,"","","","","V2025.09.12"
"8043",590,"MAS","Mauritius",1997,NA,NA,0,0,0,0,"","","","","V2025.09.12"
"8044",590,"MAS","Mauritius",1998,NA,NA,0,0,0,0,"","","","","V2025.09.12"
"8045",590,"MAS","Mauritius",1999,NA,NA,0,0,0,0,"","","","","V2025.09.12"
"8046",590,"MAS","Mauritius",2000,NA,NA,0,0,0,0,"","","","","V2025.09.12"
"8047",590,"MAS","Mauritius",2001,NA,NA,0,0,0,0,"","","","","V2025.09.12"
"8048",590,"MAS","Mauritius",2002,NA,NA,0,0,0,0,"","","","","V2025.09.12"
"8049",590,"MAS","Mauritius",2003,NA,NA,0,0,0,0,"","","","","V2025.09.12"
"8050",590,"MAS","Mauritius",2004,NA,NA,0,0,0,0,"","","","","V2025.09.12"
"8051",590,"MAS","Mauritius",2005,NA,NA,0,0,0,0,"","","","","V2025.09.12"
"8052",590,"MAS","Mauritius",2006,NA,NA,0,0,0,0,"","","","","V2025.09.12"
"8053",590,"MAS","Mauritius",2007,NA,NA,0,0,0,0,"","","","","V2025.09.12"
"8054",590,"MAS","Mauritius",2008,NA,NA,0,0,0,0,"","","","","V2025.09.12"
"8055",590,"MAS","Mauritius",2009,NA,NA,0,0,0,0,"","","","","V2025.09.12"
"8056",590,"MAS","Mauritius",2010,NA,NA,0,0,0,0,"","","","","V2025.09.12"
"8057",590,"MAS","Mauritius",2011,NA,NA,0,0,0,0,"","","","","V2025.09.12"
"8058",590,"MAS","Mauritius",2012,NA,NA,0,0,0,0,"","","","","V2025.09.12"
"8059",590,"MAS","Mauritius",2013,NA,NA,0,0,0,0,"","","","","V2025.09.12"
"8060",590,"MAS","Mauritius",2014,NA,NA,0,0,0,0,"","","","","V2025.09.12"
"8061",590,"MAS","Mauritius",2015,NA,NA,0,0,0,0,"","","","","V2025.09.12"
"8062",590,"MAS","Mauritius",2016,NA,NA,0,0,0,0,"","","","","V2025.09.12"
"8063",590,"MAS","Mauritius",2017,NA,NA,0,0,0,0,"","","","","V2025.09.12"
"8064",590,"MAS","Mauritius",2018,NA,NA,0,0,0,0,"","","","","V2025.09.12"
"8065",590,"MAS","Mauritius",2019,NA,NA,0,0,0,0,"","","","","V2025.09.12"
"8066",590,"MAS","Mauritius",2020,NA,NA,0,0,0,0,"","","","","V2025.09.12"
"8067",590,"MAS","Mauritius",2021,NA,NA,0,0,0,0,"","","","","V2025.09.12"
"8068",590,"MAS","Mauritius",2022,NA,NA,0,0,0,0,"","","","","V2025.09.12"
"8069",590,"MAS","Mauritius",2023,NA,NA,0,0,0,0,"","","","","V2025.09.12"
"8070",590,"MAS","Mauritius",2024,NA,NA,0,0,0,0,"","","","","V2025.09.12"
"8071",591,"SEY","Seychelles",1976,NA,NA,0,0,0,0,"","","","","V2025.09.12"
"8072",591,"SEY","Seychelles",1977,NA,NA,2,0,0,0,"05jun1977","","","","V2025.09.12"
"8073",591,"SEY","Seychelles",1978,NA,NA,0,0,0,0,"","","","","V2025.09.12"
"8074",591,"SEY","Seychelles",1979,NA,NA,0,0,0,0,"","","","","V2025.09.12"
"8075",591,"SEY","Seychelles",1980,NA,NA,0,0,0,0,"","","","","V2025.09.12"
"8076",591,"SEY","Seychelles",1981,NA,NA,0,0,0,0,"","","","","V2025.09.12"
"8077",591,"SEY","Seychelles",1982,NA,NA,0,0,0,0,"","","","","V2025.09.12"
"8078",591,"SEY","Seychelles",1983,NA,NA,0,0,0,0,"","","","","V2025.09.12"
"8079",591,"SEY","Seychelles",1984,NA,NA,0,0,0,0,"","","","","V2025.09.12"
"8080",591,"SEY","Seychelles",1985,NA,NA,0,0,0,0,"","","","","V2025.09.12"
"8081",591,"SEY","Seychelles",1986,NA,NA,0,0,0,0,"","","","","V2025.09.12"
"8082",591,"SEY","Seychelles",1987,NA,NA,0,0,0,0,"","","","","V2025.09.12"
"8083",591,"SEY","Seychelles",1988,NA,NA,0,0,0,0,"","","","","V2025.09.12"
"8084",591,"SEY","Seychelles",1989,NA,NA,0,0,0,0,"","","","","V2025.09.12"
"8085",591,"SEY","Seychelles",1990,NA,NA,0,0,0,0,"","","","","V2025.09.12"
"8086",591,"SEY","Seychelles",1991,NA,NA,0,0,0,0,"","","","","V2025.09.12"
"8087",591,"SEY","Seychelles",1992,NA,NA,0,0,0,0,"","","","","V2025.09.12"
"8088",591,"SEY","Seychelles",1993,NA,NA,0,0,0,0,"","","","","V2025.09.12"
"8089",591,"SEY","Seychelles",1994,NA,NA,0,0,0,0,"","","","","V2025.09.12"
"8090",591,"SEY","Seychelles",1995,NA,NA,0,0,0,0,"","","","","V2025.09.12"
"8091",591,"SEY","Seychelles",1996,NA,NA,0,0,0,0,"","","","","V2025.09.12"
"8092",591,"SEY","Seychelles",1997,NA,NA,0,0,0,0,"","","","","V2025.09.12"
"8093",591,"SEY","Seychelles",1998,NA,NA,0,0,0,0,"","","","","V2025.09.12"
"8094",591,"SEY","Seychelles",1999,NA,NA,0,0,0,0,"","","","","V2025.09.12"
"8095",591,"SEY","Seychelles",2000,NA,NA,0,0,0,0,"","","","","V2025.09.12"
"8096",591,"SEY","Seychelles",2001,NA,NA,0,0,0,0,"","","","","V2025.09.12"
"8097",591,"SEY","Seychelles",2002,NA,NA,0,0,0,0,"","","","","V2025.09.12"
"8098",591,"SEY","Seychelles",2003,NA,NA,0,0,0,0,"","","","","V2025.09.12"
"8099",591,"SEY","Seychelles",2004,NA,NA,0,0,0,0,"","","","","V2025.09.12"
"8100",591,"SEY","Seychelles",2005,NA,NA,0,0,0,0,"","","","","V2025.09.12"
"8101",591,"SEY","Seychelles",2006,NA,NA,0,0,0,0,"","","","","V2025.09.12"
"8102",591,"SEY","Seychelles",2007,NA,NA,0,0,0,0,"","","","","V2025.09.12"
"8103",591,"SEY","Seychelles",2008,NA,NA,0,0,0,0,"","","","","V2025.09.12"
"8104",591,"SEY","Seychelles",2009,NA,NA,0,0,0,0,"","","","","V2025.09.12"
"8105",591,"SEY","Seychelles",2010,NA,NA,0,0,0,0,"","","","","V2025.09.12"
"8106",591,"SEY","Seychelles",2011,NA,NA,0,0,0,0,"","","","","V2025.09.12"
"8107",591,"SEY","Seychelles",2012,NA,NA,0,0,0,0,"","","","","V2025.09.12"
"8108",591,"SEY","Seychelles",2013,NA,NA,0,0,0,0,"","","","","V2025.09.12"
"8109",591,"SEY","Seychelles",2014,NA,NA,0,0,0,0,"","","","","V2025.09.12"
"8110",591,"SEY","Seychelles",2015,NA,NA,0,0,0,0,"","","","","V2025.09.12"
"8111",591,"SEY","Seychelles",2016,NA,NA,0,0,0,0,"","","","","V2025.09.12"
"8112",591,"SEY","Seychelles",2017,NA,NA,0,0,0,0,"","","","","V2025.09.12"
"8113",591,"SEY","Seychelles",2018,NA,NA,0,0,0,0,"","","","","V2025.09.12"
"8114",591,"SEY","Seychelles",2019,NA,NA,0,0,0,0,"","","","","V2025.09.12"
"8115",591,"SEY","Seychelles",2020,NA,NA,0,0,0,0,"","","","","V2025.09.12"
"8116",591,"SEY","Seychelles",2021,NA,NA,0,0,0,0,"","","","","V2025.09.12"
"8117",591,"SEY","Seychelles",2022,NA,NA,0,0,0,0,"","","","","V2025.09.12"
"8118",591,"SEY","Seychelles",2023,NA,NA,0,0,0,0,"","","","","V2025.09.12"
"8119",591,"SEY","Seychelles",2024,NA,NA,0,0,0,0,"","","","","V2025.09.12"
"8120",600,"MOR","Morocco",1956,NA,NA,0,0,0,0,"","","","","V2025.09.12"
"8121",600,"MOR","Morocco",1957,NA,NA,0,0,0,0,"","","","","V2025.09.12"
"8122",600,"MOR","Morocco",1958,NA,NA,0,0,0,0,"","","","","V2025.09.12"
"8123",600,"MOR","Morocco",1959,NA,NA,0,0,0,0,"","","","","V2025.09.12"
"8124",600,"MOR","Morocco",1960,NA,NA,0,0,0,0,"","","","","V2025.09.12"
"8125",600,"MOR","Morocco",1961,NA,NA,0,0,0,0,"","","","","V2025.09.12"
"8126",600,"MOR","Morocco",1962,NA,NA,0,0,0,0,"","","","","V2025.09.12"
"8127",600,"MOR","Morocco",1963,NA,NA,0,0,0,0,"","","","","V2025.09.12"
"8128",600,"MOR","Morocco",1964,NA,NA,0,0,0,0,"","","","","V2025.09.12"
"8129",600,"MOR","Morocco",1965,NA,NA,0,0,0,0,"","","","","V2025.09.12"
"8130",600,"MOR","Morocco",1966,NA,NA,0,0,0,0,"","","","","V2025.09.12"
"8131",600,"MOR","Morocco",1967,NA,NA,0,0,0,0,"","","","","V2025.09.12"
"8132",600,"MOR","Morocco",1968,NA,NA,0,0,0,0,"","","","","V2025.09.12"
"8133",600,"MOR","Morocco",1969,NA,NA,0,0,0,0,"","","","","V2025.09.12"
"8134",600,"MOR","Morocco",1970,NA,NA,0,0,0,0,"","","","","V2025.09.12"
"8135",600,"MOR","Morocco",1971,NA,NA,1,0,0,0,"10jul1971","","","","V2025.09.12"
"8136",600,"MOR","Morocco",1972,NA,NA,1,0,0,0,"16aug1972","","","","V2025.09.12"
"8137",600,"MOR","Morocco",1973,NA,NA,0,0,0,0,"","","","","V2025.09.12"
"8138",600,"MOR","Morocco",1974,NA,NA,0,0,0,0,"","","","","V2025.09.12"
"8139",600,"MOR","Morocco",1975,NA,NA,0,0,0,0,"","","","","V2025.09.12"
"8140",600,"MOR","Morocco",1976,NA,NA,0,0,0,0,"","","","","V2025.09.12"
"8141",600,"MOR","Morocco",1977,NA,NA,0,0,0,0,"","","","","V2025.09.12"
"8142",600,"MOR","Morocco",1978,NA,NA,0,0,0,0,"","","","","V2025.09.12"
"8143",600,"MOR","Morocco",1979,NA,NA,0,0,0,0,"","","","","V2025.09.12"
"8144",600,"MOR","Morocco",1980,NA,NA,0,0,0,0,"","","","","V2025.09.12"
"8145",600,"MOR","Morocco",1981,NA,NA,0,0,0,0,"","","","","V2025.09.12"
"8146",600,"MOR","Morocco",1982,NA,NA,0,0,0,0,"","","","","V2025.09.12"
"8147",600,"MOR","Morocco",1983,NA,NA,0,0,0,0,"","","","","V2025.09.12"
"8148",600,"MOR","Morocco",1984,NA,NA,0,0,0,0,"","","","","V2025.09.12"
"8149",600,"MOR","Morocco",1985,NA,NA,0,0,0,0,"","","","","V2025.09.12"
"8150",600,"MOR","Morocco",1986,NA,NA,0,0,0,0,"","","","","V2025.09.12"
"8151",600,"MOR","Morocco",1987,NA,NA,0,0,0,0,"","","","","V2025.09.12"
"8152",600,"MOR","Morocco",1988,NA,NA,0,0,0,0,"","","","","V2025.09.12"
"8153",600,"MOR","Morocco",1989,NA,NA,0,0,0,0,"","","","","V2025.09.12"
"8154",600,"MOR","Morocco",1990,NA,NA,0,0,0,0,"","","","","V2025.09.12"
"8155",600,"MOR","Morocco",1991,NA,NA,0,0,0,0,"","","","","V2025.09.12"
"8156",600,"MOR","Morocco",1992,NA,NA,0,0,0,0,"","","","","V2025.09.12"
"8157",600,"MOR","Morocco",1993,NA,NA,0,0,0,0,"","","","","V2025.09.12"
"8158",600,"MOR","Morocco",1994,NA,NA,0,0,0,0,"","","","","V2025.09.12"
"8159",600,"MOR","Morocco",1995,NA,NA,0,0,0,0,"","","","","V2025.09.12"
"8160",600,"MOR","Morocco",1996,NA,NA,0,0,0,0,"","","","","V2025.09.12"
"8161",600,"MOR","Morocco",1997,NA,NA,0,0,0,0,"","","","","V2025.09.12"
"8162",600,"MOR","Morocco",1998,NA,NA,0,0,0,0,"","","","","V2025.09.12"
"8163",600,"MOR","Morocco",1999,NA,NA,0,0,0,0,"","","","","V2025.09.12"
"8164",600,"MOR","Morocco",2000,NA,NA,0,0,0,0,"","","","","V2025.09.12"
"8165",600,"MOR","Morocco",2001,NA,NA,0,0,0,0,"","","","","V2025.09.12"
"8166",600,"MOR","Morocco",2002,NA,NA,0,0,0,0,"","","","","V2025.09.12"
"8167",600,"MOR","Morocco",2003,NA,NA,0,0,0,0,"","","","","V2025.09.12"
"8168",600,"MOR","Morocco",2004,NA,NA,0,0,0,0,"","","","","V2025.09.12"
"8169",600,"MOR","Morocco",2005,NA,NA,0,0,0,0,"","","","","V2025.09.12"
"8170",600,"MOR","Morocco",2006,NA,NA,0,0,0,0,"","","","","V2025.09.12"
"8171",600,"MOR","Morocco",2007,NA,NA,0,0,0,0,"","","","","V2025.09.12"
"8172",600,"MOR","Morocco",2008,NA,NA,0,0,0,0,"","","","","V2025.09.12"
"8173",600,"MOR","Morocco",2009,NA,NA,0,0,0,0,"","","","","V2025.09.12"
"8174",600,"MOR","Morocco",2010,NA,NA,0,0,0,0,"","","","","V2025.09.12"
"8175",600,"MOR","Morocco",2011,NA,NA,0,0,0,0,"","","","","V2025.09.12"
"8176",600,"MOR","Morocco",2012,NA,NA,0,0,0,0,"","","","","V2025.09.12"
"8177",600,"MOR","Morocco",2013,NA,NA,0,0,0,0,"","","","","V2025.09.12"
"8178",600,"MOR","Morocco",2014,NA,NA,0,0,0,0,"","","","","V2025.09.12"
"8179",600,"MOR","Morocco",2015,NA,NA,0,0,0,0,"","","","","V2025.09.12"
"8180",600,"MOR","Morocco",2016,NA,NA,0,0,0,0,"","","","","V2025.09.12"
"8181",600,"MOR","Morocco",2017,NA,NA,0,0,0,0,"","","","","V2025.09.12"
"8182",600,"MOR","Morocco",2018,NA,NA,0,0,0,0,"","","","","V2025.09.12"
"8183",600,"MOR","Morocco",2019,NA,NA,0,0,0,0,"","","","","V2025.09.12"
"8184",600,"MOR","Morocco",2020,NA,NA,0,0,0,0,"","","","","V2025.09.12"
"8185",600,"MOR","Morocco",2021,NA,NA,0,0,0,0,"","","","","V2025.09.12"
"8186",600,"MOR","Morocco",2022,NA,NA,0,0,0,0,"","","","","V2025.09.12"
"8187",600,"MOR","Morocco",2023,NA,NA,0,0,0,0,"","","","","V2025.09.12"
"8188",600,"MOR","Morocco",2024,NA,NA,0,0,0,0,"","","","","V2025.09.12"
"8189",615,"ALG","Algeria",1962,NA,NA,0,0,0,0,"","","","","V2025.09.12"
"8190",615,"ALG","Algeria",1963,NA,NA,0,0,0,0,"","","","","V2025.09.12"
"8191",615,"ALG","Algeria",1964,NA,NA,1,0,0,0,"30jun1964","","","","V2025.09.12"
"8192",615,"ALG","Algeria",1965,NA,NA,2,0,0,0,"19jun1965","","","","V2025.09.12"
"8193",615,"ALG","Algeria",1966,NA,NA,0,0,0,0,"","","","","V2025.09.12"
"8194",615,"ALG","Algeria",1967,NA,NA,1,0,0,0,"14dec1967","","","","V2025.09.12"
"8195",615,"ALG","Algeria",1968,NA,NA,0,0,0,0,"","","","","V2025.09.12"
"8196",615,"ALG","Algeria",1969,NA,NA,0,0,0,0,"","","","","V2025.09.12"
"8197",615,"ALG","Algeria",1970,NA,NA,0,0,0,0,"","","","","V2025.09.12"
"8198",615,"ALG","Algeria",1971,NA,NA,0,0,0,0,"","","","","V2025.09.12"
"8199",615,"ALG","Algeria",1972,NA,NA,0,0,0,0,"","","","","V2025.09.12"
"8200",615,"ALG","Algeria",1973,NA,NA,0,0,0,0,"","","","","V2025.09.12"
"8201",615,"ALG","Algeria",1974,NA,NA,0,0,0,0,"","","","","V2025.09.12"
"8202",615,"ALG","Algeria",1975,NA,NA,0,0,0,0,"","","","","V2025.09.12"
"8203",615,"ALG","Algeria",1976,NA,NA,0,0,0,0,"","","","","V2025.09.12"
"8204",615,"ALG","Algeria",1977,NA,NA,0,0,0,0,"","","","","V2025.09.12"
"8205",615,"ALG","Algeria",1978,NA,NA,0,0,0,0,"","","","","V2025.09.12"
"8206",615,"ALG","Algeria",1979,NA,NA,0,0,0,0,"","","","","V2025.09.12"
"8207",615,"ALG","Algeria",1980,NA,NA,0,0,0,0,"","","","","V2025.09.12"
"8208",615,"ALG","Algeria",1981,NA,NA,0,0,0,0,"","","","","V2025.09.12"
"8209",615,"ALG","Algeria",1982,NA,NA,0,0,0,0,"","","","","V2025.09.12"
"8210",615,"ALG","Algeria",1983,NA,NA,0,0,0,0,"","","","","V2025.09.12"
"8211",615,"ALG","Algeria",1984,NA,NA,0,0,0,0,"","","","","V2025.09.12"
"8212",615,"ALG","Algeria",1985,NA,NA,0,0,0,0,"","","","","V2025.09.12"
"8213",615,"ALG","Algeria",1986,NA,NA,0,0,0,0,"","","","","V2025.09.12"
"8214",615,"ALG","Algeria",1987,NA,NA,0,0,0,0,"","","","","V2025.09.12"
"8215",615,"ALG","Algeria",1988,NA,NA,0,0,0,0,"","","","","V2025.09.12"
"8216",615,"ALG","Algeria",1989,NA,NA,0,0,0,0,"","","","","V2025.09.12"
"8217",615,"ALG","Algeria",1990,NA,NA,0,0,0,0,"","","","","V2025.09.12"
"8218",615,"ALG","Algeria",1991,NA,NA,0,0,0,0,"","","","","V2025.09.12"
"8219",615,"ALG","Algeria",1992,NA,NA,2,0,0,0,"11jan1992","","","","V2025.09.12"
"8220",615,"ALG","Algeria",1993,NA,NA,0,0,0,0,"","","","","V2025.09.12"
"8221",615,"ALG","Algeria",1994,NA,NA,0,0,0,0,"","","","","V2025.09.12"
"8222",615,"ALG","Algeria",1995,NA,NA,0,0,0,0,"","","","","V2025.09.12"
"8223",615,"ALG","Algeria",1996,NA,NA,0,0,0,0,"","","","","V2025.09.12"
"8224",615,"ALG","Algeria",1997,NA,NA,0,0,0,0,"","","","","V2025.09.12"
"8225",615,"ALG","Algeria",1998,NA,NA,0,0,0,0,"","","","","V2025.09.12"
"8226",615,"ALG","Algeria",1999,NA,NA,0,0,0,0,"","","","","V2025.09.12"
"8227",615,"ALG","Algeria",2000,NA,NA,0,0,0,0,"","","","","V2025.09.12"
"8228",615,"ALG","Algeria",2001,NA,NA,0,0,0,0,"","","","","V2025.09.12"
"8229",615,"ALG","Algeria",2002,NA,NA,0,0,0,0,"","","","","V2025.09.12"
"8230",615,"ALG","Algeria",2003,NA,NA,0,0,0,0,"","","","","V2025.09.12"
"8231",615,"ALG","Algeria",2004,NA,NA,0,0,0,0,"","","","","V2025.09.12"
"8232",615,"ALG","Algeria",2005,NA,NA,0,0,0,0,"","","","","V2025.09.12"
"8233",615,"ALG","Algeria",2006,NA,NA,0,0,0,0,"","","","","V2025.09.12"
"8234",615,"ALG","Algeria",2007,NA,NA,0,0,0,0,"","","","","V2025.09.12"
"8235",615,"ALG","Algeria",2008,NA,NA,0,0,0,0,"","","","","V2025.09.12"
"8236",615,"ALG","Algeria",2009,NA,NA,0,0,0,0,"","","","","V2025.09.12"
"8237",615,"ALG","Algeria",2010,NA,NA,0,0,0,0,"","","","","V2025.09.12"
"8238",615,"ALG","Algeria",2011,NA,NA,0,0,0,0,"","","","","V2025.09.12"
"8239",615,"ALG","Algeria",2012,NA,NA,0,0,0,0,"","","","","V2025.09.12"
"8240",615,"ALG","Algeria",2013,NA,NA,0,0,0,0,"","","","","V2025.09.12"
"8241",615,"ALG","Algeria",2014,NA,NA,0,0,0,0,"","","","","V2025.09.12"
"8242",615,"ALG","Algeria",2015,NA,NA,0,0,0,0,"","","","","V2025.09.12"
"8243",615,"ALG","Algeria",2016,NA,NA,0,0,0,0,"","","","","V2025.09.12"
"8244",615,"ALG","Algeria",2017,NA,NA,0,0,0,0,"","","","","V2025.09.12"
"8245",615,"ALG","Algeria",2018,NA,NA,0,0,0,0,"","","","","V2025.09.12"
"8246",615,"ALG","Algeria",2019,NA,NA,0,0,0,0,"","","","","V2025.09.12"
"8247",615,"ALG","Algeria",2020,NA,NA,0,0,0,0,"","","","","V2025.09.12"
"8248",615,"ALG","Algeria",2021,NA,NA,0,0,0,0,"","","","","V2025.09.12"
"8249",615,"ALG","Algeria",2022,NA,NA,0,0,0,0,"","","","","V2025.09.12"
"8250",615,"ALG","Algeria",2023,NA,NA,0,0,0,0,"","","","","V2025.09.12"
"8251",615,"ALG","Algeria",2024,NA,NA,0,0,0,0,"","","","","V2025.09.12"
"8252",616,"TUN","Tunisia",1956,NA,NA,0,0,0,0,"","","","","V2025.09.12"
"8253",616,"TUN","Tunisia",1957,NA,NA,0,0,0,0,"","","","","V2025.09.12"
"8254",616,"TUN","Tunisia",1958,NA,NA,0,0,0,0,"","","","","V2025.09.12"
"8255",616,"TUN","Tunisia",1959,NA,NA,0,0,0,0,"","","","","V2025.09.12"
"8256",616,"TUN","Tunisia",1960,NA,NA,0,0,0,0,"","","","","V2025.09.12"
"8257",616,"TUN","Tunisia",1961,NA,NA,0,0,0,0,"","","","","V2025.09.12"
"8258",616,"TUN","Tunisia",1962,NA,NA,0,0,0,0,"","","","","V2025.09.12"
"8259",616,"TUN","Tunisia",1963,NA,NA,0,0,0,0,"","","","","V2025.09.12"
"8260",616,"TUN","Tunisia",1964,NA,NA,0,0,0,0,"","","","","V2025.09.12"
"8261",616,"TUN","Tunisia",1965,NA,NA,0,0,0,0,"","","","","V2025.09.12"
"8262",616,"TUN","Tunisia",1966,NA,NA,0,0,0,0,"","","","","V2025.09.12"
"8263",616,"TUN","Tunisia",1967,NA,NA,0,0,0,0,"","","","","V2025.09.12"
"8264",616,"TUN","Tunisia",1968,NA,NA,0,0,0,0,"","","","","V2025.09.12"
"8265",616,"TUN","Tunisia",1969,NA,NA,0,0,0,0,"","","","","V2025.09.12"
"8266",616,"TUN","Tunisia",1970,NA,NA,0,0,0,0,"","","","","V2025.09.12"
"8267",616,"TUN","Tunisia",1971,NA,NA,0,0,0,0,"","","","","V2025.09.12"
"8268",616,"TUN","Tunisia",1972,NA,NA,0,0,0,0,"","","","","V2025.09.12"
"8269",616,"TUN","Tunisia",1973,NA,NA,0,0,0,0,"","","","","V2025.09.12"
"8270",616,"TUN","Tunisia",1974,NA,NA,0,0,0,0,"","","","","V2025.09.12"
"8271",616,"TUN","Tunisia",1975,NA,NA,0,0,0,0,"","","","","V2025.09.12"
"8272",616,"TUN","Tunisia",1976,NA,NA,0,0,0,0,"","","","","V2025.09.12"
"8273",616,"TUN","Tunisia",1977,NA,NA,0,0,0,0,"","","","","V2025.09.12"
"8274",616,"TUN","Tunisia",1978,NA,NA,0,0,0,0,"","","","","V2025.09.12"
"8275",616,"TUN","Tunisia",1979,NA,NA,0,0,0,0,"","","","","V2025.09.12"
"8276",616,"TUN","Tunisia",1980,NA,NA,0,0,0,0,"","","","","V2025.09.12"
"8277",616,"TUN","Tunisia",1981,NA,NA,0,0,0,0,"","","","","V2025.09.12"
"8278",616,"TUN","Tunisia",1982,NA,NA,0,0,0,0,"","","","","V2025.09.12"
"8279",616,"TUN","Tunisia",1983,NA,NA,0,0,0,0,"","","","","V2025.09.12"
"8280",616,"TUN","Tunisia",1984,NA,NA,0,0,0,0,"","","","","V2025.09.12"
"8281",616,"TUN","Tunisia",1985,NA,NA,0,0,0,0,"","","","","V2025.09.12"
"8282",616,"TUN","Tunisia",1986,NA,NA,0,0,0,0,"","","","","V2025.09.12"
"8283",616,"TUN","Tunisia",1987,NA,NA,2,0,0,0,"07nov1987","","","","V2025.09.12"
"8284",616,"TUN","Tunisia",1988,NA,NA,0,0,0,0,"","","","","V2025.09.12"
"8285",616,"TUN","Tunisia",1989,NA,NA,0,0,0,0,"","","","","V2025.09.12"
"8286",616,"TUN","Tunisia",1990,NA,NA,0,0,0,0,"","","","","V2025.09.12"
"8287",616,"TUN","Tunisia",1991,NA,NA,0,0,0,0,"","","","","V2025.09.12"
"8288",616,"TUN","Tunisia",1992,NA,NA,0,0,0,0,"","","","","V2025.09.12"
"8289",616,"TUN","Tunisia",1993,NA,NA,0,0,0,0,"","","","","V2025.09.12"
"8290",616,"TUN","Tunisia",1994,NA,NA,0,0,0,0,"","","","","V2025.09.12"
"8291",616,"TUN","Tunisia",1995,NA,NA,0,0,0,0,"","","","","V2025.09.12"
"8292",616,"TUN","Tunisia",1996,NA,NA,0,0,0,0,"","","","","V2025.09.12"
"8293",616,"TUN","Tunisia",1997,NA,NA,0,0,0,0,"","","","","V2025.09.12"
"8294",616,"TUN","Tunisia",1998,NA,NA,0,0,0,0,"","","","","V2025.09.12"
"8295",616,"TUN","Tunisia",1999,NA,NA,0,0,0,0,"","","","","V2025.09.12"
"8296",616,"TUN","Tunisia",2000,NA,NA,0,0,0,0,"","","","","V2025.09.12"
"8297",616,"TUN","Tunisia",2001,NA,NA,0,0,0,0,"","","","","V2025.09.12"
"8298",616,"TUN","Tunisia",2002,NA,NA,0,0,0,0,"","","","","V2025.09.12"
"8299",616,"TUN","Tunisia",2003,NA,NA,0,0,0,0,"","","","","V2025.09.12"
"8300",616,"TUN","Tunisia",2004,NA,NA,0,0,0,0,"","","","","V2025.09.12"
"8301",616,"TUN","Tunisia",2005,NA,NA,0,0,0,0,"","","","","V2025.09.12"
"8302",616,"TUN","Tunisia",2006,NA,NA,0,0,0,0,"","","","","V2025.09.12"
"8303",616,"TUN","Tunisia",2007,NA,NA,0,0,0,0,"","","","","V2025.09.12"
"8304",616,"TUN","Tunisia",2008,NA,NA,0,0,0,0,"","","","","V2025.09.12"
"8305",616,"TUN","Tunisia",2009,NA,NA,0,0,0,0,"","","","","V2025.09.12"
"8306",616,"TUN","Tunisia",2010,NA,NA,0,0,0,0,"","","","","V2025.09.12"
"8307",616,"TUN","Tunisia",2011,NA,NA,0,0,0,0,"","","","","V2025.09.12"
"8308",616,"TUN","Tunisia",2012,NA,NA,0,0,0,0,"","","","","V2025.09.12"
"8309",616,"TUN","Tunisia",2013,NA,NA,0,0,0,0,"","","","","V2025.09.12"
"8310",616,"TUN","Tunisia",2014,NA,NA,0,0,0,0,"","","","","V2025.09.12"
"8311",616,"TUN","Tunisia",2015,NA,NA,0,0,0,0,"","","","","V2025.09.12"
"8312",616,"TUN","Tunisia",2016,NA,NA,0,0,0,0,"","","","","V2025.09.12"
"8313",616,"TUN","Tunisia",2017,NA,NA,0,0,0,0,"","","","","V2025.09.12"
"8314",616,"TUN","Tunisia",2018,NA,NA,0,0,0,0,"","","","","V2025.09.12"
"8315",616,"TUN","Tunisia",2019,NA,NA,0,0,0,0,"","","","","V2025.09.12"
"8316",616,"TUN","Tunisia",2020,NA,NA,0,0,0,0,"","","","","V2025.09.12"
"8317",616,"TUN","Tunisia",2021,NA,NA,0,0,0,0,"","","","","V2025.09.12"
"8318",616,"TUN","Tunisia",2022,NA,NA,0,0,0,0,"","","","","V2025.09.12"
"8319",616,"TUN","Tunisia",2023,NA,NA,0,0,0,0,"","","","","V2025.09.12"
"8320",616,"TUN","Tunisia",2024,NA,NA,0,0,0,0,"","","","","V2025.09.12"
"8321",620,"LIB","Libya",1951,NA,NA,0,0,0,0,"","","","","V2025.09.12"
"8322",620,"LIB","Libya",1952,NA,NA,0,0,0,0,"","","","","V2025.09.12"
"8323",620,"LIB","Libya",1953,NA,NA,0,0,0,0,"","","","","V2025.09.12"
"8324",620,"LIB","Libya",1954,NA,NA,0,0,0,0,"","","","","V2025.09.12"
"8325",620,"LIB","Libya",1955,NA,NA,0,0,0,0,"","","","","V2025.09.12"
"8326",620,"LIB","Libya",1956,NA,NA,0,0,0,0,"","","","","V2025.09.12"
"8327",620,"LIB","Libya",1957,NA,NA,0,0,0,0,"","","","","V2025.09.12"
"8328",620,"LIB","Libya",1958,NA,NA,0,0,0,0,"","","","","V2025.09.12"
"8329",620,"LIB","Libya",1959,NA,NA,0,0,0,0,"","","","","V2025.09.12"
"8330",620,"LIB","Libya",1960,NA,NA,0,0,0,0,"","","","","V2025.09.12"
"8331",620,"LIB","Libya",1961,NA,NA,0,0,0,0,"","","","","V2025.09.12"
"8332",620,"LIB","Libya",1962,NA,NA,0,0,0,0,"","","","","V2025.09.12"
"8333",620,"LIB","Libya",1963,NA,NA,0,0,0,0,"","","","","V2025.09.12"
"8334",620,"LIB","Libya",1964,NA,NA,0,0,0,0,"","","","","V2025.09.12"
"8335",620,"LIB","Libya",1965,NA,NA,0,0,0,0,"","","","","V2025.09.12"
"8336",620,"LIB","Libya",1966,NA,NA,0,0,0,0,"","","","","V2025.09.12"
"8337",620,"LIB","Libya",1967,NA,NA,0,0,0,0,"","","","","V2025.09.12"
"8338",620,"LIB","Libya",1968,NA,NA,0,0,0,0,"","","","","V2025.09.12"
"8339",620,"LIB","Libya",1969,NA,NA,2,0,0,0,"01sep1969","","","","V2025.09.12"
"8340",620,"LIB","Libya",1970,NA,NA,0,0,0,0,"","","","","V2025.09.12"
"8341",620,"LIB","Libya",1971,NA,NA,0,0,0,0,"","","","","V2025.09.12"
"8342",620,"LIB","Libya",1972,NA,NA,0,0,0,0,"","","","","V2025.09.12"
"8343",620,"LIB","Libya",1973,NA,NA,0,0,0,0,"","","","","V2025.09.12"
"8344",620,"LIB","Libya",1974,NA,NA,0,0,0,0,"","","","","V2025.09.12"
"8345",620,"LIB","Libya",1975,NA,NA,1,0,0,0,"05aug1975","","","","V2025.09.12"
"8346",620,"LIB","Libya",1976,NA,NA,0,0,0,0,"","","","","V2025.09.12"
"8347",620,"LIB","Libya",1977,NA,NA,0,0,0,0,"","","","","V2025.09.12"
"8348",620,"LIB","Libya",1978,NA,NA,0,0,0,0,"","","","","V2025.09.12"
"8349",620,"LIB","Libya",1979,NA,NA,0,0,0,0,"","","","","V2025.09.12"
"8350",620,"LIB","Libya",1980,NA,NA,0,0,0,0,"","","","","V2025.09.12"
"8351",620,"LIB","Libya",1981,NA,NA,0,0,0,0,"","","","","V2025.09.12"
"8352",620,"LIB","Libya",1982,NA,NA,0,0,0,0,"","","","","V2025.09.12"
"8353",620,"LIB","Libya",1983,NA,NA,0,0,0,0,"","","","","V2025.09.12"
"8354",620,"LIB","Libya",1984,NA,NA,0,0,0,0,"","","","","V2025.09.12"
"8355",620,"LIB","Libya",1985,NA,NA,0,0,0,0,"","","","","V2025.09.12"
"8356",620,"LIB","Libya",1986,NA,NA,0,0,0,0,"","","","","V2025.09.12"
"8357",620,"LIB","Libya",1987,NA,NA,0,0,0,0,"","","","","V2025.09.12"
"8358",620,"LIB","Libya",1988,NA,NA,0,0,0,0,"","","","","V2025.09.12"
"8359",620,"LIB","Libya",1989,NA,NA,0,0,0,0,"","","","","V2025.09.12"
"8360",620,"LIB","Libya",1990,NA,NA,0,0,0,0,"","","","","V2025.09.12"
"8361",620,"LIB","Libya",1991,NA,NA,0,0,0,0,"","","","","V2025.09.12"
"8362",620,"LIB","Libya",1992,NA,NA,0,0,0,0,"","","","","V2025.09.12"
"8363",620,"LIB","Libya",1993,NA,NA,1,0,0,0,"23oct1993","","","","V2025.09.12"
"8364",620,"LIB","Libya",1994,NA,NA,0,0,0,0,"","","","","V2025.09.12"
"8365",620,"LIB","Libya",1995,NA,NA,0,0,0,0,"","","","","V2025.09.12"
"8366",620,"LIB","Libya",1996,NA,NA,0,0,0,0,"","","","","V2025.09.12"
"8367",620,"LIB","Libya",1997,NA,NA,0,0,0,0,"","","","","V2025.09.12"
"8368",620,"LIB","Libya",1998,NA,NA,0,0,0,0,"","","","","V2025.09.12"
"8369",620,"LIB","Libya",1999,NA,NA,0,0,0,0,"","","","","V2025.09.12"
"8370",620,"LIB","Libya",2000,NA,NA,0,0,0,0,"","","","","V2025.09.12"
"8371",620,"LIB","Libya",2001,NA,NA,0,0,0,0,"","","","","V2025.09.12"
"8372",620,"LIB","Libya",2002,NA,NA,0,0,0,0,"","","","","V2025.09.12"
"8373",620,"LIB","Libya",2003,NA,NA,0,0,0,0,"","","","","V2025.09.12"
"8374",620,"LIB","Libya",2004,NA,NA,0,0,0,0,"","","","","V2025.09.12"
"8375",620,"LIB","Libya",2005,NA,NA,0,0,0,0,"","","","","V2025.09.12"
"8376",620,"LIB","Libya",2006,NA,NA,0,0,0,0,"","","","","V2025.09.12"
"8377",620,"LIB","Libya",2007,NA,NA,0,0,0,0,"","","","","V2025.09.12"
"8378",620,"LIB","Libya",2008,NA,NA,0,0,0,0,"","","","","V2025.09.12"
"8379",620,"LIB","Libya",2009,NA,NA,0,0,0,0,"","","","","V2025.09.12"
"8380",620,"LIB","Libya",2010,NA,NA,0,0,0,0,"","","","","V2025.09.12"
"8381",620,"LIB","Libya",2011,NA,NA,0,0,0,0,"","","","","V2025.09.12"
"8382",620,"LIB","Libya",2012,NA,NA,0,0,0,0,"","","","","V2025.09.12"
"8383",620,"LIB","Libya",2013,NA,NA,0,0,0,0,"","","","","V2025.09.12"
"8384",620,"LIB","Libya",2014,NA,NA,0,0,0,0,"","","","","V2025.09.12"
"8385",620,"LIB","Libya",2015,NA,NA,0,0,0,0,"","","","","V2025.09.12"
"8386",620,"LIB","Libya",2016,NA,NA,0,0,0,0,"","","","","V2025.09.12"
"8387",620,"LIB","Libya",2017,NA,NA,0,0,0,0,"","","","","V2025.09.12"
"8388",620,"LIB","Libya",2018,NA,NA,0,0,0,0,"","","","","V2025.09.12"
"8389",620,"LIB","Libya",2019,NA,NA,0,0,0,0,"","","","","V2025.09.12"
"8390",620,"LIB","Libya",2020,NA,NA,0,0,0,0,"","","","","V2025.09.12"
"8391",620,"LIB","Libya",2021,NA,NA,0,0,0,0,"","","","","V2025.09.12"
"8392",620,"LIB","Libya",2022,NA,NA,0,0,0,0,"","","","","V2025.09.12"
"8393",620,"LIB","Libya",2023,NA,NA,0,0,0,0,"","","","","V2025.09.12"
"8394",620,"LIB","Libya",2024,NA,NA,0,0,0,0,"","","","","V2025.09.12"
"8395",625,"SUD","Sudan",1956,NA,NA,0,0,0,0,"","","","","V2025.09.12"
"8396",625,"SUD","Sudan",1957,NA,NA,0,0,0,0,"","","","","V2025.09.12"
"8397",625,"SUD","Sudan",1958,NA,NA,2,0,0,0,"17nov1958","","","","V2025.09.12"
"8398",625,"SUD","Sudan",1959,NA,NA,1,1,0,0,"21may1959","09nov1959","","","V2025.09.12"
"8399",625,"SUD","Sudan",1960,NA,NA,0,0,0,0,"","","","","V2025.09.12"
"8400",625,"SUD","Sudan",1961,NA,NA,0,0,0,0,"","","","","V2025.09.12"
"8401",625,"SUD","Sudan",1962,NA,NA,0,0,0,0,"","","","","V2025.09.12"
"8402",625,"SUD","Sudan",1963,NA,NA,0,0,0,0,"","","","","V2025.09.12"
"8403",625,"SUD","Sudan",1964,NA,NA,0,0,0,0,"","","","","V2025.09.12"
"8404",625,"SUD","Sudan",1965,NA,NA,0,0,0,0,"","","","","V2025.09.12"
"8405",625,"SUD","Sudan",1966,NA,NA,1,1,0,0,"18dec1966","28dec1966","","","V2025.09.12"
"8406",625,"SUD","Sudan",1967,NA,NA,0,0,0,0,"","","","","V2025.09.12"
"8407",625,"SUD","Sudan",1968,NA,NA,0,0,0,0,"","","","","V2025.09.12"
"8408",625,"SUD","Sudan",1969,NA,NA,2,0,0,0,"25may1969","","","","V2025.09.12"
"8409",625,"SUD","Sudan",1970,NA,NA,0,0,0,0,"","","","","V2025.09.12"
"8410",625,"SUD","Sudan",1971,NA,NA,1,0,0,0,"19jul1971","","","","V2025.09.12"
"8411",625,"SUD","Sudan",1972,NA,NA,0,0,0,0,"","","","","V2025.09.12"
"8412",625,"SUD","Sudan",1973,NA,NA,0,0,0,0,"","","","","V2025.09.12"
"8413",625,"SUD","Sudan",1974,NA,NA,0,0,0,0,"","","","","V2025.09.12"
"8414",625,"SUD","Sudan",1975,NA,NA,1,0,0,0,"05sep1975","","","","V2025.09.12"
"8415",625,"SUD","Sudan",1976,NA,NA,1,0,0,0,"02jul1976","","","","V2025.09.12"
"8416",625,"SUD","Sudan",1977,NA,NA,1,0,0,0,"03feb1977","","","","V2025.09.12"
"8417",625,"SUD","Sudan",1978,NA,NA,0,0,0,0,"","","","","V2025.09.12"
"8418",625,"SUD","Sudan",1979,NA,NA,0,0,0,0,"","","","","V2025.09.12"
"8419",625,"SUD","Sudan",1980,NA,NA,0,0,0,0,"","","","","V2025.09.12"
"8420",625,"SUD","Sudan",1981,NA,NA,0,0,0,0,"","","","","V2025.09.12"
"8421",625,"SUD","Sudan",1982,NA,NA,0,0,0,0,"","","","","V2025.09.12"
"8422",625,"SUD","Sudan",1983,NA,NA,0,0,0,0,"","","","","V2025.09.12"
"8423",625,"SUD","Sudan",1984,NA,NA,0,0,0,0,"","","","","V2025.09.12"
"8424",625,"SUD","Sudan",1985,NA,NA,2,0,0,0,"06apr1985","","","","V2025.09.12"
"8425",625,"SUD","Sudan",1986,NA,NA,0,0,0,0,"","","","","V2025.09.12"
"8426",625,"SUD","Sudan",1987,NA,NA,0,0,0,0,"","","","","V2025.09.12"
"8427",625,"SUD","Sudan",1988,NA,NA,0,0,0,0,"","","","","V2025.09.12"
"8428",625,"SUD","Sudan",1989,NA,NA,2,0,0,0,"30jun1989","","","","V2025.09.12"
"8429",625,"SUD","Sudan",1990,NA,NA,0,0,0,0,"","","","","V2025.09.12"
"8430",625,"SUD","Sudan",1991,NA,NA,0,0,0,0,"","","","","V2025.09.12"
"8431",625,"SUD","Sudan",1992,NA,NA,0,0,0,0,"","","","","V2025.09.12"
"8432",625,"SUD","Sudan",1993,NA,NA,0,0,0,0,"","","","","V2025.09.12"
"8433",625,"SUD","Sudan",1994,NA,NA,0,0,0,0,"","","","","V2025.09.12"
"8434",625,"SUD","Sudan",1995,NA,NA,0,0,0,0,"","","","","V2025.09.12"
"8435",625,"SUD","Sudan",1996,NA,NA,0,0,0,0,"","","","","V2025.09.12"
"8436",625,"SUD","Sudan",1997,NA,NA,0,0,0,0,"","","","","V2025.09.12"
"8437",625,"SUD","Sudan",1998,NA,NA,0,0,0,0,"","","","","V2025.09.12"
"8438",625,"SUD","Sudan",1999,NA,NA,0,0,0,0,"","","","","V2025.09.12"
"8439",625,"SUD","Sudan",2000,NA,NA,0,0,0,0,"","","","","V2025.09.12"
"8440",625,"SUD","Sudan",2001,NA,NA,0,0,0,0,"","","","","V2025.09.12"
"8441",625,"SUD","Sudan",2002,NA,NA,0,0,0,0,"","","","","V2025.09.12"
"8442",625,"SUD","Sudan",2003,NA,NA,0,0,0,0,"","","","","V2025.09.12"
"8443",625,"SUD","Sudan",2004,NA,NA,0,0,0,0,"","","","","V2025.09.12"
"8444",625,"SUD","Sudan",2005,NA,NA,0,0,0,0,"","","","","V2025.09.12"
"8445",625,"SUD","Sudan",2006,NA,NA,0,0,0,0,"","","","","V2025.09.12"
"8446",625,"SUD","Sudan",2007,NA,NA,0,0,0,0,"","","","","V2025.09.12"
"8447",625,"SUD","Sudan",2008,NA,NA,0,0,0,0,"","","","","V2025.09.12"
"8448",625,"SUD","Sudan",2009,NA,NA,0,0,0,0,"","","","","V2025.09.12"
"8449",625,"SUD","Sudan",2010,NA,NA,0,0,0,0,"","","","","V2025.09.12"
"8450",625,"SUD","Sudan",2011,NA,NA,0,0,0,0,"","","","","V2025.09.12"
"8451",625,"SUD","Sudan",2012,NA,626,1,0,0,0,"22nov2012","","","","V2025.09.12"
"8452",625,"SUD","Sudan",2013,NA,NA,0,0,0,0,"","","","","V2025.09.12"
"8453",625,"SUD","Sudan",2014,NA,NA,0,0,0,0,"","","","","V2025.09.12"
"8454",625,"SUD","Sudan",2015,NA,NA,0,0,0,0,"","","","","V2025.09.12"
"8455",625,"SUD","Sudan",2016,NA,NA,0,0,0,0,"","","","","V2025.09.12"
"8456",625,"SUD","Sudan",2017,NA,NA,0,0,0,0,"","","","","V2025.09.12"
"8457",625,"SUD","Sudan",2018,NA,NA,0,0,0,0,"","","","","V2025.09.12"
"8458",625,"SUD","Sudan",2019,NA,626,2,0,0,0,"11apr2019","","","","V2025.09.12"
"8459",625,"SUD","Sudan",2020,NA,NA,0,0,0,0,"","","","","V2025.09.12"
"8460",625,"SUD","Sudan",2021,NA,626,1,2,0,0,"21sep2021","25oct2021","","","V2025.09.12"
"8461",625,"SUD","Sudan",2022,NA,NA,0,0,0,0,"","","","","V2025.09.12"
"8462",625,"SUD","Sudan",2023,NA,626,1,0,0,0,"15apr2023","","","","V2025.09.12"
"8463",625,"SUD","Sudan",2024,NA,NA,0,0,0,0,"","","","","V2025.09.12"
"8464",626,"SSD","South Sudan",2011,NA,NA,0,0,0,0,"","","","","V2025.09.12"
"8465",626,"SSD","South Sudan",2012,NA,NA,0,0,0,0,"","","","","V2025.09.12"
"8466",626,"SSD","South Sudan",2013,NA,NA,0,0,0,0,"","","","","V2025.09.12"
"8467",626,"SSD","South Sudan",2014,NA,NA,0,0,0,0,"","","","","V2025.09.12"
"8468",626,"SSD","South Sudan",2015,NA,NA,0,0,0,0,"","","","","V2025.09.12"
"8469",626,"SSD","South Sudan",2016,NA,NA,0,0,0,0,"","","","","V2025.09.12"
"8470",626,"SSD","South Sudan",2017,NA,NA,0,0,0,0,"","","","","V2025.09.12"
"8471",626,"SSD","South Sudan",2018,NA,NA,0,0,0,0,"","","","","V2025.09.12"
"8472",626,"SSD","South Sudan",2019,NA,NA,0,0,0,0,"","","","","V2025.09.12"
"8473",626,"SSD","South Sudan",2020,NA,NA,0,0,0,0,"","","","","V2025.09.12"
"8474",626,"SSD","South Sudan",2021,NA,NA,0,0,0,0,"","","","","V2025.09.12"
"8475",626,"SSD","South Sudan",2022,NA,NA,0,0,0,0,"","","","","V2025.09.12"
"8476",626,"SSD","South Sudan",2023,NA,NA,0,0,0,0,"","","","","V2025.09.12"
"8477",626,"SSD","South Sudan",2024,NA,NA,0,0,0,0,"","","","","V2025.09.12"
"8478",630,"IRN","Iran (Persia)",1950,NA,NA,0,0,0,0,"","","","","V2025.09.12"
"8479",630,"IRN","Iran (Persia)",1951,NA,NA,0,0,0,0,"","","","","V2025.09.12"
"8480",630,"IRN","Iran (Persia)",1952,NA,NA,0,0,0,0,"","","","","V2025.09.12"
"8481",630,"IRN","Iran (Persia)",1953,NA,NA,2,0,0,0,"13aug1953","","","","V2025.09.12"
"8482",630,"IRN","Iran (Persia)",1954,NA,NA,0,0,0,0,"","","","","V2025.09.12"
"8483",630,"IRN","Iran (Persia)",1955,NA,NA,0,0,0,0,"","","","","V2025.09.12"
"8484",630,"IRN","Iran (Persia)",1956,NA,NA,0,0,0,0,"","","","","V2025.09.12"
"8485",630,"IRN","Iran (Persia)",1957,NA,NA,0,0,0,0,"","","","","V2025.09.12"
"8486",630,"IRN","Iran (Persia)",1958,NA,NA,0,0,0,0,"","","","","V2025.09.12"
"8487",630,"IRN","Iran (Persia)",1959,NA,NA,0,0,0,0,"","","","","V2025.09.12"
"8488",630,"IRN","Iran (Persia)",1960,NA,NA,0,0,0,0,"","","","","V2025.09.12"
"8489",630,"IRN","Iran (Persia)",1961,NA,NA,0,0,0,0,"","","","","V2025.09.12"
"8490",630,"IRN","Iran (Persia)",1962,NA,NA,0,0,0,0,"","","","","V2025.09.12"
"8491",630,"IRN","Iran (Persia)",1963,NA,NA,0,0,0,0,"","","","","V2025.09.12"
"8492",630,"IRN","Iran (Persia)",1964,NA,NA,0,0,0,0,"","","","","V2025.09.12"
"8493",630,"IRN","Iran (Persia)",1965,NA,NA,0,0,0,0,"","","","","V2025.09.12"
"8494",630,"IRN","Iran (Persia)",1966,NA,NA,0,0,0,0,"","","","","V2025.09.12"
"8495",630,"IRN","Iran (Persia)",1967,NA,NA,0,0,0,0,"","","","","V2025.09.12"
"8496",630,"IRN","Iran (Persia)",1968,NA,NA,0,0,0,0,"","","","","V2025.09.12"
"8497",630,"IRN","Iran (Persia)",1969,NA,NA,0,0,0,0,"","","","","V2025.09.12"
"8498",630,"IRN","Iran (Persia)",1970,NA,NA,0,0,0,0,"","","","","V2025.09.12"
"8499",630,"IRN","Iran (Persia)",1971,NA,NA,0,0,0,0,"","","","","V2025.09.12"
"8500",630,"IRN","Iran (Persia)",1972,NA,NA,0,0,0,0,"","","","","V2025.09.12"
"8501",630,"IRN","Iran (Persia)",1973,NA,NA,0,0,0,0,"","","","","V2025.09.12"
"8502",630,"IRN","Iran (Persia)",1974,NA,NA,0,0,0,0,"","","","","V2025.09.12"
"8503",630,"IRN","Iran (Persia)",1975,NA,NA,0,0,0,0,"","","","","V2025.09.12"
"8504",630,"IRN","Iran (Persia)",1976,NA,NA,0,0,0,0,"","","","","V2025.09.12"
"8505",630,"IRN","Iran (Persia)",1977,NA,NA,0,0,0,0,"","","","","V2025.09.12"
"8506",630,"IRN","Iran (Persia)",1978,NA,NA,0,0,0,0,"","","","","V2025.09.12"
"8507",630,"IRN","Iran (Persia)",1979,NA,NA,0,0,0,0,"","","","","V2025.09.12"
"8508",630,"IRN","Iran (Persia)",1980,NA,NA,0,0,0,0,"","","","","V2025.09.12"
"8509",630,"IRN","Iran (Persia)",1981,NA,NA,0,0,0,0,"","","","","V2025.09.12"
"8510",630,"IRN","Iran (Persia)",1982,NA,NA,0,0,0,0,"","","","","V2025.09.12"
"8511",630,"IRN","Iran (Persia)",1983,NA,NA,0,0,0,0,"","","","","V2025.09.12"
"8512",630,"IRN","Iran (Persia)",1984,NA,NA,0,0,0,0,"","","","","V2025.09.12"
"8513",630,"IRN","Iran (Persia)",1985,NA,NA,0,0,0,0,"","","","","V2025.09.12"
"8514",630,"IRN","Iran (Persia)",1986,NA,NA,0,0,0,0,"","","","","V2025.09.12"
"8515",630,"IRN","Iran (Persia)",1987,NA,NA,0,0,0,0,"","","","","V2025.09.12"
"8516",630,"IRN","Iran (Persia)",1988,NA,NA,0,0,0,0,"","","","","V2025.09.12"
"8517",630,"IRN","Iran (Persia)",1989,NA,NA,0,0,0,0,"","","","","V2025.09.12"
"8518",630,"IRN","Iran (Persia)",1990,NA,NA,0,0,0,0,"","","","","V2025.09.12"
"8519",630,"IRN","Iran (Persia)",1991,NA,NA,0,0,0,0,"","","","","V2025.09.12"
"8520",630,"IRN","Iran (Persia)",1992,NA,NA,0,0,0,0,"","","","","V2025.09.12"
"8521",630,"IRN","Iran (Persia)",1993,NA,NA,0,0,0,0,"","","","","V2025.09.12"
"8522",630,"IRN","Iran (Persia)",1994,NA,NA,0,0,0,0,"","","","","V2025.09.12"
"8523",630,"IRN","Iran (Persia)",1995,NA,NA,0,0,0,0,"","","","","V2025.09.12"
"8524",630,"IRN","Iran (Persia)",1996,NA,NA,0,0,0,0,"","","","","V2025.09.12"
"8525",630,"IRN","Iran (Persia)",1997,NA,NA,0,0,0,0,"","","","","V2025.09.12"
"8526",630,"IRN","Iran (Persia)",1998,NA,NA,0,0,0,0,"","","","","V2025.09.12"
"8527",630,"IRN","Iran (Persia)",1999,NA,NA,0,0,0,0,"","","","","V2025.09.12"
"8528",630,"IRN","Iran (Persia)",2000,NA,NA,0,0,0,0,"","","","","V2025.09.12"
"8529",630,"IRN","Iran (Persia)",2001,NA,NA,0,0,0,0,"","","","","V2025.09.12"
"8530",630,"IRN","Iran (Persia)",2002,NA,NA,0,0,0,0,"","","","","V2025.09.12"
"8531",630,"IRN","Iran (Persia)",2003,NA,NA,0,0,0,0,"","","","","V2025.09.12"
"8532",630,"IRN","Iran (Persia)",2004,NA,NA,0,0,0,0,"","","","","V2025.09.12"
"8533",630,"IRN","Iran (Persia)",2005,NA,NA,0,0,0,0,"","","","","V2025.09.12"
"8534",630,"IRN","Iran (Persia)",2006,NA,NA,0,0,0,0,"","","","","V2025.09.12"
"8535",630,"IRN","Iran (Persia)",2007,NA,NA,0,0,0,0,"","","","","V2025.09.12"
"8536",630,"IRN","Iran (Persia)",2008,NA,NA,0,0,0,0,"","","","","V2025.09.12"
"8537",630,"IRN","Iran (Persia)",2009,NA,NA,0,0,0,0,"","","","","V2025.09.12"
"8538",630,"IRN","Iran (Persia)",2010,NA,NA,0,0,0,0,"","","","","V2025.09.12"
"8539",630,"IRN","Iran (Persia)",2011,NA,NA,0,0,0,0,"","","","","V2025.09.12"
"8540",630,"IRN","Iran (Persia)",2012,NA,NA,0,0,0,0,"","","","","V2025.09.12"
"8541",630,"IRN","Iran (Persia)",2013,NA,NA,0,0,0,0,"","","","","V2025.09.12"
"8542",630,"IRN","Iran (Persia)",2014,NA,NA,0,0,0,0,"","","","","V2025.09.12"
"8543",630,"IRN","Iran (Persia)",2015,NA,NA,0,0,0,0,"","","","","V2025.09.12"
"8544",630,"IRN","Iran (Persia)",2016,NA,NA,0,0,0,0,"","","","","V2025.09.12"
"8545",630,"IRN","Iran (Persia)",2017,NA,NA,0,0,0,0,"","","","","V2025.09.12"
"8546",630,"IRN","Iran (Persia)",2018,NA,NA,0,0,0,0,"","","","","V2025.09.12"
"8547",630,"IRN","Iran (Persia)",2019,NA,NA,0,0,0,0,"","","","","V2025.09.12"
"8548",630,"IRN","Iran (Persia)",2020,NA,NA,0,0,0,0,"","","","","V2025.09.12"
"8549",630,"IRN","Iran (Persia)",2021,NA,NA,0,0,0,0,"","","","","V2025.09.12"
"8550",630,"IRN","Iran (Persia)",2022,NA,NA,0,0,0,0,"","","","","V2025.09.12"
"8551",630,"IRN","Iran (Persia)",2023,NA,NA,0,0,0,0,"","","","","V2025.09.12"
"8552",630,"IRN","Iran (Persia)",2024,NA,NA,0,0,0,0,"","","","","V2025.09.12"
"8553",640,"TUR","Turkey (Ottoman Empire)",1950,NA,NA,0,0,0,0,"","","","","V2025.09.12"
"8554",640,"TUR","Turkey (Ottoman Empire)",1951,NA,NA,0,0,0,0,"","","","","V2025.09.12"
"8555",640,"TUR","Turkey (Ottoman Empire)",1952,NA,NA,0,0,0,0,"","","","","V2025.09.12"
"8556",640,"TUR","Turkey (Ottoman Empire)",1953,NA,NA,0,0,0,0,"","","","","V2025.09.12"
"8557",640,"TUR","Turkey (Ottoman Empire)",1954,NA,NA,0,0,0,0,"","","","","V2025.09.12"
"8558",640,"TUR","Turkey (Ottoman Empire)",1955,NA,NA,0,0,0,0,"","","","","V2025.09.12"
"8559",640,"TUR","Turkey (Ottoman Empire)",1956,NA,NA,0,0,0,0,"","","","","V2025.09.12"
"8560",640,"TUR","Turkey (Ottoman Empire)",1957,NA,NA,0,0,0,0,"","","","","V2025.09.12"
"8561",640,"TUR","Turkey (Ottoman Empire)",1958,NA,NA,0,0,0,0,"","","","","V2025.09.12"
"8562",640,"TUR","Turkey (Ottoman Empire)",1959,NA,NA,0,0,0,0,"","","","","V2025.09.12"
"8563",640,"TUR","Turkey (Ottoman Empire)",1960,NA,NA,2,0,0,0,"27may1960","","","","V2025.09.12"
"8564",640,"TUR","Turkey (Ottoman Empire)",1961,NA,NA,0,0,0,0,"","","","","V2025.09.12"
"8565",640,"TUR","Turkey (Ottoman Empire)",1962,NA,NA,1,0,0,0,"22feb1962","","","","V2025.09.12"
"8566",640,"TUR","Turkey (Ottoman Empire)",1963,NA,NA,1,0,0,0,"20may1963","","","","V2025.09.12"
"8567",640,"TUR","Turkey (Ottoman Empire)",1964,NA,NA,0,0,0,0,"","","","","V2025.09.12"
"8568",640,"TUR","Turkey (Ottoman Empire)",1965,NA,NA,0,0,0,0,"","","","","V2025.09.12"
"8569",640,"TUR","Turkey (Ottoman Empire)",1966,NA,NA,0,0,0,0,"","","","","V2025.09.12"
"8570",640,"TUR","Turkey (Ottoman Empire)",1967,NA,NA,0,0,0,0,"","","","","V2025.09.12"
"8571",640,"TUR","Turkey (Ottoman Empire)",1968,NA,NA,0,0,0,0,"","","","","V2025.09.12"
"8572",640,"TUR","Turkey (Ottoman Empire)",1969,NA,NA,0,0,0,0,"","","","","V2025.09.12"
"8573",640,"TUR","Turkey (Ottoman Empire)",1970,NA,NA,0,0,0,0,"","","","","V2025.09.12"
"8574",640,"TUR","Turkey (Ottoman Empire)",1971,NA,NA,2,0,0,0,"12mar1971","","","","V2025.09.12"
"8575",640,"TUR","Turkey (Ottoman Empire)",1972,NA,NA,0,0,0,0,"","","","","V2025.09.12"
"8576",640,"TUR","Turkey (Ottoman Empire)",1973,NA,NA,0,0,0,0,"","","","","V2025.09.12"
"8577",640,"TUR","Turkey (Ottoman Empire)",1974,NA,NA,0,0,0,0,"","","","","V2025.09.12"
"8578",640,"TUR","Turkey (Ottoman Empire)",1975,NA,NA,0,0,0,0,"","","","","V2025.09.12"
"8579",640,"TUR","Turkey (Ottoman Empire)",1976,NA,NA,0,0,0,0,"","","","","V2025.09.12"
"8580",640,"TUR","Turkey (Ottoman Empire)",1977,NA,NA,0,0,0,0,"","","","","V2025.09.12"
"8581",640,"TUR","Turkey (Ottoman Empire)",1978,NA,NA,0,0,0,0,"","","","","V2025.09.12"
"8582",640,"TUR","Turkey (Ottoman Empire)",1979,NA,NA,0,0,0,0,"","","","","V2025.09.12"
"8583",640,"TUR","Turkey (Ottoman Empire)",1980,NA,NA,2,0,0,0,"10sep1980","","","","V2025.09.12"
"8584",640,"TUR","Turkey (Ottoman Empire)",1981,NA,NA,0,0,0,0,"","","","","V2025.09.12"
"8585",640,"TUR","Turkey (Ottoman Empire)",1982,NA,NA,0,0,0,0,"","","","","V2025.09.12"
"8586",640,"TUR","Turkey (Ottoman Empire)",1983,NA,NA,0,0,0,0,"","","","","V2025.09.12"
"8587",640,"TUR","Turkey (Ottoman Empire)",1984,NA,NA,0,0,0,0,"","","","","V2025.09.12"
"8588",640,"TUR","Turkey (Ottoman Empire)",1985,NA,NA,0,0,0,0,"","","","","V2025.09.12"
"8589",640,"TUR","Turkey (Ottoman Empire)",1986,NA,NA,0,0,0,0,"","","","","V2025.09.12"
"8590",640,"TUR","Turkey (Ottoman Empire)",1987,NA,NA,0,0,0,0,"","","","","V2025.09.12"
"8591",640,"TUR","Turkey (Ottoman Empire)",1988,NA,NA,0,0,0,0,"","","","","V2025.09.12"
"8592",640,"TUR","Turkey (Ottoman Empire)",1989,NA,NA,0,0,0,0,"","","","","V2025.09.12"
"8593",640,"TUR","Turkey (Ottoman Empire)",1990,NA,NA,0,0,0,0,"","","","","V2025.09.12"
"8594",640,"TUR","Turkey (Ottoman Empire)",1991,NA,NA,0,0,0,0,"","","","","V2025.09.12"
"8595",640,"TUR","Turkey (Ottoman Empire)",1992,NA,NA,0,0,0,0,"","","","","V2025.09.12"
"8596",640,"TUR","Turkey (Ottoman Empire)",1993,NA,NA,0,0,0,0,"","","","","V2025.09.12"
"8597",640,"TUR","Turkey (Ottoman Empire)",1994,NA,NA,0,0,0,0,"","","","","V2025.09.12"
"8598",640,"TUR","Turkey (Ottoman Empire)",1995,NA,NA,0,0,0,0,"","","","","V2025.09.12"
"8599",640,"TUR","Turkey (Ottoman Empire)",1996,NA,NA,0,0,0,0,"","","","","V2025.09.12"
"8600",640,"TUR","Turkey (Ottoman Empire)",1997,NA,NA,0,0,0,0,"","","","","V2025.09.12"
"8601",640,"TUR","Turkey (Ottoman Empire)",1998,NA,NA,0,0,0,0,"","","","","V2025.09.12"
"8602",640,"TUR","Turkey (Ottoman Empire)",1999,NA,NA,0,0,0,0,"","","","","V2025.09.12"
"8603",640,"TUR","Turkey (Ottoman Empire)",2000,NA,NA,0,0,0,0,"","","","","V2025.09.12"
"8604",640,"TUR","Turkey (Ottoman Empire)",2001,NA,NA,0,0,0,0,"","","","","V2025.09.12"
"8605",640,"TUR","Turkey (Ottoman Empire)",2002,NA,NA,0,0,0,0,"","","","","V2025.09.12"
"8606",640,"TUR","Turkey (Ottoman Empire)",2003,NA,NA,0,0,0,0,"","","","","V2025.09.12"
"8607",640,"TUR","Turkey (Ottoman Empire)",2004,NA,NA,0,0,0,0,"","","","","V2025.09.12"
"8608",640,"TUR","Turkey (Ottoman Empire)",2005,NA,NA,0,0,0,0,"","","","","V2025.09.12"
"8609",640,"TUR","Turkey (Ottoman Empire)",2006,NA,NA,0,0,0,0,"","","","","V2025.09.12"
"8610",640,"TUR","Turkey (Ottoman Empire)",2007,NA,NA,0,0,0,0,"","","","","V2025.09.12"
"8611",640,"TUR","Turkey (Ottoman Empire)",2008,NA,NA,0,0,0,0,"","","","","V2025.09.12"
"8612",640,"TUR","Turkey (Ottoman Empire)",2009,NA,NA,0,0,0,0,"","","","","V2025.09.12"
"8613",640,"TUR","Turkey (Ottoman Empire)",2010,NA,NA,0,0,0,0,"","","","","V2025.09.12"
"8614",640,"TUR","Turkey (Ottoman Empire)",2011,NA,NA,0,0,0,0,"","","","","V2025.09.12"
"8615",640,"TUR","Turkey (Ottoman Empire)",2012,NA,NA,0,0,0,0,"","","","","V2025.09.12"
"8616",640,"TUR","Turkey (Ottoman Empire)",2013,NA,NA,0,0,0,0,"","","","","V2025.09.12"
"8617",640,"TUR","Turkey (Ottoman Empire)",2014,NA,NA,0,0,0,0,"","","","","V2025.09.12"
"8618",640,"TUR","Turkey (Ottoman Empire)",2015,NA,NA,0,0,0,0,"","","","","V2025.09.12"
"8619",640,"TUR","Turkey (Ottoman Empire)",2016,NA,NA,1,0,0,0,"15jul2016","","","","V2025.09.12"
"8620",640,"TUR","Turkey (Ottoman Empire)",2017,NA,NA,0,0,0,0,"","","","","V2025.09.12"
"8621",640,"TUR","Turkey (Ottoman Empire)",2018,NA,NA,0,0,0,0,"","","","","V2025.09.12"
"8622",640,"TUR","Turkey (Ottoman Empire)",2019,NA,NA,0,0,0,0,"","","","","V2025.09.12"
"8623",640,"TUR","Turkey (Ottoman Empire)",2020,NA,NA,0,0,0,0,"","","","","V2025.09.12"
"8624",640,"TUR","Turkey (Ottoman Empire)",2021,NA,NA,0,0,0,0,"","","","","V2025.09.12"
"8625",640,"TUR","Turkey (Ottoman Empire)",2022,NA,NA,0,0,0,0,"","","","","V2025.09.12"
"8626",640,"TUR","Turkey (Ottoman Empire)",2023,NA,NA,0,0,0,0,"","","","","V2025.09.12"
"8627",640,"TUR","Turkey (Ottoman Empire)",2024,NA,NA,0,0,0,0,"","","","","V2025.09.12"
"8628",645,"IRQ","Iraq",1950,NA,NA,0,0,0,0,"","","","","V2025.09.12"
"8629",645,"IRQ","Iraq",1951,NA,NA,0,0,0,0,"","","","","V2025.09.12"
"8630",645,"IRQ","Iraq",1952,NA,NA,0,0,0,0,"","","","","V2025.09.12"
"8631",645,"IRQ","Iraq",1953,NA,NA,0,0,0,0,"","","","","V2025.09.12"
"8632",645,"IRQ","Iraq",1954,NA,NA,0,0,0,0,"","","","","V2025.09.12"
"8633",645,"IRQ","Iraq",1955,NA,NA,0,0,0,0,"","","","","V2025.09.12"
"8634",645,"IRQ","Iraq",1956,NA,NA,0,0,0,0,"","","","","V2025.09.12"
"8635",645,"IRQ","Iraq",1957,NA,NA,0,0,0,0,"","","","","V2025.09.12"
"8636",645,"IRQ","Iraq",1958,NA,NA,2,0,0,0,"14jul1958","","","","V2025.09.12"
"8637",645,"IRQ","Iraq",1959,NA,NA,1,0,0,0,"07mar1959","","","","V2025.09.12"
"8638",645,"IRQ","Iraq",1960,NA,NA,0,0,0,0,"","","","","V2025.09.12"
"8639",645,"IRQ","Iraq",1961,NA,NA,0,0,0,0,"","","","","V2025.09.12"
"8640",645,"IRQ","Iraq",1962,NA,NA,0,0,0,0,"","","","","V2025.09.12"
"8641",645,"IRQ","Iraq",1963,NA,NA,2,2,0,0,"08feb1963","18nov1963","","","V2025.09.12"
"8642",645,"IRQ","Iraq",1964,NA,NA,0,0,0,0,"","","","","V2025.09.12"
"8643",645,"IRQ","Iraq",1965,NA,NA,1,0,0,0,"16sep1965","","","","V2025.09.12"
"8644",645,"IRQ","Iraq",1966,NA,NA,1,0,0,0,"30jun1966","","","","V2025.09.12"
"8645",645,"IRQ","Iraq",1967,NA,NA,0,0,0,0,"","","","","V2025.09.12"
"8646",645,"IRQ","Iraq",1968,NA,NA,2,0,0,0,"17jul1968","","","","V2025.09.12"
"8647",645,"IRQ","Iraq",1969,NA,NA,0,0,0,0,"","","","","V2025.09.12"
"8648",645,"IRQ","Iraq",1970,NA,NA,1,0,0,0,"20jan1970","","","","V2025.09.12"
"8649",645,"IRQ","Iraq",1971,NA,NA,0,0,0,0,"","","","","V2025.09.12"
"8650",645,"IRQ","Iraq",1972,NA,NA,0,0,0,0,"","","","","V2025.09.12"
"8651",645,"IRQ","Iraq",1973,NA,NA,1,0,0,0,"30jun1973","","","","V2025.09.12"
"8652",645,"IRQ","Iraq",1974,NA,NA,0,0,0,0,"","","","","V2025.09.12"
"8653",645,"IRQ","Iraq",1975,NA,NA,0,0,0,0,"","","","","V2025.09.12"
"8654",645,"IRQ","Iraq",1976,NA,NA,0,0,0,0,"","","","","V2025.09.12"
"8655",645,"IRQ","Iraq",1977,NA,NA,0,0,0,0,"","","","","V2025.09.12"
"8656",645,"IRQ","Iraq",1978,NA,NA,0,0,0,0,"","","","","V2025.09.12"
"8657",645,"IRQ","Iraq",1979,NA,NA,0,0,0,0,"","","","","V2025.09.12"
"8658",645,"IRQ","Iraq",1980,NA,NA,0,0,0,0,"","","","","V2025.09.12"
"8659",645,"IRQ","Iraq",1981,NA,NA,0,0,0,0,"","","","","V2025.09.12"
"8660",645,"IRQ","Iraq",1982,NA,NA,0,0,0,0,"","","","","V2025.09.12"
"8661",645,"IRQ","Iraq",1983,NA,NA,0,0,0,0,"","","","","V2025.09.12"
"8662",645,"IRQ","Iraq",1984,NA,NA,0,0,0,0,"","","","","V2025.09.12"
"8663",645,"IRQ","Iraq",1985,NA,NA,0,0,0,0,"","","","","V2025.09.12"
"8664",645,"IRQ","Iraq",1986,NA,NA,0,0,0,0,"","","","","V2025.09.12"
"8665",645,"IRQ","Iraq",1987,NA,NA,0,0,0,0,"","","","","V2025.09.12"
"8666",645,"IRQ","Iraq",1988,NA,NA,0,0,0,0,"","","","","V2025.09.12"
"8667",645,"IRQ","Iraq",1989,NA,NA,0,0,0,0,"","","","","V2025.09.12"
"8668",645,"IRQ","Iraq",1990,NA,NA,0,0,0,0,"","","","","V2025.09.12"
"8669",645,"IRQ","Iraq",1991,NA,NA,1,0,0,0,"23sep1991","","","","V2025.09.12"
"8670",645,"IRQ","Iraq",1992,NA,NA,1,0,0,0,"15jun1992","","","","V2025.09.12"
"8671",645,"IRQ","Iraq",1993,NA,NA,0,0,0,0,"","","","","V2025.09.12"
"8672",645,"IRQ","Iraq",1994,NA,NA,0,0,0,0,"","","","","V2025.09.12"
"8673",645,"IRQ","Iraq",1995,NA,NA,1,0,0,0,"15jun1995","","","","V2025.09.12"
"8674",645,"IRQ","Iraq",1996,NA,NA,0,0,0,0,"","","","","V2025.09.12"
"8675",645,"IRQ","Iraq",1997,NA,NA,0,0,0,0,"","","","","V2025.09.12"
"8676",645,"IRQ","Iraq",1998,NA,NA,0,0,0,0,"","","","","V2025.09.12"
"8677",645,"IRQ","Iraq",1999,NA,NA,0,0,0,0,"","","","","V2025.09.12"
"8678",645,"IRQ","Iraq",2000,NA,NA,0,0,0,0,"","","","","V2025.09.12"
"8679",645,"IRQ","Iraq",2001,NA,NA,0,0,0,0,"","","","","V2025.09.12"
"8680",645,"IRQ","Iraq",2002,NA,NA,0,0,0,0,"","","","","V2025.09.12"
"8681",645,"IRQ","Iraq",2003,NA,NA,0,0,0,0,"","","","","V2025.09.12"
"8682",645,"IRQ","Iraq",2004,NA,NA,0,0,0,0,"","","","","V2025.09.12"
"8683",645,"IRQ","Iraq",2005,NA,NA,0,0,0,0,"","","","","V2025.09.12"
"8684",645,"IRQ","Iraq",2006,NA,NA,0,0,0,0,"","","","","V2025.09.12"
"8685",645,"IRQ","Iraq",2007,NA,NA,0,0,0,0,"","","","","V2025.09.12"
"8686",645,"IRQ","Iraq",2008,NA,NA,0,0,0,0,"","","","","V2025.09.12"
"8687",645,"IRQ","Iraq",2009,NA,NA,0,0,0,0,"","","","","V2025.09.12"
"8688",645,"IRQ","Iraq",2010,NA,NA,0,0,0,0,"","","","","V2025.09.12"
"8689",645,"IRQ","Iraq",2011,NA,NA,0,0,0,0,"","","","","V2025.09.12"
"8690",645,"IRQ","Iraq",2012,NA,NA,0,0,0,0,"","","","","V2025.09.12"
"8691",645,"IRQ","Iraq",2013,NA,NA,0,0,0,0,"","","","","V2025.09.12"
"8692",645,"IRQ","Iraq",2014,NA,NA,0,0,0,0,"","","","","V2025.09.12"
"8693",645,"IRQ","Iraq",2015,NA,NA,0,0,0,0,"","","","","V2025.09.12"
"8694",645,"IRQ","Iraq",2016,NA,NA,0,0,0,0,"","","","","V2025.09.12"
"8695",645,"IRQ","Iraq",2017,NA,NA,0,0,0,0,"","","","","V2025.09.12"
"8696",645,"IRQ","Iraq",2018,NA,NA,0,0,0,0,"","","","","V2025.09.12"
"8697",645,"IRQ","Iraq",2019,NA,NA,0,0,0,0,"","","","","V2025.09.12"
"8698",645,"IRQ","Iraq",2020,NA,NA,0,0,0,0,"","","","","V2025.09.12"
"8699",645,"IRQ","Iraq",2021,NA,NA,0,0,0,0,"","","","","V2025.09.12"
"8700",645,"IRQ","Iraq",2022,NA,NA,0,0,0,0,"","","","","V2025.09.12"
"8701",645,"IRQ","Iraq",2023,NA,NA,0,0,0,0,"","","","","V2025.09.12"
"8702",645,"IRQ","Iraq",2024,NA,NA,0,0,0,0,"","","","","V2025.09.12"
"8703",651,"EGY","Egypt",1950,NA,NA,0,0,0,0,"","","","","V2025.09.12"
"8704",651,"EGY","Egypt",1951,NA,NA,0,0,0,0,"","","","","V2025.09.12"
"8705",651,"EGY","Egypt",1952,NA,NA,2,0,0,0,"23jul1952","","","","V2025.09.12"
"8706",651,"EGY","Egypt",1953,NA,NA,0,0,0,0,"","","","","V2025.09.12"
"8707",651,"EGY","Egypt",1954,NA,NA,2,0,0,0,"27feb1954","","","","V2025.09.12"
"8708",651,"EGY","Egypt",1955,NA,NA,0,0,0,0,"","","","","V2025.09.12"
"8709",651,"EGY","Egypt",1956,NA,NA,0,0,0,0,"","","","","V2025.09.12"
"8710",651,"EGY","Egypt",1957,NA,NA,0,0,0,0,"","","","","V2025.09.12"
"8711",651,"EGY","Egypt",1958,NA,NA,0,0,0,0,"","","","","V2025.09.12"
"8712",651,"EGY","Egypt",1959,NA,NA,0,0,0,0,"","","","","V2025.09.12"
"8713",651,"EGY","Egypt",1960,NA,NA,0,0,0,0,"","","","","V2025.09.12"
"8714",651,"EGY","Egypt",1961,NA,NA,0,0,0,0,"","","","","V2025.09.12"
"8715",651,"EGY","Egypt",1962,NA,NA,0,0,0,0,"","","","","V2025.09.12"
"8716",651,"EGY","Egypt",1963,NA,NA,0,0,0,0,"","","","","V2025.09.12"
"8717",651,"EGY","Egypt",1964,NA,NA,0,0,0,0,"","","","","V2025.09.12"
"8718",651,"EGY","Egypt",1965,NA,NA,0,0,0,0,"","","","","V2025.09.12"
"8719",651,"EGY","Egypt",1966,NA,NA,0,0,0,0,"","","","","V2025.09.12"
"8720",651,"EGY","Egypt",1967,NA,NA,0,0,0,0,"","","","","V2025.09.12"
"8721",651,"EGY","Egypt",1968,NA,NA,0,0,0,0,"","","","","V2025.09.12"
"8722",651,"EGY","Egypt",1969,NA,NA,0,0,0,0,"","","","","V2025.09.12"
"8723",651,"EGY","Egypt",1970,NA,NA,0,0,0,0,"","","","","V2025.09.12"
"8724",651,"EGY","Egypt",1971,NA,NA,0,0,0,0,"","","","","V2025.09.12"
"8725",651,"EGY","Egypt",1972,NA,NA,0,0,0,0,"","","","","V2025.09.12"
"8726",651,"EGY","Egypt",1973,NA,NA,0,0,0,0,"","","","","V2025.09.12"
"8727",651,"EGY","Egypt",1974,NA,NA,0,0,0,0,"","","","","V2025.09.12"
"8728",651,"EGY","Egypt",1975,NA,NA,0,0,0,0,"","","","","V2025.09.12"
"8729",651,"EGY","Egypt",1976,NA,NA,0,0,0,0,"","","","","V2025.09.12"
"8730",651,"EGY","Egypt",1977,NA,NA,0,0,0,0,"","","","","V2025.09.12"
"8731",651,"EGY","Egypt",1978,NA,NA,0,0,0,0,"","","","","V2025.09.12"
"8732",651,"EGY","Egypt",1979,NA,NA,0,0,0,0,"","","","","V2025.09.12"
"8733",651,"EGY","Egypt",1980,NA,NA,0,0,0,0,"","","","","V2025.09.12"
"8734",651,"EGY","Egypt",1981,NA,NA,0,0,0,0,"","","","","V2025.09.12"
"8735",651,"EGY","Egypt",1982,NA,NA,0,0,0,0,"","","","","V2025.09.12"
"8736",651,"EGY","Egypt",1983,NA,NA,0,0,0,0,"","","","","V2025.09.12"
"8737",651,"EGY","Egypt",1984,NA,NA,0,0,0,0,"","","","","V2025.09.12"
"8738",651,"EGY","Egypt",1985,NA,NA,0,0,0,0,"","","","","V2025.09.12"
"8739",651,"EGY","Egypt",1986,NA,NA,0,0,0,0,"","","","","V2025.09.12"
"8740",651,"EGY","Egypt",1987,NA,NA,0,0,0,0,"","","","","V2025.09.12"
"8741",651,"EGY","Egypt",1988,NA,NA,0,0,0,0,"","","","","V2025.09.12"
"8742",651,"EGY","Egypt",1989,NA,NA,0,0,0,0,"","","","","V2025.09.12"
"8743",651,"EGY","Egypt",1990,NA,NA,0,0,0,0,"","","","","V2025.09.12"
"8744",651,"EGY","Egypt",1991,NA,NA,0,0,0,0,"","","","","V2025.09.12"
"8745",651,"EGY","Egypt",1992,NA,NA,0,0,0,0,"","","","","V2025.09.12"
"8746",651,"EGY","Egypt",1993,NA,NA,0,0,0,0,"","","","","V2025.09.12"
"8747",651,"EGY","Egypt",1994,NA,NA,0,0,0,0,"","","","","V2025.09.12"
"8748",651,"EGY","Egypt",1995,NA,NA,0,0,0,0,"","","","","V2025.09.12"
"8749",651,"EGY","Egypt",1996,NA,NA,0,0,0,0,"","","","","V2025.09.12"
"8750",651,"EGY","Egypt",1997,NA,NA,0,0,0,0,"","","","","V2025.09.12"
"8751",651,"EGY","Egypt",1998,NA,NA,0,0,0,0,"","","","","V2025.09.12"
"8752",651,"EGY","Egypt",1999,NA,NA,0,0,0,0,"","","","","V2025.09.12"
"8753",651,"EGY","Egypt",2000,NA,NA,0,0,0,0,"","","","","V2025.09.12"
"8754",651,"EGY","Egypt",2001,NA,NA,0,0,0,0,"","","","","V2025.09.12"
"8755",651,"EGY","Egypt",2002,NA,NA,0,0,0,0,"","","","","V2025.09.12"
"8756",651,"EGY","Egypt",2003,NA,NA,0,0,0,0,"","","","","V2025.09.12"
"8757",651,"EGY","Egypt",2004,NA,NA,0,0,0,0,"","","","","V2025.09.12"
"8758",651,"EGY","Egypt",2005,NA,NA,0,0,0,0,"","","","","V2025.09.12"
"8759",651,"EGY","Egypt",2006,NA,NA,0,0,0,0,"","","","","V2025.09.12"
"8760",651,"EGY","Egypt",2007,NA,NA,0,0,0,0,"","","","","V2025.09.12"
"8761",651,"EGY","Egypt",2008,NA,NA,0,0,0,0,"","","","","V2025.09.12"
"8762",651,"EGY","Egypt",2009,NA,NA,0,0,0,0,"","","","","V2025.09.12"
"8763",651,"EGY","Egypt",2010,NA,NA,0,0,0,0,"","","","","V2025.09.12"
"8764",651,"EGY","Egypt",2011,NA,NA,2,0,0,0,"11feb2011","","","","V2025.09.12"
"8765",651,"EGY","Egypt",2012,NA,NA,0,0,0,0,"","","","","V2025.09.12"
"8766",651,"EGY","Egypt",2013,NA,NA,2,0,0,0,"03jul2013","","","","V2025.09.12"
"8767",651,"EGY","Egypt",2014,NA,NA,0,0,0,0,"","","","","V2025.09.12"
"8768",651,"EGY","Egypt",2015,NA,NA,0,0,0,0,"","","","","V2025.09.12"
"8769",651,"EGY","Egypt",2016,NA,NA,0,0,0,0,"","","","","V2025.09.12"
"8770",651,"EGY","Egypt",2017,NA,NA,0,0,0,0,"","","","","V2025.09.12"
"8771",651,"EGY","Egypt",2018,NA,NA,0,0,0,0,"","","","","V2025.09.12"
"8772",651,"EGY","Egypt",2019,NA,NA,0,0,0,0,"","","","","V2025.09.12"
"8773",651,"EGY","Egypt",2020,NA,NA,0,0,0,0,"","","","","V2025.09.12"
"8774",651,"EGY","Egypt",2021,NA,NA,0,0,0,0,"","","","","V2025.09.12"
"8775",651,"EGY","Egypt",2022,NA,NA,0,0,0,0,"","","","","V2025.09.12"
"8776",651,"EGY","Egypt",2023,NA,NA,0,0,0,0,"","","","","V2025.09.12"
"8777",651,"EGY","Egypt",2024,NA,NA,0,0,0,0,"","","","","V2025.09.12"
"8778",652,"SYR","Syria",1950,NA,NA,0,0,0,0,"","","","","V2025.09.12"
"8779",652,"SYR","Syria",1951,NA,NA,2,0,0,0,"29nov1951","","","","V2025.09.12"
"8780",652,"SYR","Syria",1952,NA,NA,0,0,0,0,"","","","","V2025.09.12"
"8781",652,"SYR","Syria",1953,NA,NA,0,0,0,0,"","","","","V2025.09.12"
"8782",652,"SYR","Syria",1954,NA,NA,2,0,0,0,"25feb1954","","","","V2025.09.12"
"8783",652,"SYR","Syria",1955,NA,NA,0,0,0,0,"","","","","V2025.09.12"
"8784",652,"SYR","Syria",1956,NA,NA,0,0,0,0,"","","","","V2025.09.12"
"8785",652,"SYR","Syria",1957,NA,NA,0,0,0,0,"","","","","V2025.09.12"
"8786",652,"SYR","Syria",1958,NA,NA,0,0,0,0,"","","","","V2025.09.12"
"8787",652,"SYR","Syria",1959,NA,NA,0,0,0,0,"","","","","V2025.09.12"
"8788",652,"SYR","Syria",1960,NA,NA,0,0,0,0,"","","","","V2025.09.12"
"8789",652,"SYR","Syria",1961,NA,NA,2,0,0,0,"28sep1961","","","","V2025.09.12"
"8790",652,"SYR","Syria",1962,NA,NA,2,0,0,0,"28mar1962","","","","V2025.09.12"
"8791",652,"SYR","Syria",1963,NA,NA,2,1,0,0,"08mar1963","18jul1963","","","V2025.09.12"
"8792",652,"SYR","Syria",1964,NA,NA,0,0,0,0,"","","","","V2025.09.12"
"8793",652,"SYR","Syria",1965,NA,NA,0,0,0,0,"","","","","V2025.09.12"
"8794",652,"SYR","Syria",1966,NA,NA,2,1,0,0,"23feb1966","08sep1966","","","V2025.09.12"
"8795",652,"SYR","Syria",1967,NA,NA,0,0,0,0,"","","","","V2025.09.12"
"8796",652,"SYR","Syria",1968,NA,NA,1,0,0,0,"11aug1968","","","","V2025.09.12"
"8797",652,"SYR","Syria",1969,NA,NA,2,0,0,0,"01mar1969","","","","V2025.09.12"
"8798",652,"SYR","Syria",1970,NA,NA,2,0,0,0,"13nov1970","","","","V2025.09.12"
"8799",652,"SYR","Syria",1971,NA,NA,0,0,0,0,"","","","","V2025.09.12"
"8800",652,"SYR","Syria",1972,NA,NA,0,0,0,0,"","","","","V2025.09.12"
"8801",652,"SYR","Syria",1973,NA,NA,0,0,0,0,"","","","","V2025.09.12"
"8802",652,"SYR","Syria",1974,NA,NA,0,0,0,0,"","","","","V2025.09.12"
"8803",652,"SYR","Syria",1975,NA,NA,0,0,0,0,"","","","","V2025.09.12"
"8804",652,"SYR","Syria",1976,NA,NA,0,0,0,0,"","","","","V2025.09.12"
"8805",652,"SYR","Syria",1977,NA,NA,0,0,0,0,"","","","","V2025.09.12"
"8806",652,"SYR","Syria",1978,NA,NA,0,0,0,0,"","","","","V2025.09.12"
"8807",652,"SYR","Syria",1979,NA,NA,0,0,0,0,"","","","","V2025.09.12"
"8808",652,"SYR","Syria",1980,NA,NA,0,0,0,0,"","","","","V2025.09.12"
"8809",652,"SYR","Syria",1981,NA,NA,0,0,0,0,"","","","","V2025.09.12"
"8810",652,"SYR","Syria",1982,NA,NA,1,0,0,0,"31jan1982","","","","V2025.09.12"
"8811",652,"SYR","Syria",1983,NA,NA,0,0,0,0,"","","","","V2025.09.12"
"8812",652,"SYR","Syria",1984,NA,NA,0,0,0,0,"","","","","V2025.09.12"
"8813",652,"SYR","Syria",1985,NA,NA,0,0,0,0,"","","","","V2025.09.12"
"8814",652,"SYR","Syria",1986,NA,NA,0,0,0,0,"","","","","V2025.09.12"
"8815",652,"SYR","Syria",1987,NA,NA,0,0,0,0,"","","","","V2025.09.12"
"8816",652,"SYR","Syria",1988,NA,NA,0,0,0,0,"","","","","V2025.09.12"
"8817",652,"SYR","Syria",1989,NA,NA,0,0,0,0,"","","","","V2025.09.12"
"8818",652,"SYR","Syria",1990,NA,NA,0,0,0,0,"","","","","V2025.09.12"
"8819",652,"SYR","Syria",1991,NA,NA,0,0,0,0,"","","","","V2025.09.12"
"8820",652,"SYR","Syria",1992,NA,NA,0,0,0,0,"","","","","V2025.09.12"
"8821",652,"SYR","Syria",1993,NA,NA,0,0,0,0,"","","","","V2025.09.12"
"8822",652,"SYR","Syria",1994,NA,NA,0,0,0,0,"","","","","V2025.09.12"
"8823",652,"SYR","Syria",1995,NA,NA,0,0,0,0,"","","","","V2025.09.12"
"8824",652,"SYR","Syria",1996,NA,NA,0,0,0,0,"","","","","V2025.09.12"
"8825",652,"SYR","Syria",1997,NA,NA,0,0,0,0,"","","","","V2025.09.12"
"8826",652,"SYR","Syria",1998,NA,NA,0,0,0,0,"","","","","V2025.09.12"
"8827",652,"SYR","Syria",1999,NA,NA,0,0,0,0,"","","","","V2025.09.12"
"8828",652,"SYR","Syria",2000,NA,NA,0,0,0,0,"","","","","V2025.09.12"
"8829",652,"SYR","Syria",2001,NA,NA,0,0,0,0,"","","","","V2025.09.12"
"8830",652,"SYR","Syria",2002,NA,NA,0,0,0,0,"","","","","V2025.09.12"
"8831",652,"SYR","Syria",2003,NA,NA,0,0,0,0,"","","","","V2025.09.12"
"8832",652,"SYR","Syria",2004,NA,NA,0,0,0,0,"","","","","V2025.09.12"
"8833",652,"SYR","Syria",2005,NA,NA,0,0,0,0,"","","","","V2025.09.12"
"8834",652,"SYR","Syria",2006,NA,NA,0,0,0,0,"","","","","V2025.09.12"
"8835",652,"SYR","Syria",2007,NA,NA,0,0,0,0,"","","","","V2025.09.12"
"8836",652,"SYR","Syria",2008,NA,NA,0,0,0,0,"","","","","V2025.09.12"
"8837",652,"SYR","Syria",2009,NA,NA,0,0,0,0,"","","","","V2025.09.12"
"8838",652,"SYR","Syria",2010,NA,NA,0,0,0,0,"","","","","V2025.09.12"
"8839",652,"SYR","Syria",2011,NA,NA,0,0,0,0,"","","","","V2025.09.12"
"8840",652,"SYR","Syria",2012,NA,NA,0,0,0,0,"","","","","V2025.09.12"
"8841",652,"SYR","Syria",2013,NA,NA,0,0,0,0,"","","","","V2025.09.12"
"8842",652,"SYR","Syria",2014,NA,NA,0,0,0,0,"","","","","V2025.09.12"
"8843",652,"SYR","Syria",2015,NA,NA,0,0,0,0,"","","","","V2025.09.12"
"8844",652,"SYR","Syria",2016,NA,NA,0,0,0,0,"","","","","V2025.09.12"
"8845",652,"SYR","Syria",2017,NA,NA,0,0,0,0,"","","","","V2025.09.12"
"8846",652,"SYR","Syria",2018,NA,NA,0,0,0,0,"","","","","V2025.09.12"
"8847",652,"SYR","Syria",2019,NA,NA,0,0,0,0,"","","","","V2025.09.12"
"8848",652,"SYR","Syria",2020,NA,NA,0,0,0,0,"","","","","V2025.09.12"
"8849",652,"SYR","Syria",2021,NA,NA,0,0,0,0,"","","","","V2025.09.12"
"8850",652,"SYR","Syria",2022,NA,NA,0,0,0,0,"","","","","V2025.09.12"
"8851",652,"SYR","Syria",2023,NA,NA,0,0,0,0,"","","","","V2025.09.12"
"8852",652,"SYR","Syria",2024,NA,NA,0,0,0,0,"","","","","V2025.09.12"
"8853",660,"LEB","Lebanon",1950,NA,NA,0,0,0,0,"","","","","V2025.09.12"
"8854",660,"LEB","Lebanon",1951,NA,NA,0,0,0,0,"","","","","V2025.09.12"
"8855",660,"LEB","Lebanon",1952,NA,NA,0,0,0,0,"","","","","V2025.09.12"
"8856",660,"LEB","Lebanon",1953,NA,NA,0,0,0,0,"","","","","V2025.09.12"
"8857",660,"LEB","Lebanon",1954,NA,NA,0,0,0,0,"","","","","V2025.09.12"
"8858",660,"LEB","Lebanon",1955,NA,NA,0,0,0,0,"","","","","V2025.09.12"
"8859",660,"LEB","Lebanon",1956,NA,NA,0,0,0,0,"","","","","V2025.09.12"
"8860",660,"LEB","Lebanon",1957,NA,NA,0,0,0,0,"","","","","V2025.09.12"
"8861",660,"LEB","Lebanon",1958,NA,NA,0,0,0,0,"","","","","V2025.09.12"
"8862",660,"LEB","Lebanon",1959,NA,NA,0,0,0,0,"","","","","V2025.09.12"
"8863",660,"LEB","Lebanon",1960,NA,NA,0,0,0,0,"","","","","V2025.09.12"
"8864",660,"LEB","Lebanon",1961,NA,NA,1,0,0,0,"31dec1961","","","","V2025.09.12"
"8865",660,"LEB","Lebanon",1962,NA,NA,0,0,0,0,"","","","","V2025.09.12"
"8866",660,"LEB","Lebanon",1963,NA,NA,0,0,0,0,"","","","","V2025.09.12"
"8867",660,"LEB","Lebanon",1964,NA,NA,0,0,0,0,"","","","","V2025.09.12"
"8868",660,"LEB","Lebanon",1965,NA,NA,0,0,0,0,"","","","","V2025.09.12"
"8869",660,"LEB","Lebanon",1966,NA,NA,0,0,0,0,"","","","","V2025.09.12"
"8870",660,"LEB","Lebanon",1967,NA,NA,0,0,0,0,"","","","","V2025.09.12"
"8871",660,"LEB","Lebanon",1968,NA,NA,0,0,0,0,"","","","","V2025.09.12"
"8872",660,"LEB","Lebanon",1969,NA,NA,0,0,0,0,"","","","","V2025.09.12"
"8873",660,"LEB","Lebanon",1970,NA,NA,0,0,0,0,"","","","","V2025.09.12"
"8874",660,"LEB","Lebanon",1971,NA,NA,0,0,0,0,"","","","","V2025.09.12"
"8875",660,"LEB","Lebanon",1972,NA,NA,0,0,0,0,"","","","","V2025.09.12"
"8876",660,"LEB","Lebanon",1973,NA,NA,0,0,0,0,"","","","","V2025.09.12"
"8877",660,"LEB","Lebanon",1974,NA,NA,0,0,0,0,"","","","","V2025.09.12"
"8878",660,"LEB","Lebanon",1975,NA,NA,0,0,0,0,"","","","","V2025.09.12"
"8879",660,"LEB","Lebanon",1976,NA,NA,1,0,0,0,"12mar1976","","","","V2025.09.12"
"8880",660,"LEB","Lebanon",1977,NA,NA,0,0,0,0,"","","","","V2025.09.12"
"8881",660,"LEB","Lebanon",1978,NA,NA,0,0,0,0,"","","","","V2025.09.12"
"8882",660,"LEB","Lebanon",1979,NA,NA,0,0,0,0,"","","","","V2025.09.12"
"8883",660,"LEB","Lebanon",1980,NA,NA,0,0,0,0,"","","","","V2025.09.12"
"8884",660,"LEB","Lebanon",1981,NA,NA,0,0,0,0,"","","","","V2025.09.12"
"8885",660,"LEB","Lebanon",1982,NA,NA,0,0,0,0,"","","","","V2025.09.12"
"8886",660,"LEB","Lebanon",1983,NA,NA,0,0,0,0,"","","","","V2025.09.12"
"8887",660,"LEB","Lebanon",1984,NA,NA,0,0,0,0,"","","","","V2025.09.12"
"8888",660,"LEB","Lebanon",1985,NA,NA,0,0,0,0,"","","","","V2025.09.12"
"8889",660,"LEB","Lebanon",1986,NA,NA,0,0,0,0,"","","","","V2025.09.12"
"8890",660,"LEB","Lebanon",1987,NA,NA,0,0,0,0,"","","","","V2025.09.12"
"8891",660,"LEB","Lebanon",1988,NA,NA,0,0,0,0,"","","","","V2025.09.12"
"8892",660,"LEB","Lebanon",1989,NA,NA,0,0,0,0,"","","","","V2025.09.12"
"8893",660,"LEB","Lebanon",1990,NA,NA,0,0,0,0,"","","","","V2025.09.12"
"8894",660,"LEB","Lebanon",1991,NA,NA,0,0,0,0,"","","","","V2025.09.12"
"8895",660,"LEB","Lebanon",1992,NA,NA,0,0,0,0,"","","","","V2025.09.12"
"8896",660,"LEB","Lebanon",1993,NA,NA,0,0,0,0,"","","","","V2025.09.12"
"8897",660,"LEB","Lebanon",1994,NA,NA,0,0,0,0,"","","","","V2025.09.12"
"8898",660,"LEB","Lebanon",1995,NA,NA,0,0,0,0,"","","","","V2025.09.12"
"8899",660,"LEB","Lebanon",1996,NA,NA,0,0,0,0,"","","","","V2025.09.12"
"8900",660,"LEB","Lebanon",1997,NA,NA,0,0,0,0,"","","","","V2025.09.12"
"8901",660,"LEB","Lebanon",1998,NA,NA,0,0,0,0,"","","","","V2025.09.12"
"8902",660,"LEB","Lebanon",1999,NA,NA,0,0,0,0,"","","","","V2025.09.12"
"8903",660,"LEB","Lebanon",2000,NA,NA,0,0,0,0,"","","","","V2025.09.12"
"8904",660,"LEB","Lebanon",2001,NA,NA,0,0,0,0,"","","","","V2025.09.12"
"8905",660,"LEB","Lebanon",2002,NA,NA,0,0,0,0,"","","","","V2025.09.12"
"8906",660,"LEB","Lebanon",2003,NA,NA,0,0,0,0,"","","","","V2025.09.12"
"8907",660,"LEB","Lebanon",2004,NA,NA,0,0,0,0,"","","","","V2025.09.12"
"8908",660,"LEB","Lebanon",2005,NA,NA,0,0,0,0,"","","","","V2025.09.12"
"8909",660,"LEB","Lebanon",2006,NA,NA,0,0,0,0,"","","","","V2025.09.12"
"8910",660,"LEB","Lebanon",2007,NA,NA,0,0,0,0,"","","","","V2025.09.12"
"8911",660,"LEB","Lebanon",2008,NA,NA,0,0,0,0,"","","","","V2025.09.12"
"8912",660,"LEB","Lebanon",2009,NA,NA,0,0,0,0,"","","","","V2025.09.12"
"8913",660,"LEB","Lebanon",2010,NA,NA,0,0,0,0,"","","","","V2025.09.12"
"8914",660,"LEB","Lebanon",2011,NA,NA,0,0,0,0,"","","","","V2025.09.12"
"8915",660,"LEB","Lebanon",2012,NA,NA,0,0,0,0,"","","","","V2025.09.12"
"8916",660,"LEB","Lebanon",2013,NA,NA,0,0,0,0,"","","","","V2025.09.12"
"8917",660,"LEB","Lebanon",2014,NA,NA,0,0,0,0,"","","","","V2025.09.12"
"8918",660,"LEB","Lebanon",2015,NA,NA,0,0,0,0,"","","","","V2025.09.12"
"8919",660,"LEB","Lebanon",2016,NA,NA,0,0,0,0,"","","","","V2025.09.12"
"8920",660,"LEB","Lebanon",2017,NA,NA,0,0,0,0,"","","","","V2025.09.12"
"8921",660,"LEB","Lebanon",2018,NA,NA,0,0,0,0,"","","","","V2025.09.12"
"8922",660,"LEB","Lebanon",2019,NA,NA,0,0,0,0,"","","","","V2025.09.12"
"8923",660,"LEB","Lebanon",2020,NA,NA,0,0,0,0,"","","","","V2025.09.12"
"8924",660,"LEB","Lebanon",2021,NA,NA,0,0,0,0,"","","","","V2025.09.12"
"8925",660,"LEB","Lebanon",2022,NA,NA,0,0,0,0,"","","","","V2025.09.12"
"8926",660,"LEB","Lebanon",2023,NA,NA,0,0,0,0,"","","","","V2025.09.12"
"8927",660,"LEB","Lebanon",2024,NA,NA,0,0,0,0,"","","","","V2025.09.12"
"8928",663,"JOR","Jordan",1950,NA,NA,0,0,0,0,"","","","","V2025.09.12"
"8929",663,"JOR","Jordan",1951,NA,NA,0,0,0,0,"","","","","V2025.09.12"
"8930",663,"JOR","Jordan",1952,NA,NA,0,0,0,0,"","","","","V2025.09.12"
"8931",663,"JOR","Jordan",1953,NA,NA,0,0,0,0,"","","","","V2025.09.12"
"8932",663,"JOR","Jordan",1954,NA,NA,0,0,0,0,"","","","","V2025.09.12"
"8933",663,"JOR","Jordan",1955,NA,NA,0,0,0,0,"","","","","V2025.09.12"
"8934",663,"JOR","Jordan",1956,NA,NA,0,0,0,0,"","","","","V2025.09.12"
"8935",663,"JOR","Jordan",1957,NA,NA,1,0,0,0,"13apr1957","","","","V2025.09.12"
"8936",663,"JOR","Jordan",1958,NA,NA,1,0,0,0,"01jul1958","","","","V2025.09.12"
"8937",663,"JOR","Jordan",1959,NA,NA,0,0,0,0,"","","","","V2025.09.12"
"8938",663,"JOR","Jordan",1960,NA,NA,0,0,0,0,"","","","","V2025.09.12"
"8939",663,"JOR","Jordan",1961,NA,NA,0,0,0,0,"","","","","V2025.09.12"
"8940",663,"JOR","Jordan",1962,NA,NA,0,0,0,0,"","","","","V2025.09.12"
"8941",663,"JOR","Jordan",1963,NA,NA,0,0,0,0,"","","","","V2025.09.12"
"8942",663,"JOR","Jordan",1964,NA,NA,0,0,0,0,"","","","","V2025.09.12"
"8943",663,"JOR","Jordan",1965,NA,NA,0,0,0,0,"","","","","V2025.09.12"
"8944",663,"JOR","Jordan",1966,NA,NA,0,0,0,0,"","","","","V2025.09.12"
"8945",663,"JOR","Jordan",1967,NA,NA,0,0,0,0,"","","","","V2025.09.12"
"8946",663,"JOR","Jordan",1968,NA,NA,0,0,0,0,"","","","","V2025.09.12"
"8947",663,"JOR","Jordan",1969,NA,NA,0,0,0,0,"","","","","V2025.09.12"
"8948",663,"JOR","Jordan",1970,NA,NA,0,0,0,0,"","","","","V2025.09.12"
"8949",663,"JOR","Jordan",1971,NA,NA,0,0,0,0,"","","","","V2025.09.12"
"8950",663,"JOR","Jordan",1972,NA,NA,0,0,0,0,"","","","","V2025.09.12"
"8951",663,"JOR","Jordan",1973,NA,NA,0,0,0,0,"","","","","V2025.09.12"
"8952",663,"JOR","Jordan",1974,NA,NA,0,0,0,0,"","","","","V2025.09.12"
"8953",663,"JOR","Jordan",1975,NA,NA,0,0,0,0,"","","","","V2025.09.12"
"8954",663,"JOR","Jordan",1976,NA,NA,0,0,0,0,"","","","","V2025.09.12"
"8955",663,"JOR","Jordan",1977,NA,NA,0,0,0,0,"","","","","V2025.09.12"
"8956",663,"JOR","Jordan",1978,NA,NA,0,0,0,0,"","","","","V2025.09.12"
"8957",663,"JOR","Jordan",1979,NA,NA,0,0,0,0,"","","","","V2025.09.12"
"8958",663,"JOR","Jordan",1980,NA,NA,0,0,0,0,"","","","","V2025.09.12"
"8959",663,"JOR","Jordan",1981,NA,NA,0,0,0,0,"","","","","V2025.09.12"
"8960",663,"JOR","Jordan",1982,NA,NA,0,0,0,0,"","","","","V2025.09.12"
"8961",663,"JOR","Jordan",1983,NA,NA,0,0,0,0,"","","","","V2025.09.12"
"8962",663,"JOR","Jordan",1984,NA,NA,0,0,0,0,"","","","","V2025.09.12"
"8963",663,"JOR","Jordan",1985,NA,NA,0,0,0,0,"","","","","V2025.09.12"
"8964",663,"JOR","Jordan",1986,NA,NA,0,0,0,0,"","","","","V2025.09.12"
"8965",663,"JOR","Jordan",1987,NA,NA,0,0,0,0,"","","","","V2025.09.12"
"8966",663,"JOR","Jordan",1988,NA,NA,0,0,0,0,"","","","","V2025.09.12"
"8967",663,"JOR","Jordan",1989,NA,NA,0,0,0,0,"","","","","V2025.09.12"
"8968",663,"JOR","Jordan",1990,NA,NA,0,0,0,0,"","","","","V2025.09.12"
"8969",663,"JOR","Jordan",1991,NA,NA,0,0,0,0,"","","","","V2025.09.12"
"8970",663,"JOR","Jordan",1992,NA,NA,0,0,0,0,"","","","","V2025.09.12"
"8971",663,"JOR","Jordan",1993,NA,NA,0,0,0,0,"","","","","V2025.09.12"
"8972",663,"JOR","Jordan",1994,NA,NA,0,0,0,0,"","","","","V2025.09.12"
"8973",663,"JOR","Jordan",1995,NA,NA,0,0,0,0,"","","","","V2025.09.12"
"8974",663,"JOR","Jordan",1996,NA,NA,0,0,0,0,"","","","","V2025.09.12"
"8975",663,"JOR","Jordan",1997,NA,NA,0,0,0,0,"","","","","V2025.09.12"
"8976",663,"JOR","Jordan",1998,NA,NA,0,0,0,0,"","","","","V2025.09.12"
"8977",663,"JOR","Jordan",1999,NA,NA,0,0,0,0,"","","","","V2025.09.12"
"8978",663,"JOR","Jordan",2000,NA,NA,0,0,0,0,"","","","","V2025.09.12"
"8979",663,"JOR","Jordan",2001,NA,NA,0,0,0,0,"","","","","V2025.09.12"
"8980",663,"JOR","Jordan",2002,NA,NA,0,0,0,0,"","","","","V2025.09.12"
"8981",663,"JOR","Jordan",2003,NA,NA,0,0,0,0,"","","","","V2025.09.12"
"8982",663,"JOR","Jordan",2004,NA,NA,0,0,0,0,"","","","","V2025.09.12"
"8983",663,"JOR","Jordan",2005,NA,NA,0,0,0,0,"","","","","V2025.09.12"
"8984",663,"JOR","Jordan",2006,NA,NA,0,0,0,0,"","","","","V2025.09.12"
"8985",663,"JOR","Jordan",2007,NA,NA,0,0,0,0,"","","","","V2025.09.12"
"8986",663,"JOR","Jordan",2008,NA,NA,0,0,0,0,"","","","","V2025.09.12"
"8987",663,"JOR","Jordan",2009,NA,NA,0,0,0,0,"","","","","V2025.09.12"
"8988",663,"JOR","Jordan",2010,NA,NA,0,0,0,0,"","","","","V2025.09.12"
"8989",663,"JOR","Jordan",2011,NA,NA,0,0,0,0,"","","","","V2025.09.12"
"8990",663,"JOR","Jordan",2012,NA,NA,0,0,0,0,"","","","","V2025.09.12"
"8991",663,"JOR","Jordan",2013,NA,NA,0,0,0,0,"","","","","V2025.09.12"
"8992",663,"JOR","Jordan",2014,NA,NA,0,0,0,0,"","","","","V2025.09.12"
"8993",663,"JOR","Jordan",2015,NA,NA,0,0,0,0,"","","","","V2025.09.12"
"8994",663,"JOR","Jordan",2016,NA,NA,0,0,0,0,"","","","","V2025.09.12"
"8995",663,"JOR","Jordan",2017,NA,NA,0,0,0,0,"","","","","V2025.09.12"
"8996",663,"JOR","Jordan",2018,NA,NA,0,0,0,0,"","","","","V2025.09.12"
"8997",663,"JOR","Jordan",2019,NA,NA,0,0,0,0,"","","","","V2025.09.12"
"8998",663,"JOR","Jordan",2020,NA,NA,0,0,0,0,"","","","","V2025.09.12"
"8999",663,"JOR","Jordan",2021,NA,NA,0,0,0,0,"","","","","V2025.09.12"
"9000",663,"JOR","Jordan",2022,NA,NA,0,0,0,0,"","","","","V2025.09.12"
"9001",663,"JOR","Jordan",2023,NA,NA,0,0,0,0,"","","","","V2025.09.12"
"9002",663,"JOR","Jordan",2024,NA,NA,0,0,0,0,"","","","","V2025.09.12"
"9003",666,"ISR","Israel",1950,NA,NA,0,0,0,0,"","","","","V2025.09.12"
"9004",666,"ISR","Israel",1951,NA,NA,0,0,0,0,"","","","","V2025.09.12"
"9005",666,"ISR","Israel",1952,NA,NA,0,0,0,0,"","","","","V2025.09.12"
"9006",666,"ISR","Israel",1953,NA,NA,0,0,0,0,"","","","","V2025.09.12"
"9007",666,"ISR","Israel",1954,NA,NA,0,0,0,0,"","","","","V2025.09.12"
"9008",666,"ISR","Israel",1955,NA,NA,0,0,0,0,"","","","","V2025.09.12"
"9009",666,"ISR","Israel",1956,NA,NA,0,0,0,0,"","","","","V2025.09.12"
"9010",666,"ISR","Israel",1957,NA,NA,0,0,0,0,"","","","","V2025.09.12"
"9011",666,"ISR","Israel",1958,NA,NA,0,0,0,0,"","","","","V2025.09.12"
"9012",666,"ISR","Israel",1959,NA,NA,0,0,0,0,"","","","","V2025.09.12"
"9013",666,"ISR","Israel",1960,NA,NA,0,0,0,0,"","","","","V2025.09.12"
"9014",666,"ISR","Israel",1961,NA,NA,0,0,0,0,"","","","","V2025.09.12"
"9015",666,"ISR","Israel",1962,NA,NA,0,0,0,0,"","","","","V2025.09.12"
"9016",666,"ISR","Israel",1963,NA,NA,0,0,0,0,"","","","","V2025.09.12"
"9017",666,"ISR","Israel",1964,NA,NA,0,0,0,0,"","","","","V2025.09.12"
"9018",666,"ISR","Israel",1965,NA,NA,0,0,0,0,"","","","","V2025.09.12"
"9019",666,"ISR","Israel",1966,NA,NA,0,0,0,0,"","","","","V2025.09.12"
"9020",666,"ISR","Israel",1967,NA,NA,0,0,0,0,"","","","","V2025.09.12"
"9021",666,"ISR","Israel",1968,NA,NA,0,0,0,0,"","","","","V2025.09.12"
"9022",666,"ISR","Israel",1969,NA,NA,0,0,0,0,"","","","","V2025.09.12"
"9023",666,"ISR","Israel",1970,NA,NA,0,0,0,0,"","","","","V2025.09.12"
"9024",666,"ISR","Israel",1971,NA,NA,0,0,0,0,"","","","","V2025.09.12"
"9025",666,"ISR","Israel",1972,NA,NA,0,0,0,0,"","","","","V2025.09.12"
"9026",666,"ISR","Israel",1973,NA,NA,0,0,0,0,"","","","","V2025.09.12"
"9027",666,"ISR","Israel",1974,NA,NA,0,0,0,0,"","","","","V2025.09.12"
"9028",666,"ISR","Israel",1975,NA,NA,0,0,0,0,"","","","","V2025.09.12"
"9029",666,"ISR","Israel",1976,NA,NA,0,0,0,0,"","","","","V2025.09.12"
"9030",666,"ISR","Israel",1977,NA,NA,0,0,0,0,"","","","","V2025.09.12"
"9031",666,"ISR","Israel",1978,NA,NA,0,0,0,0,"","","","","V2025.09.12"
"9032",666,"ISR","Israel",1979,NA,NA,0,0,0,0,"","","","","V2025.09.12"
"9033",666,"ISR","Israel",1980,NA,NA,0,0,0,0,"","","","","V2025.09.12"
"9034",666,"ISR","Israel",1981,NA,NA,0,0,0,0,"","","","","V2025.09.12"
"9035",666,"ISR","Israel",1982,NA,NA,0,0,0,0,"","","","","V2025.09.12"
"9036",666,"ISR","Israel",1983,NA,NA,0,0,0,0,"","","","","V2025.09.12"
"9037",666,"ISR","Israel",1984,NA,NA,0,0,0,0,"","","","","V2025.09.12"
"9038",666,"ISR","Israel",1985,NA,NA,0,0,0,0,"","","","","V2025.09.12"
"9039",666,"ISR","Israel",1986,NA,NA,0,0,0,0,"","","","","V2025.09.12"
"9040",666,"ISR","Israel",1987,NA,NA,0,0,0,0,"","","","","V2025.09.12"
"9041",666,"ISR","Israel",1988,NA,NA,0,0,0,0,"","","","","V2025.09.12"
"9042",666,"ISR","Israel",1989,NA,NA,0,0,0,0,"","","","","V2025.09.12"
"9043",666,"ISR","Israel",1990,NA,NA,0,0,0,0,"","","","","V2025.09.12"
"9044",666,"ISR","Israel",1991,NA,NA,0,0,0,0,"","","","","V2025.09.12"
"9045",666,"ISR","Israel",1992,NA,NA,0,0,0,0,"","","","","V2025.09.12"
"9046",666,"ISR","Israel",1993,NA,NA,0,0,0,0,"","","","","V2025.09.12"
"9047",666,"ISR","Israel",1994,NA,NA,0,0,0,0,"","","","","V2025.09.12"
"9048",666,"ISR","Israel",1995,NA,NA,0,0,0,0,"","","","","V2025.09.12"
"9049",666,"ISR","Israel",1996,NA,NA,0,0,0,0,"","","","","V2025.09.12"
"9050",666,"ISR","Israel",1997,NA,NA,0,0,0,0,"","","","","V2025.09.12"
"9051",666,"ISR","Israel",1998,NA,NA,0,0,0,0,"","","","","V2025.09.12"
"9052",666,"ISR","Israel",1999,NA,NA,0,0,0,0,"","","","","V2025.09.12"
"9053",666,"ISR","Israel",2000,NA,NA,0,0,0,0,"","","","","V2025.09.12"
"9054",666,"ISR","Israel",2001,NA,NA,0,0,0,0,"","","","","V2025.09.12"
"9055",666,"ISR","Israel",2002,NA,NA,0,0,0,0,"","","","","V2025.09.12"
"9056",666,"ISR","Israel",2003,NA,NA,0,0,0,0,"","","","","V2025.09.12"
"9057",666,"ISR","Israel",2004,NA,NA,0,0,0,0,"","","","","V2025.09.12"
"9058",666,"ISR","Israel",2005,NA,NA,0,0,0,0,"","","","","V2025.09.12"
"9059",666,"ISR","Israel",2006,NA,NA,0,0,0,0,"","","","","V2025.09.12"
"9060",666,"ISR","Israel",2007,NA,NA,0,0,0,0,"","","","","V2025.09.12"
"9061",666,"ISR","Israel",2008,NA,NA,0,0,0,0,"","","","","V2025.09.12"
"9062",666,"ISR","Israel",2009,NA,NA,0,0,0,0,"","","","","V2025.09.12"
"9063",666,"ISR","Israel",2010,NA,NA,0,0,0,0,"","","","","V2025.09.12"
"9064",666,"ISR","Israel",2011,NA,NA,0,0,0,0,"","","","","V2025.09.12"
"9065",666,"ISR","Israel",2012,NA,NA,0,0,0,0,"","","","","V2025.09.12"
"9066",666,"ISR","Israel",2013,NA,NA,0,0,0,0,"","","","","V2025.09.12"
"9067",666,"ISR","Israel",2014,NA,NA,0,0,0,0,"","","","","V2025.09.12"
"9068",666,"ISR","Israel",2015,NA,NA,0,0,0,0,"","","","","V2025.09.12"
"9069",666,"ISR","Israel",2016,NA,NA,0,0,0,0,"","","","","V2025.09.12"
"9070",666,"ISR","Israel",2017,NA,NA,0,0,0,0,"","","","","V2025.09.12"
"9071",666,"ISR","Israel",2018,NA,NA,0,0,0,0,"","","","","V2025.09.12"
"9072",666,"ISR","Israel",2019,NA,NA,0,0,0,0,"","","","","V2025.09.12"
"9073",666,"ISR","Israel",2020,NA,NA,0,0,0,0,"","","","","V2025.09.12"
"9074",666,"ISR","Israel",2021,NA,NA,0,0,0,0,"","","","","V2025.09.12"
"9075",666,"ISR","Israel",2022,NA,NA,0,0,0,0,"","","","","V2025.09.12"
"9076",666,"ISR","Israel",2023,NA,NA,0,0,0,0,"","","","","V2025.09.12"
"9077",666,"ISR","Israel",2024,NA,NA,0,0,0,0,"","","","","V2025.09.12"
"9078",670,"SAU","Saudi Arabia",1950,NA,NA,0,0,0,0,"","","","","V2025.09.12"
"9079",670,"SAU","Saudi Arabia",1951,NA,NA,0,0,0,0,"","","","","V2025.09.12"
"9080",670,"SAU","Saudi Arabia",1952,NA,NA,0,0,0,0,"","","","","V2025.09.12"
"9081",670,"SAU","Saudi Arabia",1953,NA,NA,0,0,0,0,"","","","","V2025.09.12"
"9082",670,"SAU","Saudi Arabia",1954,NA,NA,0,0,0,0,"","","","","V2025.09.12"
"9083",670,"SAU","Saudi Arabia",1955,NA,NA,0,0,0,0,"","","","","V2025.09.12"
"9084",670,"SAU","Saudi Arabia",1956,NA,NA,0,0,0,0,"","","","","V2025.09.12"
"9085",670,"SAU","Saudi Arabia",1957,NA,NA,0,0,0,0,"","","","","V2025.09.12"
"9086",670,"SAU","Saudi Arabia",1958,NA,NA,0,0,0,0,"","","","","V2025.09.12"
"9087",670,"SAU","Saudi Arabia",1959,NA,NA,0,0,0,0,"","","","","V2025.09.12"
"9088",670,"SAU","Saudi Arabia",1960,NA,NA,0,0,0,0,"","","","","V2025.09.12"
"9089",670,"SAU","Saudi Arabia",1961,NA,NA,0,0,0,0,"","","","","V2025.09.12"
"9090",670,"SAU","Saudi Arabia",1962,NA,NA,0,0,0,0,"","","","","V2025.09.12"
"9091",670,"SAU","Saudi Arabia",1963,NA,NA,0,0,0,0,"","","","","V2025.09.12"
"9092",670,"SAU","Saudi Arabia",1964,NA,NA,0,0,0,0,"","","","","V2025.09.12"
"9093",670,"SAU","Saudi Arabia",1965,NA,NA,0,0,0,0,"","","","","V2025.09.12"
"9094",670,"SAU","Saudi Arabia",1966,NA,NA,0,0,0,0,"","","","","V2025.09.12"
"9095",670,"SAU","Saudi Arabia",1967,NA,NA,0,0,0,0,"","","","","V2025.09.12"
"9096",670,"SAU","Saudi Arabia",1968,NA,NA,0,0,0,0,"","","","","V2025.09.12"
"9097",670,"SAU","Saudi Arabia",1969,NA,NA,0,0,0,0,"","","","","V2025.09.12"
"9098",670,"SAU","Saudi Arabia",1970,NA,NA,0,0,0,0,"","","","","V2025.09.12"
"9099",670,"SAU","Saudi Arabia",1971,NA,NA,0,0,0,0,"","","","","V2025.09.12"
"9100",670,"SAU","Saudi Arabia",1972,NA,NA,0,0,0,0,"","","","","V2025.09.12"
"9101",670,"SAU","Saudi Arabia",1973,NA,NA,0,0,0,0,"","","","","V2025.09.12"
"9102",670,"SAU","Saudi Arabia",1974,NA,NA,0,0,0,0,"","","","","V2025.09.12"
"9103",670,"SAU","Saudi Arabia",1975,NA,NA,0,0,0,0,"","","","","V2025.09.12"
"9104",670,"SAU","Saudi Arabia",1976,NA,NA,0,0,0,0,"","","","","V2025.09.12"
"9105",670,"SAU","Saudi Arabia",1977,NA,NA,0,0,0,0,"","","","","V2025.09.12"
"9106",670,"SAU","Saudi Arabia",1978,NA,NA,0,0,0,0,"","","","","V2025.09.12"
"9107",670,"SAU","Saudi Arabia",1979,NA,NA,0,0,0,0,"","","","","V2025.09.12"
"9108",670,"SAU","Saudi Arabia",1980,NA,NA,0,0,0,0,"","","","","V2025.09.12"
"9109",670,"SAU","Saudi Arabia",1981,NA,NA,0,0,0,0,"","","","","V2025.09.12"
"9110",670,"SAU","Saudi Arabia",1982,NA,NA,0,0,0,0,"","","","","V2025.09.12"
"9111",670,"SAU","Saudi Arabia",1983,NA,NA,0,0,0,0,"","","","","V2025.09.12"
"9112",670,"SAU","Saudi Arabia",1984,NA,NA,0,0,0,0,"","","","","V2025.09.12"
"9113",670,"SAU","Saudi Arabia",1985,NA,NA,0,0,0,0,"","","","","V2025.09.12"
"9114",670,"SAU","Saudi Arabia",1986,NA,NA,0,0,0,0,"","","","","V2025.09.12"
"9115",670,"SAU","Saudi Arabia",1987,NA,NA,0,0,0,0,"","","","","V2025.09.12"
"9116",670,"SAU","Saudi Arabia",1988,NA,NA,0,0,0,0,"","","","","V2025.09.12"
"9117",670,"SAU","Saudi Arabia",1989,NA,NA,0,0,0,0,"","","","","V2025.09.12"
"9118",670,"SAU","Saudi Arabia",1990,NA,NA,0,0,0,0,"","","","","V2025.09.12"
"9119",670,"SAU","Saudi Arabia",1991,NA,NA,0,0,0,0,"","","","","V2025.09.12"
"9120",670,"SAU","Saudi Arabia",1992,NA,NA,0,0,0,0,"","","","","V2025.09.12"
"9121",670,"SAU","Saudi Arabia",1993,NA,NA,0,0,0,0,"","","","","V2025.09.12"
"9122",670,"SAU","Saudi Arabia",1994,NA,NA,0,0,0,0,"","","","","V2025.09.12"
"9123",670,"SAU","Saudi Arabia",1995,NA,NA,0,0,0,0,"","","","","V2025.09.12"
"9124",670,"SAU","Saudi Arabia",1996,NA,NA,0,0,0,0,"","","","","V2025.09.12"
"9125",670,"SAU","Saudi Arabia",1997,NA,NA,0,0,0,0,"","","","","V2025.09.12"
"9126",670,"SAU","Saudi Arabia",1998,NA,NA,0,0,0,0,"","","","","V2025.09.12"
"9127",670,"SAU","Saudi Arabia",1999,NA,NA,0,0,0,0,"","","","","V2025.09.12"
"9128",670,"SAU","Saudi Arabia",2000,NA,NA,0,0,0,0,"","","","","V2025.09.12"
"9129",670,"SAU","Saudi Arabia",2001,NA,NA,0,0,0,0,"","","","","V2025.09.12"
"9130",670,"SAU","Saudi Arabia",2002,NA,NA,0,0,0,0,"","","","","V2025.09.12"
"9131",670,"SAU","Saudi Arabia",2003,NA,NA,0,0,0,0,"","","","","V2025.09.12"
"9132",670,"SAU","Saudi Arabia",2004,NA,NA,0,0,0,0,"","","","","V2025.09.12"
"9133",670,"SAU","Saudi Arabia",2005,NA,NA,0,0,0,0,"","","","","V2025.09.12"
"9134",670,"SAU","Saudi Arabia",2006,NA,NA,0,0,0,0,"","","","","V2025.09.12"
"9135",670,"SAU","Saudi Arabia",2007,NA,NA,0,0,0,0,"","","","","V2025.09.12"
"9136",670,"SAU","Saudi Arabia",2008,NA,NA,0,0,0,0,"","","","","V2025.09.12"
"9137",670,"SAU","Saudi Arabia",2009,NA,NA,0,0,0,0,"","","","","V2025.09.12"
"9138",670,"SAU","Saudi Arabia",2010,NA,NA,0,0,0,0,"","","","","V2025.09.12"
"9139",670,"SAU","Saudi Arabia",2011,NA,NA,0,0,0,0,"","","","","V2025.09.12"
"9140",670,"SAU","Saudi Arabia",2012,NA,NA,0,0,0,0,"","","","","V2025.09.12"
"9141",670,"SAU","Saudi Arabia",2013,NA,NA,0,0,0,0,"","","","","V2025.09.12"
"9142",670,"SAU","Saudi Arabia",2014,NA,NA,0,0,0,0,"","","","","V2025.09.12"
"9143",670,"SAU","Saudi Arabia",2015,NA,NA,0,0,0,0,"","","","","V2025.09.12"
"9144",670,"SAU","Saudi Arabia",2016,NA,NA,0,0,0,0,"","","","","V2025.09.12"
"9145",670,"SAU","Saudi Arabia",2017,NA,NA,0,0,0,0,"","","","","V2025.09.12"
"9146",670,"SAU","Saudi Arabia",2018,NA,NA,0,0,0,0,"","","","","V2025.09.12"
"9147",670,"SAU","Saudi Arabia",2019,NA,NA,0,0,0,0,"","","","","V2025.09.12"
"9148",670,"SAU","Saudi Arabia",2020,NA,NA,0,0,0,0,"","","","","V2025.09.12"
"9149",670,"SAU","Saudi Arabia",2021,NA,NA,0,0,0,0,"","","","","V2025.09.12"
"9150",670,"SAU","Saudi Arabia",2022,NA,NA,0,0,0,0,"","","","","V2025.09.12"
"9151",670,"SAU","Saudi Arabia",2023,NA,NA,0,0,0,0,"","","","","V2025.09.12"
"9152",670,"SAU","Saudi Arabia",2024,NA,NA,0,0,0,0,"","","","","V2025.09.12"
"9153",678,"YEM","Yemen (Arab Republic of Yemen)",1950,NA,NA,0,0,0,0,"","","","","V2025.09.12"
"9154",678,"YEM","Yemen (Arab Republic of Yemen)",1951,NA,NA,0,0,0,0,"","","","","V2025.09.12"
"9155",678,"YEM","Yemen (Arab Republic of Yemen)",1952,NA,NA,0,0,0,0,"","","","","V2025.09.12"
"9156",678,"YEM","Yemen (Arab Republic of Yemen)",1953,NA,NA,0,0,0,0,"","","","","V2025.09.12"
"9157",678,"YEM","Yemen (Arab Republic of Yemen)",1954,NA,NA,0,0,0,0,"","","","","V2025.09.12"
"9158",678,"YEM","Yemen (Arab Republic of Yemen)",1955,NA,NA,1,0,0,0,"02apr1955","","","","V2025.09.12"
"9159",678,"YEM","Yemen (Arab Republic of Yemen)",1956,NA,NA,0,0,0,0,"","","","","V2025.09.12"
"9160",678,"YEM","Yemen (Arab Republic of Yemen)",1957,NA,NA,0,0,0,0,"","","","","V2025.09.12"
"9161",678,"YEM","Yemen (Arab Republic of Yemen)",1958,NA,NA,0,0,0,0,"","","","","V2025.09.12"
"9162",678,"YEM","Yemen (Arab Republic of Yemen)",1959,NA,NA,0,0,0,0,"","","","","V2025.09.12"
"9163",678,"YEM","Yemen (Arab Republic of Yemen)",1960,NA,NA,0,0,0,0,"","","","","V2025.09.12"
"9164",678,"YEM","Yemen (Arab Republic of Yemen)",1961,NA,NA,0,0,0,0,"","","","","V2025.09.12"
"9165",678,"YEM","Yemen (Arab Republic of Yemen)",1962,NA,NA,2,0,0,0,"27sep1962","","","","V2025.09.12"
"9166",678,"YEM","Yemen (Arab Republic of Yemen)",1963,NA,NA,0,0,0,0,"","","","","V2025.09.12"
"9167",678,"YEM","Yemen (Arab Republic of Yemen)",1964,NA,NA,0,0,0,0,"","","","","V2025.09.12"
"9168",678,"YEM","Yemen (Arab Republic of Yemen)",1965,NA,NA,0,0,0,0,"","","","","V2025.09.12"
"9169",678,"YEM","Yemen (Arab Republic of Yemen)",1966,NA,NA,0,0,0,0,"","","","","V2025.09.12"
"9170",678,"YEM","Yemen (Arab Republic of Yemen)",1967,NA,NA,2,0,0,0,"04nov1967","","","","V2025.09.12"
"9171",678,"YEM","Yemen (Arab Republic of Yemen)",1968,NA,NA,0,0,0,0,"","","","","V2025.09.12"
"9172",678,"YEM","Yemen (Arab Republic of Yemen)",1969,NA,NA,0,0,0,0,"","","","","V2025.09.12"
"9173",678,"YEM","Yemen (Arab Republic of Yemen)",1970,NA,NA,0,0,0,0,"","","","","V2025.09.12"
"9174",678,"YEM","Yemen (Arab Republic of Yemen)",1971,NA,NA,0,0,0,0,"","","","","V2025.09.12"
"9175",678,"YEM","Yemen (Arab Republic of Yemen)",1972,NA,NA,0,0,0,0,"","","","","V2025.09.12"
"9176",678,"YEM","Yemen (Arab Republic of Yemen)",1973,NA,NA,0,0,0,0,"","","","","V2025.09.12"
"9177",678,"YEM","Yemen (Arab Republic of Yemen)",1974,NA,NA,2,0,0,0,"13jun1974","","","","V2025.09.12"
"9178",678,"YEM","Yemen (Arab Republic of Yemen)",1975,NA,NA,0,0,0,0,"","","","","V2025.09.12"
"9179",678,"YEM","Yemen (Arab Republic of Yemen)",1976,NA,NA,0,0,0,0,"","","","","V2025.09.12"
"9180",678,"YEM","Yemen (Arab Republic of Yemen)",1977,NA,NA,0,0,0,0,"","","","","V2025.09.12"
"9181",678,"YEM","Yemen (Arab Republic of Yemen)",1978,NA,NA,1,0,0,0,"15oct1978","","","","V2025.09.12"
"9182",678,"YEM","Yemen (Arab Republic of Yemen)",1979,NA,NA,0,0,0,0,"","","","","V2025.09.12"
"9183",678,"YEM","Yemen (Arab Republic of Yemen)",1980,NA,NA,0,0,0,0,"","","","","V2025.09.12"
"9184",678,"YEM","Yemen (Arab Republic of Yemen)",1981,NA,NA,0,0,0,0,"","","","","V2025.09.12"
"9185",678,"YEM","Yemen (Arab Republic of Yemen)",1982,NA,NA,0,0,0,0,"","","","","V2025.09.12"
"9186",678,"YEM","Yemen (Arab Republic of Yemen)",1983,NA,NA,0,0,0,0,"","","","","V2025.09.12"
"9187",678,"YEM","Yemen (Arab Republic of Yemen)",1984,NA,NA,0,0,0,0,"","","","","V2025.09.12"
"9188",678,"YEM","Yemen (Arab Republic of Yemen)",1985,NA,NA,0,0,0,0,"","","","","V2025.09.12"
"9189",678,"YEM","Yemen (Arab Republic of Yemen)",1986,NA,NA,0,0,0,0,"","","","","V2025.09.12"
"9190",678,"YEM","Yemen (Arab Republic of Yemen)",1987,NA,NA,0,0,0,0,"","","","","V2025.09.12"
"9191",678,"YEM","Yemen (Arab Republic of Yemen)",1988,NA,NA,0,0,0,0,"","","","","V2025.09.12"
"9192",678,"YEM","Yemen (Arab Republic of Yemen)",1989,NA,NA,0,0,0,0,"","","","","V2025.09.12"
"9193",678,"YEM","Yemen (Arab Republic of Yemen)",1990,NA,NA,0,0,0,0,"","","","","V2025.09.12"
"9194",678,"YEM","Yemen (Arab Republic of Yemen)",1991,NA,NA,0,0,0,0,"","","","","V2025.09.12"
"9195",678,"YEM","Yemen (Arab Republic of Yemen)",1992,NA,NA,0,0,0,0,"","","","","V2025.09.12"
"9196",678,"YEM","Yemen (Arab Republic of Yemen)",1993,NA,NA,0,0,0,0,"","","","","V2025.09.12"
"9197",678,"YEM","Yemen (Arab Republic of Yemen)",1994,NA,NA,0,0,0,0,"","","","","V2025.09.12"
"9198",678,"YEM","Yemen (Arab Republic of Yemen)",1995,NA,NA,0,0,0,0,"","","","","V2025.09.12"
"9199",678,"YEM","Yemen (Arab Republic of Yemen)",1996,NA,NA,0,0,0,0,"","","","","V2025.09.12"
"9200",678,"YEM","Yemen (Arab Republic of Yemen)",1997,NA,NA,0,0,0,0,"","","","","V2025.09.12"
"9201",678,"YEM","Yemen (Arab Republic of Yemen)",1998,NA,NA,0,0,0,0,"","","","","V2025.09.12"
"9202",678,"YEM","Yemen (Arab Republic of Yemen)",1999,NA,NA,0,0,0,0,"","","","","V2025.09.12"
"9203",678,"YEM","Yemen (Arab Republic of Yemen)",2000,NA,NA,0,0,0,0,"","","","","V2025.09.12"
"9204",678,"YEM","Yemen (Arab Republic of Yemen)",2001,NA,NA,0,0,0,0,"","","","","V2025.09.12"
"9205",678,"YEM","Yemen (Arab Republic of Yemen)",2002,NA,NA,0,0,0,0,"","","","","V2025.09.12"
"9206",678,"YEM","Yemen (Arab Republic of Yemen)",2003,NA,NA,0,0,0,0,"","","","","V2025.09.12"
"9207",678,"YEM","Yemen (Arab Republic of Yemen)",2004,NA,NA,0,0,0,0,"","","","","V2025.09.12"
"9208",678,"YEM","Yemen (Arab Republic of Yemen)",2005,NA,NA,0,0,0,0,"","","","","V2025.09.12"
"9209",678,"YEM","Yemen (Arab Republic of Yemen)",2006,NA,NA,0,0,0,0,"","","","","V2025.09.12"
"9210",678,"YEM","Yemen (Arab Republic of Yemen)",2007,NA,NA,0,0,0,0,"","","","","V2025.09.12"
"9211",678,"YEM","Yemen (Arab Republic of Yemen)",2008,NA,NA,0,0,0,0,"","","","","V2025.09.12"
"9212",678,"YEM","Yemen (Arab Republic of Yemen)",2009,NA,NA,0,0,0,0,"","","","","V2025.09.12"
"9213",678,"YEM","Yemen (Arab Republic of Yemen)",2010,NA,NA,0,0,0,0,"","","","","V2025.09.12"
"9214",678,"YEM","Yemen (Arab Republic of Yemen)",2011,NA,NA,0,0,0,0,"","","","","V2025.09.12"
"9215",678,"YEM","Yemen (Arab Republic of Yemen)",2012,NA,NA,0,0,0,0,"","","","","V2025.09.12"
"9216",678,"YEM","Yemen (Arab Republic of Yemen)",2013,NA,NA,0,0,0,0,"","","","","V2025.09.12"
"9217",678,"YEM","Yemen (Arab Republic of Yemen)",2014,NA,NA,0,0,0,0,"","","","","V2025.09.12"
"9218",678,"YEM","Yemen (Arab Republic of Yemen)",2015,NA,NA,0,0,0,0,"","","","","V2025.09.12"
"9219",678,"YEM","Yemen (Arab Republic of Yemen)",2016,NA,NA,0,0,0,0,"","","","","V2025.09.12"
"9220",678,"YEM","Yemen (Arab Republic of Yemen)",2017,NA,NA,0,0,0,0,"","","","","V2025.09.12"
"9221",678,"YEM","Yemen (Arab Republic of Yemen)",2018,NA,NA,0,0,0,0,"","","","","V2025.09.12"
"9222",678,"YEM","Yemen (Arab Republic of Yemen)",2019,NA,NA,0,0,0,0,"","","","","V2025.09.12"
"9223",678,"YEM","Yemen (Arab Republic of Yemen)",2020,NA,NA,0,0,0,0,"","","","","V2025.09.12"
"9224",678,"YEM","Yemen (Arab Republic of Yemen)",2021,NA,NA,0,0,0,0,"","","","","V2025.09.12"
"9225",678,"YEM","Yemen (Arab Republic of Yemen)",2022,NA,NA,0,0,0,0,"","","","","V2025.09.12"
"9226",678,"YEM","Yemen (Arab Republic of Yemen)",2023,NA,NA,0,0,0,0,"","","","","V2025.09.12"
"9227",678,"YEM","Yemen (Arab Republic of Yemen)",2024,NA,NA,0,0,0,0,"","","","","V2025.09.12"
"9228",680,"YPR","Yemen, People's Republic of",1967,NA,NA,0,0,0,0,"","","","","V2025.09.12"
"9229",680,"YPR","Yemen, People's Republic of",1968,NA,NA,1,1,0,0,"20mar1968","31aug1968","","","V2025.09.12"
"9230",680,"YPR","Yemen, People's Republic of",1969,NA,NA,0,0,0,0,"","","","","V2025.09.12"
"9231",680,"YPR","Yemen, People's Republic of",1970,NA,NA,0,0,0,0,"","","","","V2025.09.12"
"9232",680,"YPR","Yemen, People's Republic of",1971,NA,NA,0,0,0,0,"","","","","V2025.09.12"
"9233",680,"YPR","Yemen, People's Republic of",1972,NA,NA,0,0,0,0,"","","","","V2025.09.12"
"9234",680,"YPR","Yemen, People's Republic of",1973,NA,NA,0,0,0,0,"","","","","V2025.09.12"
"9235",680,"YPR","Yemen, People's Republic of",1974,NA,NA,0,0,0,0,"","","","","V2025.09.12"
"9236",680,"YPR","Yemen, People's Republic of",1975,NA,NA,0,0,0,0,"","","","","V2025.09.12"
"9237",680,"YPR","Yemen, People's Republic of",1976,NA,NA,0,0,0,0,"","","","","V2025.09.12"
"9238",680,"YPR","Yemen, People's Republic of",1977,NA,NA,0,0,0,0,"","","","","V2025.09.12"
"9239",680,"YPR","Yemen, People's Republic of",1978,NA,NA,2,0,0,0,"26jun1978","","","","V2025.09.12"
"9240",680,"YPR","Yemen, People's Republic of",1979,NA,NA,0,0,0,0,"","","","","V2025.09.12"
"9241",680,"YPR","Yemen, People's Republic of",1980,NA,NA,0,0,0,0,"","","","","V2025.09.12"
"9242",680,"YPR","Yemen, People's Republic of",1981,NA,NA,0,0,0,0,"","","","","V2025.09.12"
"9243",680,"YPR","Yemen, People's Republic of",1982,NA,NA,0,0,0,0,"","","","","V2025.09.12"
"9244",680,"YPR","Yemen, People's Republic of",1983,NA,NA,0,0,0,0,"","","","","V2025.09.12"
"9245",680,"YPR","Yemen, People's Republic of",1984,NA,NA,0,0,0,0,"","","","","V2025.09.12"
"9246",680,"YPR","Yemen, People's Republic of",1985,NA,NA,0,0,0,0,"","","","","V2025.09.12"
"9247",680,"YPR","Yemen, People's Republic of",1986,NA,NA,2,0,0,0,"13jan1986","","","","V2025.09.12"
"9248",680,"YPR","Yemen, People's Republic of",1987,NA,NA,0,0,0,0,"","","","","V2025.09.12"
"9249",680,"YPR","Yemen, People's Republic of",1988,NA,NA,0,0,0,0,"","","","","V2025.09.12"
"9250",680,"YPR","Yemen, People's Republic of",1989,NA,NA,0,0,0,0,"","","","","V2025.09.12"
"9251",680,"YPR","Yemen, People's Republic of",1990,NA,NA,0,0,0,0,"","","","","V2025.09.12"
"9252",690,"KUW","Kuwait",1961,NA,NA,0,0,0,0,"","","","","V2025.09.12"
"9253",690,"KUW","Kuwait",1962,NA,NA,0,0,0,0,"","","","","V2025.09.12"
"9254",690,"KUW","Kuwait",1963,NA,NA,0,0,0,0,"","","","","V2025.09.12"
"9255",690,"KUW","Kuwait",1964,NA,NA,0,0,0,0,"","","","","V2025.09.12"
"9256",690,"KUW","Kuwait",1965,NA,NA,0,0,0,0,"","","","","V2025.09.12"
"9257",690,"KUW","Kuwait",1966,NA,NA,0,0,0,0,"","","","","V2025.09.12"
"9258",690,"KUW","Kuwait",1967,NA,NA,0,0,0,0,"","","","","V2025.09.12"
"9259",690,"KUW","Kuwait",1968,NA,NA,0,0,0,0,"","","","","V2025.09.12"
"9260",690,"KUW","Kuwait",1969,NA,NA,0,0,0,0,"","","","","V2025.09.12"
"9261",690,"KUW","Kuwait",1970,NA,NA,0,0,0,0,"","","","","V2025.09.12"
"9262",690,"KUW","Kuwait",1971,NA,NA,0,0,0,0,"","","","","V2025.09.12"
"9263",690,"KUW","Kuwait",1972,NA,NA,0,0,0,0,"","","","","V2025.09.12"
"9264",690,"KUW","Kuwait",1973,NA,NA,0,0,0,0,"","","","","V2025.09.12"
"9265",690,"KUW","Kuwait",1974,NA,NA,0,0,0,0,"","","","","V2025.09.12"
"9266",690,"KUW","Kuwait",1975,NA,NA,0,0,0,0,"","","","","V2025.09.12"
"9267",690,"KUW","Kuwait",1976,NA,NA,0,0,0,0,"","","","","V2025.09.12"
"9268",690,"KUW","Kuwait",1977,NA,NA,0,0,0,0,"","","","","V2025.09.12"
"9269",690,"KUW","Kuwait",1978,NA,NA,0,0,0,0,"","","","","V2025.09.12"
"9270",690,"KUW","Kuwait",1979,NA,NA,0,0,0,0,"","","","","V2025.09.12"
"9271",690,"KUW","Kuwait",1980,NA,NA,0,0,0,0,"","","","","V2025.09.12"
"9272",690,"KUW","Kuwait",1981,NA,NA,0,0,0,0,"","","","","V2025.09.12"
"9273",690,"KUW","Kuwait",1982,NA,NA,0,0,0,0,"","","","","V2025.09.12"
"9274",690,"KUW","Kuwait",1983,NA,NA,0,0,0,0,"","","","","V2025.09.12"
"9275",690,"KUW","Kuwait",1984,NA,NA,0,0,0,0,"","","","","V2025.09.12"
"9276",690,"KUW","Kuwait",1985,NA,NA,0,0,0,0,"","","","","V2025.09.12"
"9277",690,"KUW","Kuwait",1986,NA,NA,0,0,0,0,"","","","","V2025.09.12"
"9278",690,"KUW","Kuwait",1987,NA,NA,0,0,0,0,"","","","","V2025.09.12"
"9279",690,"KUW","Kuwait",1988,NA,NA,0,0,0,0,"","","","","V2025.09.12"
"9280",690,"KUW","Kuwait",1989,NA,NA,0,0,0,0,"","","","","V2025.09.12"
"9281",690,"KUW","Kuwait",1990,NA,NA,0,0,0,0,"","","","","V2025.09.12"
"9282",690,"KUW","Kuwait",1991,NA,NA,0,0,0,0,"","","","","V2025.09.12"
"9283",690,"KUW","Kuwait",1992,NA,NA,0,0,0,0,"","","","","V2025.09.12"
"9284",690,"KUW","Kuwait",1993,NA,NA,0,0,0,0,"","","","","V2025.09.12"
"9285",690,"KUW","Kuwait",1994,NA,NA,0,0,0,0,"","","","","V2025.09.12"
"9286",690,"KUW","Kuwait",1995,NA,NA,0,0,0,0,"","","","","V2025.09.12"
"9287",690,"KUW","Kuwait",1996,NA,NA,0,0,0,0,"","","","","V2025.09.12"
"9288",690,"KUW","Kuwait",1997,NA,NA,0,0,0,0,"","","","","V2025.09.12"
"9289",690,"KUW","Kuwait",1998,NA,NA,0,0,0,0,"","","","","V2025.09.12"
"9290",690,"KUW","Kuwait",1999,NA,NA,0,0,0,0,"","","","","V2025.09.12"
"9291",690,"KUW","Kuwait",2000,NA,NA,0,0,0,0,"","","","","V2025.09.12"
"9292",690,"KUW","Kuwait",2001,NA,NA,0,0,0,0,"","","","","V2025.09.12"
"9293",690,"KUW","Kuwait",2002,NA,NA,0,0,0,0,"","","","","V2025.09.12"
"9294",690,"KUW","Kuwait",2003,NA,NA,0,0,0,0,"","","","","V2025.09.12"
"9295",690,"KUW","Kuwait",2004,NA,NA,0,0,0,0,"","","","","V2025.09.12"
"9296",690,"KUW","Kuwait",2005,NA,NA,0,0,0,0,"","","","","V2025.09.12"
"9297",690,"KUW","Kuwait",2006,NA,NA,0,0,0,0,"","","","","V2025.09.12"
"9298",690,"KUW","Kuwait",2007,NA,NA,0,0,0,0,"","","","","V2025.09.12"
"9299",690,"KUW","Kuwait",2008,NA,NA,0,0,0,0,"","","","","V2025.09.12"
"9300",690,"KUW","Kuwait",2009,NA,NA,0,0,0,0,"","","","","V2025.09.12"
"9301",690,"KUW","Kuwait",2010,NA,NA,0,0,0,0,"","","","","V2025.09.12"
"9302",690,"KUW","Kuwait",2011,NA,NA,0,0,0,0,"","","","","V2025.09.12"
"9303",690,"KUW","Kuwait",2012,NA,NA,0,0,0,0,"","","","","V2025.09.12"
"9304",690,"KUW","Kuwait",2013,NA,NA,0,0,0,0,"","","","","V2025.09.12"
"9305",690,"KUW","Kuwait",2014,NA,NA,0,0,0,0,"","","","","V2025.09.12"
"9306",690,"KUW","Kuwait",2015,NA,NA,0,0,0,0,"","","","","V2025.09.12"
"9307",690,"KUW","Kuwait",2016,NA,NA,0,0,0,0,"","","","","V2025.09.12"
"9308",690,"KUW","Kuwait",2017,NA,NA,0,0,0,0,"","","","","V2025.09.12"
"9309",690,"KUW","Kuwait",2018,NA,NA,0,0,0,0,"","","","","V2025.09.12"
"9310",690,"KUW","Kuwait",2019,NA,NA,0,0,0,0,"","","","","V2025.09.12"
"9311",690,"KUW","Kuwait",2020,NA,NA,0,0,0,0,"","","","","V2025.09.12"
"9312",690,"KUW","Kuwait",2021,NA,NA,0,0,0,0,"","","","","V2025.09.12"
"9313",690,"KUW","Kuwait",2022,NA,NA,0,0,0,0,"","","","","V2025.09.12"
"9314",690,"KUW","Kuwait",2023,NA,NA,0,0,0,0,"","","","","V2025.09.12"
"9315",690,"KUW","Kuwait",2024,NA,NA,0,0,0,0,"","","","","V2025.09.12"
"9316",692,"BAH","Bahrain",1971,NA,NA,0,0,0,0,"","","","","V2025.09.12"
"9317",692,"BAH","Bahrain",1972,NA,NA,0,0,0,0,"","","","","V2025.09.12"
"9318",692,"BAH","Bahrain",1973,NA,NA,0,0,0,0,"","","","","V2025.09.12"
"9319",692,"BAH","Bahrain",1974,NA,NA,0,0,0,0,"","","","","V2025.09.12"
"9320",692,"BAH","Bahrain",1975,NA,NA,0,0,0,0,"","","","","V2025.09.12"
"9321",692,"BAH","Bahrain",1976,NA,NA,0,0,0,0,"","","","","V2025.09.12"
"9322",692,"BAH","Bahrain",1977,NA,NA,0,0,0,0,"","","","","V2025.09.12"
"9323",692,"BAH","Bahrain",1978,NA,NA,0,0,0,0,"","","","","V2025.09.12"
"9324",692,"BAH","Bahrain",1979,NA,NA,0,0,0,0,"","","","","V2025.09.12"
"9325",692,"BAH","Bahrain",1980,NA,NA,0,0,0,0,"","","","","V2025.09.12"
"9326",692,"BAH","Bahrain",1981,NA,NA,0,0,0,0,"","","","","V2025.09.12"
"9327",692,"BAH","Bahrain",1982,NA,NA,0,0,0,0,"","","","","V2025.09.12"
"9328",692,"BAH","Bahrain",1983,NA,NA,0,0,0,0,"","","","","V2025.09.12"
"9329",692,"BAH","Bahrain",1984,NA,NA,0,0,0,0,"","","","","V2025.09.12"
"9330",692,"BAH","Bahrain",1985,NA,NA,0,0,0,0,"","","","","V2025.09.12"
"9331",692,"BAH","Bahrain",1986,NA,NA,0,0,0,0,"","","","","V2025.09.12"
"9332",692,"BAH","Bahrain",1987,NA,NA,0,0,0,0,"","","","","V2025.09.12"
"9333",692,"BAH","Bahrain",1988,NA,NA,0,0,0,0,"","","","","V2025.09.12"
"9334",692,"BAH","Bahrain",1989,NA,NA,0,0,0,0,"","","","","V2025.09.12"
"9335",692,"BAH","Bahrain",1990,NA,NA,0,0,0,0,"","","","","V2025.09.12"
"9336",692,"BAH","Bahrain",1991,NA,NA,0,0,0,0,"","","","","V2025.09.12"
"9337",692,"BAH","Bahrain",1992,NA,NA,0,0,0,0,"","","","","V2025.09.12"
"9338",692,"BAH","Bahrain",1993,NA,NA,0,0,0,0,"","","","","V2025.09.12"
"9339",692,"BAH","Bahrain",1994,NA,NA,0,0,0,0,"","","","","V2025.09.12"
"9340",692,"BAH","Bahrain",1995,NA,NA,0,0,0,0,"","","","","V2025.09.12"
"9341",692,"BAH","Bahrain",1996,NA,NA,0,0,0,0,"","","","","V2025.09.12"
"9342",692,"BAH","Bahrain",1997,NA,NA,0,0,0,0,"","","","","V2025.09.12"
"9343",692,"BAH","Bahrain",1998,NA,NA,0,0,0,0,"","","","","V2025.09.12"
"9344",692,"BAH","Bahrain",1999,NA,NA,0,0,0,0,"","","","","V2025.09.12"
"9345",692,"BAH","Bahrain",2000,NA,NA,0,0,0,0,"","","","","V2025.09.12"
"9346",692,"BAH","Bahrain",2001,NA,NA,0,0,0,0,"","","","","V2025.09.12"
"9347",692,"BAH","Bahrain",2002,NA,NA,0,0,0,0,"","","","","V2025.09.12"
"9348",692,"BAH","Bahrain",2003,NA,NA,0,0,0,0,"","","","","V2025.09.12"
"9349",692,"BAH","Bahrain",2004,NA,NA,0,0,0,0,"","","","","V2025.09.12"
"9350",692,"BAH","Bahrain",2005,NA,NA,0,0,0,0,"","","","","V2025.09.12"
"9351",692,"BAH","Bahrain",2006,NA,NA,0,0,0,0,"","","","","V2025.09.12"
"9352",692,"BAH","Bahrain",2007,NA,NA,0,0,0,0,"","","","","V2025.09.12"
"9353",692,"BAH","Bahrain",2008,NA,NA,0,0,0,0,"","","","","V2025.09.12"
"9354",692,"BAH","Bahrain",2009,NA,NA,0,0,0,0,"","","","","V2025.09.12"
"9355",692,"BAH","Bahrain",2010,NA,NA,0,0,0,0,"","","","","V2025.09.12"
"9356",692,"BAH","Bahrain",2011,NA,NA,0,0,0,0,"","","","","V2025.09.12"
"9357",692,"BAH","Bahrain",2012,NA,NA,0,0,0,0,"","","","","V2025.09.12"
"9358",692,"BAH","Bahrain",2013,NA,NA,0,0,0,0,"","","","","V2025.09.12"
"9359",692,"BAH","Bahrain",2014,NA,NA,0,0,0,0,"","","","","V2025.09.12"
"9360",692,"BAH","Bahrain",2015,NA,NA,0,0,0,0,"","","","","V2025.09.12"
"9361",692,"BAH","Bahrain",2016,NA,NA,0,0,0,0,"","","","","V2025.09.12"
"9362",692,"BAH","Bahrain",2017,NA,NA,0,0,0,0,"","","","","V2025.09.12"
"9363",692,"BAH","Bahrain",2018,NA,NA,0,0,0,0,"","","","","V2025.09.12"
"9364",692,"BAH","Bahrain",2019,NA,NA,0,0,0,0,"","","","","V2025.09.12"
"9365",692,"BAH","Bahrain",2020,NA,NA,0,0,0,0,"","","","","V2025.09.12"
"9366",692,"BAH","Bahrain",2021,NA,NA,0,0,0,0,"","","","","V2025.09.12"
"9367",692,"BAH","Bahrain",2022,NA,NA,0,0,0,0,"","","","","V2025.09.12"
"9368",692,"BAH","Bahrain",2023,NA,NA,0,0,0,0,"","","","","V2025.09.12"
"9369",692,"BAH","Bahrain",2024,NA,NA,0,0,0,0,"","","","","V2025.09.12"
"9370",694,"QAT","Qatar",1971,NA,NA,0,0,0,0,"","","","","V2025.09.12"
"9371",694,"QAT","Qatar",1972,NA,NA,2,0,0,0,"22feb1972","","","","V2025.09.12"
"9372",694,"QAT","Qatar",1973,NA,NA,0,0,0,0,"","","","","V2025.09.12"
"9373",694,"QAT","Qatar",1974,NA,NA,0,0,0,0,"","","","","V2025.09.12"
"9374",694,"QAT","Qatar",1975,NA,NA,0,0,0,0,"","","","","V2025.09.12"
"9375",694,"QAT","Qatar",1976,NA,NA,0,0,0,0,"","","","","V2025.09.12"
"9376",694,"QAT","Qatar",1977,NA,NA,0,0,0,0,"","","","","V2025.09.12"
"9377",694,"QAT","Qatar",1978,NA,NA,0,0,0,0,"","","","","V2025.09.12"
"9378",694,"QAT","Qatar",1979,NA,NA,0,0,0,0,"","","","","V2025.09.12"
"9379",694,"QAT","Qatar",1980,NA,NA,0,0,0,0,"","","","","V2025.09.12"
"9380",694,"QAT","Qatar",1981,NA,NA,0,0,0,0,"","","","","V2025.09.12"
"9381",694,"QAT","Qatar",1982,NA,NA,0,0,0,0,"","","","","V2025.09.12"
"9382",694,"QAT","Qatar",1983,NA,NA,0,0,0,0,"","","","","V2025.09.12"
"9383",694,"QAT","Qatar",1984,NA,NA,0,0,0,0,"","","","","V2025.09.12"
"9384",694,"QAT","Qatar",1985,NA,NA,0,0,0,0,"","","","","V2025.09.12"
"9385",694,"QAT","Qatar",1986,NA,NA,0,0,0,0,"","","","","V2025.09.12"
"9386",694,"QAT","Qatar",1987,NA,NA,0,0,0,0,"","","","","V2025.09.12"
"9387",694,"QAT","Qatar",1988,NA,NA,0,0,0,0,"","","","","V2025.09.12"
"9388",694,"QAT","Qatar",1989,NA,NA,0,0,0,0,"","","","","V2025.09.12"
"9389",694,"QAT","Qatar",1990,NA,NA,0,0,0,0,"","","","","V2025.09.12"
"9390",694,"QAT","Qatar",1991,NA,NA,0,0,0,0,"","","","","V2025.09.12"
"9391",694,"QAT","Qatar",1992,NA,NA,0,0,0,0,"","","","","V2025.09.12"
"9392",694,"QAT","Qatar",1993,NA,NA,0,0,0,0,"","","","","V2025.09.12"
"9393",694,"QAT","Qatar",1994,NA,NA,0,0,0,0,"","","","","V2025.09.12"
"9394",694,"QAT","Qatar",1995,NA,NA,2,0,0,0,"27jun1995","","","","V2025.09.12"
"9395",694,"QAT","Qatar",1996,NA,NA,1,0,0,0,"20feb1996","","","","V2025.09.12"
"9396",694,"QAT","Qatar",1997,NA,NA,0,0,0,0,"","","","","V2025.09.12"
"9397",694,"QAT","Qatar",1998,NA,NA,0,0,0,0,"","","","","V2025.09.12"
"9398",694,"QAT","Qatar",1999,NA,NA,0,0,0,0,"","","","","V2025.09.12"
"9399",694,"QAT","Qatar",2000,NA,NA,0,0,0,0,"","","","","V2025.09.12"
"9400",694,"QAT","Qatar",2001,NA,NA,0,0,0,0,"","","","","V2025.09.12"
"9401",694,"QAT","Qatar",2002,NA,NA,0,0,0,0,"","","","","V2025.09.12"
"9402",694,"QAT","Qatar",2003,NA,NA,0,0,0,0,"","","","","V2025.09.12"
"9403",694,"QAT","Qatar",2004,NA,NA,0,0,0,0,"","","","","V2025.09.12"
"9404",694,"QAT","Qatar",2005,NA,NA,0,0,0,0,"","","","","V2025.09.12"
"9405",694,"QAT","Qatar",2006,NA,NA,0,0,0,0,"","","","","V2025.09.12"
"9406",694,"QAT","Qatar",2007,NA,NA,0,0,0,0,"","","","","V2025.09.12"
"9407",694,"QAT","Qatar",2008,NA,NA,0,0,0,0,"","","","","V2025.09.12"
"9408",694,"QAT","Qatar",2009,NA,NA,0,0,0,0,"","","","","V2025.09.12"
"9409",694,"QAT","Qatar",2010,NA,NA,0,0,0,0,"","","","","V2025.09.12"
"9410",694,"QAT","Qatar",2011,NA,NA,0,0,0,0,"","","","","V2025.09.12"
"9411",694,"QAT","Qatar",2012,NA,NA,0,0,0,0,"","","","","V2025.09.12"
"9412",694,"QAT","Qatar",2013,NA,NA,0,0,0,0,"","","","","V2025.09.12"
"9413",694,"QAT","Qatar",2014,NA,NA,0,0,0,0,"","","","","V2025.09.12"
"9414",694,"QAT","Qatar",2015,NA,NA,0,0,0,0,"","","","","V2025.09.12"
"9415",694,"QAT","Qatar",2016,NA,NA,0,0,0,0,"","","","","V2025.09.12"
"9416",694,"QAT","Qatar",2017,NA,NA,0,0,0,0,"","","","","V2025.09.12"
"9417",694,"QAT","Qatar",2018,NA,NA,0,0,0,0,"","","","","V2025.09.12"
"9418",694,"QAT","Qatar",2019,NA,NA,0,0,0,0,"","","","","V2025.09.12"
"9419",694,"QAT","Qatar",2020,NA,NA,0,0,0,0,"","","","","V2025.09.12"
"9420",694,"QAT","Qatar",2021,NA,NA,0,0,0,0,"","","","","V2025.09.12"
"9421",694,"QAT","Qatar",2022,NA,NA,0,0,0,0,"","","","","V2025.09.12"
"9422",694,"QAT","Qatar",2023,NA,NA,0,0,0,0,"","","","","V2025.09.12"
"9423",694,"QAT","Qatar",2024,NA,NA,0,0,0,0,"","","","","V2025.09.12"
"9424",696,"UAE","United Arab Emirates",1971,NA,NA,0,0,0,0,"","","","","V2025.09.12"
"9425",696,"UAE","United Arab Emirates",1972,NA,NA,1,0,0,0,"25jan1972","","","","V2025.09.12"
"9426",696,"UAE","United Arab Emirates",1973,NA,NA,0,0,0,0,"","","","","V2025.09.12"
"9427",696,"UAE","United Arab Emirates",1974,NA,NA,0,0,0,0,"","","","","V2025.09.12"
"9428",696,"UAE","United Arab Emirates",1975,NA,NA,0,0,0,0,"","","","","V2025.09.12"
"9429",696,"UAE","United Arab Emirates",1976,NA,NA,0,0,0,0,"","","","","V2025.09.12"
"9430",696,"UAE","United Arab Emirates",1977,NA,NA,0,0,0,0,"","","","","V2025.09.12"
"9431",696,"UAE","United Arab Emirates",1978,NA,NA,0,0,0,0,"","","","","V2025.09.12"
"9432",696,"UAE","United Arab Emirates",1979,NA,NA,0,0,0,0,"","","","","V2025.09.12"
"9433",696,"UAE","United Arab Emirates",1980,NA,NA,0,0,0,0,"","","","","V2025.09.12"
"9434",696,"UAE","United Arab Emirates",1981,NA,NA,0,0,0,0,"","","","","V2025.09.12"
"9435",696,"UAE","United Arab Emirates",1982,NA,NA,0,0,0,0,"","","","","V2025.09.12"
"9436",696,"UAE","United Arab Emirates",1983,NA,NA,0,0,0,0,"","","","","V2025.09.12"
"9437",696,"UAE","United Arab Emirates",1984,NA,NA,0,0,0,0,"","","","","V2025.09.12"
"9438",696,"UAE","United Arab Emirates",1985,NA,NA,0,0,0,0,"","","","","V2025.09.12"
"9439",696,"UAE","United Arab Emirates",1986,NA,NA,0,0,0,0,"","","","","V2025.09.12"
"9440",696,"UAE","United Arab Emirates",1987,NA,NA,1,0,0,0,"16jun1987","","","","V2025.09.12"
"9441",696,"UAE","United Arab Emirates",1988,NA,NA,0,0,0,0,"","","","","V2025.09.12"
"9442",696,"UAE","United Arab Emirates",1989,NA,NA,0,0,0,0,"","","","","V2025.09.12"
"9443",696,"UAE","United Arab Emirates",1990,NA,NA,0,0,0,0,"","","","","V2025.09.12"
"9444",696,"UAE","United Arab Emirates",1991,NA,NA,0,0,0,0,"","","","","V2025.09.12"
"9445",696,"UAE","United Arab Emirates",1992,NA,NA,0,0,0,0,"","","","","V2025.09.12"
"9446",696,"UAE","United Arab Emirates",1993,NA,NA,0,0,0,0,"","","","","V2025.09.12"
"9447",696,"UAE","United Arab Emirates",1994,NA,NA,0,0,0,0,"","","","","V2025.09.12"
"9448",696,"UAE","United Arab Emirates",1995,NA,NA,0,0,0,0,"","","","","V2025.09.12"
"9449",696,"UAE","United Arab Emirates",1996,NA,NA,0,0,0,0,"","","","","V2025.09.12"
"9450",696,"UAE","United Arab Emirates",1997,NA,NA,0,0,0,0,"","","","","V2025.09.12"
"9451",696,"UAE","United Arab Emirates",1998,NA,NA,0,0,0,0,"","","","","V2025.09.12"
"9452",696,"UAE","United Arab Emirates",1999,NA,NA,0,0,0,0,"","","","","V2025.09.12"
"9453",696,"UAE","United Arab Emirates",2000,NA,NA,0,0,0,0,"","","","","V2025.09.12"
"9454",696,"UAE","United Arab Emirates",2001,NA,NA,0,0,0,0,"","","","","V2025.09.12"
"9455",696,"UAE","United Arab Emirates",2002,NA,NA,0,0,0,0,"","","","","V2025.09.12"
"9456",696,"UAE","United Arab Emirates",2003,NA,NA,0,0,0,0,"","","","","V2025.09.12"
"9457",696,"UAE","United Arab Emirates",2004,NA,NA,0,0,0,0,"","","","","V2025.09.12"
"9458",696,"UAE","United Arab Emirates",2005,NA,NA,0,0,0,0,"","","","","V2025.09.12"
"9459",696,"UAE","United Arab Emirates",2006,NA,NA,0,0,0,0,"","","","","V2025.09.12"
"9460",696,"UAE","United Arab Emirates",2007,NA,NA,0,0,0,0,"","","","","V2025.09.12"
"9461",696,"UAE","United Arab Emirates",2008,NA,NA,0,0,0,0,"","","","","V2025.09.12"
"9462",696,"UAE","United Arab Emirates",2009,NA,NA,0,0,0,0,"","","","","V2025.09.12"
"9463",696,"UAE","United Arab Emirates",2010,NA,NA,0,0,0,0,"","","","","V2025.09.12"
"9464",696,"UAE","United Arab Emirates",2011,NA,NA,0,0,0,0,"","","","","V2025.09.12"
"9465",696,"UAE","United Arab Emirates",2012,NA,NA,0,0,0,0,"","","","","V2025.09.12"
"9466",696,"UAE","United Arab Emirates",2013,NA,NA,0,0,0,0,"","","","","V2025.09.12"
"9467",696,"UAE","United Arab Emirates",2014,NA,NA,0,0,0,0,"","","","","V2025.09.12"
"9468",696,"UAE","United Arab Emirates",2015,NA,NA,0,0,0,0,"","","","","V2025.09.12"
"9469",696,"UAE","United Arab Emirates",2016,NA,NA,0,0,0,0,"","","","","V2025.09.12"
"9470",696,"UAE","United Arab Emirates",2017,NA,NA,0,0,0,0,"","","","","V2025.09.12"
"9471",696,"UAE","United Arab Emirates",2018,NA,NA,0,0,0,0,"","","","","V2025.09.12"
"9472",696,"UAE","United Arab Emirates",2019,NA,NA,0,0,0,0,"","","","","V2025.09.12"
"9473",696,"UAE","United Arab Emirates",2020,NA,NA,0,0,0,0,"","","","","V2025.09.12"
"9474",696,"UAE","United Arab Emirates",2021,NA,NA,0,0,0,0,"","","","","V2025.09.12"
"9475",696,"UAE","United Arab Emirates",2022,NA,NA,0,0,0,0,"","","","","V2025.09.12"
"9476",696,"UAE","United Arab Emirates",2023,NA,NA,0,0,0,0,"","","","","V2025.09.12"
"9477",696,"UAE","United Arab Emirates",2024,NA,NA,0,0,0,0,"","","","","V2025.09.12"
"9478",698,"OMA","Oman",1950,NA,NA,0,0,0,0,"","","","","V2025.09.12"
"9479",698,"OMA","Oman",1951,NA,NA,0,0,0,0,"","","","","V2025.09.12"
"9480",698,"OMA","Oman",1952,NA,NA,0,0,0,0,"","","","","V2025.09.12"
"9481",698,"OMA","Oman",1953,NA,NA,0,0,0,0,"","","","","V2025.09.12"
"9482",698,"OMA","Oman",1954,NA,NA,0,0,0,0,"","","","","V2025.09.12"
"9483",698,"OMA","Oman",1955,NA,NA,0,0,0,0,"","","","","V2025.09.12"
"9484",698,"OMA","Oman",1956,NA,NA,0,0,0,0,"","","","","V2025.09.12"
"9485",698,"OMA","Oman",1957,NA,NA,0,0,0,0,"","","","","V2025.09.12"
"9486",698,"OMA","Oman",1958,NA,NA,0,0,0,0,"","","","","V2025.09.12"
"9487",698,"OMA","Oman",1959,NA,NA,0,0,0,0,"","","","","V2025.09.12"
"9488",698,"OMA","Oman",1960,NA,NA,0,0,0,0,"","","","","V2025.09.12"
"9489",698,"OMA","Oman",1961,NA,NA,0,0,0,0,"","","","","V2025.09.12"
"9490",698,"OMA","Oman",1962,NA,NA,0,0,0,0,"","","","","V2025.09.12"
"9491",698,"OMA","Oman",1963,NA,NA,0,0,0,0,"","","","","V2025.09.12"
"9492",698,"OMA","Oman",1964,NA,NA,0,0,0,0,"","","","","V2025.09.12"
"9493",698,"OMA","Oman",1965,NA,NA,0,0,0,0,"","","","","V2025.09.12"
"9494",698,"OMA","Oman",1966,NA,NA,0,0,0,0,"","","","","V2025.09.12"
"9495",698,"OMA","Oman",1967,NA,NA,0,0,0,0,"","","","","V2025.09.12"
"9496",698,"OMA","Oman",1968,NA,NA,0,0,0,0,"","","","","V2025.09.12"
"9497",698,"OMA","Oman",1969,NA,NA,0,0,0,0,"","","","","V2025.09.12"
"9498",698,"OMA","Oman",1970,NA,NA,2,0,0,0,"26jul1970","","","","V2025.09.12"
"9499",698,"OMA","Oman",1971,NA,NA,0,0,0,0,"","","","","V2025.09.12"
"9500",698,"OMA","Oman",1972,NA,NA,0,0,0,0,"","","","","V2025.09.12"
"9501",698,"OMA","Oman",1973,NA,NA,0,0,0,0,"","","","","V2025.09.12"
"9502",698,"OMA","Oman",1974,NA,NA,0,0,0,0,"","","","","V2025.09.12"
"9503",698,"OMA","Oman",1975,NA,NA,0,0,0,0,"","","","","V2025.09.12"
"9504",698,"OMA","Oman",1976,NA,NA,0,0,0,0,"","","","","V2025.09.12"
"9505",698,"OMA","Oman",1977,NA,NA,0,0,0,0,"","","","","V2025.09.12"
"9506",698,"OMA","Oman",1978,NA,NA,0,0,0,0,"","","","","V2025.09.12"
"9507",698,"OMA","Oman",1979,NA,NA,0,0,0,0,"","","","","V2025.09.12"
"9508",698,"OMA","Oman",1980,NA,NA,0,0,0,0,"","","","","V2025.09.12"
"9509",698,"OMA","Oman",1981,NA,NA,0,0,0,0,"","","","","V2025.09.12"
"9510",698,"OMA","Oman",1982,NA,NA,0,0,0,0,"","","","","V2025.09.12"
"9511",698,"OMA","Oman",1983,NA,NA,0,0,0,0,"","","","","V2025.09.12"
"9512",698,"OMA","Oman",1984,NA,NA,0,0,0,0,"","","","","V2025.09.12"
"9513",698,"OMA","Oman",1985,NA,NA,0,0,0,0,"","","","","V2025.09.12"
"9514",698,"OMA","Oman",1986,NA,NA,0,0,0,0,"","","","","V2025.09.12"
"9515",698,"OMA","Oman",1987,NA,NA,0,0,0,0,"","","","","V2025.09.12"
"9516",698,"OMA","Oman",1988,NA,NA,0,0,0,0,"","","","","V2025.09.12"
"9517",698,"OMA","Oman",1989,NA,NA,0,0,0,0,"","","","","V2025.09.12"
"9518",698,"OMA","Oman",1990,NA,NA,0,0,0,0,"","","","","V2025.09.12"
"9519",698,"OMA","Oman",1991,NA,NA,0,0,0,0,"","","","","V2025.09.12"
"9520",698,"OMA","Oman",1992,NA,NA,0,0,0,0,"","","","","V2025.09.12"
"9521",698,"OMA","Oman",1993,NA,NA,0,0,0,0,"","","","","V2025.09.12"
"9522",698,"OMA","Oman",1994,NA,NA,0,0,0,0,"","","","","V2025.09.12"
"9523",698,"OMA","Oman",1995,NA,NA,0,0,0,0,"","","","","V2025.09.12"
"9524",698,"OMA","Oman",1996,NA,NA,0,0,0,0,"","","","","V2025.09.12"
"9525",698,"OMA","Oman",1997,NA,NA,0,0,0,0,"","","","","V2025.09.12"
"9526",698,"OMA","Oman",1998,NA,NA,0,0,0,0,"","","","","V2025.09.12"
"9527",698,"OMA","Oman",1999,NA,NA,0,0,0,0,"","","","","V2025.09.12"
"9528",698,"OMA","Oman",2000,NA,NA,0,0,0,0,"","","","","V2025.09.12"
"9529",698,"OMA","Oman",2001,NA,NA,0,0,0,0,"","","","","V2025.09.12"
"9530",698,"OMA","Oman",2002,NA,NA,0,0,0,0,"","","","","V2025.09.12"
"9531",698,"OMA","Oman",2003,NA,NA,0,0,0,0,"","","","","V2025.09.12"
"9532",698,"OMA","Oman",2004,NA,NA,0,0,0,0,"","","","","V2025.09.12"
"9533",698,"OMA","Oman",2005,NA,NA,0,0,0,0,"","","","","V2025.09.12"
"9534",698,"OMA","Oman",2006,NA,NA,0,0,0,0,"","","","","V2025.09.12"
"9535",698,"OMA","Oman",2007,NA,NA,0,0,0,0,"","","","","V2025.09.12"
"9536",698,"OMA","Oman",2008,NA,NA,0,0,0,0,"","","","","V2025.09.12"
"9537",698,"OMA","Oman",2009,NA,NA,0,0,0,0,"","","","","V2025.09.12"
"9538",698,"OMA","Oman",2010,NA,NA,0,0,0,0,"","","","","V2025.09.12"
"9539",698,"OMA","Oman",2011,NA,NA,0,0,0,0,"","","","","V2025.09.12"
"9540",698,"OMA","Oman",2012,NA,NA,0,0,0,0,"","","","","V2025.09.12"
"9541",698,"OMA","Oman",2013,NA,NA,0,0,0,0,"","","","","V2025.09.12"
"9542",698,"OMA","Oman",2014,NA,NA,0,0,0,0,"","","","","V2025.09.12"
"9543",698,"OMA","Oman",2015,NA,NA,0,0,0,0,"","","","","V2025.09.12"
"9544",698,"OMA","Oman",2016,NA,NA,0,0,0,0,"","","","","V2025.09.12"
"9545",698,"OMA","Oman",2017,NA,NA,0,0,0,0,"","","","","V2025.09.12"
"9546",698,"OMA","Oman",2018,NA,NA,0,0,0,0,"","","","","V2025.09.12"
"9547",698,"OMA","Oman",2019,NA,NA,0,0,0,0,"","","","","V2025.09.12"
"9548",698,"OMA","Oman",2020,NA,NA,0,0,0,0,"","","","","V2025.09.12"
"9549",698,"OMA","Oman",2021,NA,NA,0,0,0,0,"","","","","V2025.09.12"
"9550",698,"OMA","Oman",2022,NA,NA,0,0,0,0,"","","","","V2025.09.12"
"9551",698,"OMA","Oman",2023,NA,NA,0,0,0,0,"","","","","V2025.09.12"
"9552",698,"OMA","Oman",2024,NA,NA,0,0,0,0,"","","","","V2025.09.12"
"9553",700,"AFG","Afghanistan",1950,NA,NA,0,0,0,0,"","","","","V2025.09.12"
"9554",700,"AFG","Afghanistan",1951,NA,NA,0,0,0,0,"","","","","V2025.09.12"
"9555",700,"AFG","Afghanistan",1952,NA,NA,0,0,0,0,"","","","","V2025.09.12"
"9556",700,"AFG","Afghanistan",1953,NA,NA,0,0,0,0,"","","","","V2025.09.12"
"9557",700,"AFG","Afghanistan",1954,NA,NA,0,0,0,0,"","","","","V2025.09.12"
"9558",700,"AFG","Afghanistan",1955,NA,NA,0,0,0,0,"","","","","V2025.09.12"
"9559",700,"AFG","Afghanistan",1956,NA,NA,0,0,0,0,"","","","","V2025.09.12"
"9560",700,"AFG","Afghanistan",1957,NA,NA,0,0,0,0,"","","","","V2025.09.12"
"9561",700,"AFG","Afghanistan",1958,NA,NA,0,0,0,0,"","","","","V2025.09.12"
"9562",700,"AFG","Afghanistan",1959,NA,NA,0,0,0,0,"","","","","V2025.09.12"
"9563",700,"AFG","Afghanistan",1960,NA,NA,0,0,0,0,"","","","","V2025.09.12"
"9564",700,"AFG","Afghanistan",1961,NA,NA,0,0,0,0,"","","","","V2025.09.12"
"9565",700,"AFG","Afghanistan",1962,NA,NA,0,0,0,0,"","","","","V2025.09.12"
"9566",700,"AFG","Afghanistan",1963,NA,NA,0,0,0,0,"","","","","V2025.09.12"
"9567",700,"AFG","Afghanistan",1964,NA,NA,0,0,0,0,"","","","","V2025.09.12"
"9568",700,"AFG","Afghanistan",1965,NA,NA,0,0,0,0,"","","","","V2025.09.12"
"9569",700,"AFG","Afghanistan",1966,NA,NA,0,0,0,0,"","","","","V2025.09.12"
"9570",700,"AFG","Afghanistan",1967,NA,NA,0,0,0,0,"","","","","V2025.09.12"
"9571",700,"AFG","Afghanistan",1968,NA,NA,0,0,0,0,"","","","","V2025.09.12"
"9572",700,"AFG","Afghanistan",1969,NA,NA,0,0,0,0,"","","","","V2025.09.12"
"9573",700,"AFG","Afghanistan",1970,NA,NA,0,0,0,0,"","","","","V2025.09.12"
"9574",700,"AFG","Afghanistan",1971,NA,NA,0,0,0,0,"","","","","V2025.09.12"
"9575",700,"AFG","Afghanistan",1972,NA,NA,0,0,0,0,"","","","","V2025.09.12"
"9576",700,"AFG","Afghanistan",1973,NA,NA,2,0,0,0,"17jul1973","","","","V2025.09.12"
"9577",700,"AFG","Afghanistan",1974,NA,NA,0,0,0,0,"","","","","V2025.09.12"
"9578",700,"AFG","Afghanistan",1975,NA,NA,0,0,0,0,"","","","","V2025.09.12"
"9579",700,"AFG","Afghanistan",1976,NA,NA,0,0,0,0,"","","","","V2025.09.12"
"9580",700,"AFG","Afghanistan",1977,NA,NA,0,0,0,0,"","","","","V2025.09.12"
"9581",700,"AFG","Afghanistan",1978,NA,NA,2,0,0,0,"27apr1978","","","","V2025.09.12"
"9582",700,"AFG","Afghanistan",1979,NA,NA,0,0,0,0,"","","","","V2025.09.12"
"9583",700,"AFG","Afghanistan",1980,NA,NA,0,0,0,0,"","","","","V2025.09.12"
"9584",700,"AFG","Afghanistan",1981,NA,NA,0,0,0,0,"","","","","V2025.09.12"
"9585",700,"AFG","Afghanistan",1982,NA,NA,0,0,0,0,"","","","","V2025.09.12"
"9586",700,"AFG","Afghanistan",1983,NA,NA,0,0,0,0,"","","","","V2025.09.12"
"9587",700,"AFG","Afghanistan",1984,NA,NA,0,0,0,0,"","","","","V2025.09.12"
"9588",700,"AFG","Afghanistan",1985,NA,NA,0,0,0,0,"","","","","V2025.09.12"
"9589",700,"AFG","Afghanistan",1986,NA,NA,0,0,0,0,"","","","","V2025.09.12"
"9590",700,"AFG","Afghanistan",1987,NA,NA,0,0,0,0,"","","","","V2025.09.12"
"9591",700,"AFG","Afghanistan",1988,NA,NA,0,0,0,0,"","","","","V2025.09.12"
"9592",700,"AFG","Afghanistan",1989,NA,NA,0,0,0,0,"","","","","V2025.09.12"
"9593",700,"AFG","Afghanistan",1990,NA,NA,1,0,0,0,"07mar1990","","","","V2025.09.12"
"9594",700,"AFG","Afghanistan",1991,NA,NA,0,0,0,0,"","","","","V2025.09.12"
"9595",700,"AFG","Afghanistan",1992,NA,NA,2,0,0,0,"15apr1992","","","","V2025.09.12"
"9596",700,"AFG","Afghanistan",1993,NA,NA,0,0,0,0,"","","","","V2025.09.12"
"9597",700,"AFG","Afghanistan",1994,NA,NA,0,0,0,0,"","","","","V2025.09.12"
"9598",700,"AFG","Afghanistan",1995,NA,NA,0,0,0,0,"","","","","V2025.09.12"
"9599",700,"AFG","Afghanistan",1996,NA,NA,0,0,0,0,"","","","","V2025.09.12"
"9600",700,"AFG","Afghanistan",1997,NA,NA,0,0,0,0,"","","","","V2025.09.12"
"9601",700,"AFG","Afghanistan",1998,NA,NA,0,0,0,0,"","","","","V2025.09.12"
"9602",700,"AFG","Afghanistan",1999,NA,NA,0,0,0,0,"","","","","V2025.09.12"
"9603",700,"AFG","Afghanistan",2000,NA,NA,0,0,0,0,"","","","","V2025.09.12"
"9604",700,"AFG","Afghanistan",2001,NA,NA,0,0,0,0,"","","","","V2025.09.12"
"9605",700,"AFG","Afghanistan",2002,NA,NA,0,0,0,0,"","","","","V2025.09.12"
"9606",700,"AFG","Afghanistan",2003,NA,NA,0,0,0,0,"","","","","V2025.09.12"
"9607",700,"AFG","Afghanistan",2004,NA,NA,0,0,0,0,"","","","","V2025.09.12"
"9608",700,"AFG","Afghanistan",2005,NA,NA,0,0,0,0,"","","","","V2025.09.12"
"9609",700,"AFG","Afghanistan",2006,NA,NA,0,0,0,0,"","","","","V2025.09.12"
"9610",700,"AFG","Afghanistan",2007,NA,NA,0,0,0,0,"","","","","V2025.09.12"
"9611",700,"AFG","Afghanistan",2008,NA,NA,0,0,0,0,"","","","","V2025.09.12"
"9612",700,"AFG","Afghanistan",2009,NA,NA,0,0,0,0,"","","","","V2025.09.12"
"9613",700,"AFG","Afghanistan",2010,NA,NA,0,0,0,0,"","","","","V2025.09.12"
"9614",700,"AFG","Afghanistan",2011,NA,NA,0,0,0,0,"","","","","V2025.09.12"
"9615",700,"AFG","Afghanistan",2012,NA,NA,0,0,0,0,"","","","","V2025.09.12"
"9616",700,"AFG","Afghanistan",2013,NA,NA,0,0,0,0,"","","","","V2025.09.12"
"9617",700,"AFG","Afghanistan",2014,NA,NA,0,0,0,0,"","","","","V2025.09.12"
"9618",700,"AFG","Afghanistan",2015,NA,NA,0,0,0,0,"","","","","V2025.09.12"
"9619",700,"AFG","Afghanistan",2016,NA,NA,0,0,0,0,"","","","","V2025.09.12"
"9620",700,"AFG","Afghanistan",2017,NA,NA,0,0,0,0,"","","","","V2025.09.12"
"9621",700,"AFG","Afghanistan",2018,NA,NA,0,0,0,0,"","","","","V2025.09.12"
"9622",700,"AFG","Afghanistan",2019,NA,NA,0,0,0,0,"","","","","V2025.09.12"
"9623",700,"AFG","Afghanistan",2020,NA,NA,0,0,0,0,"","","","","V2025.09.12"
"9624",700,"AFG","Afghanistan",2021,NA,NA,0,0,0,0,"","","","","V2025.09.12"
"9625",700,"AFG","Afghanistan",2022,NA,NA,0,0,0,0,"","","","","V2025.09.12"
"9626",700,"AFG","Afghanistan",2023,NA,NA,0,0,0,0,"","","","","V2025.09.12"
"9627",700,"AFG","Afghanistan",2024,NA,NA,0,0,0,0,"","","","","V2025.09.12"
"9628",701,"TKM","Turkmenistan",1991,NA,NA,0,0,0,0,"","","","","V2025.09.12"
"9629",701,"TKM","Turkmenistan",1992,NA,NA,0,0,0,0,"","","","","V2025.09.12"
"9630",701,"TKM","Turkmenistan",1993,NA,NA,0,0,0,0,"","","","","V2025.09.12"
"9631",701,"TKM","Turkmenistan",1994,NA,NA,0,0,0,0,"","","","","V2025.09.12"
"9632",701,"TKM","Turkmenistan",1995,NA,NA,0,0,0,0,"","","","","V2025.09.12"
"9633",701,"TKM","Turkmenistan",1996,NA,NA,0,0,0,0,"","","","","V2025.09.12"
"9634",701,"TKM","Turkmenistan",1997,NA,NA,0,0,0,0,"","","","","V2025.09.12"
"9635",701,"TKM","Turkmenistan",1998,NA,NA,0,0,0,0,"","","","","V2025.09.12"
"9636",701,"TKM","Turkmenistan",1999,NA,NA,0,0,0,0,"","","","","V2025.09.12"
"9637",701,"TKM","Turkmenistan",2000,NA,NA,0,0,0,0,"","","","","V2025.09.12"
"9638",701,"TKM","Turkmenistan",2001,NA,NA,0,0,0,0,"","","","","V2025.09.12"
"9639",701,"TKM","Turkmenistan",2002,NA,NA,0,0,0,0,"","","","","V2025.09.12"
"9640",701,"TKM","Turkmenistan",2003,NA,NA,0,0,0,0,"","","","","V2025.09.12"
"9641",701,"TKM","Turkmenistan",2004,NA,NA,0,0,0,0,"","","","","V2025.09.12"
"9642",701,"TKM","Turkmenistan",2005,NA,NA,0,0,0,0,"","","","","V2025.09.12"
"9643",701,"TKM","Turkmenistan",2006,NA,NA,0,0,0,0,"","","","","V2025.09.12"
"9644",701,"TKM","Turkmenistan",2007,NA,NA,0,0,0,0,"","","","","V2025.09.12"
"9645",701,"TKM","Turkmenistan",2008,NA,NA,0,0,0,0,"","","","","V2025.09.12"
"9646",701,"TKM","Turkmenistan",2009,NA,NA,0,0,0,0,"","","","","V2025.09.12"
"9647",701,"TKM","Turkmenistan",2010,NA,NA,0,0,0,0,"","","","","V2025.09.12"
"9648",701,"TKM","Turkmenistan",2011,NA,NA,0,0,0,0,"","","","","V2025.09.12"
"9649",701,"TKM","Turkmenistan",2012,NA,NA,0,0,0,0,"","","","","V2025.09.12"
"9650",701,"TKM","Turkmenistan",2013,NA,NA,0,0,0,0,"","","","","V2025.09.12"
"9651",701,"TKM","Turkmenistan",2014,NA,NA,0,0,0,0,"","","","","V2025.09.12"
"9652",701,"TKM","Turkmenistan",2015,NA,NA,0,0,0,0,"","","","","V2025.09.12"
"9653",701,"TKM","Turkmenistan",2016,NA,NA,0,0,0,0,"","","","","V2025.09.12"
"9654",701,"TKM","Turkmenistan",2017,NA,NA,0,0,0,0,"","","","","V2025.09.12"
"9655",701,"TKM","Turkmenistan",2018,NA,NA,0,0,0,0,"","","","","V2025.09.12"
"9656",701,"TKM","Turkmenistan",2019,NA,NA,0,0,0,0,"","","","","V2025.09.12"
"9657",701,"TKM","Turkmenistan",2020,NA,NA,0,0,0,0,"","","","","V2025.09.12"
"9658",701,"TKM","Turkmenistan",2021,NA,NA,0,0,0,0,"","","","","V2025.09.12"
"9659",701,"TKM","Turkmenistan",2022,NA,NA,0,0,0,0,"","","","","V2025.09.12"
"9660",701,"TKM","Turkmenistan",2023,NA,NA,0,0,0,0,"","","","","V2025.09.12"
"9661",701,"TKM","Turkmenistan",2024,NA,NA,0,0,0,0,"","","","","V2025.09.12"
"9662",702,"TAJ","Tajikistan",1991,NA,NA,0,0,0,0,"","","","","V2025.09.12"
"9663",702,"TAJ","Tajikistan",1992,NA,NA,0,0,0,0,"","","","","V2025.09.12"
"9664",702,"TAJ","Tajikistan",1993,NA,NA,0,0,0,0,"","","","","V2025.09.12"
"9665",702,"TAJ","Tajikistan",1994,NA,NA,0,0,0,0,"","","","","V2025.09.12"
"9666",702,"TAJ","Tajikistan",1995,NA,NA,0,0,0,0,"","","","","V2025.09.12"
"9667",702,"TAJ","Tajikistan",1996,NA,NA,0,0,0,0,"","","","","V2025.09.12"
"9668",702,"TAJ","Tajikistan",1997,NA,NA,0,0,0,0,"","","","","V2025.09.12"
"9669",702,"TAJ","Tajikistan",1998,NA,NA,0,0,0,0,"","","","","V2025.09.12"
"9670",702,"TAJ","Tajikistan",1999,NA,NA,0,0,0,0,"","","","","V2025.09.12"
"9671",702,"TAJ","Tajikistan",2000,NA,NA,0,0,0,0,"","","","","V2025.09.12"
"9672",702,"TAJ","Tajikistan",2001,NA,NA,0,0,0,0,"","","","","V2025.09.12"
"9673",702,"TAJ","Tajikistan",2002,NA,NA,0,0,0,0,"","","","","V2025.09.12"
"9674",702,"TAJ","Tajikistan",2003,NA,NA,0,0,0,0,"","","","","V2025.09.12"
"9675",702,"TAJ","Tajikistan",2004,NA,NA,0,0,0,0,"","","","","V2025.09.12"
"9676",702,"TAJ","Tajikistan",2005,NA,NA,0,0,0,0,"","","","","V2025.09.12"
"9677",702,"TAJ","Tajikistan",2006,NA,NA,0,0,0,0,"","","","","V2025.09.12"
"9678",702,"TAJ","Tajikistan",2007,NA,NA,0,0,0,0,"","","","","V2025.09.12"
"9679",702,"TAJ","Tajikistan",2008,NA,NA,0,0,0,0,"","","","","V2025.09.12"
"9680",702,"TAJ","Tajikistan",2009,NA,NA,0,0,0,0,"","","","","V2025.09.12"
"9681",702,"TAJ","Tajikistan",2010,NA,NA,0,0,0,0,"","","","","V2025.09.12"
"9682",702,"TAJ","Tajikistan",2011,NA,NA,0,0,0,0,"","","","","V2025.09.12"
"9683",702,"TAJ","Tajikistan",2012,NA,NA,0,0,0,0,"","","","","V2025.09.12"
"9684",702,"TAJ","Tajikistan",2013,NA,NA,0,0,0,0,"","","","","V2025.09.12"
"9685",702,"TAJ","Tajikistan",2014,NA,NA,0,0,0,0,"","","","","V2025.09.12"
"9686",702,"TAJ","Tajikistan",2015,NA,NA,0,0,0,0,"","","","","V2025.09.12"
"9687",702,"TAJ","Tajikistan",2016,NA,NA,0,0,0,0,"","","","","V2025.09.12"
"9688",702,"TAJ","Tajikistan",2017,NA,NA,0,0,0,0,"","","","","V2025.09.12"
"9689",702,"TAJ","Tajikistan",2018,NA,NA,0,0,0,0,"","","","","V2025.09.12"
"9690",702,"TAJ","Tajikistan",2019,NA,NA,0,0,0,0,"","","","","V2025.09.12"
"9691",702,"TAJ","Tajikistan",2020,NA,NA,0,0,0,0,"","","","","V2025.09.12"
"9692",702,"TAJ","Tajikistan",2021,NA,NA,0,0,0,0,"","","","","V2025.09.12"
"9693",702,"TAJ","Tajikistan",2022,NA,NA,0,0,0,0,"","","","","V2025.09.12"
"9694",702,"TAJ","Tajikistan",2023,NA,NA,0,0,0,0,"","","","","V2025.09.12"
"9695",702,"TAJ","Tajikistan",2024,NA,NA,0,0,0,0,"","","","","V2025.09.12"
"9696",703,"KYR","Kyrgyz Republic",1991,NA,NA,0,0,0,0,"","","","","V2025.09.12"
"9697",703,"KYR","Kyrgyz Republic",1992,NA,NA,0,0,0,0,"","","","","V2025.09.12"
"9698",703,"KYR","Kyrgyz Republic",1993,NA,NA,0,0,0,0,"","","","","V2025.09.12"
"9699",703,"KYR","Kyrgyz Republic",1994,NA,NA,0,0,0,0,"","","","","V2025.09.12"
"9700",703,"KYR","Kyrgyz Republic",1995,NA,NA,0,0,0,0,"","","","","V2025.09.12"
"9701",703,"KYR","Kyrgyz Republic",1996,NA,NA,0,0,0,0,"","","","","V2025.09.12"
"9702",703,"KYR","Kyrgyz Republic",1997,NA,NA,0,0,0,0,"","","","","V2025.09.12"
"9703",703,"KYR","Kyrgyz Republic",1998,NA,NA,0,0,0,0,"","","","","V2025.09.12"
"9704",703,"KYR","Kyrgyz Republic",1999,NA,NA,0,0,0,0,"","","","","V2025.09.12"
"9705",703,"KYR","Kyrgyz Republic",2000,NA,NA,0,0,0,0,"","","","","V2025.09.12"
"9706",703,"KYR","Kyrgyz Republic",2001,NA,NA,0,0,0,0,"","","","","V2025.09.12"
"9707",703,"KYR","Kyrgyz Republic",2002,NA,NA,0,0,0,0,"","","","","V2025.09.12"
"9708",703,"KYR","Kyrgyz Republic",2003,NA,NA,0,0,0,0,"","","","","V2025.09.12"
"9709",703,"KYR","Kyrgyz Republic",2004,NA,NA,0,0,0,0,"","","","","V2025.09.12"
"9710",703,"KYR","Kyrgyz Republic",2005,NA,NA,0,0,0,0,"","","","","V2025.09.12"
"9711",703,"KYR","Kyrgyz Republic",2006,NA,NA,0,0,0,0,"","","","","V2025.09.12"
"9712",703,"KYR","Kyrgyz Republic",2007,NA,NA,0,0,0,0,"","","","","V2025.09.12"
"9713",703,"KYR","Kyrgyz Republic",2008,NA,NA,0,0,0,0,"","","","","V2025.09.12"
"9714",703,"KYR","Kyrgyz Republic",2009,NA,NA,0,0,0,0,"","","","","V2025.09.12"
"9715",703,"KYR","Kyrgyz Republic",2010,NA,NA,0,0,0,0,"","","","","V2025.09.12"
"9716",703,"KYR","Kyrgyz Republic",2011,NA,NA,0,0,0,0,"","","","","V2025.09.12"
"9717",703,"KYR","Kyrgyz Republic",2012,NA,NA,0,0,0,0,"","","","","V2025.09.12"
"9718",703,"KYR","Kyrgyz Republic",2013,NA,NA,0,0,0,0,"","","","","V2025.09.12"
"9719",703,"KYR","Kyrgyz Republic",2014,NA,NA,0,0,0,0,"","","","","V2025.09.12"
"9720",703,"KYR","Kyrgyz Republic",2015,NA,NA,0,0,0,0,"","","","","V2025.09.12"
"9721",703,"KYR","Kyrgyz Republic",2016,NA,NA,0,0,0,0,"","","","","V2025.09.12"
"9722",703,"KYR","Kyrgyz Republic",2017,NA,NA,0,0,0,0,"","","","","V2025.09.12"
"9723",703,"KYR","Kyrgyz Republic",2018,NA,NA,0,0,0,0,"","","","","V2025.09.12"
"9724",703,"KYR","Kyrgyz Republic",2019,NA,NA,0,0,0,0,"","","","","V2025.09.12"
"9725",703,"KYR","Kyrgyz Republic",2020,NA,NA,0,0,0,0,"","","","","V2025.09.12"
"9726",703,"KYR","Kyrgyz Republic",2021,NA,NA,0,0,0,0,"","","","","V2025.09.12"
"9727",703,"KYR","Kyrgyz Republic",2022,NA,NA,0,0,0,0,"","","","","V2025.09.12"
"9728",703,"KYR","Kyrgyz Republic",2023,NA,NA,0,0,0,0,"","","","","V2025.09.12"
"9729",703,"KYR","Kyrgyz Republic",2024,NA,NA,0,0,0,0,"","","","","V2025.09.12"
"9730",704,"UZB","Uzbekistan",1991,NA,NA,0,0,0,0,"","","","","V2025.09.12"
"9731",704,"UZB","Uzbekistan",1992,NA,NA,0,0,0,0,"","","","","V2025.09.12"
"9732",704,"UZB","Uzbekistan",1993,NA,NA,0,0,0,0,"","","","","V2025.09.12"
"9733",704,"UZB","Uzbekistan",1994,NA,NA,0,0,0,0,"","","","","V2025.09.12"
"9734",704,"UZB","Uzbekistan",1995,NA,NA,0,0,0,0,"","","","","V2025.09.12"
"9735",704,"UZB","Uzbekistan",1996,NA,NA,0,0,0,0,"","","","","V2025.09.12"
"9736",704,"UZB","Uzbekistan",1997,NA,NA,0,0,0,0,"","","","","V2025.09.12"
"9737",704,"UZB","Uzbekistan",1998,NA,NA,0,0,0,0,"","","","","V2025.09.12"
"9738",704,"UZB","Uzbekistan",1999,NA,NA,0,0,0,0,"","","","","V2025.09.12"
"9739",704,"UZB","Uzbekistan",2000,NA,NA,0,0,0,0,"","","","","V2025.09.12"
"9740",704,"UZB","Uzbekistan",2001,NA,NA,0,0,0,0,"","","","","V2025.09.12"
"9741",704,"UZB","Uzbekistan",2002,NA,NA,0,0,0,0,"","","","","V2025.09.12"
"9742",704,"UZB","Uzbekistan",2003,NA,NA,0,0,0,0,"","","","","V2025.09.12"
"9743",704,"UZB","Uzbekistan",2004,NA,NA,0,0,0,0,"","","","","V2025.09.12"
"9744",704,"UZB","Uzbekistan",2005,NA,NA,0,0,0,0,"","","","","V2025.09.12"
"9745",704,"UZB","Uzbekistan",2006,NA,NA,0,0,0,0,"","","","","V2025.09.12"
"9746",704,"UZB","Uzbekistan",2007,NA,NA,0,0,0,0,"","","","","V2025.09.12"
"9747",704,"UZB","Uzbekistan",2008,NA,NA,0,0,0,0,"","","","","V2025.09.12"
"9748",704,"UZB","Uzbekistan",2009,NA,NA,0,0,0,0,"","","","","V2025.09.12"
"9749",704,"UZB","Uzbekistan",2010,NA,NA,0,0,0,0,"","","","","V2025.09.12"
"9750",704,"UZB","Uzbekistan",2011,NA,NA,0,0,0,0,"","","","","V2025.09.12"
"9751",704,"UZB","Uzbekistan",2012,NA,NA,0,0,0,0,"","","","","V2025.09.12"
"9752",704,"UZB","Uzbekistan",2013,NA,NA,0,0,0,0,"","","","","V2025.09.12"
"9753",704,"UZB","Uzbekistan",2014,NA,NA,0,0,0,0,"","","","","V2025.09.12"
"9754",704,"UZB","Uzbekistan",2015,NA,NA,0,0,0,0,"","","","","V2025.09.12"
"9755",704,"UZB","Uzbekistan",2016,NA,NA,0,0,0,0,"","","","","V2025.09.12"
"9756",704,"UZB","Uzbekistan",2017,NA,NA,0,0,0,0,"","","","","V2025.09.12"
"9757",704,"UZB","Uzbekistan",2018,NA,NA,0,0,0,0,"","","","","V2025.09.12"
"9758",704,"UZB","Uzbekistan",2019,NA,NA,0,0,0,0,"","","","","V2025.09.12"
"9759",704,"UZB","Uzbekistan",2020,NA,NA,0,0,0,0,"","","","","V2025.09.12"
"9760",704,"UZB","Uzbekistan",2021,NA,NA,0,0,0,0,"","","","","V2025.09.12"
"9761",704,"UZB","Uzbekistan",2022,NA,NA,0,0,0,0,"","","","","V2025.09.12"
"9762",704,"UZB","Uzbekistan",2023,NA,NA,0,0,0,0,"","","","","V2025.09.12"
"9763",704,"UZB","Uzbekistan",2024,NA,NA,0,0,0,0,"","","","","V2025.09.12"
"9764",705,"KZK","Kazakhstan",1991,NA,NA,0,0,0,0,"","","","","V2025.09.12"
"9765",705,"KZK","Kazakhstan",1992,NA,NA,0,0,0,0,"","","","","V2025.09.12"
"9766",705,"KZK","Kazakhstan",1993,NA,NA,0,0,0,0,"","","","","V2025.09.12"
"9767",705,"KZK","Kazakhstan",1994,NA,NA,0,0,0,0,"","","","","V2025.09.12"
"9768",705,"KZK","Kazakhstan",1995,NA,NA,0,0,0,0,"","","","","V2025.09.12"
"9769",705,"KZK","Kazakhstan",1996,NA,NA,0,0,0,0,"","","","","V2025.09.12"
"9770",705,"KZK","Kazakhstan",1997,NA,NA,0,0,0,0,"","","","","V2025.09.12"
"9771",705,"KZK","Kazakhstan",1998,NA,NA,0,0,0,0,"","","","","V2025.09.12"
"9772",705,"KZK","Kazakhstan",1999,NA,NA,0,0,0,0,"","","","","V2025.09.12"
"9773",705,"KZK","Kazakhstan",2000,NA,NA,0,0,0,0,"","","","","V2025.09.12"
"9774",705,"KZK","Kazakhstan",2001,NA,NA,0,0,0,0,"","","","","V2025.09.12"
"9775",705,"KZK","Kazakhstan",2002,NA,NA,0,0,0,0,"","","","","V2025.09.12"
"9776",705,"KZK","Kazakhstan",2003,NA,NA,0,0,0,0,"","","","","V2025.09.12"
"9777",705,"KZK","Kazakhstan",2004,NA,NA,0,0,0,0,"","","","","V2025.09.12"
"9778",705,"KZK","Kazakhstan",2005,NA,NA,0,0,0,0,"","","","","V2025.09.12"
"9779",705,"KZK","Kazakhstan",2006,NA,NA,0,0,0,0,"","","","","V2025.09.12"
"9780",705,"KZK","Kazakhstan",2007,NA,NA,0,0,0,0,"","","","","V2025.09.12"
"9781",705,"KZK","Kazakhstan",2008,NA,NA,0,0,0,0,"","","","","V2025.09.12"
"9782",705,"KZK","Kazakhstan",2009,NA,NA,0,0,0,0,"","","","","V2025.09.12"
"9783",705,"KZK","Kazakhstan",2010,NA,NA,0,0,0,0,"","","","","V2025.09.12"
"9784",705,"KZK","Kazakhstan",2011,NA,NA,0,0,0,0,"","","","","V2025.09.12"
"9785",705,"KZK","Kazakhstan",2012,NA,NA,0,0,0,0,"","","","","V2025.09.12"
"9786",705,"KZK","Kazakhstan",2013,NA,NA,0,0,0,0,"","","","","V2025.09.12"
"9787",705,"KZK","Kazakhstan",2014,NA,NA,0,0,0,0,"","","","","V2025.09.12"
"9788",705,"KZK","Kazakhstan",2015,NA,NA,0,0,0,0,"","","","","V2025.09.12"
"9789",705,"KZK","Kazakhstan",2016,NA,NA,0,0,0,0,"","","","","V2025.09.12"
"9790",705,"KZK","Kazakhstan",2017,NA,NA,0,0,0,0,"","","","","V2025.09.12"
"9791",705,"KZK","Kazakhstan",2018,NA,NA,0,0,0,0,"","","","","V2025.09.12"
"9792",705,"KZK","Kazakhstan",2019,NA,NA,0,0,0,0,"","","","","V2025.09.12"
"9793",705,"KZK","Kazakhstan",2020,NA,NA,0,0,0,0,"","","","","V2025.09.12"
"9794",705,"KZK","Kazakhstan",2021,NA,NA,0,0,0,0,"","","","","V2025.09.12"
"9795",705,"KZK","Kazakhstan",2022,NA,NA,0,0,0,0,"","","","","V2025.09.12"
"9796",705,"KZK","Kazakhstan",2023,NA,NA,0,0,0,0,"","","","","V2025.09.12"
"9797",705,"KZK","Kazakhstan",2024,NA,NA,0,0,0,0,"","","","","V2025.09.12"
"9798",710,"CHN","China",1950,NA,NA,0,0,0,0,"","","","","V2025.09.12"
"9799",710,"CHN","China",1951,NA,NA,0,0,0,0,"","","","","V2025.09.12"
"9800",710,"CHN","China",1952,NA,NA,0,0,0,0,"","","","","V2025.09.12"
"9801",710,"CHN","China",1953,NA,NA,0,0,0,0,"","","","","V2025.09.12"
"9802",710,"CHN","China",1954,NA,NA,0,0,0,0,"","","","","V2025.09.12"
"9803",710,"CHN","China",1955,NA,NA,0,0,0,0,"","","","","V2025.09.12"
"9804",710,"CHN","China",1956,NA,NA,0,0,0,0,"","","","","V2025.09.12"
"9805",710,"CHN","China",1957,NA,NA,0,0,0,0,"","","","","V2025.09.12"
"9806",710,"CHN","China",1958,NA,NA,0,0,0,0,"","","","","V2025.09.12"
"9807",710,"CHN","China",1959,NA,NA,0,0,0,0,"","","","","V2025.09.12"
"9808",710,"CHN","China",1960,NA,NA,0,0,0,0,"","","","","V2025.09.12"
"9809",710,"CHN","China",1961,NA,NA,0,0,0,0,"","","","","V2025.09.12"
"9810",710,"CHN","China",1962,NA,NA,0,0,0,0,"","","","","V2025.09.12"
"9811",710,"CHN","China",1963,NA,NA,0,0,0,0,"","","","","V2025.09.12"
"9812",710,"CHN","China",1964,NA,NA,0,0,0,0,"","","","","V2025.09.12"
"9813",710,"CHN","China",1965,NA,NA,0,0,0,0,"","","","","V2025.09.12"
"9814",710,"CHN","China",1966,NA,NA,0,0,0,0,"","","","","V2025.09.12"
"9815",710,"CHN","China",1967,NA,NA,0,0,0,0,"","","","","V2025.09.12"
"9816",710,"CHN","China",1968,NA,NA,0,0,0,0,"","","","","V2025.09.12"
"9817",710,"CHN","China",1969,NA,NA,0,0,0,0,"","","","","V2025.09.12"
"9818",710,"CHN","China",1970,NA,NA,0,0,0,0,"","","","","V2025.09.12"
"9819",710,"CHN","China",1971,NA,NA,0,0,0,0,"","","","","V2025.09.12"
"9820",710,"CHN","China",1972,NA,NA,0,0,0,0,"","","","","V2025.09.12"
"9821",710,"CHN","China",1973,NA,NA,0,0,0,0,"","","","","V2025.09.12"
"9822",710,"CHN","China",1974,NA,NA,0,0,0,0,"","","","","V2025.09.12"
"9823",710,"CHN","China",1975,NA,NA,0,0,0,0,"","","","","V2025.09.12"
"9824",710,"CHN","China",1976,NA,NA,0,0,0,0,"","","","","V2025.09.12"
"9825",710,"CHN","China",1977,NA,NA,0,0,0,0,"","","","","V2025.09.12"
"9826",710,"CHN","China",1978,NA,NA,0,0,0,0,"","","","","V2025.09.12"
"9827",710,"CHN","China",1979,NA,NA,0,0,0,0,"","","","","V2025.09.12"
"9828",710,"CHN","China",1980,NA,NA,0,0,0,0,"","","","","V2025.09.12"
"9829",710,"CHN","China",1981,NA,NA,0,0,0,0,"","","","","V2025.09.12"
"9830",710,"CHN","China",1982,NA,NA,0,0,0,0,"","","","","V2025.09.12"
"9831",710,"CHN","China",1983,NA,NA,0,0,0,0,"","","","","V2025.09.12"
"9832",710,"CHN","China",1984,NA,NA,0,0,0,0,"","","","","V2025.09.12"
"9833",710,"CHN","China",1985,NA,NA,0,0,0,0,"","","","","V2025.09.12"
"9834",710,"CHN","China",1986,NA,NA,0,0,0,0,"","","","","V2025.09.12"
"9835",710,"CHN","China",1987,NA,NA,0,0,0,0,"","","","","V2025.09.12"
"9836",710,"CHN","China",1988,NA,NA,0,0,0,0,"","","","","V2025.09.12"
"9837",710,"CHN","China",1989,NA,NA,0,0,0,0,"","","","","V2025.09.12"
"9838",710,"CHN","China",1990,NA,NA,0,0,0,0,"","","","","V2025.09.12"
"9839",710,"CHN","China",1991,NA,NA,0,0,0,0,"","","","","V2025.09.12"
"9840",710,"CHN","China",1992,NA,NA,0,0,0,0,"","","","","V2025.09.12"
"9841",710,"CHN","China",1993,NA,NA,0,0,0,0,"","","","","V2025.09.12"
"9842",710,"CHN","China",1994,NA,NA,0,0,0,0,"","","","","V2025.09.12"
"9843",710,"CHN","China",1995,NA,NA,0,0,0,0,"","","","","V2025.09.12"
"9844",710,"CHN","China",1996,NA,NA,0,0,0,0,"","","","","V2025.09.12"
"9845",710,"CHN","China",1997,NA,NA,0,0,0,0,"","","","","V2025.09.12"
"9846",710,"CHN","China",1998,NA,NA,0,0,0,0,"","","","","V2025.09.12"
"9847",710,"CHN","China",1999,NA,NA,0,0,0,0,"","","","","V2025.09.12"
"9848",710,"CHN","China",2000,NA,NA,0,0,0,0,"","","","","V2025.09.12"
"9849",710,"CHN","China",2001,NA,NA,0,0,0,0,"","","","","V2025.09.12"
"9850",710,"CHN","China",2002,NA,NA,0,0,0,0,"","","","","V2025.09.12"
"9851",710,"CHN","China",2003,NA,NA,0,0,0,0,"","","","","V2025.09.12"
"9852",710,"CHN","China",2004,NA,NA,0,0,0,0,"","","","","V2025.09.12"
"9853",710,"CHN","China",2005,NA,NA,0,0,0,0,"","","","","V2025.09.12"
"9854",710,"CHN","China",2006,NA,NA,0,0,0,0,"","","","","V2025.09.12"
"9855",710,"CHN","China",2007,NA,NA,0,0,0,0,"","","","","V2025.09.12"
"9856",710,"CHN","China",2008,NA,NA,0,0,0,0,"","","","","V2025.09.12"
"9857",710,"CHN","China",2009,NA,NA,0,0,0,0,"","","","","V2025.09.12"
"9858",710,"CHN","China",2010,NA,NA,0,0,0,0,"","","","","V2025.09.12"
"9859",710,"CHN","China",2011,NA,NA,0,0,0,0,"","","","","V2025.09.12"
"9860",710,"CHN","China",2012,NA,NA,0,0,0,0,"","","","","V2025.09.12"
"9861",710,"CHN","China",2013,NA,NA,0,0,0,0,"","","","","V2025.09.12"
"9862",710,"CHN","China",2014,NA,NA,0,0,0,0,"","","","","V2025.09.12"
"9863",710,"CHN","China",2015,NA,NA,0,0,0,0,"","","","","V2025.09.12"
"9864",710,"CHN","China",2016,NA,NA,0,0,0,0,"","","","","V2025.09.12"
"9865",710,"CHN","China",2017,NA,NA,0,0,0,0,"","","","","V2025.09.12"
"9866",710,"CHN","China",2018,NA,NA,0,0,0,0,"","","","","V2025.09.12"
"9867",710,"CHN","China",2019,NA,NA,0,0,0,0,"","","","","V2025.09.12"
"9868",710,"CHN","China",2020,NA,NA,0,0,0,0,"","","","","V2025.09.12"
"9869",710,"CHN","China",2021,NA,NA,0,0,0,0,"","","","","V2025.09.12"
"9870",710,"CHN","China",2022,NA,NA,0,0,0,0,"","","","","V2025.09.12"
"9871",710,"CHN","China",2023,NA,NA,0,0,0,0,"","","","","V2025.09.12"
"9872",710,"CHN","China",2024,NA,NA,0,0,0,0,"","","","","V2025.09.12"
"9873",711,"TBT","Tibet",1950,NA,NA,0,0,0,0,"","","","","V2025.09.12"
"9874",712,"MON","Mongolia",1950,NA,NA,0,0,0,0,"","","","","V2025.09.12"
"9875",712,"MON","Mongolia",1951,NA,NA,0,0,0,0,"","","","","V2025.09.12"
"9876",712,"MON","Mongolia",1952,NA,NA,0,0,0,0,"","","","","V2025.09.12"
"9877",712,"MON","Mongolia",1953,NA,NA,0,0,0,0,"","","","","V2025.09.12"
"9878",712,"MON","Mongolia",1954,NA,NA,0,0,0,0,"","","","","V2025.09.12"
"9879",712,"MON","Mongolia",1955,NA,NA,0,0,0,0,"","","","","V2025.09.12"
"9880",712,"MON","Mongolia",1956,NA,NA,0,0,0,0,"","","","","V2025.09.12"
"9881",712,"MON","Mongolia",1957,NA,NA,0,0,0,0,"","","","","V2025.09.12"
"9882",712,"MON","Mongolia",1958,NA,NA,0,0,0,0,"","","","","V2025.09.12"
"9883",712,"MON","Mongolia",1959,NA,NA,0,0,0,0,"","","","","V2025.09.12"
"9884",712,"MON","Mongolia",1960,NA,NA,0,0,0,0,"","","","","V2025.09.12"
"9885",712,"MON","Mongolia",1961,NA,NA,0,0,0,0,"","","","","V2025.09.12"
"9886",712,"MON","Mongolia",1962,NA,NA,0,0,0,0,"","","","","V2025.09.12"
"9887",712,"MON","Mongolia",1963,NA,NA,0,0,0,0,"","","","","V2025.09.12"
"9888",712,"MON","Mongolia",1964,NA,NA,0,0,0,0,"","","","","V2025.09.12"
"9889",712,"MON","Mongolia",1965,NA,NA,0,0,0,0,"","","","","V2025.09.12"
"9890",712,"MON","Mongolia",1966,NA,NA,0,0,0,0,"","","","","V2025.09.12"
"9891",712,"MON","Mongolia",1967,NA,NA,0,0,0,0,"","","","","V2025.09.12"
"9892",712,"MON","Mongolia",1968,NA,NA,0,0,0,0,"","","","","V2025.09.12"
"9893",712,"MON","Mongolia",1969,NA,NA,0,0,0,0,"","","","","V2025.09.12"
"9894",712,"MON","Mongolia",1970,NA,NA,0,0,0,0,"","","","","V2025.09.12"
"9895",712,"MON","Mongolia",1971,NA,NA,0,0,0,0,"","","","","V2025.09.12"
"9896",712,"MON","Mongolia",1972,NA,NA,0,0,0,0,"","","","","V2025.09.12"
"9897",712,"MON","Mongolia",1973,NA,NA,0,0,0,0,"","","","","V2025.09.12"
"9898",712,"MON","Mongolia",1974,NA,NA,0,0,0,0,"","","","","V2025.09.12"
"9899",712,"MON","Mongolia",1975,NA,NA,0,0,0,0,"","","","","V2025.09.12"
"9900",712,"MON","Mongolia",1976,NA,NA,0,0,0,0,"","","","","V2025.09.12"
"9901",712,"MON","Mongolia",1977,NA,NA,0,0,0,0,"","","","","V2025.09.12"
"9902",712,"MON","Mongolia",1978,NA,NA,0,0,0,0,"","","","","V2025.09.12"
"9903",712,"MON","Mongolia",1979,NA,NA,0,0,0,0,"","","","","V2025.09.12"
"9904",712,"MON","Mongolia",1980,NA,NA,0,0,0,0,"","","","","V2025.09.12"
"9905",712,"MON","Mongolia",1981,NA,NA,0,0,0,0,"","","","","V2025.09.12"
"9906",712,"MON","Mongolia",1982,NA,NA,0,0,0,0,"","","","","V2025.09.12"
"9907",712,"MON","Mongolia",1983,NA,NA,0,0,0,0,"","","","","V2025.09.12"
"9908",712,"MON","Mongolia",1984,NA,NA,0,0,0,0,"","","","","V2025.09.12"
"9909",712,"MON","Mongolia",1985,NA,NA,0,0,0,0,"","","","","V2025.09.12"
"9910",712,"MON","Mongolia",1986,NA,NA,0,0,0,0,"","","","","V2025.09.12"
"9911",712,"MON","Mongolia",1987,NA,NA,0,0,0,0,"","","","","V2025.09.12"
"9912",712,"MON","Mongolia",1988,NA,NA,0,0,0,0,"","","","","V2025.09.12"
"9913",712,"MON","Mongolia",1989,NA,NA,0,0,0,0,"","","","","V2025.09.12"
"9914",712,"MON","Mongolia",1990,NA,NA,0,0,0,0,"","","","","V2025.09.12"
"9915",712,"MON","Mongolia",1991,NA,NA,0,0,0,0,"","","","","V2025.09.12"
"9916",712,"MON","Mongolia",1992,NA,NA,0,0,0,0,"","","","","V2025.09.12"
"9917",712,"MON","Mongolia",1993,NA,NA,0,0,0,0,"","","","","V2025.09.12"
"9918",712,"MON","Mongolia",1994,NA,NA,0,0,0,0,"","","","","V2025.09.12"
"9919",712,"MON","Mongolia",1995,NA,NA,0,0,0,0,"","","","","V2025.09.12"
"9920",712,"MON","Mongolia",1996,NA,NA,0,0,0,0,"","","","","V2025.09.12"
"9921",712,"MON","Mongolia",1997,NA,NA,0,0,0,0,"","","","","V2025.09.12"
"9922",712,"MON","Mongolia",1998,NA,NA,0,0,0,0,"","","","","V2025.09.12"
"9923",712,"MON","Mongolia",1999,NA,NA,0,0,0,0,"","","","","V2025.09.12"
"9924",712,"MON","Mongolia",2000,NA,NA,0,0,0,0,"","","","","V2025.09.12"
"9925",712,"MON","Mongolia",2001,NA,NA,0,0,0,0,"","","","","V2025.09.12"
"9926",712,"MON","Mongolia",2002,NA,NA,0,0,0,0,"","","","","V2025.09.12"
"9927",712,"MON","Mongolia",2003,NA,NA,0,0,0,0,"","","","","V2025.09.12"
"9928",712,"MON","Mongolia",2004,NA,NA,0,0,0,0,"","","","","V2025.09.12"
"9929",712,"MON","Mongolia",2005,NA,NA,0,0,0,0,"","","","","V2025.09.12"
"9930",712,"MON","Mongolia",2006,NA,NA,0,0,0,0,"","","","","V2025.09.12"
"9931",712,"MON","Mongolia",2007,NA,NA,0,0,0,0,"","","","","V2025.09.12"
"9932",712,"MON","Mongolia",2008,NA,NA,0,0,0,0,"","","","","V2025.09.12"
"9933",712,"MON","Mongolia",2009,NA,NA,0,0,0,0,"","","","","V2025.09.12"
"9934",712,"MON","Mongolia",2010,NA,NA,0,0,0,0,"","","","","V2025.09.12"
"9935",712,"MON","Mongolia",2011,NA,NA,0,0,0,0,"","","","","V2025.09.12"
"9936",712,"MON","Mongolia",2012,NA,NA,0,0,0,0,"","","","","V2025.09.12"
"9937",712,"MON","Mongolia",2013,NA,NA,0,0,0,0,"","","","","V2025.09.12"
"9938",712,"MON","Mongolia",2014,NA,NA,0,0,0,0,"","","","","V2025.09.12"
"9939",712,"MON","Mongolia",2015,NA,NA,0,0,0,0,"","","","","V2025.09.12"
"9940",712,"MON","Mongolia",2016,NA,NA,0,0,0,0,"","","","","V2025.09.12"
"9941",712,"MON","Mongolia",2017,NA,NA,0,0,0,0,"","","","","V2025.09.12"
"9942",712,"MON","Mongolia",2018,NA,NA,0,0,0,0,"","","","","V2025.09.12"
"9943",712,"MON","Mongolia",2019,NA,NA,0,0,0,0,"","","","","V2025.09.12"
"9944",712,"MON","Mongolia",2020,NA,NA,0,0,0,0,"","","","","V2025.09.12"
"9945",712,"MON","Mongolia",2021,NA,NA,0,0,0,0,"","","","","V2025.09.12"
"9946",712,"MON","Mongolia",2022,NA,NA,0,0,0,0,"","","","","V2025.09.12"
"9947",712,"MON","Mongolia",2023,NA,NA,0,0,0,0,"","","","","V2025.09.12"
"9948",712,"MON","Mongolia",2024,NA,NA,0,0,0,0,"","","","","V2025.09.12"
"9949",713,"TAW","Taiwan",1950,NA,NA,0,0,0,0,"","","","","V2025.09.12"
"9950",713,"TAW","Taiwan",1951,NA,NA,0,0,0,0,"","","","","V2025.09.12"
"9951",713,"TAW","Taiwan",1952,NA,NA,0,0,0,0,"","","","","V2025.09.12"
"9952",713,"TAW","Taiwan",1953,NA,NA,0,0,0,0,"","","","","V2025.09.12"
"9953",713,"TAW","Taiwan",1954,NA,NA,0,0,0,0,"","","","","V2025.09.12"
"9954",713,"TAW","Taiwan",1955,NA,NA,0,0,0,0,"","","","","V2025.09.12"
"9955",713,"TAW","Taiwan",1956,NA,NA,0,0,0,0,"","","","","V2025.09.12"
"9956",713,"TAW","Taiwan",1957,NA,NA,0,0,0,0,"","","","","V2025.09.12"
"9957",713,"TAW","Taiwan",1958,NA,NA,0,0,0,0,"","","","","V2025.09.12"
"9958",713,"TAW","Taiwan",1959,NA,NA,0,0,0,0,"","","","","V2025.09.12"
"9959",713,"TAW","Taiwan",1960,NA,NA,0,0,0,0,"","","","","V2025.09.12"
"9960",713,"TAW","Taiwan",1961,NA,NA,0,0,0,0,"","","","","V2025.09.12"
"9961",713,"TAW","Taiwan",1962,NA,NA,0,0,0,0,"","","","","V2025.09.12"
"9962",713,"TAW","Taiwan",1963,NA,NA,0,0,0,0,"","","","","V2025.09.12"
"9963",713,"TAW","Taiwan",1964,NA,NA,0,0,0,0,"","","","","V2025.09.12"
"9964",713,"TAW","Taiwan",1965,NA,NA,0,0,0,0,"","","","","V2025.09.12"
"9965",713,"TAW","Taiwan",1966,NA,NA,0,0,0,0,"","","","","V2025.09.12"
"9966",713,"TAW","Taiwan",1967,NA,NA,0,0,0,0,"","","","","V2025.09.12"
"9967",713,"TAW","Taiwan",1968,NA,NA,0,0,0,0,"","","","","V2025.09.12"
"9968",713,"TAW","Taiwan",1969,NA,NA,0,0,0,0,"","","","","V2025.09.12"
"9969",713,"TAW","Taiwan",1970,NA,NA,0,0,0,0,"","","","","V2025.09.12"
"9970",713,"TAW","Taiwan",1971,NA,NA,0,0,0,0,"","","","","V2025.09.12"
"9971",713,"TAW","Taiwan",1972,NA,NA,0,0,0,0,"","","","","V2025.09.12"
"9972",713,"TAW","Taiwan",1973,NA,NA,0,0,0,0,"","","","","V2025.09.12"
"9973",713,"TAW","Taiwan",1974,NA,NA,0,0,0,0,"","","","","V2025.09.12"
"9974",713,"TAW","Taiwan",1975,NA,NA,0,0,0,0,"","","","","V2025.09.12"
"9975",713,"TAW","Taiwan",1976,NA,NA,0,0,0,0,"","","","","V2025.09.12"
"9976",713,"TAW","Taiwan",1977,NA,NA,0,0,0,0,"","","","","V2025.09.12"
"9977",713,"TAW","Taiwan",1978,NA,NA,0,0,0,0,"","","","","V2025.09.12"
"9978",713,"TAW","Taiwan",1979,NA,NA,0,0,0,0,"","","","","V2025.09.12"
"9979",713,"TAW","Taiwan",1980,NA,NA,0,0,0,0,"","","","","V2025.09.12"
"9980",713,"TAW","Taiwan",1981,NA,NA,0,0,0,0,"","","","","V2025.09.12"
"9981",713,"TAW","Taiwan",1982,NA,NA,0,0,0,0,"","","","","V2025.09.12"
"9982",713,"TAW","Taiwan",1983,NA,NA,0,0,0,0,"","","","","V2025.09.12"
"9983",713,"TAW","Taiwan",1984,NA,NA,0,0,0,0,"","","","","V2025.09.12"
"9984",713,"TAW","Taiwan",1985,NA,NA,0,0,0,0,"","","","","V2025.09.12"
"9985",713,"TAW","Taiwan",1986,NA,NA,0,0,0,0,"","","","","V2025.09.12"
"9986",713,"TAW","Taiwan",1987,NA,NA,0,0,0,0,"","","","","V2025.09.12"
"9987",713,"TAW","Taiwan",1988,NA,NA,0,0,0,0,"","","","","V2025.09.12"
"9988",713,"TAW","Taiwan",1989,NA,NA,0,0,0,0,"","","","","V2025.09.12"
"9989",713,"TAW","Taiwan",1990,NA,NA,0,0,0,0,"","","","","V2025.09.12"
"9990",713,"TAW","Taiwan",1991,NA,NA,0,0,0,0,"","","","","V2025.09.12"
"9991",713,"TAW","Taiwan",1992,NA,NA,0,0,0,0,"","","","","V2025.09.12"
"9992",713,"TAW","Taiwan",1993,NA,NA,0,0,0,0,"","","","","V2025.09.12"
"9993",713,"TAW","Taiwan",1994,NA,NA,0,0,0,0,"","","","","V2025.09.12"
"9994",713,"TAW","Taiwan",1995,NA,NA,0,0,0,0,"","","","","V2025.09.12"
"9995",713,"TAW","Taiwan",1996,NA,NA,0,0,0,0,"","","","","V2025.09.12"
"9996",713,"TAW","Taiwan",1997,NA,NA,0,0,0,0,"","","","","V2025.09.12"
"9997",713,"TAW","Taiwan",1998,NA,NA,0,0,0,0,"","","","","V2025.09.12"
"9998",713,"TAW","Taiwan",1999,NA,NA,0,0,0,0,"","","","","V2025.09.12"
"9999",713,"TAW","Taiwan",2000,NA,NA,0,0,0,0,"","","","","V2025.09.12"
"10000",713,"TAW","Taiwan",2001,NA,NA,0,0,0,0,"","","","","V2025.09.12"
"10001",713,"TAW","Taiwan",2002,NA,NA,0,0,0,0,"","","","","V2025.09.12"
"10002",713,"TAW","Taiwan",2003,NA,NA,0,0,0,0,"","","","","V2025.09.12"
"10003",713,"TAW","Taiwan",2004,NA,NA,0,0,0,0,"","","","","V2025.09.12"
"10004",713,"TAW","Taiwan",2005,NA,NA,0,0,0,0,"","","","","V2025.09.12"
"10005",713,"TAW","Taiwan",2006,NA,NA,0,0,0,0,"","","","","V2025.09.12"
"10006",713,"TAW","Taiwan",2007,NA,NA,0,0,0,0,"","","","","V2025.09.12"
"10007",713,"TAW","Taiwan",2008,NA,NA,0,0,0,0,"","","","","V2025.09.12"
"10008",713,"TAW","Taiwan",2009,NA,NA,0,0,0,0,"","","","","V2025.09.12"
"10009",713,"TAW","Taiwan",2010,NA,NA,0,0,0,0,"","","","","V2025.09.12"
"10010",713,"TAW","Taiwan",2011,NA,NA,0,0,0,0,"","","","","V2025.09.12"
"10011",713,"TAW","Taiwan",2012,NA,NA,0,0,0,0,"","","","","V2025.09.12"
"10012",713,"TAW","Taiwan",2013,NA,NA,0,0,0,0,"","","","","V2025.09.12"
"10013",713,"TAW","Taiwan",2014,NA,NA,0,0,0,0,"","","","","V2025.09.12"
"10014",713,"TAW","Taiwan",2015,NA,NA,0,0,0,0,"","","","","V2025.09.12"
"10015",713,"TAW","Taiwan",2016,NA,NA,0,0,0,0,"","","","","V2025.09.12"
"10016",713,"TAW","Taiwan",2017,NA,NA,0,0,0,0,"","","","","V2025.09.12"
"10017",713,"TAW","Taiwan",2018,NA,NA,0,0,0,0,"","","","","V2025.09.12"
"10018",713,"TAW","Taiwan",2019,NA,NA,0,0,0,0,"","","","","V2025.09.12"
"10019",713,"TAW","Taiwan",2020,NA,NA,0,0,0,0,"","","","","V2025.09.12"
"10020",713,"TAW","Taiwan",2021,NA,NA,0,0,0,0,"","","","","V2025.09.12"
"10021",713,"TAW","Taiwan",2022,NA,NA,0,0,0,0,"","","","","V2025.09.12"
"10022",713,"TAW","Taiwan",2023,NA,NA,0,0,0,0,"","","","","V2025.09.12"
"10023",713,"TAW","Taiwan",2024,NA,NA,0,0,0,0,"","","","","V2025.09.12"
"10024",731,"PRK","Korea, People's Republic of",1950,NA,NA,0,0,0,0,"","","","","V2025.09.12"
"10025",731,"PRK","Korea, People's Republic of",1951,NA,NA,0,0,0,0,"","","","","V2025.09.12"
"10026",731,"PRK","Korea, People's Republic of",1952,NA,NA,0,0,0,0,"","","","","V2025.09.12"
"10027",731,"PRK","Korea, People's Republic of",1953,NA,NA,0,0,0,0,"","","","","V2025.09.12"
"10028",731,"PRK","Korea, People's Republic of",1954,NA,NA,0,0,0,0,"","","","","V2025.09.12"
"10029",731,"PRK","Korea, People's Republic of",1955,NA,NA,0,0,0,0,"","","","","V2025.09.12"
"10030",731,"PRK","Korea, People's Republic of",1956,NA,NA,0,0,0,0,"","","","","V2025.09.12"
"10031",731,"PRK","Korea, People's Republic of",1957,NA,NA,0,0,0,0,"","","","","V2025.09.12"
"10032",731,"PRK","Korea, People's Republic of",1958,NA,NA,0,0,0,0,"","","","","V2025.09.12"
"10033",731,"PRK","Korea, People's Republic of",1959,NA,NA,0,0,0,0,"","","","","V2025.09.12"
"10034",731,"PRK","Korea, People's Republic of",1960,NA,NA,0,0,0,0,"","","","","V2025.09.12"
"10035",731,"PRK","Korea, People's Republic of",1961,NA,NA,0,0,0,0,"","","","","V2025.09.12"
"10036",731,"PRK","Korea, People's Republic of",1962,NA,NA,0,0,0,0,"","","","","V2025.09.12"
"10037",731,"PRK","Korea, People's Republic of",1963,NA,NA,0,0,0,0,"","","","","V2025.09.12"
"10038",731,"PRK","Korea, People's Republic of",1964,NA,NA,0,0,0,0,"","","","","V2025.09.12"
"10039",731,"PRK","Korea, People's Republic of",1965,NA,NA,0,0,0,0,"","","","","V2025.09.12"
"10040",731,"PRK","Korea, People's Republic of",1966,NA,NA,0,0,0,0,"","","","","V2025.09.12"
"10041",731,"PRK","Korea, People's Republic of",1967,NA,NA,0,0,0,0,"","","","","V2025.09.12"
"10042",731,"PRK","Korea, People's Republic of",1968,NA,NA,0,0,0,0,"","","","","V2025.09.12"
"10043",731,"PRK","Korea, People's Republic of",1969,NA,NA,0,0,0,0,"","","","","V2025.09.12"
"10044",731,"PRK","Korea, People's Republic of",1970,NA,NA,0,0,0,0,"","","","","V2025.09.12"
"10045",731,"PRK","Korea, People's Republic of",1971,NA,NA,0,0,0,0,"","","","","V2025.09.12"
"10046",731,"PRK","Korea, People's Republic of",1972,NA,NA,0,0,0,0,"","","","","V2025.09.12"
"10047",731,"PRK","Korea, People's Republic of",1973,NA,NA,0,0,0,0,"","","","","V2025.09.12"
"10048",731,"PRK","Korea, People's Republic of",1974,NA,NA,0,0,0,0,"","","","","V2025.09.12"
"10049",731,"PRK","Korea, People's Republic of",1975,NA,NA,0,0,0,0,"","","","","V2025.09.12"
"10050",731,"PRK","Korea, People's Republic of",1976,NA,NA,0,0,0,0,"","","","","V2025.09.12"
"10051",731,"PRK","Korea, People's Republic of",1977,NA,NA,0,0,0,0,"","","","","V2025.09.12"
"10052",731,"PRK","Korea, People's Republic of",1978,NA,NA,0,0,0,0,"","","","","V2025.09.12"
"10053",731,"PRK","Korea, People's Republic of",1979,NA,NA,0,0,0,0,"","","","","V2025.09.12"
"10054",731,"PRK","Korea, People's Republic of",1980,NA,NA,0,0,0,0,"","","","","V2025.09.12"
"10055",731,"PRK","Korea, People's Republic of",1981,NA,NA,0,0,0,0,"","","","","V2025.09.12"
"10056",731,"PRK","Korea, People's Republic of",1982,NA,NA,0,0,0,0,"","","","","V2025.09.12"
"10057",731,"PRK","Korea, People's Republic of",1983,NA,NA,0,0,0,0,"","","","","V2025.09.12"
"10058",731,"PRK","Korea, People's Republic of",1984,NA,NA,0,0,0,0,"","","","","V2025.09.12"
"10059",731,"PRK","Korea, People's Republic of",1985,NA,NA,0,0,0,0,"","","","","V2025.09.12"
"10060",731,"PRK","Korea, People's Republic of",1986,NA,NA,0,0,0,0,"","","","","V2025.09.12"
"10061",731,"PRK","Korea, People's Republic of",1987,NA,NA,0,0,0,0,"","","","","V2025.09.12"
"10062",731,"PRK","Korea, People's Republic of",1988,NA,NA,0,0,0,0,"","","","","V2025.09.12"
"10063",731,"PRK","Korea, People's Republic of",1989,NA,NA,0,0,0,0,"","","","","V2025.09.12"
"10064",731,"PRK","Korea, People's Republic of",1990,NA,NA,0,0,0,0,"","","","","V2025.09.12"
"10065",731,"PRK","Korea, People's Republic of",1991,NA,NA,0,0,0,0,"","","","","V2025.09.12"
"10066",731,"PRK","Korea, People's Republic of",1992,NA,NA,0,0,0,0,"","","","","V2025.09.12"
"10067",731,"PRK","Korea, People's Republic of",1993,NA,NA,0,0,0,0,"","","","","V2025.09.12"
"10068",731,"PRK","Korea, People's Republic of",1994,NA,NA,0,0,0,0,"","","","","V2025.09.12"
"10069",731,"PRK","Korea, People's Republic of",1995,NA,NA,0,0,0,0,"","","","","V2025.09.12"
"10070",731,"PRK","Korea, People's Republic of",1996,NA,NA,0,0,0,0,"","","","","V2025.09.12"
"10071",731,"PRK","Korea, People's Republic of",1997,NA,NA,0,0,0,0,"","","","","V2025.09.12"
"10072",731,"PRK","Korea, People's Republic of",1998,NA,NA,0,0,0,0,"","","","","V2025.09.12"
"10073",731,"PRK","Korea, People's Republic of",1999,NA,NA,0,0,0,0,"","","","","V2025.09.12"
"10074",731,"PRK","Korea, People's Republic of",2000,NA,NA,0,0,0,0,"","","","","V2025.09.12"
"10075",731,"PRK","Korea, People's Republic of",2001,NA,NA,0,0,0,0,"","","","","V2025.09.12"
"10076",731,"PRK","Korea, People's Republic of",2002,NA,NA,0,0,0,0,"","","","","V2025.09.12"
"10077",731,"PRK","Korea, People's Republic of",2003,NA,NA,0,0,0,0,"","","","","V2025.09.12"
"10078",731,"PRK","Korea, People's Republic of",2004,NA,NA,0,0,0,0,"","","","","V2025.09.12"
"10079",731,"PRK","Korea, People's Republic of",2005,NA,NA,0,0,0,0,"","","","","V2025.09.12"
"10080",731,"PRK","Korea, People's Republic of",2006,NA,NA,0,0,0,0,"","","","","V2025.09.12"
"10081",731,"PRK","Korea, People's Republic of",2007,NA,NA,0,0,0,0,"","","","","V2025.09.12"
"10082",731,"PRK","Korea, People's Republic of",2008,NA,NA,0,0,0,0,"","","","","V2025.09.12"
"10083",731,"PRK","Korea, People's Republic of",2009,NA,NA,0,0,0,0,"","","","","V2025.09.12"
"10084",731,"PRK","Korea, People's Republic of",2010,NA,NA,0,0,0,0,"","","","","V2025.09.12"
"10085",731,"PRK","Korea, People's Republic of",2011,NA,NA,0,0,0,0,"","","","","V2025.09.12"
"10086",731,"PRK","Korea, People's Republic of",2012,NA,NA,0,0,0,0,"","","","","V2025.09.12"
"10087",731,"PRK","Korea, People's Republic of",2013,NA,NA,0,0,0,0,"","","","","V2025.09.12"
"10088",731,"PRK","Korea, People's Republic of",2014,NA,NA,0,0,0,0,"","","","","V2025.09.12"
"10089",731,"PRK","Korea, People's Republic of",2015,NA,NA,0,0,0,0,"","","","","V2025.09.12"
"10090",731,"PRK","Korea, People's Republic of",2016,NA,NA,0,0,0,0,"","","","","V2025.09.12"
"10091",731,"PRK","Korea, People's Republic of",2017,NA,NA,0,0,0,0,"","","","","V2025.09.12"
"10092",731,"PRK","Korea, People's Republic of",2018,NA,NA,0,0,0,0,"","","","","V2025.09.12"
"10093",731,"PRK","Korea, People's Republic of",2019,NA,NA,0,0,0,0,"","","","","V2025.09.12"
"10094",731,"PRK","Korea, People's Republic of",2020,NA,NA,0,0,0,0,"","","","","V2025.09.12"
"10095",731,"PRK","Korea, People's Republic of",2021,NA,NA,0,0,0,0,"","","","","V2025.09.12"
"10096",731,"PRK","Korea, People's Republic of",2022,NA,NA,0,0,0,0,"","","","","V2025.09.12"
"10097",731,"PRK","Korea, People's Republic of",2023,NA,NA,0,0,0,0,"","","","","V2025.09.12"
"10098",731,"PRK","Korea, People's Republic of",2024,NA,NA,0,0,0,0,"","","","","V2025.09.12"
"10099",732,"ROK","Korea, Republic of",1950,NA,NA,0,0,0,0,"","","","","V2025.09.12"
"10100",732,"ROK","Korea, Republic of",1951,NA,NA,0,0,0,0,"","","","","V2025.09.12"
"10101",732,"ROK","Korea, Republic of",1952,NA,NA,0,0,0,0,"","","","","V2025.09.12"
"10102",732,"ROK","Korea, Republic of",1953,NA,NA,0,0,0,0,"","","","","V2025.09.12"
"10103",732,"ROK","Korea, Republic of",1954,NA,NA,0,0,0,0,"","","","","V2025.09.12"
"10104",732,"ROK","Korea, Republic of",1955,NA,NA,0,0,0,0,"","","","","V2025.09.12"
"10105",732,"ROK","Korea, Republic of",1956,NA,NA,0,0,0,0,"","","","","V2025.09.12"
"10106",732,"ROK","Korea, Republic of",1957,NA,NA,0,0,0,0,"","","","","V2025.09.12"
"10107",732,"ROK","Korea, Republic of",1958,NA,NA,0,0,0,0,"","","","","V2025.09.12"
"10108",732,"ROK","Korea, Republic of",1959,NA,NA,0,0,0,0,"","","","","V2025.09.12"
"10109",732,"ROK","Korea, Republic of",1960,NA,NA,0,0,0,0,"","","","","V2025.09.12"
"10110",732,"ROK","Korea, Republic of",1961,NA,NA,2,0,0,0,"16may1961","","","","V2025.09.12"
"10111",732,"ROK","Korea, Republic of",1962,NA,NA,0,0,0,0,"","","","","V2025.09.12"
"10112",732,"ROK","Korea, Republic of",1963,NA,NA,0,0,0,0,"","","","","V2025.09.12"
"10113",732,"ROK","Korea, Republic of",1964,NA,NA,0,0,0,0,"","","","","V2025.09.12"
"10114",732,"ROK","Korea, Republic of",1965,NA,NA,0,0,0,0,"","","","","V2025.09.12"
"10115",732,"ROK","Korea, Republic of",1966,NA,NA,0,0,0,0,"","","","","V2025.09.12"
"10116",732,"ROK","Korea, Republic of",1967,NA,NA,0,0,0,0,"","","","","V2025.09.12"
"10117",732,"ROK","Korea, Republic of",1968,NA,NA,0,0,0,0,"","","","","V2025.09.12"
"10118",732,"ROK","Korea, Republic of",1969,NA,NA,0,0,0,0,"","","","","V2025.09.12"
"10119",732,"ROK","Korea, Republic of",1970,NA,NA,0,0,0,0,"","","","","V2025.09.12"
"10120",732,"ROK","Korea, Republic of",1971,NA,NA,0,0,0,0,"","","","","V2025.09.12"
"10121",732,"ROK","Korea, Republic of",1972,NA,NA,0,0,0,0,"","","","","V2025.09.12"
"10122",732,"ROK","Korea, Republic of",1973,NA,NA,0,0,0,0,"","","","","V2025.09.12"
"10123",732,"ROK","Korea, Republic of",1974,NA,NA,0,0,0,0,"","","","","V2025.09.12"
"10124",732,"ROK","Korea, Republic of",1975,NA,NA,0,0,0,0,"","","","","V2025.09.12"
"10125",732,"ROK","Korea, Republic of",1976,NA,NA,0,0,0,0,"","","","","V2025.09.12"
"10126",732,"ROK","Korea, Republic of",1977,NA,NA,0,0,0,0,"","","","","V2025.09.12"
"10127",732,"ROK","Korea, Republic of",1978,NA,NA,0,0,0,0,"","","","","V2025.09.12"
"10128",732,"ROK","Korea, Republic of",1979,NA,NA,0,0,0,0,"","","","","V2025.09.12"
"10129",732,"ROK","Korea, Republic of",1980,NA,NA,0,0,0,0,"","","","","V2025.09.12"
"10130",732,"ROK","Korea, Republic of",1981,NA,NA,0,0,0,0,"","","","","V2025.09.12"
"10131",732,"ROK","Korea, Republic of",1982,NA,NA,0,0,0,0,"","","","","V2025.09.12"
"10132",732,"ROK","Korea, Republic of",1983,NA,NA,0,0,0,0,"","","","","V2025.09.12"
"10133",732,"ROK","Korea, Republic of",1984,NA,NA,0,0,0,0,"","","","","V2025.09.12"
"10134",732,"ROK","Korea, Republic of",1985,NA,NA,0,0,0,0,"","","","","V2025.09.12"
"10135",732,"ROK","Korea, Republic of",1986,NA,NA,0,0,0,0,"","","","","V2025.09.12"
"10136",732,"ROK","Korea, Republic of",1987,NA,NA,0,0,0,0,"","","","","V2025.09.12"
"10137",732,"ROK","Korea, Republic of",1988,NA,NA,0,0,0,0,"","","","","V2025.09.12"
"10138",732,"ROK","Korea, Republic of",1989,NA,NA,0,0,0,0,"","","","","V2025.09.12"
"10139",732,"ROK","Korea, Republic of",1990,NA,NA,0,0,0,0,"","","","","V2025.09.12"
"10140",732,"ROK","Korea, Republic of",1991,NA,NA,0,0,0,0,"","","","","V2025.09.12"
"10141",732,"ROK","Korea, Republic of",1992,NA,NA,0,0,0,0,"","","","","V2025.09.12"
"10142",732,"ROK","Korea, Republic of",1993,NA,NA,0,0,0,0,"","","","","V2025.09.12"
"10143",732,"ROK","Korea, Republic of",1994,NA,NA,0,0,0,0,"","","","","V2025.09.12"
"10144",732,"ROK","Korea, Republic of",1995,NA,NA,0,0,0,0,"","","","","V2025.09.12"
"10145",732,"ROK","Korea, Republic of",1996,NA,NA,0,0,0,0,"","","","","V2025.09.12"
"10146",732,"ROK","Korea, Republic of",1997,NA,NA,0,0,0,0,"","","","","V2025.09.12"
"10147",732,"ROK","Korea, Republic of",1998,NA,NA,0,0,0,0,"","","","","V2025.09.12"
"10148",732,"ROK","Korea, Republic of",1999,NA,NA,0,0,0,0,"","","","","V2025.09.12"
"10149",732,"ROK","Korea, Republic of",2000,NA,NA,0,0,0,0,"","","","","V2025.09.12"
"10150",732,"ROK","Korea, Republic of",2001,NA,NA,0,0,0,0,"","","","","V2025.09.12"
"10151",732,"ROK","Korea, Republic of",2002,NA,NA,0,0,0,0,"","","","","V2025.09.12"
"10152",732,"ROK","Korea, Republic of",2003,NA,NA,0,0,0,0,"","","","","V2025.09.12"
"10153",732,"ROK","Korea, Republic of",2004,NA,NA,0,0,0,0,"","","","","V2025.09.12"
"10154",732,"ROK","Korea, Republic of",2005,NA,NA,0,0,0,0,"","","","","V2025.09.12"
"10155",732,"ROK","Korea, Republic of",2006,NA,NA,0,0,0,0,"","","","","V2025.09.12"
"10156",732,"ROK","Korea, Republic of",2007,NA,NA,0,0,0,0,"","","","","V2025.09.12"
"10157",732,"ROK","Korea, Republic of",2008,NA,NA,0,0,0,0,"","","","","V2025.09.12"
"10158",732,"ROK","Korea, Republic of",2009,NA,NA,0,0,0,0,"","","","","V2025.09.12"
"10159",732,"ROK","Korea, Republic of",2010,NA,NA,0,0,0,0,"","","","","V2025.09.12"
"10160",732,"ROK","Korea, Republic of",2011,NA,NA,0,0,0,0,"","","","","V2025.09.12"
"10161",732,"ROK","Korea, Republic of",2012,NA,NA,0,0,0,0,"","","","","V2025.09.12"
"10162",732,"ROK","Korea, Republic of",2013,NA,NA,0,0,0,0,"","","","","V2025.09.12"
"10163",732,"ROK","Korea, Republic of",2014,NA,NA,0,0,0,0,"","","","","V2025.09.12"
"10164",732,"ROK","Korea, Republic of",2015,NA,NA,0,0,0,0,"","","","","V2025.09.12"
"10165",732,"ROK","Korea, Republic of",2016,NA,NA,0,0,0,0,"","","","","V2025.09.12"
"10166",732,"ROK","Korea, Republic of",2017,NA,NA,0,0,0,0,"","","","","V2025.09.12"
"10167",732,"ROK","Korea, Republic of",2018,NA,NA,0,0,0,0,"","","","","V2025.09.12"
"10168",732,"ROK","Korea, Republic of",2019,NA,NA,0,0,0,0,"","","","","V2025.09.12"
"10169",732,"ROK","Korea, Republic of",2020,NA,NA,0,0,0,0,"","","","","V2025.09.12"
"10170",732,"ROK","Korea, Republic of",2021,NA,NA,0,0,0,0,"","","","","V2025.09.12"
"10171",732,"ROK","Korea, Republic of",2022,NA,NA,0,0,0,0,"","","","","V2025.09.12"
"10172",732,"ROK","Korea, Republic of",2023,NA,NA,0,0,0,0,"","","","","V2025.09.12"
"10173",732,"ROK","Korea, Republic of",2024,NA,NA,0,0,0,0,"","","","","V2025.09.12"
"10174",740,"JPN","Japan",1950,NA,NA,0,0,0,0,"","","","","V2025.09.12"
"10175",740,"JPN","Japan",1951,NA,NA,0,0,0,0,"","","","","V2025.09.12"
"10176",740,"JPN","Japan",1952,NA,NA,0,0,0,0,"","","","","V2025.09.12"
"10177",740,"JPN","Japan",1953,NA,NA,0,0,0,0,"","","","","V2025.09.12"
"10178",740,"JPN","Japan",1954,NA,NA,0,0,0,0,"","","","","V2025.09.12"
"10179",740,"JPN","Japan",1955,NA,NA,0,0,0,0,"","","","","V2025.09.12"
"10180",740,"JPN","Japan",1956,NA,NA,0,0,0,0,"","","","","V2025.09.12"
"10181",740,"JPN","Japan",1957,NA,NA,0,0,0,0,"","","","","V2025.09.12"
"10182",740,"JPN","Japan",1958,NA,NA,0,0,0,0,"","","","","V2025.09.12"
"10183",740,"JPN","Japan",1959,NA,NA,0,0,0,0,"","","","","V2025.09.12"
"10184",740,"JPN","Japan",1960,NA,NA,0,0,0,0,"","","","","V2025.09.12"
"10185",740,"JPN","Japan",1961,NA,NA,0,0,0,0,"","","","","V2025.09.12"
"10186",740,"JPN","Japan",1962,NA,NA,0,0,0,0,"","","","","V2025.09.12"
"10187",740,"JPN","Japan",1963,NA,NA,0,0,0,0,"","","","","V2025.09.12"
"10188",740,"JPN","Japan",1964,NA,NA,0,0,0,0,"","","","","V2025.09.12"
"10189",740,"JPN","Japan",1965,NA,NA,0,0,0,0,"","","","","V2025.09.12"
"10190",740,"JPN","Japan",1966,NA,NA,0,0,0,0,"","","","","V2025.09.12"
"10191",740,"JPN","Japan",1967,NA,NA,0,0,0,0,"","","","","V2025.09.12"
"10192",740,"JPN","Japan",1968,NA,NA,0,0,0,0,"","","","","V2025.09.12"
"10193",740,"JPN","Japan",1969,NA,NA,0,0,0,0,"","","","","V2025.09.12"
"10194",740,"JPN","Japan",1970,NA,NA,0,0,0,0,"","","","","V2025.09.12"
"10195",740,"JPN","Japan",1971,NA,NA,0,0,0,0,"","","","","V2025.09.12"
"10196",740,"JPN","Japan",1972,NA,NA,0,0,0,0,"","","","","V2025.09.12"
"10197",740,"JPN","Japan",1973,NA,NA,0,0,0,0,"","","","","V2025.09.12"
"10198",740,"JPN","Japan",1974,NA,NA,0,0,0,0,"","","","","V2025.09.12"
"10199",740,"JPN","Japan",1975,NA,NA,0,0,0,0,"","","","","V2025.09.12"
"10200",740,"JPN","Japan",1976,NA,NA,0,0,0,0,"","","","","V2025.09.12"
"10201",740,"JPN","Japan",1977,NA,NA,0,0,0,0,"","","","","V2025.09.12"
"10202",740,"JPN","Japan",1978,NA,NA,0,0,0,0,"","","","","V2025.09.12"
"10203",740,"JPN","Japan",1979,NA,NA,0,0,0,0,"","","","","V2025.09.12"
"10204",740,"JPN","Japan",1980,NA,NA,0,0,0,0,"","","","","V2025.09.12"
"10205",740,"JPN","Japan",1981,NA,NA,0,0,0,0,"","","","","V2025.09.12"
"10206",740,"JPN","Japan",1982,NA,NA,0,0,0,0,"","","","","V2025.09.12"
"10207",740,"JPN","Japan",1983,NA,NA,0,0,0,0,"","","","","V2025.09.12"
"10208",740,"JPN","Japan",1984,NA,NA,0,0,0,0,"","","","","V2025.09.12"
"10209",740,"JPN","Japan",1985,NA,NA,0,0,0,0,"","","","","V2025.09.12"
"10210",740,"JPN","Japan",1986,NA,NA,0,0,0,0,"","","","","V2025.09.12"
"10211",740,"JPN","Japan",1987,NA,NA,0,0,0,0,"","","","","V2025.09.12"
"10212",740,"JPN","Japan",1988,NA,NA,0,0,0,0,"","","","","V2025.09.12"
"10213",740,"JPN","Japan",1989,NA,NA,0,0,0,0,"","","","","V2025.09.12"
"10214",740,"JPN","Japan",1990,NA,NA,0,0,0,0,"","","","","V2025.09.12"
"10215",740,"JPN","Japan",1991,NA,NA,0,0,0,0,"","","","","V2025.09.12"
"10216",740,"JPN","Japan",1992,NA,NA,0,0,0,0,"","","","","V2025.09.12"
"10217",740,"JPN","Japan",1993,NA,NA,0,0,0,0,"","","","","V2025.09.12"
"10218",740,"JPN","Japan",1994,NA,NA,0,0,0,0,"","","","","V2025.09.12"
"10219",740,"JPN","Japan",1995,NA,NA,0,0,0,0,"","","","","V2025.09.12"
"10220",740,"JPN","Japan",1996,NA,NA,0,0,0,0,"","","","","V2025.09.12"
"10221",740,"JPN","Japan",1997,NA,NA,0,0,0,0,"","","","","V2025.09.12"
"10222",740,"JPN","Japan",1998,NA,NA,0,0,0,0,"","","","","V2025.09.12"
"10223",740,"JPN","Japan",1999,NA,NA,0,0,0,0,"","","","","V2025.09.12"
"10224",740,"JPN","Japan",2000,NA,NA,0,0,0,0,"","","","","V2025.09.12"
"10225",740,"JPN","Japan",2001,NA,NA,0,0,0,0,"","","","","V2025.09.12"
"10226",740,"JPN","Japan",2002,NA,NA,0,0,0,0,"","","","","V2025.09.12"
"10227",740,"JPN","Japan",2003,NA,NA,0,0,0,0,"","","","","V2025.09.12"
"10228",740,"JPN","Japan",2004,NA,NA,0,0,0,0,"","","","","V2025.09.12"
"10229",740,"JPN","Japan",2005,NA,NA,0,0,0,0,"","","","","V2025.09.12"
"10230",740,"JPN","Japan",2006,NA,NA,0,0,0,0,"","","","","V2025.09.12"
"10231",740,"JPN","Japan",2007,NA,NA,0,0,0,0,"","","","","V2025.09.12"
"10232",740,"JPN","Japan",2008,NA,NA,0,0,0,0,"","","","","V2025.09.12"
"10233",740,"JPN","Japan",2009,NA,NA,0,0,0,0,"","","","","V2025.09.12"
"10234",740,"JPN","Japan",2010,NA,NA,0,0,0,0,"","","","","V2025.09.12"
"10235",740,"JPN","Japan",2011,NA,NA,0,0,0,0,"","","","","V2025.09.12"
"10236",740,"JPN","Japan",2012,NA,NA,0,0,0,0,"","","","","V2025.09.12"
"10237",740,"JPN","Japan",2013,NA,NA,0,0,0,0,"","","","","V2025.09.12"
"10238",740,"JPN","Japan",2014,NA,NA,0,0,0,0,"","","","","V2025.09.12"
"10239",740,"JPN","Japan",2015,NA,NA,0,0,0,0,"","","","","V2025.09.12"
"10240",740,"JPN","Japan",2016,NA,NA,0,0,0,0,"","","","","V2025.09.12"
"10241",740,"JPN","Japan",2017,NA,NA,0,0,0,0,"","","","","V2025.09.12"
"10242",740,"JPN","Japan",2018,NA,NA,0,0,0,0,"","","","","V2025.09.12"
"10243",740,"JPN","Japan",2019,NA,NA,0,0,0,0,"","","","","V2025.09.12"
"10244",740,"JPN","Japan",2020,NA,NA,0,0,0,0,"","","","","V2025.09.12"
"10245",740,"JPN","Japan",2021,NA,NA,0,0,0,0,"","","","","V2025.09.12"
"10246",740,"JPN","Japan",2022,NA,NA,0,0,0,0,"","","","","V2025.09.12"
"10247",740,"JPN","Japan",2023,NA,NA,0,0,0,0,"","","","","V2025.09.12"
"10248",740,"JPN","Japan",2024,NA,NA,0,0,0,0,"","","","","V2025.09.12"
"10249",750,"IND","India",1950,NA,NA,0,0,0,0,"","","","","V2025.09.12"
"10250",750,"IND","India",1951,NA,NA,0,0,0,0,"","","","","V2025.09.12"
"10251",750,"IND","India",1952,NA,NA,0,0,0,0,"","","","","V2025.09.12"
"10252",750,"IND","India",1953,NA,NA,0,0,0,0,"","","","","V2025.09.12"
"10253",750,"IND","India",1954,NA,NA,0,0,0,0,"","","","","V2025.09.12"
"10254",750,"IND","India",1955,NA,NA,0,0,0,0,"","","","","V2025.09.12"
"10255",750,"IND","India",1956,NA,NA,0,0,0,0,"","","","","V2025.09.12"
"10256",750,"IND","India",1957,NA,NA,0,0,0,0,"","","","","V2025.09.12"
"10257",750,"IND","India",1958,NA,NA,0,0,0,0,"","","","","V2025.09.12"
"10258",750,"IND","India",1959,NA,NA,0,0,0,0,"","","","","V2025.09.12"
"10259",750,"IND","India",1960,NA,NA,0,0,0,0,"","","","","V2025.09.12"
"10260",750,"IND","India",1961,NA,NA,0,0,0,0,"","","","","V2025.09.12"
"10261",750,"IND","India",1962,NA,NA,0,0,0,0,"","","","","V2025.09.12"
"10262",750,"IND","India",1963,NA,NA,0,0,0,0,"","","","","V2025.09.12"
"10263",750,"IND","India",1964,NA,NA,0,0,0,0,"","","","","V2025.09.12"
"10264",750,"IND","India",1965,NA,NA,0,0,0,0,"","","","","V2025.09.12"
"10265",750,"IND","India",1966,NA,NA,0,0,0,0,"","","","","V2025.09.12"
"10266",750,"IND","India",1967,NA,NA,0,0,0,0,"","","","","V2025.09.12"
"10267",750,"IND","India",1968,NA,NA,0,0,0,0,"","","","","V2025.09.12"
"10268",750,"IND","India",1969,NA,NA,0,0,0,0,"","","","","V2025.09.12"
"10269",750,"IND","India",1970,NA,NA,0,0,0,0,"","","","","V2025.09.12"
"10270",750,"IND","India",1971,NA,NA,0,0,0,0,"","","","","V2025.09.12"
"10271",750,"IND","India",1972,NA,NA,0,0,0,0,"","","","","V2025.09.12"
"10272",750,"IND","India",1973,NA,NA,0,0,0,0,"","","","","V2025.09.12"
"10273",750,"IND","India",1974,NA,NA,0,0,0,0,"","","","","V2025.09.12"
"10274",750,"IND","India",1975,NA,NA,0,0,0,0,"","","","","V2025.09.12"
"10275",750,"IND","India",1976,NA,NA,0,0,0,0,"","","","","V2025.09.12"
"10276",750,"IND","India",1977,NA,NA,0,0,0,0,"","","","","V2025.09.12"
"10277",750,"IND","India",1978,NA,NA,0,0,0,0,"","","","","V2025.09.12"
"10278",750,"IND","India",1979,NA,NA,0,0,0,0,"","","","","V2025.09.12"
"10279",750,"IND","India",1980,NA,NA,0,0,0,0,"","","","","V2025.09.12"
"10280",750,"IND","India",1981,NA,NA,0,0,0,0,"","","","","V2025.09.12"
"10281",750,"IND","India",1982,NA,NA,0,0,0,0,"","","","","V2025.09.12"
"10282",750,"IND","India",1983,NA,NA,0,0,0,0,"","","","","V2025.09.12"
"10283",750,"IND","India",1984,NA,NA,0,0,0,0,"","","","","V2025.09.12"
"10284",750,"IND","India",1985,NA,NA,0,0,0,0,"","","","","V2025.09.12"
"10285",750,"IND","India",1986,NA,NA,0,0,0,0,"","","","","V2025.09.12"
"10286",750,"IND","India",1987,NA,NA,0,0,0,0,"","","","","V2025.09.12"
"10287",750,"IND","India",1988,NA,NA,0,0,0,0,"","","","","V2025.09.12"
"10288",750,"IND","India",1989,NA,NA,0,0,0,0,"","","","","V2025.09.12"
"10289",750,"IND","India",1990,NA,NA,0,0,0,0,"","","","","V2025.09.12"
"10290",750,"IND","India",1991,NA,NA,0,0,0,0,"","","","","V2025.09.12"
"10291",750,"IND","India",1992,NA,NA,0,0,0,0,"","","","","V2025.09.12"
"10292",750,"IND","India",1993,NA,NA,0,0,0,0,"","","","","V2025.09.12"
"10293",750,"IND","India",1994,NA,NA,0,0,0,0,"","","","","V2025.09.12"
"10294",750,"IND","India",1995,NA,NA,0,0,0,0,"","","","","V2025.09.12"
"10295",750,"IND","India",1996,NA,NA,0,0,0,0,"","","","","V2025.09.12"
"10296",750,"IND","India",1997,NA,NA,0,0,0,0,"","","","","V2025.09.12"
"10297",750,"IND","India",1998,NA,NA,0,0,0,0,"","","","","V2025.09.12"
"10298",750,"IND","India",1999,NA,NA,0,0,0,0,"","","","","V2025.09.12"
"10299",750,"IND","India",2000,NA,NA,0,0,0,0,"","","","","V2025.09.12"
"10300",750,"IND","India",2001,NA,NA,0,0,0,0,"","","","","V2025.09.12"
"10301",750,"IND","India",2002,NA,NA,0,0,0,0,"","","","","V2025.09.12"
"10302",750,"IND","India",2003,NA,NA,0,0,0,0,"","","","","V2025.09.12"
"10303",750,"IND","India",2004,NA,NA,0,0,0,0,"","","","","V2025.09.12"
"10304",750,"IND","India",2005,NA,NA,0,0,0,0,"","","","","V2025.09.12"
"10305",750,"IND","India",2006,NA,NA,0,0,0,0,"","","","","V2025.09.12"
"10306",750,"IND","India",2007,NA,NA,0,0,0,0,"","","","","V2025.09.12"
"10307",750,"IND","India",2008,NA,NA,0,0,0,0,"","","","","V2025.09.12"
"10308",750,"IND","India",2009,NA,NA,0,0,0,0,"","","","","V2025.09.12"
"10309",750,"IND","India",2010,NA,NA,0,0,0,0,"","","","","V2025.09.12"
"10310",750,"IND","India",2011,NA,NA,0,0,0,0,"","","","","V2025.09.12"
"10311",750,"IND","India",2012,NA,NA,0,0,0,0,"","","","","V2025.09.12"
"10312",750,"IND","India",2013,NA,NA,0,0,0,0,"","","","","V2025.09.12"
"10313",750,"IND","India",2014,NA,NA,0,0,0,0,"","","","","V2025.09.12"
"10314",750,"IND","India",2015,NA,NA,0,0,0,0,"","","","","V2025.09.12"
"10315",750,"IND","India",2016,NA,NA,0,0,0,0,"","","","","V2025.09.12"
"10316",750,"IND","India",2017,NA,NA,0,0,0,0,"","","","","V2025.09.12"
"10317",750,"IND","India",2018,NA,NA,0,0,0,0,"","","","","V2025.09.12"
"10318",750,"IND","India",2019,NA,NA,0,0,0,0,"","","","","V2025.09.12"
"10319",750,"IND","India",2020,NA,NA,0,0,0,0,"","","","","V2025.09.12"
"10320",750,"IND","India",2021,NA,NA,0,0,0,0,"","","","","V2025.09.12"
"10321",750,"IND","India",2022,NA,NA,0,0,0,0,"","","","","V2025.09.12"
"10322",750,"IND","India",2023,NA,NA,0,0,0,0,"","","","","V2025.09.12"
"10323",750,"IND","India",2024,NA,NA,0,0,0,0,"","","","","V2025.09.12"
"10324",760,"BHU","Bhutan",1950,NA,NA,0,0,0,0,"","","","","V2025.09.12"
"10325",760,"BHU","Bhutan",1951,NA,NA,0,0,0,0,"","","","","V2025.09.12"
"10326",760,"BHU","Bhutan",1952,NA,NA,0,0,0,0,"","","","","V2025.09.12"
"10327",760,"BHU","Bhutan",1953,NA,NA,0,0,0,0,"","","","","V2025.09.12"
"10328",760,"BHU","Bhutan",1954,NA,NA,0,0,0,0,"","","","","V2025.09.12"
"10329",760,"BHU","Bhutan",1955,NA,NA,0,0,0,0,"","","","","V2025.09.12"
"10330",760,"BHU","Bhutan",1956,NA,NA,0,0,0,0,"","","","","V2025.09.12"
"10331",760,"BHU","Bhutan",1957,NA,NA,0,0,0,0,"","","","","V2025.09.12"
"10332",760,"BHU","Bhutan",1958,NA,NA,0,0,0,0,"","","","","V2025.09.12"
"10333",760,"BHU","Bhutan",1959,NA,NA,0,0,0,0,"","","","","V2025.09.12"
"10334",760,"BHU","Bhutan",1960,NA,NA,0,0,0,0,"","","","","V2025.09.12"
"10335",760,"BHU","Bhutan",1961,NA,NA,0,0,0,0,"","","","","V2025.09.12"
"10336",760,"BHU","Bhutan",1962,NA,NA,0,0,0,0,"","","","","V2025.09.12"
"10337",760,"BHU","Bhutan",1963,NA,NA,0,0,0,0,"","","","","V2025.09.12"
"10338",760,"BHU","Bhutan",1964,NA,NA,0,0,0,0,"","","","","V2025.09.12"
"10339",760,"BHU","Bhutan",1965,NA,NA,0,0,0,0,"","","","","V2025.09.12"
"10340",760,"BHU","Bhutan",1966,NA,NA,0,0,0,0,"","","","","V2025.09.12"
"10341",760,"BHU","Bhutan",1967,NA,NA,0,0,0,0,"","","","","V2025.09.12"
"10342",760,"BHU","Bhutan",1968,NA,NA,0,0,0,0,"","","","","V2025.09.12"
"10343",760,"BHU","Bhutan",1969,NA,NA,0,0,0,0,"","","","","V2025.09.12"
"10344",760,"BHU","Bhutan",1970,NA,NA,0,0,0,0,"","","","","V2025.09.12"
"10345",760,"BHU","Bhutan",1971,NA,NA,0,0,0,0,"","","","","V2025.09.12"
"10346",760,"BHU","Bhutan",1972,NA,NA,0,0,0,0,"","","","","V2025.09.12"
"10347",760,"BHU","Bhutan",1973,NA,NA,0,0,0,0,"","","","","V2025.09.12"
"10348",760,"BHU","Bhutan",1974,NA,NA,0,0,0,0,"","","","","V2025.09.12"
"10349",760,"BHU","Bhutan",1975,NA,NA,0,0,0,0,"","","","","V2025.09.12"
"10350",760,"BHU","Bhutan",1976,NA,NA,0,0,0,0,"","","","","V2025.09.12"
"10351",760,"BHU","Bhutan",1977,NA,NA,0,0,0,0,"","","","","V2025.09.12"
"10352",760,"BHU","Bhutan",1978,NA,NA,0,0,0,0,"","","","","V2025.09.12"
"10353",760,"BHU","Bhutan",1979,NA,NA,0,0,0,0,"","","","","V2025.09.12"
"10354",760,"BHU","Bhutan",1980,NA,NA,0,0,0,0,"","","","","V2025.09.12"
"10355",760,"BHU","Bhutan",1981,NA,NA,0,0,0,0,"","","","","V2025.09.12"
"10356",760,"BHU","Bhutan",1982,NA,NA,0,0,0,0,"","","","","V2025.09.12"
"10357",760,"BHU","Bhutan",1983,NA,NA,0,0,0,0,"","","","","V2025.09.12"
"10358",760,"BHU","Bhutan",1984,NA,NA,0,0,0,0,"","","","","V2025.09.12"
"10359",760,"BHU","Bhutan",1985,NA,NA,0,0,0,0,"","","","","V2025.09.12"
"10360",760,"BHU","Bhutan",1986,NA,NA,0,0,0,0,"","","","","V2025.09.12"
"10361",760,"BHU","Bhutan",1987,NA,NA,0,0,0,0,"","","","","V2025.09.12"
"10362",760,"BHU","Bhutan",1988,NA,NA,0,0,0,0,"","","","","V2025.09.12"
"10363",760,"BHU","Bhutan",1989,NA,NA,0,0,0,0,"","","","","V2025.09.12"
"10364",760,"BHU","Bhutan",1990,NA,NA,0,0,0,0,"","","","","V2025.09.12"
"10365",760,"BHU","Bhutan",1991,NA,NA,0,0,0,0,"","","","","V2025.09.12"
"10366",760,"BHU","Bhutan",1992,NA,NA,0,0,0,0,"","","","","V2025.09.12"
"10367",760,"BHU","Bhutan",1993,NA,NA,0,0,0,0,"","","","","V2025.09.12"
"10368",760,"BHU","Bhutan",1994,NA,NA,0,0,0,0,"","","","","V2025.09.12"
"10369",760,"BHU","Bhutan",1995,NA,NA,0,0,0,0,"","","","","V2025.09.12"
"10370",760,"BHU","Bhutan",1996,NA,NA,0,0,0,0,"","","","","V2025.09.12"
"10371",760,"BHU","Bhutan",1997,NA,NA,0,0,0,0,"","","","","V2025.09.12"
"10372",760,"BHU","Bhutan",1998,NA,NA,0,0,0,0,"","","","","V2025.09.12"
"10373",760,"BHU","Bhutan",1999,NA,NA,0,0,0,0,"","","","","V2025.09.12"
"10374",760,"BHU","Bhutan",2000,NA,NA,0,0,0,0,"","","","","V2025.09.12"
"10375",760,"BHU","Bhutan",2001,NA,NA,0,0,0,0,"","","","","V2025.09.12"
"10376",760,"BHU","Bhutan",2002,NA,NA,0,0,0,0,"","","","","V2025.09.12"
"10377",760,"BHU","Bhutan",2003,NA,NA,0,0,0,0,"","","","","V2025.09.12"
"10378",760,"BHU","Bhutan",2004,NA,NA,0,0,0,0,"","","","","V2025.09.12"
"10379",760,"BHU","Bhutan",2005,NA,NA,0,0,0,0,"","","","","V2025.09.12"
"10380",760,"BHU","Bhutan",2006,NA,NA,0,0,0,0,"","","","","V2025.09.12"
"10381",760,"BHU","Bhutan",2007,NA,NA,0,0,0,0,"","","","","V2025.09.12"
"10382",760,"BHU","Bhutan",2008,NA,NA,0,0,0,0,"","","","","V2025.09.12"
"10383",760,"BHU","Bhutan",2009,NA,NA,0,0,0,0,"","","","","V2025.09.12"
"10384",760,"BHU","Bhutan",2010,NA,NA,0,0,0,0,"","","","","V2025.09.12"
"10385",760,"BHU","Bhutan",2011,NA,NA,0,0,0,0,"","","","","V2025.09.12"
"10386",760,"BHU","Bhutan",2012,NA,NA,0,0,0,0,"","","","","V2025.09.12"
"10387",760,"BHU","Bhutan",2013,NA,NA,0,0,0,0,"","","","","V2025.09.12"
"10388",760,"BHU","Bhutan",2014,NA,NA,0,0,0,0,"","","","","V2025.09.12"
"10389",760,"BHU","Bhutan",2015,NA,NA,0,0,0,0,"","","","","V2025.09.12"
"10390",760,"BHU","Bhutan",2016,NA,NA,0,0,0,0,"","","","","V2025.09.12"
"10391",760,"BHU","Bhutan",2017,NA,NA,0,0,0,0,"","","","","V2025.09.12"
"10392",760,"BHU","Bhutan",2018,NA,NA,0,0,0,0,"","","","","V2025.09.12"
"10393",760,"BHU","Bhutan",2019,NA,NA,0,0,0,0,"","","","","V2025.09.12"
"10394",760,"BHU","Bhutan",2020,NA,NA,0,0,0,0,"","","","","V2025.09.12"
"10395",760,"BHU","Bhutan",2021,NA,NA,0,0,0,0,"","","","","V2025.09.12"
"10396",760,"BHU","Bhutan",2022,NA,NA,0,0,0,0,"","","","","V2025.09.12"
"10397",760,"BHU","Bhutan",2023,NA,NA,0,0,0,0,"","","","","V2025.09.12"
"10398",760,"BHU","Bhutan",2024,NA,NA,0,0,0,0,"","","","","V2025.09.12"
"10399",770,"PAK","Pakistan",1950,NA,NA,0,0,0,0,"","","","","V2025.09.12"
"10400",770,"PAK","Pakistan",1951,NA,NA,0,0,0,0,"","","","","V2025.09.12"
"10401",770,"PAK","Pakistan",1952,NA,NA,0,0,0,0,"","","","","V2025.09.12"
"10402",770,"PAK","Pakistan",1953,NA,NA,0,0,0,0,"","","","","V2025.09.12"
"10403",770,"PAK","Pakistan",1954,NA,NA,0,0,0,0,"","","","","V2025.09.12"
"10404",770,"PAK","Pakistan",1955,NA,NA,0,0,0,0,"","","","","V2025.09.12"
"10405",770,"PAK","Pakistan",1956,NA,NA,0,0,0,0,"","","","","V2025.09.12"
"10406",770,"PAK","Pakistan",1957,NA,NA,0,0,0,0,"","","","","V2025.09.12"
"10407",770,"PAK","Pakistan",1958,NA,769,2,0,0,0,"27oct1958","","","","V2025.09.12"
"10408",770,"PAK","Pakistan",1959,NA,NA,0,0,0,0,"","","","","V2025.09.12"
"10409",770,"PAK","Pakistan",1960,NA,NA,0,0,0,0,"","","","","V2025.09.12"
"10410",770,"PAK","Pakistan",1961,NA,NA,0,0,0,0,"","","","","V2025.09.12"
"10411",770,"PAK","Pakistan",1962,NA,NA,0,0,0,0,"","","","","V2025.09.12"
"10412",770,"PAK","Pakistan",1963,NA,NA,0,0,0,0,"","","","","V2025.09.12"
"10413",770,"PAK","Pakistan",1964,NA,NA,0,0,0,0,"","","","","V2025.09.12"
"10414",770,"PAK","Pakistan",1965,NA,NA,0,0,0,0,"","","","","V2025.09.12"
"10415",770,"PAK","Pakistan",1966,NA,NA,0,0,0,0,"","","","","V2025.09.12"
"10416",770,"PAK","Pakistan",1967,NA,NA,0,0,0,0,"","","","","V2025.09.12"
"10417",770,"PAK","Pakistan",1968,NA,NA,0,0,0,0,"","","","","V2025.09.12"
"10418",770,"PAK","Pakistan",1969,NA,NA,0,0,0,0,"","","","","V2025.09.12"
"10419",770,"PAK","Pakistan",1970,NA,NA,0,0,0,0,"","","","","V2025.09.12"
"10420",770,"PAK","Pakistan",1971,NA,769,2,0,0,0,"19dec1971","","","","V2025.09.12"
"10421",770,"PAK","Pakistan",1972,NA,NA,0,0,0,0,"","","","","V2025.09.12"
"10422",770,"PAK","Pakistan",1973,NA,NA,0,0,0,0,"","","","","V2025.09.12"
"10423",770,"PAK","Pakistan",1974,NA,NA,0,0,0,0,"","","","","V2025.09.12"
"10424",770,"PAK","Pakistan",1975,NA,NA,0,0,0,0,"","","","","V2025.09.12"
"10425",770,"PAK","Pakistan",1976,NA,NA,0,0,0,0,"","","","","V2025.09.12"
"10426",770,"PAK","Pakistan",1977,NA,NA,2,0,0,0,"05jul1977","","","","V2025.09.12"
"10427",770,"PAK","Pakistan",1978,NA,NA,0,0,0,0,"","","","","V2025.09.12"
"10428",770,"PAK","Pakistan",1979,NA,NA,0,0,0,0,"","","","","V2025.09.12"
"10429",770,"PAK","Pakistan",1980,NA,NA,0,0,0,0,"","","","","V2025.09.12"
"10430",770,"PAK","Pakistan",1981,NA,NA,0,0,0,0,"","","","","V2025.09.12"
"10431",770,"PAK","Pakistan",1982,NA,NA,0,0,0,0,"","","","","V2025.09.12"
"10432",770,"PAK","Pakistan",1983,NA,NA,0,0,0,0,"","","","","V2025.09.12"
"10433",770,"PAK","Pakistan",1984,NA,NA,0,0,0,0,"","","","","V2025.09.12"
"10434",770,"PAK","Pakistan",1985,NA,NA,0,0,0,0,"","","","","V2025.09.12"
"10435",770,"PAK","Pakistan",1986,NA,NA,0,0,0,0,"","","","","V2025.09.12"
"10436",770,"PAK","Pakistan",1987,NA,NA,0,0,0,0,"","","","","V2025.09.12"
"10437",770,"PAK","Pakistan",1988,NA,NA,0,0,0,0,"","","","","V2025.09.12"
"10438",770,"PAK","Pakistan",1989,NA,NA,0,0,0,0,"","","","","V2025.09.12"
"10439",770,"PAK","Pakistan",1990,NA,NA,0,0,0,0,"","","","","V2025.09.12"
"10440",770,"PAK","Pakistan",1991,NA,NA,0,0,0,0,"","","","","V2025.09.12"
"10441",770,"PAK","Pakistan",1992,NA,NA,0,0,0,0,"","","","","V2025.09.12"
"10442",770,"PAK","Pakistan",1993,NA,NA,0,0,0,0,"","","","","V2025.09.12"
"10443",770,"PAK","Pakistan",1994,NA,NA,0,0,0,0,"","","","","V2025.09.12"
"10444",770,"PAK","Pakistan",1995,NA,NA,0,0,0,0,"","","","","V2025.09.12"
"10445",770,"PAK","Pakistan",1996,NA,NA,0,0,0,0,"","","","","V2025.09.12"
"10446",770,"PAK","Pakistan",1997,NA,NA,0,0,0,0,"","","","","V2025.09.12"
"10447",770,"PAK","Pakistan",1998,NA,NA,0,0,0,0,"","","","","V2025.09.12"
"10448",770,"PAK","Pakistan",1999,NA,NA,2,0,0,0,"12oct1999","","","","V2025.09.12"
"10449",770,"PAK","Pakistan",2000,NA,NA,0,0,0,0,"","","","","V2025.09.12"
"10450",770,"PAK","Pakistan",2001,NA,NA,0,0,0,0,"","","","","V2025.09.12"
"10451",770,"PAK","Pakistan",2002,NA,NA,0,0,0,0,"","","","","V2025.09.12"
"10452",770,"PAK","Pakistan",2003,NA,NA,0,0,0,0,"","","","","V2025.09.12"
"10453",770,"PAK","Pakistan",2004,NA,NA,0,0,0,0,"","","","","V2025.09.12"
"10454",770,"PAK","Pakistan",2005,NA,NA,0,0,0,0,"","","","","V2025.09.12"
"10455",770,"PAK","Pakistan",2006,NA,NA,0,0,0,0,"","","","","V2025.09.12"
"10456",770,"PAK","Pakistan",2007,NA,NA,0,0,0,0,"","","","","V2025.09.12"
"10457",770,"PAK","Pakistan",2008,NA,NA,0,0,0,0,"","","","","V2025.09.12"
"10458",770,"PAK","Pakistan",2009,NA,NA,0,0,0,0,"","","","","V2025.09.12"
"10459",770,"PAK","Pakistan",2010,NA,NA,0,0,0,0,"","","","","V2025.09.12"
"10460",770,"PAK","Pakistan",2011,NA,NA,0,0,0,0,"","","","","V2025.09.12"
"10461",770,"PAK","Pakistan",2012,NA,NA,0,0,0,0,"","","","","V2025.09.12"
"10462",770,"PAK","Pakistan",2013,NA,NA,0,0,0,0,"","","","","V2025.09.12"
"10463",770,"PAK","Pakistan",2014,NA,NA,0,0,0,0,"","","","","V2025.09.12"
"10464",770,"PAK","Pakistan",2015,NA,NA,0,0,0,0,"","","","","V2025.09.12"
"10465",770,"PAK","Pakistan",2016,NA,NA,0,0,0,0,"","","","","V2025.09.12"
"10466",770,"PAK","Pakistan",2017,NA,NA,0,0,0,0,"","","","","V2025.09.12"
"10467",770,"PAK","Pakistan",2018,NA,NA,0,0,0,0,"","","","","V2025.09.12"
"10468",770,"PAK","Pakistan",2019,NA,NA,0,0,0,0,"","","","","V2025.09.12"
"10469",770,"PAK","Pakistan",2020,NA,NA,0,0,0,0,"","","","","V2025.09.12"
"10470",770,"PAK","Pakistan",2021,NA,NA,0,0,0,0,"","","","","V2025.09.12"
"10471",770,"PAK","Pakistan",2022,NA,NA,0,0,0,0,"","","","","V2025.09.12"
"10472",770,"PAK","Pakistan",2023,NA,NA,0,0,0,0,"","","","","V2025.09.12"
"10473",770,"PAK","Pakistan",2024,NA,NA,0,0,0,0,"","","","","V2025.09.12"
"10474",771,"BNG","Bangladesh",1971,NA,NA,0,0,0,0,"","","","","V2025.09.12"
"10475",771,"BNG","Bangladesh",1972,NA,NA,0,0,0,0,"","","","","V2025.09.12"
"10476",771,"BNG","Bangladesh",1973,NA,NA,0,0,0,0,"","","","","V2025.09.12"
"10477",771,"BNG","Bangladesh",1974,NA,NA,0,0,0,0,"","","","","V2025.09.12"
"10478",771,"BNG","Bangladesh",1975,NA,NA,2,2,0,0,"15aug1975","07nov1975","","","V2025.09.12"
"10479",771,"BNG","Bangladesh",1976,NA,NA,0,0,0,0,"","","","","V2025.09.12"
"10480",771,"BNG","Bangladesh",1977,NA,NA,1,0,0,0,"02oct1977","","","","V2025.09.12"
"10481",771,"BNG","Bangladesh",1978,NA,NA,0,0,0,0,"","","","","V2025.09.12"
"10482",771,"BNG","Bangladesh",1979,NA,NA,0,0,0,0,"","","","","V2025.09.12"
"10483",771,"BNG","Bangladesh",1980,NA,NA,0,0,0,0,"","","","","V2025.09.12"
"10484",771,"BNG","Bangladesh",1981,NA,NA,1,0,0,0,"30may1981","","","","V2025.09.12"
"10485",771,"BNG","Bangladesh",1982,NA,NA,2,0,0,0,"24mar1982","","","","V2025.09.12"
"10486",771,"BNG","Bangladesh",1983,NA,NA,0,0,0,0,"","","","","V2025.09.12"
"10487",771,"BNG","Bangladesh",1984,NA,NA,0,0,0,0,"","","","","V2025.09.12"
"10488",771,"BNG","Bangladesh",1985,NA,NA,0,0,0,0,"","","","","V2025.09.12"
"10489",771,"BNG","Bangladesh",1986,NA,NA,0,0,0,0,"","","","","V2025.09.12"
"10490",771,"BNG","Bangladesh",1987,NA,NA,0,0,0,0,"","","","","V2025.09.12"
"10491",771,"BNG","Bangladesh",1988,NA,NA,0,0,0,0,"","","","","V2025.09.12"
"10492",771,"BNG","Bangladesh",1989,NA,NA,0,0,0,0,"","","","","V2025.09.12"
"10493",771,"BNG","Bangladesh",1990,NA,NA,0,0,0,0,"","","","","V2025.09.12"
"10494",771,"BNG","Bangladesh",1991,NA,NA,0,0,0,0,"","","","","V2025.09.12"
"10495",771,"BNG","Bangladesh",1992,NA,NA,0,0,0,0,"","","","","V2025.09.12"
"10496",771,"BNG","Bangladesh",1993,NA,NA,0,0,0,0,"","","","","V2025.09.12"
"10497",771,"BNG","Bangladesh",1994,NA,NA,0,0,0,0,"","","","","V2025.09.12"
"10498",771,"BNG","Bangladesh",1995,NA,NA,0,0,0,0,"","","","","V2025.09.12"
"10499",771,"BNG","Bangladesh",1996,NA,NA,1,0,0,0,"20may1996","","","","V2025.09.12"
"10500",771,"BNG","Bangladesh",1997,NA,NA,0,0,0,0,"","","","","V2025.09.12"
"10501",771,"BNG","Bangladesh",1998,NA,NA,0,0,0,0,"","","","","V2025.09.12"
"10502",771,"BNG","Bangladesh",1999,NA,NA,0,0,0,0,"","","","","V2025.09.12"
"10503",771,"BNG","Bangladesh",2000,NA,NA,0,0,0,0,"","","","","V2025.09.12"
"10504",771,"BNG","Bangladesh",2001,NA,NA,0,0,0,0,"","","","","V2025.09.12"
"10505",771,"BNG","Bangladesh",2002,NA,NA,0,0,0,0,"","","","","V2025.09.12"
"10506",771,"BNG","Bangladesh",2003,NA,NA,0,0,0,0,"","","","","V2025.09.12"
"10507",771,"BNG","Bangladesh",2004,NA,NA,0,0,0,0,"","","","","V2025.09.12"
"10508",771,"BNG","Bangladesh",2005,NA,NA,0,0,0,0,"","","","","V2025.09.12"
"10509",771,"BNG","Bangladesh",2006,NA,NA,0,0,0,0,"","","","","V2025.09.12"
"10510",771,"BNG","Bangladesh",2007,NA,NA,0,0,0,0,"","","","","V2025.09.12"
"10511",771,"BNG","Bangladesh",2008,NA,NA,0,0,0,0,"","","","","V2025.09.12"
"10512",771,"BNG","Bangladesh",2009,NA,NA,0,0,0,0,"","","","","V2025.09.12"
"10513",771,"BNG","Bangladesh",2010,NA,NA,0,0,0,0,"","","","","V2025.09.12"
"10514",771,"BNG","Bangladesh",2011,NA,NA,0,0,0,0,"","","","","V2025.09.12"
"10515",771,"BNG","Bangladesh",2012,NA,NA,0,0,0,0,"","","","","V2025.09.12"
"10516",771,"BNG","Bangladesh",2013,NA,NA,0,0,0,0,"","","","","V2025.09.12"
"10517",771,"BNG","Bangladesh",2014,NA,NA,0,0,0,0,"","","","","V2025.09.12"
"10518",771,"BNG","Bangladesh",2015,NA,NA,0,0,0,0,"","","","","V2025.09.12"
"10519",771,"BNG","Bangladesh",2016,NA,NA,0,0,0,0,"","","","","V2025.09.12"
"10520",771,"BNG","Bangladesh",2017,NA,NA,0,0,0,0,"","","","","V2025.09.12"
"10521",771,"BNG","Bangladesh",2018,NA,NA,0,0,0,0,"","","","","V2025.09.12"
"10522",771,"BNG","Bangladesh",2019,NA,NA,0,0,0,0,"","","","","V2025.09.12"
"10523",771,"BNG","Bangladesh",2020,NA,NA,0,0,0,0,"","","","","V2025.09.12"
"10524",771,"BNG","Bangladesh",2021,NA,NA,0,0,0,0,"","","","","V2025.09.12"
"10525",771,"BNG","Bangladesh",2022,NA,NA,0,0,0,0,"","","","","V2025.09.12"
"10526",771,"BNG","Bangladesh",2023,NA,NA,0,0,0,0,"","","","","V2025.09.12"
"10527",771,"BNG","Bangladesh",2024,NA,NA,2,0,0,0,"05aug2024","","","","V2025.09.12"
"10528",775,"MYA","Myanmar (Burma)",1950,NA,NA,0,0,0,0,"","","","","V2025.09.12"
"10529",775,"MYA","Myanmar (Burma)",1951,NA,NA,0,0,0,0,"","","","","V2025.09.12"
"10530",775,"MYA","Myanmar (Burma)",1952,NA,NA,0,0,0,0,"","","","","V2025.09.12"
"10531",775,"MYA","Myanmar (Burma)",1953,NA,NA,0,0,0,0,"","","","","V2025.09.12"
"10532",775,"MYA","Myanmar (Burma)",1954,NA,NA,0,0,0,0,"","","","","V2025.09.12"
"10533",775,"MYA","Myanmar (Burma)",1955,NA,NA,0,0,0,0,"","","","","V2025.09.12"
"10534",775,"MYA","Myanmar (Burma)",1956,NA,NA,0,0,0,0,"","","","","V2025.09.12"
"10535",775,"MYA","Myanmar (Burma)",1957,NA,NA,0,0,0,0,"","","","","V2025.09.12"
"10536",775,"MYA","Myanmar (Burma)",1958,NA,NA,2,0,0,0,"26sep1958","","","","V2025.09.12"
"10537",775,"MYA","Myanmar (Burma)",1959,NA,NA,0,0,0,0,"","","","","V2025.09.12"
"10538",775,"MYA","Myanmar (Burma)",1960,NA,NA,0,0,0,0,"","","","","V2025.09.12"
"10539",775,"MYA","Myanmar (Burma)",1961,NA,NA,0,0,0,0,"","","","","V2025.09.12"
"10540",775,"MYA","Myanmar (Burma)",1962,NA,NA,2,0,0,0,"02mar1962","","","","V2025.09.12"
"10541",775,"MYA","Myanmar (Burma)",1963,NA,NA,0,0,0,0,"","","","","V2025.09.12"
"10542",775,"MYA","Myanmar (Burma)",1964,NA,NA,0,0,0,0,"","","","","V2025.09.12"
"10543",775,"MYA","Myanmar (Burma)",1965,NA,NA,0,0,0,0,"","","","","V2025.09.12"
"10544",775,"MYA","Myanmar (Burma)",1966,NA,NA,0,0,0,0,"","","","","V2025.09.12"
"10545",775,"MYA","Myanmar (Burma)",1967,NA,NA,0,0,0,0,"","","","","V2025.09.12"
"10546",775,"MYA","Myanmar (Burma)",1968,NA,NA,0,0,0,0,"","","","","V2025.09.12"
"10547",775,"MYA","Myanmar (Burma)",1969,NA,NA,0,0,0,0,"","","","","V2025.09.12"
"10548",775,"MYA","Myanmar (Burma)",1970,NA,NA,0,0,0,0,"","","","","V2025.09.12"
"10549",775,"MYA","Myanmar (Burma)",1971,NA,NA,0,0,0,0,"","","","","V2025.09.12"
"10550",775,"MYA","Myanmar (Burma)",1972,NA,NA,0,0,0,0,"","","","","V2025.09.12"
"10551",775,"MYA","Myanmar (Burma)",1973,NA,NA,0,0,0,0,"","","","","V2025.09.12"
"10552",775,"MYA","Myanmar (Burma)",1974,NA,NA,0,0,0,0,"","","","","V2025.09.12"
"10553",775,"MYA","Myanmar (Burma)",1975,NA,NA,0,0,0,0,"","","","","V2025.09.12"
"10554",775,"MYA","Myanmar (Burma)",1976,NA,NA,1,0,0,0,"02jul1976","","","","V2025.09.12"
"10555",775,"MYA","Myanmar (Burma)",1977,NA,NA,0,0,0,0,"","","","","V2025.09.12"
"10556",775,"MYA","Myanmar (Burma)",1978,NA,NA,0,0,0,0,"","","","","V2025.09.12"
"10557",775,"MYA","Myanmar (Burma)",1979,NA,NA,0,0,0,0,"","","","","V2025.09.12"
"10558",775,"MYA","Myanmar (Burma)",1980,NA,NA,0,0,0,0,"","","","","V2025.09.12"
"10559",775,"MYA","Myanmar (Burma)",1981,NA,NA,0,0,0,0,"","","","","V2025.09.12"
"10560",775,"MYA","Myanmar (Burma)",1982,NA,NA,0,0,0,0,"","","","","V2025.09.12"
"10561",775,"MYA","Myanmar (Burma)",1983,NA,NA,0,0,0,0,"","","","","V2025.09.12"
"10562",775,"MYA","Myanmar (Burma)",1984,NA,NA,0,0,0,0,"","","","","V2025.09.12"
"10563",775,"MYA","Myanmar (Burma)",1985,NA,NA,0,0,0,0,"","","","","V2025.09.12"
"10564",775,"MYA","Myanmar (Burma)",1986,NA,NA,0,0,0,0,"","","","","V2025.09.12"
"10565",775,"MYA","Myanmar (Burma)",1987,NA,NA,0,0,0,0,"","","","","V2025.09.12"
"10566",775,"MYA","Myanmar (Burma)",1988,NA,NA,2,0,0,0,"18sep1988","","","","V2025.09.12"
"10567",775,"MYA","Myanmar (Burma)",1989,NA,NA,0,0,0,0,"","","","","V2025.09.12"
"10568",775,"MYA","Myanmar (Burma)",1990,NA,NA,0,0,0,0,"","","","","V2025.09.12"
"10569",775,"MYA","Myanmar (Burma)",1991,NA,NA,0,0,0,0,"","","","","V2025.09.12"
"10570",775,"MYA","Myanmar (Burma)",1992,NA,NA,0,0,0,0,"","","","","V2025.09.12"
"10571",775,"MYA","Myanmar (Burma)",1993,NA,NA,0,0,0,0,"","","","","V2025.09.12"
"10572",775,"MYA","Myanmar (Burma)",1994,NA,NA,0,0,0,0,"","","","","V2025.09.12"
"10573",775,"MYA","Myanmar (Burma)",1995,NA,NA,0,0,0,0,"","","","","V2025.09.12"
"10574",775,"MYA","Myanmar (Burma)",1996,NA,NA,0,0,0,0,"","","","","V2025.09.12"
"10575",775,"MYA","Myanmar (Burma)",1997,NA,NA,0,0,0,0,"","","","","V2025.09.12"
"10576",775,"MYA","Myanmar (Burma)",1998,NA,NA,0,0,0,0,"","","","","V2025.09.12"
"10577",775,"MYA","Myanmar (Burma)",1999,NA,NA,0,0,0,0,"","","","","V2025.09.12"
"10578",775,"MYA","Myanmar (Burma)",2000,NA,NA,0,0,0,0,"","","","","V2025.09.12"
"10579",775,"MYA","Myanmar (Burma)",2001,NA,NA,0,0,0,0,"","","","","V2025.09.12"
"10580",775,"MYA","Myanmar (Burma)",2002,NA,NA,0,0,0,0,"","","","","V2025.09.12"
"10581",775,"MYA","Myanmar (Burma)",2003,NA,NA,0,0,0,0,"","","","","V2025.09.12"
"10582",775,"MYA","Myanmar (Burma)",2004,NA,NA,0,0,0,0,"","","","","V2025.09.12"
"10583",775,"MYA","Myanmar (Burma)",2005,NA,NA,0,0,0,0,"","","","","V2025.09.12"
"10584",775,"MYA","Myanmar (Burma)",2006,NA,NA,0,0,0,0,"","","","","V2025.09.12"
"10585",775,"MYA","Myanmar (Burma)",2007,NA,NA,0,0,0,0,"","","","","V2025.09.12"
"10586",775,"MYA","Myanmar (Burma)",2008,NA,NA,0,0,0,0,"","","","","V2025.09.12"
"10587",775,"MYA","Myanmar (Burma)",2009,NA,NA,0,0,0,0,"","","","","V2025.09.12"
"10588",775,"MYA","Myanmar (Burma)",2010,NA,NA,0,0,0,0,"","","","","V2025.09.12"
"10589",775,"MYA","Myanmar (Burma)",2011,NA,NA,0,0,0,0,"","","","","V2025.09.12"
"10590",775,"MYA","Myanmar (Burma)",2012,NA,NA,0,0,0,0,"","","","","V2025.09.12"
"10591",775,"MYA","Myanmar (Burma)",2013,NA,NA,0,0,0,0,"","","","","V2025.09.12"
"10592",775,"MYA","Myanmar (Burma)",2014,NA,NA,0,0,0,0,"","","","","V2025.09.12"
"10593",775,"MYA","Myanmar (Burma)",2015,NA,NA,0,0,0,0,"","","","","V2025.09.12"
"10594",775,"MYA","Myanmar (Burma)",2016,NA,NA,0,0,0,0,"","","","","V2025.09.12"
"10595",775,"MYA","Myanmar (Burma)",2017,NA,NA,0,0,0,0,"","","","","V2025.09.12"
"10596",775,"MYA","Myanmar (Burma)",2018,NA,NA,0,0,0,0,"","","","","V2025.09.12"
"10597",775,"MYA","Myanmar (Burma)",2019,NA,NA,0,0,0,0,"","","","","V2025.09.12"
"10598",775,"MYA","Myanmar (Burma)",2020,NA,NA,0,0,0,0,"","","","","V2025.09.12"
"10599",775,"MYA","Myanmar (Burma)",2021,NA,NA,2,0,0,0,"01feb2021","","","","V2025.09.12"
"10600",775,"MYA","Myanmar (Burma)",2022,NA,NA,0,0,0,0,"","","","","V2025.09.12"
"10601",775,"MYA","Myanmar (Burma)",2023,NA,NA,0,0,0,0,"","","","","V2025.09.12"
"10602",775,"MYA","Myanmar (Burma)",2024,NA,NA,0,0,0,0,"","","","","V2025.09.12"
"10603",780,"SRI","Sri Lanka (Ceylon)",1950,NA,NA,0,0,0,0,"","","","","V2025.09.12"
"10604",780,"SRI","Sri Lanka (Ceylon)",1951,NA,NA,0,0,0,0,"","","","","V2025.09.12"
"10605",780,"SRI","Sri Lanka (Ceylon)",1952,NA,NA,0,0,0,0,"","","","","V2025.09.12"
"10606",780,"SRI","Sri Lanka (Ceylon)",1953,NA,NA,0,0,0,0,"","","","","V2025.09.12"
"10607",780,"SRI","Sri Lanka (Ceylon)",1954,NA,NA,0,0,0,0,"","","","","V2025.09.12"
"10608",780,"SRI","Sri Lanka (Ceylon)",1955,NA,NA,0,0,0,0,"","","","","V2025.09.12"
"10609",780,"SRI","Sri Lanka (Ceylon)",1956,NA,NA,0,0,0,0,"","","","","V2025.09.12"
"10610",780,"SRI","Sri Lanka (Ceylon)",1957,NA,NA,0,0,0,0,"","","","","V2025.09.12"
"10611",780,"SRI","Sri Lanka (Ceylon)",1958,NA,NA,0,0,0,0,"","","","","V2025.09.12"
"10612",780,"SRI","Sri Lanka (Ceylon)",1959,NA,NA,0,0,0,0,"","","","","V2025.09.12"
"10613",780,"SRI","Sri Lanka (Ceylon)",1960,NA,NA,0,0,0,0,"","","","","V2025.09.12"
"10614",780,"SRI","Sri Lanka (Ceylon)",1961,NA,NA,0,0,0,0,"","","","","V2025.09.12"
"10615",780,"SRI","Sri Lanka (Ceylon)",1962,NA,NA,0,0,0,0,"","","","","V2025.09.12"
"10616",780,"SRI","Sri Lanka (Ceylon)",1963,NA,NA,0,0,0,0,"","","","","V2025.09.12"
"10617",780,"SRI","Sri Lanka (Ceylon)",1964,NA,NA,0,0,0,0,"","","","","V2025.09.12"
"10618",780,"SRI","Sri Lanka (Ceylon)",1965,NA,NA,0,0,0,0,"","","","","V2025.09.12"
"10619",780,"SRI","Sri Lanka (Ceylon)",1966,NA,NA,0,0,0,0,"","","","","V2025.09.12"
"10620",780,"SRI","Sri Lanka (Ceylon)",1967,NA,NA,0,0,0,0,"","","","","V2025.09.12"
"10621",780,"SRI","Sri Lanka (Ceylon)",1968,NA,NA,0,0,0,0,"","","","","V2025.09.12"
"10622",780,"SRI","Sri Lanka (Ceylon)",1969,NA,NA,0,0,0,0,"","","","","V2025.09.12"
"10623",780,"SRI","Sri Lanka (Ceylon)",1970,NA,NA,0,0,0,0,"","","","","V2025.09.12"
"10624",780,"SRI","Sri Lanka (Ceylon)",1971,NA,NA,0,0,0,0,"","","","","V2025.09.12"
"10625",780,"SRI","Sri Lanka (Ceylon)",1972,NA,NA,0,0,0,0,"","","","","V2025.09.12"
"10626",780,"SRI","Sri Lanka (Ceylon)",1973,NA,NA,0,0,0,0,"","","","","V2025.09.12"
"10627",780,"SRI","Sri Lanka (Ceylon)",1974,NA,NA,0,0,0,0,"","","","","V2025.09.12"
"10628",780,"SRI","Sri Lanka (Ceylon)",1975,NA,NA,0,0,0,0,"","","","","V2025.09.12"
"10629",780,"SRI","Sri Lanka (Ceylon)",1976,NA,NA,0,0,0,0,"","","","","V2025.09.12"
"10630",780,"SRI","Sri Lanka (Ceylon)",1977,NA,NA,0,0,0,0,"","","","","V2025.09.12"
"10631",780,"SRI","Sri Lanka (Ceylon)",1978,NA,NA,0,0,0,0,"","","","","V2025.09.12"
"10632",780,"SRI","Sri Lanka (Ceylon)",1979,NA,NA,0,0,0,0,"","","","","V2025.09.12"
"10633",780,"SRI","Sri Lanka (Ceylon)",1980,NA,NA,0,0,0,0,"","","","","V2025.09.12"
"10634",780,"SRI","Sri Lanka (Ceylon)",1981,NA,NA,0,0,0,0,"","","","","V2025.09.12"
"10635",780,"SRI","Sri Lanka (Ceylon)",1982,NA,NA,0,0,0,0,"","","","","V2025.09.12"
"10636",780,"SRI","Sri Lanka (Ceylon)",1983,NA,NA,0,0,0,0,"","","","","V2025.09.12"
"10637",780,"SRI","Sri Lanka (Ceylon)",1984,NA,NA,0,0,0,0,"","","","","V2025.09.12"
"10638",780,"SRI","Sri Lanka (Ceylon)",1985,NA,NA,0,0,0,0,"","","","","V2025.09.12"
"10639",780,"SRI","Sri Lanka (Ceylon)",1986,NA,NA,0,0,0,0,"","","","","V2025.09.12"
"10640",780,"SRI","Sri Lanka (Ceylon)",1987,NA,NA,0,0,0,0,"","","","","V2025.09.12"
"10641",780,"SRI","Sri Lanka (Ceylon)",1988,NA,NA,0,0,0,0,"","","","","V2025.09.12"
"10642",780,"SRI","Sri Lanka (Ceylon)",1989,NA,NA,0,0,0,0,"","","","","V2025.09.12"
"10643",780,"SRI","Sri Lanka (Ceylon)",1990,NA,NA,0,0,0,0,"","","","","V2025.09.12"
"10644",780,"SRI","Sri Lanka (Ceylon)",1991,NA,NA,0,0,0,0,"","","","","V2025.09.12"
"10645",780,"SRI","Sri Lanka (Ceylon)",1992,NA,NA,0,0,0,0,"","","","","V2025.09.12"
"10646",780,"SRI","Sri Lanka (Ceylon)",1993,NA,NA,0,0,0,0,"","","","","V2025.09.12"
"10647",780,"SRI","Sri Lanka (Ceylon)",1994,NA,NA,0,0,0,0,"","","","","V2025.09.12"
"10648",780,"SRI","Sri Lanka (Ceylon)",1995,NA,NA,0,0,0,0,"","","","","V2025.09.12"
"10649",780,"SRI","Sri Lanka (Ceylon)",1996,NA,NA,0,0,0,0,"","","","","V2025.09.12"
"10650",780,"SRI","Sri Lanka (Ceylon)",1997,NA,NA,0,0,0,0,"","","","","V2025.09.12"
"10651",780,"SRI","Sri Lanka (Ceylon)",1998,NA,NA,0,0,0,0,"","","","","V2025.09.12"
"10652",780,"SRI","Sri Lanka (Ceylon)",1999,NA,NA,0,0,0,0,"","","","","V2025.09.12"
"10653",780,"SRI","Sri Lanka (Ceylon)",2000,NA,NA,0,0,0,0,"","","","","V2025.09.12"
"10654",780,"SRI","Sri Lanka (Ceylon)",2001,NA,NA,0,0,0,0,"","","","","V2025.09.12"
"10655",780,"SRI","Sri Lanka (Ceylon)",2002,NA,NA,0,0,0,0,"","","","","V2025.09.12"
"10656",780,"SRI","Sri Lanka (Ceylon)",2003,NA,NA,0,0,0,0,"","","","","V2025.09.12"
"10657",780,"SRI","Sri Lanka (Ceylon)",2004,NA,NA,0,0,0,0,"","","","","V2025.09.12"
"10658",780,"SRI","Sri Lanka (Ceylon)",2005,NA,NA,0,0,0,0,"","","","","V2025.09.12"
"10659",780,"SRI","Sri Lanka (Ceylon)",2006,NA,NA,0,0,0,0,"","","","","V2025.09.12"
"10660",780,"SRI","Sri Lanka (Ceylon)",2007,NA,NA,0,0,0,0,"","","","","V2025.09.12"
"10661",780,"SRI","Sri Lanka (Ceylon)",2008,NA,NA,0,0,0,0,"","","","","V2025.09.12"
"10662",780,"SRI","Sri Lanka (Ceylon)",2009,NA,NA,0,0,0,0,"","","","","V2025.09.12"
"10663",780,"SRI","Sri Lanka (Ceylon)",2010,NA,NA,0,0,0,0,"","","","","V2025.09.12"
"10664",780,"SRI","Sri Lanka (Ceylon)",2011,NA,NA,0,0,0,0,"","","","","V2025.09.12"
"10665",780,"SRI","Sri Lanka (Ceylon)",2012,NA,NA,0,0,0,0,"","","","","V2025.09.12"
"10666",780,"SRI","Sri Lanka (Ceylon)",2013,NA,NA,0,0,0,0,"","","","","V2025.09.12"
"10667",780,"SRI","Sri Lanka (Ceylon)",2014,NA,NA,0,0,0,0,"","","","","V2025.09.12"
"10668",780,"SRI","Sri Lanka (Ceylon)",2015,NA,NA,0,0,0,0,"","","","","V2025.09.12"
"10669",780,"SRI","Sri Lanka (Ceylon)",2016,NA,NA,0,0,0,0,"","","","","V2025.09.12"
"10670",780,"SRI","Sri Lanka (Ceylon)",2017,NA,NA,0,0,0,0,"","","","","V2025.09.12"
"10671",780,"SRI","Sri Lanka (Ceylon)",2018,NA,NA,0,0,0,0,"","","","","V2025.09.12"
"10672",780,"SRI","Sri Lanka (Ceylon)",2019,NA,NA,0,0,0,0,"","","","","V2025.09.12"
"10673",780,"SRI","Sri Lanka (Ceylon)",2020,NA,NA,0,0,0,0,"","","","","V2025.09.12"
"10674",780,"SRI","Sri Lanka (Ceylon)",2021,NA,NA,0,0,0,0,"","","","","V2025.09.12"
"10675",780,"SRI","Sri Lanka (Ceylon)",2022,NA,NA,0,0,0,0,"","","","","V2025.09.12"
"10676",780,"SRI","Sri Lanka (Ceylon)",2023,NA,NA,0,0,0,0,"","","","","V2025.09.12"
"10677",780,"SRI","Sri Lanka (Ceylon)",2024,NA,NA,0,0,0,0,"","","","","V2025.09.12"
"10678",781,"MAD","Maldives",1965,NA,NA,0,0,0,0,"","","","","V2025.09.12"
"10679",781,"MAD","Maldives",1966,NA,NA,0,0,0,0,"","","","","V2025.09.12"
"10680",781,"MAD","Maldives",1967,NA,NA,0,0,0,0,"","","","","V2025.09.12"
"10681",781,"MAD","Maldives",1968,NA,NA,0,0,0,0,"","","","","V2025.09.12"
"10682",781,"MAD","Maldives",1969,NA,NA,0,0,0,0,"","","","","V2025.09.12"
"10683",781,"MAD","Maldives",1970,NA,NA,0,0,0,0,"","","","","V2025.09.12"
"10684",781,"MAD","Maldives",1971,NA,NA,0,0,0,0,"","","","","V2025.09.12"
"10685",781,"MAD","Maldives",1972,NA,NA,0,0,0,0,"","","","","V2025.09.12"
"10686",781,"MAD","Maldives",1973,NA,NA,0,0,0,0,"","","","","V2025.09.12"
"10687",781,"MAD","Maldives",1974,NA,NA,0,0,0,0,"","","","","V2025.09.12"
"10688",781,"MAD","Maldives",1975,NA,NA,0,0,0,0,"","","","","V2025.09.12"
"10689",781,"MAD","Maldives",1976,NA,NA,0,0,0,0,"","","","","V2025.09.12"
"10690",781,"MAD","Maldives",1977,NA,NA,0,0,0,0,"","","","","V2025.09.12"
"10691",781,"MAD","Maldives",1978,NA,NA,0,0,0,0,"","","","","V2025.09.12"
"10692",781,"MAD","Maldives",1979,NA,NA,0,0,0,0,"","","","","V2025.09.12"
"10693",781,"MAD","Maldives",1980,NA,NA,0,0,0,0,"","","","","V2025.09.12"
"10694",781,"MAD","Maldives",1981,NA,NA,0,0,0,0,"","","","","V2025.09.12"
"10695",781,"MAD","Maldives",1982,NA,NA,0,0,0,0,"","","","","V2025.09.12"
"10696",781,"MAD","Maldives",1983,NA,NA,0,0,0,0,"","","","","V2025.09.12"
"10697",781,"MAD","Maldives",1984,NA,NA,0,0,0,0,"","","","","V2025.09.12"
"10698",781,"MAD","Maldives",1985,NA,NA,0,0,0,0,"","","","","V2025.09.12"
"10699",781,"MAD","Maldives",1986,NA,NA,0,0,0,0,"","","","","V2025.09.12"
"10700",781,"MAD","Maldives",1987,NA,NA,0,0,0,0,"","","","","V2025.09.12"
"10701",781,"MAD","Maldives",1988,NA,NA,0,0,0,0,"","","","","V2025.09.12"
"10702",781,"MAD","Maldives",1989,NA,NA,0,0,0,0,"","","","","V2025.09.12"
"10703",781,"MAD","Maldives",1990,NA,NA,0,0,0,0,"","","","","V2025.09.12"
"10704",781,"MAD","Maldives",1991,NA,NA,0,0,0,0,"","","","","V2025.09.12"
"10705",781,"MAD","Maldives",1992,NA,NA,0,0,0,0,"","","","","V2025.09.12"
"10706",781,"MAD","Maldives",1993,NA,NA,0,0,0,0,"","","","","V2025.09.12"
"10707",781,"MAD","Maldives",1994,NA,NA,0,0,0,0,"","","","","V2025.09.12"
"10708",781,"MAD","Maldives",1995,NA,NA,0,0,0,0,"","","","","V2025.09.12"
"10709",781,"MAD","Maldives",1996,NA,NA,0,0,0,0,"","","","","V2025.09.12"
"10710",781,"MAD","Maldives",1997,NA,NA,0,0,0,0,"","","","","V2025.09.12"
"10711",781,"MAD","Maldives",1998,NA,NA,0,0,0,0,"","","","","V2025.09.12"
"10712",781,"MAD","Maldives",1999,NA,NA,0,0,0,0,"","","","","V2025.09.12"
"10713",781,"MAD","Maldives",2000,NA,NA,0,0,0,0,"","","","","V2025.09.12"
"10714",781,"MAD","Maldives",2001,NA,NA,0,0,0,0,"","","","","V2025.09.12"
"10715",781,"MAD","Maldives",2002,NA,NA,0,0,0,0,"","","","","V2025.09.12"
"10716",781,"MAD","Maldives",2003,NA,NA,0,0,0,0,"","","","","V2025.09.12"
"10717",781,"MAD","Maldives",2004,NA,NA,0,0,0,0,"","","","","V2025.09.12"
"10718",781,"MAD","Maldives",2005,NA,NA,0,0,0,0,"","","","","V2025.09.12"
"10719",781,"MAD","Maldives",2006,NA,NA,0,0,0,0,"","","","","V2025.09.12"
"10720",781,"MAD","Maldives",2007,NA,NA,0,0,0,0,"","","","","V2025.09.12"
"10721",781,"MAD","Maldives",2008,NA,NA,0,0,0,0,"","","","","V2025.09.12"
"10722",781,"MAD","Maldives",2009,NA,NA,0,0,0,0,"","","","","V2025.09.12"
"10723",781,"MAD","Maldives",2010,NA,NA,0,0,0,0,"","","","","V2025.09.12"
"10724",781,"MAD","Maldives",2011,NA,NA,0,0,0,0,"","","","","V2025.09.12"
"10725",781,"MAD","Maldives",2012,NA,NA,2,0,0,0,"07feb2012","","","","V2025.09.12"
"10726",781,"MAD","Maldives",2013,NA,NA,0,0,0,0,"","","","","V2025.09.12"
"10727",781,"MAD","Maldives",2014,NA,NA,0,0,0,0,"","","","","V2025.09.12"
"10728",781,"MAD","Maldives",2015,NA,NA,0,0,0,0,"","","","","V2025.09.12"
"10729",781,"MAD","Maldives",2016,NA,NA,0,0,0,0,"","","","","V2025.09.12"
"10730",781,"MAD","Maldives",2017,NA,NA,0,0,0,0,"","","","","V2025.09.12"
"10731",781,"MAD","Maldives",2018,NA,NA,0,0,0,0,"","","","","V2025.09.12"
"10732",781,"MAD","Maldives",2019,NA,NA,0,0,0,0,"","","","","V2025.09.12"
"10733",781,"MAD","Maldives",2020,NA,NA,0,0,0,0,"","","","","V2025.09.12"
"10734",781,"MAD","Maldives",2021,NA,NA,0,0,0,0,"","","","","V2025.09.12"
"10735",781,"MAD","Maldives",2022,NA,NA,0,0,0,0,"","","","","V2025.09.12"
"10736",781,"MAD","Maldives",2023,NA,NA,0,0,0,0,"","","","","V2025.09.12"
"10737",781,"MAD","Maldives",2024,NA,NA,0,0,0,0,"","","","","V2025.09.12"
"10738",790,"NEP","Nepal",1950,NA,NA,0,0,0,0,"","","","","V2025.09.12"
"10739",790,"NEP","Nepal",1951,NA,NA,0,0,0,0,"","","","","V2025.09.12"
"10740",790,"NEP","Nepal",1952,NA,NA,0,0,0,0,"","","","","V2025.09.12"
"10741",790,"NEP","Nepal",1953,NA,NA,0,0,0,0,"","","","","V2025.09.12"
"10742",790,"NEP","Nepal",1954,NA,NA,0,0,0,0,"","","","","V2025.09.12"
"10743",790,"NEP","Nepal",1955,NA,NA,0,0,0,0,"","","","","V2025.09.12"
"10744",790,"NEP","Nepal",1956,NA,NA,0,0,0,0,"","","","","V2025.09.12"
"10745",790,"NEP","Nepal",1957,NA,NA,0,0,0,0,"","","","","V2025.09.12"
"10746",790,"NEP","Nepal",1958,NA,NA,0,0,0,0,"","","","","V2025.09.12"
"10747",790,"NEP","Nepal",1959,NA,NA,0,0,0,0,"","","","","V2025.09.12"
"10748",790,"NEP","Nepal",1960,NA,NA,0,0,0,0,"","","","","V2025.09.12"
"10749",790,"NEP","Nepal",1961,NA,NA,0,0,0,0,"","","","","V2025.09.12"
"10750",790,"NEP","Nepal",1962,NA,NA,0,0,0,0,"","","","","V2025.09.12"
"10751",790,"NEP","Nepal",1963,NA,NA,0,0,0,0,"","","","","V2025.09.12"
"10752",790,"NEP","Nepal",1964,NA,NA,0,0,0,0,"","","","","V2025.09.12"
"10753",790,"NEP","Nepal",1965,NA,NA,0,0,0,0,"","","","","V2025.09.12"
"10754",790,"NEP","Nepal",1966,NA,NA,0,0,0,0,"","","","","V2025.09.12"
"10755",790,"NEP","Nepal",1967,NA,NA,0,0,0,0,"","","","","V2025.09.12"
"10756",790,"NEP","Nepal",1968,NA,NA,0,0,0,0,"","","","","V2025.09.12"
"10757",790,"NEP","Nepal",1969,NA,NA,0,0,0,0,"","","","","V2025.09.12"
"10758",790,"NEP","Nepal",1970,NA,NA,0,0,0,0,"","","","","V2025.09.12"
"10759",790,"NEP","Nepal",1971,NA,NA,0,0,0,0,"","","","","V2025.09.12"
"10760",790,"NEP","Nepal",1972,NA,NA,0,0,0,0,"","","","","V2025.09.12"
"10761",790,"NEP","Nepal",1973,NA,NA,0,0,0,0,"","","","","V2025.09.12"
"10762",790,"NEP","Nepal",1974,NA,NA,0,0,0,0,"","","","","V2025.09.12"
"10763",790,"NEP","Nepal",1975,NA,NA,0,0,0,0,"","","","","V2025.09.12"
"10764",790,"NEP","Nepal",1976,NA,NA,0,0,0,0,"","","","","V2025.09.12"
"10765",790,"NEP","Nepal",1977,NA,NA,0,0,0,0,"","","","","V2025.09.12"
"10766",790,"NEP","Nepal",1978,NA,NA,0,0,0,0,"","","","","V2025.09.12"
"10767",790,"NEP","Nepal",1979,NA,NA,0,0,0,0,"","","","","V2025.09.12"
"10768",790,"NEP","Nepal",1980,NA,NA,0,0,0,0,"","","","","V2025.09.12"
"10769",790,"NEP","Nepal",1981,NA,NA,0,0,0,0,"","","","","V2025.09.12"
"10770",790,"NEP","Nepal",1982,NA,NA,0,0,0,0,"","","","","V2025.09.12"
"10771",790,"NEP","Nepal",1983,NA,NA,0,0,0,0,"","","","","V2025.09.12"
"10772",790,"NEP","Nepal",1984,NA,NA,0,0,0,0,"","","","","V2025.09.12"
"10773",790,"NEP","Nepal",1985,NA,NA,0,0,0,0,"","","","","V2025.09.12"
"10774",790,"NEP","Nepal",1986,NA,NA,0,0,0,0,"","","","","V2025.09.12"
"10775",790,"NEP","Nepal",1987,NA,NA,0,0,0,0,"","","","","V2025.09.12"
"10776",790,"NEP","Nepal",1988,NA,NA,0,0,0,0,"","","","","V2025.09.12"
"10777",790,"NEP","Nepal",1989,NA,NA,0,0,0,0,"","","","","V2025.09.12"
"10778",790,"NEP","Nepal",1990,NA,NA,0,0,0,0,"","","","","V2025.09.12"
"10779",790,"NEP","Nepal",1991,NA,NA,0,0,0,0,"","","","","V2025.09.12"
"10780",790,"NEP","Nepal",1992,NA,NA,0,0,0,0,"","","","","V2025.09.12"
"10781",790,"NEP","Nepal",1993,NA,NA,0,0,0,0,"","","","","V2025.09.12"
"10782",790,"NEP","Nepal",1994,NA,NA,0,0,0,0,"","","","","V2025.09.12"
"10783",790,"NEP","Nepal",1995,NA,NA,0,0,0,0,"","","","","V2025.09.12"
"10784",790,"NEP","Nepal",1996,NA,NA,0,0,0,0,"","","","","V2025.09.12"
"10785",790,"NEP","Nepal",1997,NA,NA,0,0,0,0,"","","","","V2025.09.12"
"10786",790,"NEP","Nepal",1998,NA,NA,0,0,0,0,"","","","","V2025.09.12"
"10787",790,"NEP","Nepal",1999,NA,NA,0,0,0,0,"","","","","V2025.09.12"
"10788",790,"NEP","Nepal",2000,NA,NA,0,0,0,0,"","","","","V2025.09.12"
"10789",790,"NEP","Nepal",2001,NA,NA,0,0,0,0,"","","","","V2025.09.12"
"10790",790,"NEP","Nepal",2002,NA,NA,0,0,0,0,"","","","","V2025.09.12"
"10791",790,"NEP","Nepal",2003,NA,NA,0,0,0,0,"","","","","V2025.09.12"
"10792",790,"NEP","Nepal",2004,NA,NA,0,0,0,0,"","","","","V2025.09.12"
"10793",790,"NEP","Nepal",2005,NA,NA,0,0,0,0,"","","","","V2025.09.12"
"10794",790,"NEP","Nepal",2006,NA,NA,0,0,0,0,"","","","","V2025.09.12"
"10795",790,"NEP","Nepal",2007,NA,NA,0,0,0,0,"","","","","V2025.09.12"
"10796",790,"NEP","Nepal",2008,NA,NA,0,0,0,0,"","","","","V2025.09.12"
"10797",790,"NEP","Nepal",2009,NA,NA,0,0,0,0,"","","","","V2025.09.12"
"10798",790,"NEP","Nepal",2010,NA,NA,0,0,0,0,"","","","","V2025.09.12"
"10799",790,"NEP","Nepal",2011,NA,NA,0,0,0,0,"","","","","V2025.09.12"
"10800",790,"NEP","Nepal",2012,NA,NA,0,0,0,0,"","","","","V2025.09.12"
"10801",790,"NEP","Nepal",2013,NA,NA,0,0,0,0,"","","","","V2025.09.12"
"10802",790,"NEP","Nepal",2014,NA,NA,0,0,0,0,"","","","","V2025.09.12"
"10803",790,"NEP","Nepal",2015,NA,NA,0,0,0,0,"","","","","V2025.09.12"
"10804",790,"NEP","Nepal",2016,NA,NA,0,0,0,0,"","","","","V2025.09.12"
"10805",790,"NEP","Nepal",2017,NA,NA,0,0,0,0,"","","","","V2025.09.12"
"10806",790,"NEP","Nepal",2018,NA,NA,0,0,0,0,"","","","","V2025.09.12"
"10807",790,"NEP","Nepal",2019,NA,NA,0,0,0,0,"","","","","V2025.09.12"
"10808",790,"NEP","Nepal",2020,NA,NA,0,0,0,0,"","","","","V2025.09.12"
"10809",790,"NEP","Nepal",2021,NA,NA,0,0,0,0,"","","","","V2025.09.12"
"10810",790,"NEP","Nepal",2022,NA,NA,0,0,0,0,"","","","","V2025.09.12"
"10811",790,"NEP","Nepal",2023,NA,NA,0,0,0,0,"","","","","V2025.09.12"
"10812",790,"NEP","Nepal",2024,NA,NA,0,0,0,0,"","","","","V2025.09.12"
"10813",800,"THI","Thailand",1950,NA,NA,0,0,0,0,"","","","","V2025.09.12"
"10814",800,"THI","Thailand",1951,NA,NA,1,2,0,0,"29jun1951","29nov1951","","","V2025.09.12"
"10815",800,"THI","Thailand",1952,NA,NA,0,0,0,0,"","","","","V2025.09.12"
"10816",800,"THI","Thailand",1953,NA,NA,0,0,0,0,"","","","","V2025.09.12"
"10817",800,"THI","Thailand",1954,NA,NA,0,0,0,0,"","","","","V2025.09.12"
"10818",800,"THI","Thailand",1955,NA,NA,0,0,0,0,"","","","","V2025.09.12"
"10819",800,"THI","Thailand",1956,NA,NA,0,0,0,0,"","","","","V2025.09.12"
"10820",800,"THI","Thailand",1957,NA,NA,2,0,0,0,"16sep1957","","","","V2025.09.12"
"10821",800,"THI","Thailand",1958,NA,NA,2,0,0,0,"20oct1958","","","","V2025.09.12"
"10822",800,"THI","Thailand",1959,NA,NA,0,0,0,0,"","","","","V2025.09.12"
"10823",800,"THI","Thailand",1960,NA,NA,0,0,0,0,"","","","","V2025.09.12"
"10824",800,"THI","Thailand",1961,NA,NA,0,0,0,0,"","","","","V2025.09.12"
"10825",800,"THI","Thailand",1962,NA,NA,0,0,0,0,"","","","","V2025.09.12"
"10826",800,"THI","Thailand",1963,NA,NA,0,0,0,0,"","","","","V2025.09.12"
"10827",800,"THI","Thailand",1964,NA,NA,0,0,0,0,"","","","","V2025.09.12"
"10828",800,"THI","Thailand",1965,NA,NA,0,0,0,0,"","","","","V2025.09.12"
"10829",800,"THI","Thailand",1966,NA,NA,0,0,0,0,"","","","","V2025.09.12"
"10830",800,"THI","Thailand",1967,NA,NA,0,0,0,0,"","","","","V2025.09.12"
"10831",800,"THI","Thailand",1968,NA,NA,0,0,0,0,"","","","","V2025.09.12"
"10832",800,"THI","Thailand",1969,NA,NA,0,0,0,0,"","","","","V2025.09.12"
"10833",800,"THI","Thailand",1970,NA,NA,0,0,0,0,"","","","","V2025.09.12"
"10834",800,"THI","Thailand",1971,NA,NA,0,0,0,0,"","","","","V2025.09.12"
"10835",800,"THI","Thailand",1972,NA,NA,0,0,0,0,"","","","","V2025.09.12"
"10836",800,"THI","Thailand",1973,NA,NA,0,0,0,0,"","","","","V2025.09.12"
"10837",800,"THI","Thailand",1974,NA,NA,0,0,0,0,"","","","","V2025.09.12"
"10838",800,"THI","Thailand",1975,NA,NA,0,0,0,0,"","","","","V2025.09.12"
"10839",800,"THI","Thailand",1976,NA,NA,2,0,0,0,"06oct1976","","","","V2025.09.12"
"10840",800,"THI","Thailand",1977,NA,NA,1,2,0,0,"26mar1977","20oct1977","","","V2025.09.12"
"10841",800,"THI","Thailand",1978,NA,NA,0,0,0,0,"","","","","V2025.09.12"
"10842",800,"THI","Thailand",1979,NA,NA,0,0,0,0,"","","","","V2025.09.12"
"10843",800,"THI","Thailand",1980,NA,NA,0,0,0,0,"","","","","V2025.09.12"
"10844",800,"THI","Thailand",1981,NA,NA,1,0,0,0,"01apr1981","","","","V2025.09.12"
"10845",800,"THI","Thailand",1982,NA,NA,0,0,0,0,"","","","","V2025.09.12"
"10846",800,"THI","Thailand",1983,NA,NA,0,0,0,0,"","","","","V2025.09.12"
"10847",800,"THI","Thailand",1984,NA,NA,0,0,0,0,"","","","","V2025.09.12"
"10848",800,"THI","Thailand",1985,NA,NA,1,0,0,0,"09sep1985","","","","V2025.09.12"
"10849",800,"THI","Thailand",1986,NA,NA,0,0,0,0,"","","","","V2025.09.12"
"10850",800,"THI","Thailand",1987,NA,NA,0,0,0,0,"","","","","V2025.09.12"
"10851",800,"THI","Thailand",1988,NA,NA,0,0,0,0,"","","","","V2025.09.12"
"10852",800,"THI","Thailand",1989,NA,NA,0,0,0,0,"","","","","V2025.09.12"
"10853",800,"THI","Thailand",1990,NA,NA,0,0,0,0,"","","","","V2025.09.12"
"10854",800,"THI","Thailand",1991,NA,NA,2,0,0,0,"23feb1991","","","","V2025.09.12"
"10855",800,"THI","Thailand",1992,NA,NA,0,0,0,0,"","","","","V2025.09.12"
"10856",800,"THI","Thailand",1993,NA,NA,0,0,0,0,"","","","","V2025.09.12"
"10857",800,"THI","Thailand",1994,NA,NA,0,0,0,0,"","","","","V2025.09.12"
"10858",800,"THI","Thailand",1995,NA,NA,0,0,0,0,"","","","","V2025.09.12"
"10859",800,"THI","Thailand",1996,NA,NA,0,0,0,0,"","","","","V2025.09.12"
"10860",800,"THI","Thailand",1997,NA,NA,0,0,0,0,"","","","","V2025.09.12"
"10861",800,"THI","Thailand",1998,NA,NA,0,0,0,0,"","","","","V2025.09.12"
"10862",800,"THI","Thailand",1999,NA,NA,0,0,0,0,"","","","","V2025.09.12"
"10863",800,"THI","Thailand",2000,NA,NA,0,0,0,0,"","","","","V2025.09.12"
"10864",800,"THI","Thailand",2001,NA,NA,0,0,0,0,"","","","","V2025.09.12"
"10865",800,"THI","Thailand",2002,NA,NA,0,0,0,0,"","","","","V2025.09.12"
"10866",800,"THI","Thailand",2003,NA,NA,0,0,0,0,"","","","","V2025.09.12"
"10867",800,"THI","Thailand",2004,NA,NA,0,0,0,0,"","","","","V2025.09.12"
"10868",800,"THI","Thailand",2005,NA,NA,0,0,0,0,"","","","","V2025.09.12"
"10869",800,"THI","Thailand",2006,NA,NA,2,0,0,0,"19sep2006","","","","V2025.09.12"
"10870",800,"THI","Thailand",2007,NA,NA,0,0,0,0,"","","","","V2025.09.12"
"10871",800,"THI","Thailand",2008,NA,NA,0,0,0,0,"","","","","V2025.09.12"
"10872",800,"THI","Thailand",2009,NA,NA,0,0,0,0,"","","","","V2025.09.12"
"10873",800,"THI","Thailand",2010,NA,NA,0,0,0,0,"","","","","V2025.09.12"
"10874",800,"THI","Thailand",2011,NA,NA,0,0,0,0,"","","","","V2025.09.12"
"10875",800,"THI","Thailand",2012,NA,NA,0,0,0,0,"","","","","V2025.09.12"
"10876",800,"THI","Thailand",2013,NA,NA,0,0,0,0,"","","","","V2025.09.12"
"10877",800,"THI","Thailand",2014,NA,NA,2,0,0,0,"22may2014","","","","V2025.09.12"
"10878",800,"THI","Thailand",2015,NA,NA,0,0,0,0,"","","","","V2025.09.12"
"10879",800,"THI","Thailand",2016,NA,NA,0,0,0,0,"","","","","V2025.09.12"
"10880",800,"THI","Thailand",2017,NA,NA,0,0,0,0,"","","","","V2025.09.12"
"10881",800,"THI","Thailand",2018,NA,NA,0,0,0,0,"","","","","V2025.09.12"
"10882",800,"THI","Thailand",2019,NA,NA,0,0,0,0,"","","","","V2025.09.12"
"10883",800,"THI","Thailand",2020,NA,NA,0,0,0,0,"","","","","V2025.09.12"
"10884",800,"THI","Thailand",2021,NA,NA,0,0,0,0,"","","","","V2025.09.12"
"10885",800,"THI","Thailand",2022,NA,NA,0,0,0,0,"","","","","V2025.09.12"
"10886",800,"THI","Thailand",2023,NA,NA,0,0,0,0,"","","","","V2025.09.12"
"10887",800,"THI","Thailand",2024,NA,NA,0,0,0,0,"","","","","V2025.09.12"
"10888",811,"CAM","Cambodia (Kampuchea)",1953,NA,NA,0,0,0,0,"","","","","V2025.09.12"
"10889",811,"CAM","Cambodia (Kampuchea)",1954,NA,NA,0,0,0,0,"","","","","V2025.09.12"
"10890",811,"CAM","Cambodia (Kampuchea)",1955,NA,NA,0,0,0,0,"","","","","V2025.09.12"
"10891",811,"CAM","Cambodia (Kampuchea)",1956,NA,NA,0,0,0,0,"","","","","V2025.09.12"
"10892",811,"CAM","Cambodia (Kampuchea)",1957,NA,NA,0,0,0,0,"","","","","V2025.09.12"
"10893",811,"CAM","Cambodia (Kampuchea)",1958,NA,NA,0,0,0,0,"","","","","V2025.09.12"
"10894",811,"CAM","Cambodia (Kampuchea)",1959,NA,NA,0,0,0,0,"","","","","V2025.09.12"
"10895",811,"CAM","Cambodia (Kampuchea)",1960,NA,NA,0,0,0,0,"","","","","V2025.09.12"
"10896",811,"CAM","Cambodia (Kampuchea)",1961,NA,NA,0,0,0,0,"","","","","V2025.09.12"
"10897",811,"CAM","Cambodia (Kampuchea)",1962,NA,NA,0,0,0,0,"","","","","V2025.09.12"
"10898",811,"CAM","Cambodia (Kampuchea)",1963,NA,NA,0,0,0,0,"","","","","V2025.09.12"
"10899",811,"CAM","Cambodia (Kampuchea)",1964,NA,NA,0,0,0,0,"","","","","V2025.09.12"
"10900",811,"CAM","Cambodia (Kampuchea)",1965,NA,NA,0,0,0,0,"","","","","V2025.09.12"
"10901",811,"CAM","Cambodia (Kampuchea)",1966,NA,NA,0,0,0,0,"","","","","V2025.09.12"
"10902",811,"CAM","Cambodia (Kampuchea)",1967,NA,NA,0,0,0,0,"","","","","V2025.09.12"
"10903",811,"CAM","Cambodia (Kampuchea)",1968,NA,NA,0,0,0,0,"","","","","V2025.09.12"
"10904",811,"CAM","Cambodia (Kampuchea)",1969,NA,NA,0,0,0,0,"","","","","V2025.09.12"
"10905",811,"CAM","Cambodia (Kampuchea)",1970,NA,NA,2,0,0,0,"18mar1970","","","","V2025.09.12"
"10906",811,"CAM","Cambodia (Kampuchea)",1971,NA,NA,0,0,0,0,"","","","","V2025.09.12"
"10907",811,"CAM","Cambodia (Kampuchea)",1972,NA,NA,0,0,0,0,"","","","","V2025.09.12"
"10908",811,"CAM","Cambodia (Kampuchea)",1973,NA,NA,0,0,0,0,"","","","","V2025.09.12"
"10909",811,"CAM","Cambodia (Kampuchea)",1974,NA,NA,0,0,0,0,"","","","","V2025.09.12"
"10910",811,"CAM","Cambodia (Kampuchea)",1975,NA,NA,0,0,0,0,"","","","","V2025.09.12"
"10911",811,"CAM","Cambodia (Kampuchea)",1976,NA,NA,0,0,0,0,"","","","","V2025.09.12"
"10912",811,"CAM","Cambodia (Kampuchea)",1977,NA,NA,0,0,0,0,"","","","","V2025.09.12"
"10913",811,"CAM","Cambodia (Kampuchea)",1978,NA,NA,1,0,0,0,"15may1978","","","","V2025.09.12"
"10914",811,"CAM","Cambodia (Kampuchea)",1979,NA,NA,0,0,0,0,"","","","","V2025.09.12"
"10915",811,"CAM","Cambodia (Kampuchea)",1980,NA,NA,0,0,0,0,"","","","","V2025.09.12"
"10916",811,"CAM","Cambodia (Kampuchea)",1981,NA,NA,0,0,0,0,"","","","","V2025.09.12"
"10917",811,"CAM","Cambodia (Kampuchea)",1982,NA,NA,0,0,0,0,"","","","","V2025.09.12"
"10918",811,"CAM","Cambodia (Kampuchea)",1983,NA,NA,0,0,0,0,"","","","","V2025.09.12"
"10919",811,"CAM","Cambodia (Kampuchea)",1984,NA,NA,0,0,0,0,"","","","","V2025.09.12"
"10920",811,"CAM","Cambodia (Kampuchea)",1985,NA,NA,0,0,0,0,"","","","","V2025.09.12"
"10921",811,"CAM","Cambodia (Kampuchea)",1986,NA,NA,0,0,0,0,"","","","","V2025.09.12"
"10922",811,"CAM","Cambodia (Kampuchea)",1987,NA,NA,0,0,0,0,"","","","","V2025.09.12"
"10923",811,"CAM","Cambodia (Kampuchea)",1988,NA,NA,0,0,0,0,"","","","","V2025.09.12"
"10924",811,"CAM","Cambodia (Kampuchea)",1989,NA,NA,0,0,0,0,"","","","","V2025.09.12"
"10925",811,"CAM","Cambodia (Kampuchea)",1990,NA,NA,0,0,0,0,"","","","","V2025.09.12"
"10926",811,"CAM","Cambodia (Kampuchea)",1991,NA,NA,0,0,0,0,"","","","","V2025.09.12"
"10927",811,"CAM","Cambodia (Kampuchea)",1992,NA,NA,0,0,0,0,"","","","","V2025.09.12"
"10928",811,"CAM","Cambodia (Kampuchea)",1993,NA,NA,0,0,0,0,"","","","","V2025.09.12"
"10929",811,"CAM","Cambodia (Kampuchea)",1994,NA,NA,0,0,0,0,"","","","","V2025.09.12"
"10930",811,"CAM","Cambodia (Kampuchea)",1995,NA,NA,0,0,0,0,"","","","","V2025.09.12"
"10931",811,"CAM","Cambodia (Kampuchea)",1996,NA,NA,0,0,0,0,"","","","","V2025.09.12"
"10932",811,"CAM","Cambodia (Kampuchea)",1997,NA,NA,2,0,0,0,"05jul1997","","","","V2025.09.12"
"10933",811,"CAM","Cambodia (Kampuchea)",1998,NA,NA,0,0,0,0,"","","","","V2025.09.12"
"10934",811,"CAM","Cambodia (Kampuchea)",1999,NA,NA,0,0,0,0,"","","","","V2025.09.12"
"10935",811,"CAM","Cambodia (Kampuchea)",2000,NA,NA,0,0,0,0,"","","","","V2025.09.12"
"10936",811,"CAM","Cambodia (Kampuchea)",2001,NA,NA,0,0,0,0,"","","","","V2025.09.12"
"10937",811,"CAM","Cambodia (Kampuchea)",2002,NA,NA,0,0,0,0,"","","","","V2025.09.12"
"10938",811,"CAM","Cambodia (Kampuchea)",2003,NA,NA,0,0,0,0,"","","","","V2025.09.12"
"10939",811,"CAM","Cambodia (Kampuchea)",2004,NA,NA,0,0,0,0,"","","","","V2025.09.12"
"10940",811,"CAM","Cambodia (Kampuchea)",2005,NA,NA,0,0,0,0,"","","","","V2025.09.12"
"10941",811,"CAM","Cambodia (Kampuchea)",2006,NA,NA,0,0,0,0,"","","","","V2025.09.12"
"10942",811,"CAM","Cambodia (Kampuchea)",2007,NA,NA,0,0,0,0,"","","","","V2025.09.12"
"10943",811,"CAM","Cambodia (Kampuchea)",2008,NA,NA,0,0,0,0,"","","","","V2025.09.12"
"10944",811,"CAM","Cambodia (Kampuchea)",2009,NA,NA,0,0,0,0,"","","","","V2025.09.12"
"10945",811,"CAM","Cambodia (Kampuchea)",2010,NA,NA,0,0,0,0,"","","","","V2025.09.12"
"10946",811,"CAM","Cambodia (Kampuchea)",2011,NA,NA,0,0,0,0,"","","","","V2025.09.12"
"10947",811,"CAM","Cambodia (Kampuchea)",2012,NA,NA,0,0,0,0,"","","","","V2025.09.12"
"10948",811,"CAM","Cambodia (Kampuchea)",2013,NA,NA,0,0,0,0,"","","","","V2025.09.12"
"10949",811,"CAM","Cambodia (Kampuchea)",2014,NA,NA,0,0,0,0,"","","","","V2025.09.12"
"10950",811,"CAM","Cambodia (Kampuchea)",2015,NA,NA,0,0,0,0,"","","","","V2025.09.12"
"10951",811,"CAM","Cambodia (Kampuchea)",2016,NA,NA,0,0,0,0,"","","","","V2025.09.12"
"10952",811,"CAM","Cambodia (Kampuchea)",2017,NA,NA,0,0,0,0,"","","","","V2025.09.12"
"10953",811,"CAM","Cambodia (Kampuchea)",2018,NA,NA,0,0,0,0,"","","","","V2025.09.12"
"10954",811,"CAM","Cambodia (Kampuchea)",2019,NA,NA,0,0,0,0,"","","","","V2025.09.12"
"10955",811,"CAM","Cambodia (Kampuchea)",2020,NA,NA,0,0,0,0,"","","","","V2025.09.12"
"10956",811,"CAM","Cambodia (Kampuchea)",2021,NA,NA,0,0,0,0,"","","","","V2025.09.12"
"10957",811,"CAM","Cambodia (Kampuchea)",2022,NA,NA,0,0,0,0,"","","","","V2025.09.12"
"10958",811,"CAM","Cambodia (Kampuchea)",2023,NA,NA,0,0,0,0,"","","","","V2025.09.12"
"10959",811,"CAM","Cambodia (Kampuchea)",2024,NA,NA,0,0,0,0,"","","","","V2025.09.12"
"10960",812,"LAO","Laos",1954,NA,NA,0,0,0,0,"","","","","V2025.09.12"
"10961",812,"LAO","Laos",1955,NA,NA,0,0,0,0,"","","","","V2025.09.12"
"10962",812,"LAO","Laos",1956,NA,NA,0,0,0,0,"","","","","V2025.09.12"
"10963",812,"LAO","Laos",1957,NA,NA,0,0,0,0,"","","","","V2025.09.12"
"10964",812,"LAO","Laos",1958,NA,NA,0,0,0,0,"","","","","V2025.09.12"
"10965",812,"LAO","Laos",1959,NA,NA,0,0,0,0,"","","","","V2025.09.12"
"10966",812,"LAO","Laos",1960,NA,NA,2,2,0,0,"09aug1960","08dec1960","","","V2025.09.12"
"10967",812,"LAO","Laos",1961,NA,NA,0,0,0,0,"","","","","V2025.09.12"
"10968",812,"LAO","Laos",1962,NA,NA,0,0,0,0,"","","","","V2025.09.12"
"10969",812,"LAO","Laos",1963,NA,NA,0,0,0,0,"","","","","V2025.09.12"
"10970",812,"LAO","Laos",1964,NA,NA,2,0,0,0,"19apr1964","","","","V2025.09.12"
"10971",812,"LAO","Laos",1965,NA,NA,1,1,1,0,"31jan1965","28mar1965","16apr1965","","V2025.09.12"
"10972",812,"LAO","Laos",1966,NA,NA,1,0,0,0,"21oct1966","","","","V2025.09.12"
"10973",812,"LAO","Laos",1967,NA,NA,0,0,0,0,"","","","","V2025.09.12"
"10974",812,"LAO","Laos",1968,NA,NA,0,0,0,0,"","","","","V2025.09.12"
"10975",812,"LAO","Laos",1969,NA,NA,0,0,0,0,"","","","","V2025.09.12"
"10976",812,"LAO","Laos",1970,NA,NA,0,0,0,0,"","","","","V2025.09.12"
"10977",812,"LAO","Laos",1971,NA,NA,0,0,0,0,"","","","","V2025.09.12"
"10978",812,"LAO","Laos",1972,NA,NA,0,0,0,0,"","","","","V2025.09.12"
"10979",812,"LAO","Laos",1973,NA,NA,1,0,0,0,"20aug1973","","","","V2025.09.12"
"10980",812,"LAO","Laos",1974,NA,NA,0,0,0,0,"","","","","V2025.09.12"
"10981",812,"LAO","Laos",1975,NA,NA,0,0,0,0,"","","","","V2025.09.12"
"10982",812,"LAO","Laos",1976,NA,NA,0,0,0,0,"","","","","V2025.09.12"
"10983",812,"LAO","Laos",1977,NA,NA,0,0,0,0,"","","","","V2025.09.12"
"10984",812,"LAO","Laos",1978,NA,NA,0,0,0,0,"","","","","V2025.09.12"
"10985",812,"LAO","Laos",1979,NA,NA,0,0,0,0,"","","","","V2025.09.12"
"10986",812,"LAO","Laos",1980,NA,NA,0,0,0,0,"","","","","V2025.09.12"
"10987",812,"LAO","Laos",1981,NA,NA,0,0,0,0,"","","","","V2025.09.12"
"10988",812,"LAO","Laos",1982,NA,NA,0,0,0,0,"","","","","V2025.09.12"
"10989",812,"LAO","Laos",1983,NA,NA,0,0,0,0,"","","","","V2025.09.12"
"10990",812,"LAO","Laos",1984,NA,NA,0,0,0,0,"","","","","V2025.09.12"
"10991",812,"LAO","Laos",1985,NA,NA,0,0,0,0,"","","","","V2025.09.12"
"10992",812,"LAO","Laos",1986,NA,NA,0,0,0,0,"","","","","V2025.09.12"
"10993",812,"LAO","Laos",1987,NA,NA,0,0,0,0,"","","","","V2025.09.12"
"10994",812,"LAO","Laos",1988,NA,NA,0,0,0,0,"","","","","V2025.09.12"
"10995",812,"LAO","Laos",1989,NA,NA,0,0,0,0,"","","","","V2025.09.12"
"10996",812,"LAO","Laos",1990,NA,NA,0,0,0,0,"","","","","V2025.09.12"
"10997",812,"LAO","Laos",1991,NA,NA,0,0,0,0,"","","","","V2025.09.12"
"10998",812,"LAO","Laos",1992,NA,NA,0,0,0,0,"","","","","V2025.09.12"
"10999",812,"LAO","Laos",1993,NA,NA,0,0,0,0,"","","","","V2025.09.12"
"11000",812,"LAO","Laos",1994,NA,NA,0,0,0,0,"","","","","V2025.09.12"
"11001",812,"LAO","Laos",1995,NA,NA,0,0,0,0,"","","","","V2025.09.12"
"11002",812,"LAO","Laos",1996,NA,NA,0,0,0,0,"","","","","V2025.09.12"
"11003",812,"LAO","Laos",1997,NA,NA,0,0,0,0,"","","","","V2025.09.12"
"11004",812,"LAO","Laos",1998,NA,NA,0,0,0,0,"","","","","V2025.09.12"
"11005",812,"LAO","Laos",1999,NA,NA,0,0,0,0,"","","","","V2025.09.12"
"11006",812,"LAO","Laos",2000,NA,NA,0,0,0,0,"","","","","V2025.09.12"
"11007",812,"LAO","Laos",2001,NA,NA,0,0,0,0,"","","","","V2025.09.12"
"11008",812,"LAO","Laos",2002,NA,NA,0,0,0,0,"","","","","V2025.09.12"
"11009",812,"LAO","Laos",2003,NA,NA,0,0,0,0,"","","","","V2025.09.12"
"11010",812,"LAO","Laos",2004,NA,NA,0,0,0,0,"","","","","V2025.09.12"
"11011",812,"LAO","Laos",2005,NA,NA,0,0,0,0,"","","","","V2025.09.12"
"11012",812,"LAO","Laos",2006,NA,NA,0,0,0,0,"","","","","V2025.09.12"
"11013",812,"LAO","Laos",2007,NA,NA,0,0,0,0,"","","","","V2025.09.12"
"11014",812,"LAO","Laos",2008,NA,NA,0,0,0,0,"","","","","V2025.09.12"
"11015",812,"LAO","Laos",2009,NA,NA,0,0,0,0,"","","","","V2025.09.12"
"11016",812,"LAO","Laos",2010,NA,NA,0,0,0,0,"","","","","V2025.09.12"
"11017",812,"LAO","Laos",2011,NA,NA,0,0,0,0,"","","","","V2025.09.12"
"11018",812,"LAO","Laos",2012,NA,NA,0,0,0,0,"","","","","V2025.09.12"
"11019",812,"LAO","Laos",2013,NA,NA,0,0,0,0,"","","","","V2025.09.12"
"11020",812,"LAO","Laos",2014,NA,NA,0,0,0,0,"","","","","V2025.09.12"
"11021",812,"LAO","Laos",2015,NA,NA,0,0,0,0,"","","","","V2025.09.12"
"11022",812,"LAO","Laos",2016,NA,NA,0,0,0,0,"","","","","V2025.09.12"
"11023",812,"LAO","Laos",2017,NA,NA,0,0,0,0,"","","","","V2025.09.12"
"11024",812,"LAO","Laos",2018,NA,NA,0,0,0,0,"","","","","V2025.09.12"
"11025",812,"LAO","Laos",2019,NA,NA,0,0,0,0,"","","","","V2025.09.12"
"11026",812,"LAO","Laos",2020,NA,NA,0,0,0,0,"","","","","V2025.09.12"
"11027",812,"LAO","Laos",2021,NA,NA,0,0,0,0,"","","","","V2025.09.12"
"11028",812,"LAO","Laos",2022,NA,NA,0,0,0,0,"","","","","V2025.09.12"
"11029",812,"LAO","Laos",2023,NA,NA,0,0,0,0,"","","","","V2025.09.12"
"11030",812,"LAO","Laos",2024,NA,NA,0,0,0,0,"","","","","V2025.09.12"
"11031",816,"DRV","Vietnam, Democratic Republic of",1954,NA,NA,0,0,0,0,"","","","","V2025.09.12"
"11032",816,"DRV","Vietnam, Democratic Republic of",1955,NA,NA,0,0,0,0,"","","","","V2025.09.12"
"11033",816,"DRV","Vietnam, Democratic Republic of",1956,NA,NA,0,0,0,0,"","","","","V2025.09.12"
"11034",816,"DRV","Vietnam, Democratic Republic of",1957,NA,NA,0,0,0,0,"","","","","V2025.09.12"
"11035",816,"DRV","Vietnam, Democratic Republic of",1958,NA,NA,0,0,0,0,"","","","","V2025.09.12"
"11036",816,"DRV","Vietnam, Democratic Republic of",1959,NA,NA,0,0,0,0,"","","","","V2025.09.12"
"11037",816,"DRV","Vietnam, Democratic Republic of",1960,NA,NA,0,0,0,0,"","","","","V2025.09.12"
"11038",816,"DRV","Vietnam, Democratic Republic of",1961,NA,NA,0,0,0,0,"","","","","V2025.09.12"
"11039",816,"DRV","Vietnam, Democratic Republic of",1962,NA,NA,0,0,0,0,"","","","","V2025.09.12"
"11040",816,"DRV","Vietnam, Democratic Republic of",1963,NA,NA,0,0,0,0,"","","","","V2025.09.12"
"11041",816,"DRV","Vietnam, Democratic Republic of",1964,NA,NA,0,0,0,0,"","","","","V2025.09.12"
"11042",816,"DRV","Vietnam, Democratic Republic of",1965,NA,NA,0,0,0,0,"","","","","V2025.09.12"
"11043",816,"DRV","Vietnam, Democratic Republic of",1966,NA,NA,0,0,0,0,"","","","","V2025.09.12"
"11044",816,"DRV","Vietnam, Democratic Republic of",1967,NA,NA,0,0,0,0,"","","","","V2025.09.12"
"11045",816,"DRV","Vietnam, Democratic Republic of",1968,NA,NA,0,0,0,0,"","","","","V2025.09.12"
"11046",816,"DRV","Vietnam, Democratic Republic of",1969,NA,NA,0,0,0,0,"","","","","V2025.09.12"
"11047",816,"DRV","Vietnam, Democratic Republic of",1970,NA,NA,0,0,0,0,"","","","","V2025.09.12"
"11048",816,"DRV","Vietnam, Democratic Republic of",1971,NA,NA,0,0,0,0,"","","","","V2025.09.12"
"11049",816,"DRV","Vietnam, Democratic Republic of",1972,NA,NA,0,0,0,0,"","","","","V2025.09.12"
"11050",816,"DRV","Vietnam, Democratic Republic of",1973,NA,NA,0,0,0,0,"","","","","V2025.09.12"
"11051",816,"DRV","Vietnam, Democratic Republic of",1974,NA,NA,0,0,0,0,"","","","","V2025.09.12"
"11052",816,"DRV","Vietnam, Democratic Republic of",1975,NA,NA,0,0,0,0,"","","","","V2025.09.12"
"11053",816,"DRV","Vietnam, Democratic Republic of",1976,NA,NA,0,0,0,0,"","","","","V2025.09.12"
"11054",816,"DRV","Vietnam, Democratic Republic of",1977,NA,NA,0,0,0,0,"","","","","V2025.09.12"
"11055",816,"DRV","Vietnam, Democratic Republic of",1978,NA,NA,0,0,0,0,"","","","","V2025.09.12"
"11056",816,"DRV","Vietnam, Democratic Republic of",1979,NA,NA,0,0,0,0,"","","","","V2025.09.12"
"11057",816,"DRV","Vietnam, Democratic Republic of",1980,NA,NA,0,0,0,0,"","","","","V2025.09.12"
"11058",816,"DRV","Vietnam, Democratic Republic of",1981,NA,NA,0,0,0,0,"","","","","V2025.09.12"
"11059",816,"DRV","Vietnam, Democratic Republic of",1982,NA,NA,0,0,0,0,"","","","","V2025.09.12"
"11060",816,"DRV","Vietnam, Democratic Republic of",1983,NA,NA,0,0,0,0,"","","","","V2025.09.12"
"11061",816,"DRV","Vietnam, Democratic Republic of",1984,NA,NA,0,0,0,0,"","","","","V2025.09.12"
"11062",816,"DRV","Vietnam, Democratic Republic of",1985,NA,NA,0,0,0,0,"","","","","V2025.09.12"
"11063",816,"DRV","Vietnam, Democratic Republic of",1986,NA,NA,0,0,0,0,"","","","","V2025.09.12"
"11064",816,"DRV","Vietnam, Democratic Republic of",1987,NA,NA,0,0,0,0,"","","","","V2025.09.12"
"11065",816,"DRV","Vietnam, Democratic Republic of",1988,NA,NA,0,0,0,0,"","","","","V2025.09.12"
"11066",816,"DRV","Vietnam, Democratic Republic of",1989,NA,NA,0,0,0,0,"","","","","V2025.09.12"
"11067",816,"DRV","Vietnam, Democratic Republic of",1990,NA,NA,0,0,0,0,"","","","","V2025.09.12"
"11068",816,"DRV","Vietnam, Democratic Republic of",1991,NA,NA,0,0,0,0,"","","","","V2025.09.12"
"11069",816,"DRV","Vietnam, Democratic Republic of",1992,NA,NA,0,0,0,0,"","","","","V2025.09.12"
"11070",816,"DRV","Vietnam, Democratic Republic of",1993,NA,NA,0,0,0,0,"","","","","V2025.09.12"
"11071",816,"DRV","Vietnam, Democratic Republic of",1994,NA,NA,0,0,0,0,"","","","","V2025.09.12"
"11072",816,"DRV","Vietnam, Democratic Republic of",1995,NA,NA,0,0,0,0,"","","","","V2025.09.12"
"11073",816,"DRV","Vietnam, Democratic Republic of",1996,NA,NA,0,0,0,0,"","","","","V2025.09.12"
"11074",816,"DRV","Vietnam, Democratic Republic of",1997,NA,NA,0,0,0,0,"","","","","V2025.09.12"
"11075",816,"DRV","Vietnam, Democratic Republic of",1998,NA,NA,0,0,0,0,"","","","","V2025.09.12"
"11076",816,"DRV","Vietnam, Democratic Republic of",1999,NA,NA,0,0,0,0,"","","","","V2025.09.12"
"11077",816,"DRV","Vietnam, Democratic Republic of",2000,NA,NA,0,0,0,0,"","","","","V2025.09.12"
"11078",816,"DRV","Vietnam, Democratic Republic of",2001,NA,NA,0,0,0,0,"","","","","V2025.09.12"
"11079",816,"DRV","Vietnam, Democratic Republic of",2002,NA,NA,0,0,0,0,"","","","","V2025.09.12"
"11080",816,"DRV","Vietnam, Democratic Republic of",2003,NA,NA,0,0,0,0,"","","","","V2025.09.12"
"11081",816,"DRV","Vietnam, Democratic Republic of",2004,NA,NA,0,0,0,0,"","","","","V2025.09.12"
"11082",816,"DRV","Vietnam, Democratic Republic of",2005,NA,NA,0,0,0,0,"","","","","V2025.09.12"
"11083",816,"DRV","Vietnam, Democratic Republic of",2006,NA,NA,0,0,0,0,"","","","","V2025.09.12"
"11084",816,"DRV","Vietnam, Democratic Republic of",2007,NA,NA,0,0,0,0,"","","","","V2025.09.12"
"11085",816,"DRV","Vietnam, Democratic Republic of",2008,NA,NA,0,0,0,0,"","","","","V2025.09.12"
"11086",816,"DRV","Vietnam, Democratic Republic of",2009,NA,NA,0,0,0,0,"","","","","V2025.09.12"
"11087",816,"DRV","Vietnam, Democratic Republic of",2010,NA,NA,0,0,0,0,"","","","","V2025.09.12"
"11088",816,"DRV","Vietnam, Democratic Republic of",2011,NA,NA,0,0,0,0,"","","","","V2025.09.12"
"11089",816,"DRV","Vietnam, Democratic Republic of",2012,NA,NA,0,0,0,0,"","","","","V2025.09.12"
"11090",816,"DRV","Vietnam, Democratic Republic of",2013,NA,NA,0,0,0,0,"","","","","V2025.09.12"
"11091",816,"DRV","Vietnam, Democratic Republic of",2014,NA,NA,0,0,0,0,"","","","","V2025.09.12"
"11092",816,"DRV","Vietnam, Democratic Republic of",2015,NA,NA,0,0,0,0,"","","","","V2025.09.12"
"11093",816,"DRV","Vietnam, Democratic Republic of",2016,NA,NA,0,0,0,0,"","","","","V2025.09.12"
"11094",816,"DRV","Vietnam, Democratic Republic of",2017,NA,NA,0,0,0,0,"","","","","V2025.09.12"
"11095",816,"DRV","Vietnam, Democratic Republic of",2018,NA,NA,0,0,0,0,"","","","","V2025.09.12"
"11096",816,"DRV","Vietnam, Democratic Republic of",2019,NA,NA,0,0,0,0,"","","","","V2025.09.12"
"11097",816,"DRV","Vietnam, Democratic Republic of",2020,NA,NA,0,0,0,0,"","","","","V2025.09.12"
"11098",816,"DRV","Vietnam, Democratic Republic of",2021,NA,NA,0,0,0,0,"","","","","V2025.09.12"
"11099",816,"DRV","Vietnam, Democratic Republic of",2022,NA,NA,0,0,0,0,"","","","","V2025.09.12"
"11100",816,"DRV","Vietnam, Democratic Republic of",2023,NA,NA,0,0,0,0,"","","","","V2025.09.12"
"11101",816,"DRV","Vietnam, Democratic Republic of",2024,NA,NA,0,0,0,0,"","","","","V2025.09.12"
"11102",817,"RVN","Vietnam, Republic of",1954,NA,NA,0,0,0,0,"","","","","V2025.09.12"
"11103",817,"RVN","Vietnam, Republic of",1955,NA,NA,0,0,0,0,"","","","","V2025.09.12"
"11104",817,"RVN","Vietnam, Republic of",1956,NA,NA,0,0,0,0,"","","","","V2025.09.12"
"11105",817,"RVN","Vietnam, Republic of",1957,NA,NA,0,0,0,0,"","","","","V2025.09.12"
"11106",817,"RVN","Vietnam, Republic of",1958,NA,NA,0,0,0,0,"","","","","V2025.09.12"
"11107",817,"RVN","Vietnam, Republic of",1959,NA,NA,0,0,0,0,"","","","","V2025.09.12"
"11108",817,"RVN","Vietnam, Republic of",1960,NA,NA,1,0,0,0,"11nov1960","","","","V2025.09.12"
"11109",817,"RVN","Vietnam, Republic of",1961,NA,NA,0,0,0,0,"","","","","V2025.09.12"
"11110",817,"RVN","Vietnam, Republic of",1962,NA,NA,0,0,0,0,"","","","","V2025.09.12"
"11111",817,"RVN","Vietnam, Republic of",1963,NA,NA,2,0,0,0,"01nov1963","","","","V2025.09.12"
"11112",817,"RVN","Vietnam, Republic of",1964,NA,NA,2,1,0,0,"30jan1964","13sep1964","","","V2025.09.12"
"11113",817,"RVN","Vietnam, Republic of",1965,NA,NA,2,1,2,0,"27jan1965","19feb1965","11jun1965","","V2025.09.12"
"11114",817,"RVN","Vietnam, Republic of",1966,NA,NA,0,0,0,0,"","","","","V2025.09.12"
"11115",817,"RVN","Vietnam, Republic of",1967,NA,NA,0,0,0,0,"","","","","V2025.09.12"
"11116",817,"RVN","Vietnam, Republic of",1968,NA,NA,0,0,0,0,"","","","","V2025.09.12"
"11117",817,"RVN","Vietnam, Republic of",1969,NA,NA,0,0,0,0,"","","","","V2025.09.12"
"11118",817,"RVN","Vietnam, Republic of",1970,NA,NA,0,0,0,0,"","","","","V2025.09.12"
"11119",817,"RVN","Vietnam, Republic of",1971,NA,NA,0,0,0,0,"","","","","V2025.09.12"
"11120",817,"RVN","Vietnam, Republic of",1972,NA,NA,0,0,0,0,"","","","","V2025.09.12"
"11121",817,"RVN","Vietnam, Republic of",1973,NA,NA,0,0,0,0,"","","","","V2025.09.12"
"11122",817,"RVN","Vietnam, Republic of",1974,NA,NA,0,0,0,0,"","","","","V2025.09.12"
"11123",817,"RVN","Vietnam, Republic of",1975,NA,NA,0,0,0,0,"","","","","V2025.09.12"
"11124",820,"MAL","Malaysia",1957,NA,NA,0,0,0,0,"","","","","V2025.09.12"
"11125",820,"MAL","Malaysia",1958,NA,NA,0,0,0,0,"","","","","V2025.09.12"
"11126",820,"MAL","Malaysia",1959,NA,NA,0,0,0,0,"","","","","V2025.09.12"
"11127",820,"MAL","Malaysia",1960,NA,NA,0,0,0,0,"","","","","V2025.09.12"
"11128",820,"MAL","Malaysia",1961,NA,NA,0,0,0,0,"","","","","V2025.09.12"
"11129",820,"MAL","Malaysia",1962,NA,NA,0,0,0,0,"","","","","V2025.09.12"
"11130",820,"MAL","Malaysia",1963,NA,NA,0,0,0,0,"","","","","V2025.09.12"
"11131",820,"MAL","Malaysia",1964,NA,NA,0,0,0,0,"","","","","V2025.09.12"
"11132",820,"MAL","Malaysia",1965,NA,NA,0,0,0,0,"","","","","V2025.09.12"
"11133",820,"MAL","Malaysia",1966,NA,NA,0,0,0,0,"","","","","V2025.09.12"
"11134",820,"MAL","Malaysia",1967,NA,NA,0,0,0,0,"","","","","V2025.09.12"
"11135",820,"MAL","Malaysia",1968,NA,NA,0,0,0,0,"","","","","V2025.09.12"
"11136",820,"MAL","Malaysia",1969,NA,NA,0,0,0,0,"","","","","V2025.09.12"
"11137",820,"MAL","Malaysia",1970,NA,NA,0,0,0,0,"","","","","V2025.09.12"
"11138",820,"MAL","Malaysia",1971,NA,NA,0,0,0,0,"","","","","V2025.09.12"
"11139",820,"MAL","Malaysia",1972,NA,NA,0,0,0,0,"","","","","V2025.09.12"
"11140",820,"MAL","Malaysia",1973,NA,NA,0,0,0,0,"","","","","V2025.09.12"
"11141",820,"MAL","Malaysia",1974,NA,NA,0,0,0,0,"","","","","V2025.09.12"
"11142",820,"MAL","Malaysia",1975,NA,NA,0,0,0,0,"","","","","V2025.09.12"
"11143",820,"MAL","Malaysia",1976,NA,NA,0,0,0,0,"","","","","V2025.09.12"
"11144",820,"MAL","Malaysia",1977,NA,NA,0,0,0,0,"","","","","V2025.09.12"
"11145",820,"MAL","Malaysia",1978,NA,NA,0,0,0,0,"","","","","V2025.09.12"
"11146",820,"MAL","Malaysia",1979,NA,NA,0,0,0,0,"","","","","V2025.09.12"
"11147",820,"MAL","Malaysia",1980,NA,NA,0,0,0,0,"","","","","V2025.09.12"
"11148",820,"MAL","Malaysia",1981,NA,NA,0,0,0,0,"","","","","V2025.09.12"
"11149",820,"MAL","Malaysia",1982,NA,NA,0,0,0,0,"","","","","V2025.09.12"
"11150",820,"MAL","Malaysia",1983,NA,NA,0,0,0,0,"","","","","V2025.09.12"
"11151",820,"MAL","Malaysia",1984,NA,NA,0,0,0,0,"","","","","V2025.09.12"
"11152",820,"MAL","Malaysia",1985,NA,NA,0,0,0,0,"","","","","V2025.09.12"
"11153",820,"MAL","Malaysia",1986,NA,NA,0,0,0,0,"","","","","V2025.09.12"
"11154",820,"MAL","Malaysia",1987,NA,NA,0,0,0,0,"","","","","V2025.09.12"
"11155",820,"MAL","Malaysia",1988,NA,NA,0,0,0,0,"","","","","V2025.09.12"
"11156",820,"MAL","Malaysia",1989,NA,NA,0,0,0,0,"","","","","V2025.09.12"
"11157",820,"MAL","Malaysia",1990,NA,NA,0,0,0,0,"","","","","V2025.09.12"
"11158",820,"MAL","Malaysia",1991,NA,NA,0,0,0,0,"","","","","V2025.09.12"
"11159",820,"MAL","Malaysia",1992,NA,NA,0,0,0,0,"","","","","V2025.09.12"
"11160",820,"MAL","Malaysia",1993,NA,NA,0,0,0,0,"","","","","V2025.09.12"
"11161",820,"MAL","Malaysia",1994,NA,NA,0,0,0,0,"","","","","V2025.09.12"
"11162",820,"MAL","Malaysia",1995,NA,NA,0,0,0,0,"","","","","V2025.09.12"
"11163",820,"MAL","Malaysia",1996,NA,NA,0,0,0,0,"","","","","V2025.09.12"
"11164",820,"MAL","Malaysia",1997,NA,NA,0,0,0,0,"","","","","V2025.09.12"
"11165",820,"MAL","Malaysia",1998,NA,NA,0,0,0,0,"","","","","V2025.09.12"
"11166",820,"MAL","Malaysia",1999,NA,NA,0,0,0,0,"","","","","V2025.09.12"
"11167",820,"MAL","Malaysia",2000,NA,NA,0,0,0,0,"","","","","V2025.09.12"
"11168",820,"MAL","Malaysia",2001,NA,NA,0,0,0,0,"","","","","V2025.09.12"
"11169",820,"MAL","Malaysia",2002,NA,NA,0,0,0,0,"","","","","V2025.09.12"
"11170",820,"MAL","Malaysia",2003,NA,NA,0,0,0,0,"","","","","V2025.09.12"
"11171",820,"MAL","Malaysia",2004,NA,NA,0,0,0,0,"","","","","V2025.09.12"
"11172",820,"MAL","Malaysia",2005,NA,NA,0,0,0,0,"","","","","V2025.09.12"
"11173",820,"MAL","Malaysia",2006,NA,NA,0,0,0,0,"","","","","V2025.09.12"
"11174",820,"MAL","Malaysia",2007,NA,NA,0,0,0,0,"","","","","V2025.09.12"
"11175",820,"MAL","Malaysia",2008,NA,NA,0,0,0,0,"","","","","V2025.09.12"
"11176",820,"MAL","Malaysia",2009,NA,NA,0,0,0,0,"","","","","V2025.09.12"
"11177",820,"MAL","Malaysia",2010,NA,NA,0,0,0,0,"","","","","V2025.09.12"
"11178",820,"MAL","Malaysia",2011,NA,NA,0,0,0,0,"","","","","V2025.09.12"
"11179",820,"MAL","Malaysia",2012,NA,NA,0,0,0,0,"","","","","V2025.09.12"
"11180",820,"MAL","Malaysia",2013,NA,NA,0,0,0,0,"","","","","V2025.09.12"
"11181",820,"MAL","Malaysia",2014,NA,NA,0,0,0,0,"","","","","V2025.09.12"
"11182",820,"MAL","Malaysia",2015,NA,NA,0,0,0,0,"","","","","V2025.09.12"
"11183",820,"MAL","Malaysia",2016,NA,NA,0,0,0,0,"","","","","V2025.09.12"
"11184",820,"MAL","Malaysia",2017,NA,NA,0,0,0,0,"","","","","V2025.09.12"
"11185",820,"MAL","Malaysia",2018,NA,NA,0,0,0,0,"","","","","V2025.09.12"
"11186",820,"MAL","Malaysia",2019,NA,NA,0,0,0,0,"","","","","V2025.09.12"
"11187",820,"MAL","Malaysia",2020,NA,NA,0,0,0,0,"","","","","V2025.09.12"
"11188",820,"MAL","Malaysia",2021,NA,NA,0,0,0,0,"","","","","V2025.09.12"
"11189",820,"MAL","Malaysia",2022,NA,NA,0,0,0,0,"","","","","V2025.09.12"
"11190",820,"MAL","Malaysia",2023,NA,NA,0,0,0,0,"","","","","V2025.09.12"
"11191",820,"MAL","Malaysia",2024,NA,NA,0,0,0,0,"","","","","V2025.09.12"
"11192",830,"SIN","Singapore",1965,NA,NA,0,0,0,0,"","","","","V2025.09.12"
"11193",830,"SIN","Singapore",1966,NA,NA,0,0,0,0,"","","","","V2025.09.12"
"11194",830,"SIN","Singapore",1967,NA,NA,0,0,0,0,"","","","","V2025.09.12"
"11195",830,"SIN","Singapore",1968,NA,NA,0,0,0,0,"","","","","V2025.09.12"
"11196",830,"SIN","Singapore",1969,NA,NA,0,0,0,0,"","","","","V2025.09.12"
"11197",830,"SIN","Singapore",1970,NA,NA,0,0,0,0,"","","","","V2025.09.12"
"11198",830,"SIN","Singapore",1971,NA,NA,0,0,0,0,"","","","","V2025.09.12"
"11199",830,"SIN","Singapore",1972,NA,NA,0,0,0,0,"","","","","V2025.09.12"
"11200",830,"SIN","Singapore",1973,NA,NA,0,0,0,0,"","","","","V2025.09.12"
"11201",830,"SIN","Singapore",1974,NA,NA,0,0,0,0,"","","","","V2025.09.12"
"11202",830,"SIN","Singapore",1975,NA,NA,0,0,0,0,"","","","","V2025.09.12"
"11203",830,"SIN","Singapore",1976,NA,NA,0,0,0,0,"","","","","V2025.09.12"
"11204",830,"SIN","Singapore",1977,NA,NA,0,0,0,0,"","","","","V2025.09.12"
"11205",830,"SIN","Singapore",1978,NA,NA,0,0,0,0,"","","","","V2025.09.12"
"11206",830,"SIN","Singapore",1979,NA,NA,0,0,0,0,"","","","","V2025.09.12"
"11207",830,"SIN","Singapore",1980,NA,NA,0,0,0,0,"","","","","V2025.09.12"
"11208",830,"SIN","Singapore",1981,NA,NA,0,0,0,0,"","","","","V2025.09.12"
"11209",830,"SIN","Singapore",1982,NA,NA,0,0,0,0,"","","","","V2025.09.12"
"11210",830,"SIN","Singapore",1983,NA,NA,0,0,0,0,"","","","","V2025.09.12"
"11211",830,"SIN","Singapore",1984,NA,NA,0,0,0,0,"","","","","V2025.09.12"
"11212",830,"SIN","Singapore",1985,NA,NA,0,0,0,0,"","","","","V2025.09.12"
"11213",830,"SIN","Singapore",1986,NA,NA,0,0,0,0,"","","","","V2025.09.12"
"11214",830,"SIN","Singapore",1987,NA,NA,0,0,0,0,"","","","","V2025.09.12"
"11215",830,"SIN","Singapore",1988,NA,NA,0,0,0,0,"","","","","V2025.09.12"
"11216",830,"SIN","Singapore",1989,NA,NA,0,0,0,0,"","","","","V2025.09.12"
"11217",830,"SIN","Singapore",1990,NA,NA,0,0,0,0,"","","","","V2025.09.12"
"11218",830,"SIN","Singapore",1991,NA,NA,0,0,0,0,"","","","","V2025.09.12"
"11219",830,"SIN","Singapore",1992,NA,NA,0,0,0,0,"","","","","V2025.09.12"
"11220",830,"SIN","Singapore",1993,NA,NA,0,0,0,0,"","","","","V2025.09.12"
"11221",830,"SIN","Singapore",1994,NA,NA,0,0,0,0,"","","","","V2025.09.12"
"11222",830,"SIN","Singapore",1995,NA,NA,0,0,0,0,"","","","","V2025.09.12"
"11223",830,"SIN","Singapore",1996,NA,NA,0,0,0,0,"","","","","V2025.09.12"
"11224",830,"SIN","Singapore",1997,NA,NA,0,0,0,0,"","","","","V2025.09.12"
"11225",830,"SIN","Singapore",1998,NA,NA,0,0,0,0,"","","","","V2025.09.12"
"11226",830,"SIN","Singapore",1999,NA,NA,0,0,0,0,"","","","","V2025.09.12"
"11227",830,"SIN","Singapore",2000,NA,NA,0,0,0,0,"","","","","V2025.09.12"
"11228",830,"SIN","Singapore",2001,NA,NA,0,0,0,0,"","","","","V2025.09.12"
"11229",830,"SIN","Singapore",2002,NA,NA,0,0,0,0,"","","","","V2025.09.12"
"11230",830,"SIN","Singapore",2003,NA,NA,0,0,0,0,"","","","","V2025.09.12"
"11231",830,"SIN","Singapore",2004,NA,NA,0,0,0,0,"","","","","V2025.09.12"
"11232",830,"SIN","Singapore",2005,NA,NA,0,0,0,0,"","","","","V2025.09.12"
"11233",830,"SIN","Singapore",2006,NA,NA,0,0,0,0,"","","","","V2025.09.12"
"11234",830,"SIN","Singapore",2007,NA,NA,0,0,0,0,"","","","","V2025.09.12"
"11235",830,"SIN","Singapore",2008,NA,NA,0,0,0,0,"","","","","V2025.09.12"
"11236",830,"SIN","Singapore",2009,NA,NA,0,0,0,0,"","","","","V2025.09.12"
"11237",830,"SIN","Singapore",2010,NA,NA,0,0,0,0,"","","","","V2025.09.12"
"11238",830,"SIN","Singapore",2011,NA,NA,0,0,0,0,"","","","","V2025.09.12"
"11239",830,"SIN","Singapore",2012,NA,NA,0,0,0,0,"","","","","V2025.09.12"
"11240",830,"SIN","Singapore",2013,NA,NA,0,0,0,0,"","","","","V2025.09.12"
"11241",830,"SIN","Singapore",2014,NA,NA,0,0,0,0,"","","","","V2025.09.12"
"11242",830,"SIN","Singapore",2015,NA,NA,0,0,0,0,"","","","","V2025.09.12"
"11243",830,"SIN","Singapore",2016,NA,NA,0,0,0,0,"","","","","V2025.09.12"
"11244",830,"SIN","Singapore",2017,NA,NA,0,0,0,0,"","","","","V2025.09.12"
"11245",830,"SIN","Singapore",2018,NA,NA,0,0,0,0,"","","","","V2025.09.12"
"11246",830,"SIN","Singapore",2019,NA,NA,0,0,0,0,"","","","","V2025.09.12"
"11247",830,"SIN","Singapore",2020,NA,NA,0,0,0,0,"","","","","V2025.09.12"
"11248",830,"SIN","Singapore",2021,NA,NA,0,0,0,0,"","","","","V2025.09.12"
"11249",830,"SIN","Singapore",2022,NA,NA,0,0,0,0,"","","","","V2025.09.12"
"11250",830,"SIN","Singapore",2023,NA,NA,0,0,0,0,"","","","","V2025.09.12"
"11251",830,"SIN","Singapore",2024,NA,NA,0,0,0,0,"","","","","V2025.09.12"
"11252",835,"BRU","Brunei",1984,NA,NA,0,0,0,0,"","","","","V2025.09.12"
"11253",835,"BRU","Brunei",1985,NA,NA,0,0,0,0,"","","","","V2025.09.12"
"11254",835,"BRU","Brunei",1986,NA,NA,0,0,0,0,"","","","","V2025.09.12"
"11255",835,"BRU","Brunei",1987,NA,NA,0,0,0,0,"","","","","V2025.09.12"
"11256",835,"BRU","Brunei",1988,NA,NA,0,0,0,0,"","","","","V2025.09.12"
"11257",835,"BRU","Brunei",1989,NA,NA,0,0,0,0,"","","","","V2025.09.12"
"11258",835,"BRU","Brunei",1990,NA,NA,0,0,0,0,"","","","","V2025.09.12"
"11259",835,"BRU","Brunei",1991,NA,NA,0,0,0,0,"","","","","V2025.09.12"
"11260",835,"BRU","Brunei",1992,NA,NA,0,0,0,0,"","","","","V2025.09.12"
"11261",835,"BRU","Brunei",1993,NA,NA,0,0,0,0,"","","","","V2025.09.12"
"11262",835,"BRU","Brunei",1994,NA,NA,0,0,0,0,"","","","","V2025.09.12"
"11263",835,"BRU","Brunei",1995,NA,NA,0,0,0,0,"","","","","V2025.09.12"
"11264",835,"BRU","Brunei",1996,NA,NA,0,0,0,0,"","","","","V2025.09.12"
"11265",835,"BRU","Brunei",1997,NA,NA,0,0,0,0,"","","","","V2025.09.12"
"11266",835,"BRU","Brunei",1998,NA,NA,0,0,0,0,"","","","","V2025.09.12"
"11267",835,"BRU","Brunei",1999,NA,NA,0,0,0,0,"","","","","V2025.09.12"
"11268",835,"BRU","Brunei",2000,NA,NA,0,0,0,0,"","","","","V2025.09.12"
"11269",835,"BRU","Brunei",2001,NA,NA,0,0,0,0,"","","","","V2025.09.12"
"11270",835,"BRU","Brunei",2002,NA,NA,0,0,0,0,"","","","","V2025.09.12"
"11271",835,"BRU","Brunei",2003,NA,NA,0,0,0,0,"","","","","V2025.09.12"
"11272",835,"BRU","Brunei",2004,NA,NA,0,0,0,0,"","","","","V2025.09.12"
"11273",835,"BRU","Brunei",2005,NA,NA,0,0,0,0,"","","","","V2025.09.12"
"11274",835,"BRU","Brunei",2006,NA,NA,0,0,0,0,"","","","","V2025.09.12"
"11275",835,"BRU","Brunei",2007,NA,NA,0,0,0,0,"","","","","V2025.09.12"
"11276",835,"BRU","Brunei",2008,NA,NA,0,0,0,0,"","","","","V2025.09.12"
"11277",835,"BRU","Brunei",2009,NA,NA,0,0,0,0,"","","","","V2025.09.12"
"11278",835,"BRU","Brunei",2010,NA,NA,0,0,0,0,"","","","","V2025.09.12"
"11279",835,"BRU","Brunei",2011,NA,NA,0,0,0,0,"","","","","V2025.09.12"
"11280",835,"BRU","Brunei",2012,NA,NA,0,0,0,0,"","","","","V2025.09.12"
"11281",835,"BRU","Brunei",2013,NA,NA,0,0,0,0,"","","","","V2025.09.12"
"11282",835,"BRU","Brunei",2014,NA,NA,0,0,0,0,"","","","","V2025.09.12"
"11283",835,"BRU","Brunei",2015,NA,NA,0,0,0,0,"","","","","V2025.09.12"
"11284",835,"BRU","Brunei",2016,NA,NA,0,0,0,0,"","","","","V2025.09.12"
"11285",835,"BRU","Brunei",2017,NA,NA,0,0,0,0,"","","","","V2025.09.12"
"11286",835,"BRU","Brunei",2018,NA,NA,0,0,0,0,"","","","","V2025.09.12"
"11287",835,"BRU","Brunei",2019,NA,NA,0,0,0,0,"","","","","V2025.09.12"
"11288",835,"BRU","Brunei",2020,NA,NA,0,0,0,0,"","","","","V2025.09.12"
"11289",835,"BRU","Brunei",2021,NA,NA,0,0,0,0,"","","","","V2025.09.12"
"11290",835,"BRU","Brunei",2022,NA,NA,0,0,0,0,"","","","","V2025.09.12"
"11291",835,"BRU","Brunei",2023,NA,NA,0,0,0,0,"","","","","V2025.09.12"
"11292",835,"BRU","Brunei",2024,NA,NA,0,0,0,0,"","","","","V2025.09.12"
"11293",840,"PHI","Philippines",1950,NA,NA,0,0,0,0,"","","","","V2025.09.12"
"11294",840,"PHI","Philippines",1951,NA,NA,0,0,0,0,"","","","","V2025.09.12"
"11295",840,"PHI","Philippines",1952,NA,NA,0,0,0,0,"","","","","V2025.09.12"
"11296",840,"PHI","Philippines",1953,NA,NA,0,0,0,0,"","","","","V2025.09.12"
"11297",840,"PHI","Philippines",1954,NA,NA,0,0,0,0,"","","","","V2025.09.12"
"11298",840,"PHI","Philippines",1955,NA,NA,0,0,0,0,"","","","","V2025.09.12"
"11299",840,"PHI","Philippines",1956,NA,NA,0,0,0,0,"","","","","V2025.09.12"
"11300",840,"PHI","Philippines",1957,NA,NA,0,0,0,0,"","","","","V2025.09.12"
"11301",840,"PHI","Philippines",1958,NA,NA,0,0,0,0,"","","","","V2025.09.12"
"11302",840,"PHI","Philippines",1959,NA,NA,0,0,0,0,"","","","","V2025.09.12"
"11303",840,"PHI","Philippines",1960,NA,NA,0,0,0,0,"","","","","V2025.09.12"
"11304",840,"PHI","Philippines",1961,NA,NA,0,0,0,0,"","","","","V2025.09.12"
"11305",840,"PHI","Philippines",1962,NA,NA,0,0,0,0,"","","","","V2025.09.12"
"11306",840,"PHI","Philippines",1963,NA,NA,0,0,0,0,"","","","","V2025.09.12"
"11307",840,"PHI","Philippines",1964,NA,NA,0,0,0,0,"","","","","V2025.09.12"
"11308",840,"PHI","Philippines",1965,NA,NA,0,0,0,0,"","","","","V2025.09.12"
"11309",840,"PHI","Philippines",1966,NA,NA,0,0,0,0,"","","","","V2025.09.12"
"11310",840,"PHI","Philippines",1967,NA,NA,0,0,0,0,"","","","","V2025.09.12"
"11311",840,"PHI","Philippines",1968,NA,NA,0,0,0,0,"","","","","V2025.09.12"
"11312",840,"PHI","Philippines",1969,NA,NA,0,0,0,0,"","","","","V2025.09.12"
"11313",840,"PHI","Philippines",1970,NA,NA,0,0,0,0,"","","","","V2025.09.12"
"11314",840,"PHI","Philippines",1971,NA,NA,0,0,0,0,"","","","","V2025.09.12"
"11315",840,"PHI","Philippines",1972,NA,NA,0,0,0,0,"","","","","V2025.09.12"
"11316",840,"PHI","Philippines",1973,NA,NA,0,0,0,0,"","","","","V2025.09.12"
"11317",840,"PHI","Philippines",1974,NA,NA,0,0,0,0,"","","","","V2025.09.12"
"11318",840,"PHI","Philippines",1975,NA,NA,0,0,0,0,"","","","","V2025.09.12"
"11319",840,"PHI","Philippines",1976,NA,NA,0,0,0,0,"","","","","V2025.09.12"
"11320",840,"PHI","Philippines",1977,NA,NA,0,0,0,0,"","","","","V2025.09.12"
"11321",840,"PHI","Philippines",1978,NA,NA,0,0,0,0,"","","","","V2025.09.12"
"11322",840,"PHI","Philippines",1979,NA,NA,0,0,0,0,"","","","","V2025.09.12"
"11323",840,"PHI","Philippines",1980,NA,NA,0,0,0,0,"","","","","V2025.09.12"
"11324",840,"PHI","Philippines",1981,NA,NA,0,0,0,0,"","","","","V2025.09.12"
"11325",840,"PHI","Philippines",1982,NA,NA,0,0,0,0,"","","","","V2025.09.12"
"11326",840,"PHI","Philippines",1983,NA,NA,0,0,0,0,"","","","","V2025.09.12"
"11327",840,"PHI","Philippines",1984,NA,NA,0,0,0,0,"","","","","V2025.09.12"
"11328",840,"PHI","Philippines",1985,NA,NA,0,0,0,0,"","","","","V2025.09.12"
"11329",840,"PHI","Philippines",1986,NA,NA,1,0,0,0,"06jul1986","","","","V2025.09.12"
"11330",840,"PHI","Philippines",1987,NA,NA,1,1,0,0,"27jan1987","27aug1987","","","V2025.09.12"
"11331",840,"PHI","Philippines",1988,NA,NA,0,0,0,0,"","","","","V2025.09.12"
"11332",840,"PHI","Philippines",1989,NA,NA,1,0,0,0,"01dec1989","","","","V2025.09.12"
"11333",840,"PHI","Philippines",1990,NA,NA,1,0,0,0,"04oct1990","","","","V2025.09.12"
"11334",840,"PHI","Philippines",1991,NA,NA,0,0,0,0,"","","","","V2025.09.12"
"11335",840,"PHI","Philippines",1992,NA,NA,0,0,0,0,"","","","","V2025.09.12"
"11336",840,"PHI","Philippines",1993,NA,NA,0,0,0,0,"","","","","V2025.09.12"
"11337",840,"PHI","Philippines",1994,NA,NA,0,0,0,0,"","","","","V2025.09.12"
"11338",840,"PHI","Philippines",1995,NA,NA,0,0,0,0,"","","","","V2025.09.12"
"11339",840,"PHI","Philippines",1996,NA,NA,0,0,0,0,"","","","","V2025.09.12"
"11340",840,"PHI","Philippines",1997,NA,NA,0,0,0,0,"","","","","V2025.09.12"
"11341",840,"PHI","Philippines",1998,NA,NA,0,0,0,0,"","","","","V2025.09.12"
"11342",840,"PHI","Philippines",1999,NA,NA,0,0,0,0,"","","","","V2025.09.12"
"11343",840,"PHI","Philippines",2000,NA,NA,0,0,0,0,"","","","","V2025.09.12"
"11344",840,"PHI","Philippines",2001,NA,NA,0,0,0,0,"","","","","V2025.09.12"
"11345",840,"PHI","Philippines",2002,NA,NA,0,0,0,0,"","","","","V2025.09.12"
"11346",840,"PHI","Philippines",2003,NA,NA,0,0,0,0,"","","","","V2025.09.12"
"11347",840,"PHI","Philippines",2004,NA,NA,0,0,0,0,"","","","","V2025.09.12"
"11348",840,"PHI","Philippines",2005,NA,NA,0,0,0,0,"","","","","V2025.09.12"
"11349",840,"PHI","Philippines",2006,NA,NA,0,0,0,0,"","","","","V2025.09.12"
"11350",840,"PHI","Philippines",2007,NA,NA,0,0,0,0,"","","","","V2025.09.12"
"11351",840,"PHI","Philippines",2008,NA,NA,0,0,0,0,"","","","","V2025.09.12"
"11352",840,"PHI","Philippines",2009,NA,NA,0,0,0,0,"","","","","V2025.09.12"
"11353",840,"PHI","Philippines",2010,NA,NA,0,0,0,0,"","","","","V2025.09.12"
"11354",840,"PHI","Philippines",2011,NA,NA,0,0,0,0,"","","","","V2025.09.12"
"11355",840,"PHI","Philippines",2012,NA,NA,0,0,0,0,"","","","","V2025.09.12"
"11356",840,"PHI","Philippines",2013,NA,NA,0,0,0,0,"","","","","V2025.09.12"
"11357",840,"PHI","Philippines",2014,NA,NA,0,0,0,0,"","","","","V2025.09.12"
"11358",840,"PHI","Philippines",2015,NA,NA,0,0,0,0,"","","","","V2025.09.12"
"11359",840,"PHI","Philippines",2016,NA,NA,0,0,0,0,"","","","","V2025.09.12"
"11360",840,"PHI","Philippines",2017,NA,NA,0,0,0,0,"","","","","V2025.09.12"
"11361",840,"PHI","Philippines",2018,NA,NA,0,0,0,0,"","","","","V2025.09.12"
"11362",840,"PHI","Philippines",2019,NA,NA,0,0,0,0,"","","","","V2025.09.12"
"11363",840,"PHI","Philippines",2020,NA,NA,0,0,0,0,"","","","","V2025.09.12"
"11364",840,"PHI","Philippines",2021,NA,NA,0,0,0,0,"","","","","V2025.09.12"
"11365",840,"PHI","Philippines",2022,NA,NA,0,0,0,0,"","","","","V2025.09.12"
"11366",840,"PHI","Philippines",2023,NA,NA,0,0,0,0,"","","","","V2025.09.12"
"11367",840,"PHI","Philippines",2024,NA,NA,0,0,0,0,"","","","","V2025.09.12"
"11368",850,"INS","Indonesia",1950,NA,NA,0,0,0,0,"","","","","V2025.09.12"
"11369",850,"INS","Indonesia",1951,NA,NA,0,0,0,0,"","","","","V2025.09.12"
"11370",850,"INS","Indonesia",1952,NA,NA,0,0,0,0,"","","","","V2025.09.12"
"11371",850,"INS","Indonesia",1953,NA,NA,0,0,0,0,"","","","","V2025.09.12"
"11372",850,"INS","Indonesia",1954,NA,NA,0,0,0,0,"","","","","V2025.09.12"
"11373",850,"INS","Indonesia",1955,NA,NA,0,0,0,0,"","","","","V2025.09.12"
"11374",850,"INS","Indonesia",1956,NA,NA,0,0,0,0,"","","","","V2025.09.12"
"11375",850,"INS","Indonesia",1957,NA,NA,0,0,0,0,"","","","","V2025.09.12"
"11376",850,"INS","Indonesia",1958,NA,NA,0,0,0,0,"","","","","V2025.09.12"
"11377",850,"INS","Indonesia",1959,NA,NA,0,0,0,0,"","","","","V2025.09.12"
"11378",850,"INS","Indonesia",1960,NA,NA,0,0,0,0,"","","","","V2025.09.12"
"11379",850,"INS","Indonesia",1961,NA,NA,0,0,0,0,"","","","","V2025.09.12"
"11380",850,"INS","Indonesia",1962,NA,NA,0,0,0,0,"","","","","V2025.09.12"
"11381",850,"INS","Indonesia",1963,NA,NA,0,0,0,0,"","","","","V2025.09.12"
"11382",850,"INS","Indonesia",1964,NA,NA,0,0,0,0,"","","","","V2025.09.12"
"11383",850,"INS","Indonesia",1965,NA,NA,1,0,0,0,"01oct1965","","","","V2025.09.12"
"11384",850,"INS","Indonesia",1966,NA,NA,2,0,0,0,"12mar1966","","","","V2025.09.12"
"11385",850,"INS","Indonesia",1967,NA,NA,0,0,0,0,"","","","","V2025.09.12"
"11386",850,"INS","Indonesia",1968,NA,NA,0,0,0,0,"","","","","V2025.09.12"
"11387",850,"INS","Indonesia",1969,NA,NA,0,0,0,0,"","","","","V2025.09.12"
"11388",850,"INS","Indonesia",1970,NA,NA,0,0,0,0,"","","","","V2025.09.12"
"11389",850,"INS","Indonesia",1971,NA,NA,0,0,0,0,"","","","","V2025.09.12"
"11390",850,"INS","Indonesia",1972,NA,NA,0,0,0,0,"","","","","V2025.09.12"
"11391",850,"INS","Indonesia",1973,NA,NA,0,0,0,0,"","","","","V2025.09.12"
"11392",850,"INS","Indonesia",1974,NA,NA,0,0,0,0,"","","","","V2025.09.12"
"11393",850,"INS","Indonesia",1975,NA,NA,0,0,0,0,"","","","","V2025.09.12"
"11394",850,"INS","Indonesia",1976,NA,NA,0,0,0,0,"","","","","V2025.09.12"
"11395",850,"INS","Indonesia",1977,NA,NA,0,0,0,0,"","","","","V2025.09.12"
"11396",850,"INS","Indonesia",1978,NA,NA,0,0,0,0,"","","","","V2025.09.12"
"11397",850,"INS","Indonesia",1979,NA,NA,0,0,0,0,"","","","","V2025.09.12"
"11398",850,"INS","Indonesia",1980,NA,NA,0,0,0,0,"","","","","V2025.09.12"
"11399",850,"INS","Indonesia",1981,NA,NA,0,0,0,0,"","","","","V2025.09.12"
"11400",850,"INS","Indonesia",1982,NA,NA,0,0,0,0,"","","","","V2025.09.12"
"11401",850,"INS","Indonesia",1983,NA,NA,0,0,0,0,"","","","","V2025.09.12"
"11402",850,"INS","Indonesia",1984,NA,NA,0,0,0,0,"","","","","V2025.09.12"
"11403",850,"INS","Indonesia",1985,NA,NA,0,0,0,0,"","","","","V2025.09.12"
"11404",850,"INS","Indonesia",1986,NA,NA,0,0,0,0,"","","","","V2025.09.12"
"11405",850,"INS","Indonesia",1987,NA,NA,0,0,0,0,"","","","","V2025.09.12"
"11406",850,"INS","Indonesia",1988,NA,NA,0,0,0,0,"","","","","V2025.09.12"
"11407",850,"INS","Indonesia",1989,NA,NA,0,0,0,0,"","","","","V2025.09.12"
"11408",850,"INS","Indonesia",1990,NA,NA,0,0,0,0,"","","","","V2025.09.12"
"11409",850,"INS","Indonesia",1991,NA,NA,0,0,0,0,"","","","","V2025.09.12"
"11410",850,"INS","Indonesia",1992,NA,NA,0,0,0,0,"","","","","V2025.09.12"
"11411",850,"INS","Indonesia",1993,NA,NA,0,0,0,0,"","","","","V2025.09.12"
"11412",850,"INS","Indonesia",1994,NA,NA,0,0,0,0,"","","","","V2025.09.12"
"11413",850,"INS","Indonesia",1995,NA,NA,0,0,0,0,"","","","","V2025.09.12"
"11414",850,"INS","Indonesia",1996,NA,NA,0,0,0,0,"","","","","V2025.09.12"
"11415",850,"INS","Indonesia",1997,NA,NA,0,0,0,0,"","","","","V2025.09.12"
"11416",850,"INS","Indonesia",1998,NA,NA,0,0,0,0,"","","","","V2025.09.12"
"11417",850,"INS","Indonesia",1999,NA,NA,0,0,0,0,"","","","","V2025.09.12"
"11418",850,"INS","Indonesia",2000,NA,NA,0,0,0,0,"","","","","V2025.09.12"
"11419",850,"INS","Indonesia",2001,NA,NA,0,0,0,0,"","","","","V2025.09.12"
"11420",850,"INS","Indonesia",2002,NA,NA,0,0,0,0,"","","","","V2025.09.12"
"11421",850,"INS","Indonesia",2003,NA,NA,0,0,0,0,"","","","","V2025.09.12"
"11422",850,"INS","Indonesia",2004,NA,NA,0,0,0,0,"","","","","V2025.09.12"
"11423",850,"INS","Indonesia",2005,NA,NA,0,0,0,0,"","","","","V2025.09.12"
"11424",850,"INS","Indonesia",2006,NA,NA,0,0,0,0,"","","","","V2025.09.12"
"11425",850,"INS","Indonesia",2007,NA,NA,0,0,0,0,"","","","","V2025.09.12"
"11426",850,"INS","Indonesia",2008,NA,NA,0,0,0,0,"","","","","V2025.09.12"
"11427",850,"INS","Indonesia",2009,NA,NA,0,0,0,0,"","","","","V2025.09.12"
"11428",850,"INS","Indonesia",2010,NA,NA,0,0,0,0,"","","","","V2025.09.12"
"11429",850,"INS","Indonesia",2011,NA,NA,0,0,0,0,"","","","","V2025.09.12"
"11430",850,"INS","Indonesia",2012,NA,NA,0,0,0,0,"","","","","V2025.09.12"
"11431",850,"INS","Indonesia",2013,NA,NA,0,0,0,0,"","","","","V2025.09.12"
"11432",850,"INS","Indonesia",2014,NA,NA,0,0,0,0,"","","","","V2025.09.12"
"11433",850,"INS","Indonesia",2015,NA,NA,0,0,0,0,"","","","","V2025.09.12"
"11434",850,"INS","Indonesia",2016,NA,NA,0,0,0,0,"","","","","V2025.09.12"
"11435",850,"INS","Indonesia",2017,NA,NA,0,0,0,0,"","","","","V2025.09.12"
"11436",850,"INS","Indonesia",2018,NA,NA,0,0,0,0,"","","","","V2025.09.12"
"11437",850,"INS","Indonesia",2019,NA,NA,0,0,0,0,"","","","","V2025.09.12"
"11438",850,"INS","Indonesia",2020,NA,NA,0,0,0,0,"","","","","V2025.09.12"
"11439",850,"INS","Indonesia",2021,NA,NA,0,0,0,0,"","","","","V2025.09.12"
"11440",850,"INS","Indonesia",2022,NA,NA,0,0,0,0,"","","","","V2025.09.12"
"11441",850,"INS","Indonesia",2023,NA,NA,0,0,0,0,"","","","","V2025.09.12"
"11442",850,"INS","Indonesia",2024,NA,NA,0,0,0,0,"","","","","V2025.09.12"
"11443",860,"ETM","East Timor",2002,NA,NA,0,0,0,0,"","","","","V2025.09.12"
"11444",860,"ETM","East Timor",2003,NA,NA,0,0,0,0,"","","","","V2025.09.12"
"11445",860,"ETM","East Timor",2004,NA,NA,0,0,0,0,"","","","","V2025.09.12"
"11446",860,"ETM","East Timor",2005,NA,NA,0,0,0,0,"","","","","V2025.09.12"
"11447",860,"ETM","East Timor",2006,NA,NA,0,0,0,0,"","","","","V2025.09.12"
"11448",860,"ETM","East Timor",2007,NA,NA,0,0,0,0,"","","","","V2025.09.12"
"11449",860,"ETM","East Timor",2008,NA,NA,0,0,0,0,"","","","","V2025.09.12"
"11450",860,"ETM","East Timor",2009,NA,NA,0,0,0,0,"","","","","V2025.09.12"
"11451",860,"ETM","East Timor",2010,NA,NA,0,0,0,0,"","","","","V2025.09.12"
"11452",860,"ETM","East Timor",2011,NA,NA,0,0,0,0,"","","","","V2025.09.12"
"11453",860,"ETM","East Timor",2012,NA,NA,0,0,0,0,"","","","","V2025.09.12"
"11454",860,"ETM","East Timor",2013,NA,NA,0,0,0,0,"","","","","V2025.09.12"
"11455",860,"ETM","East Timor",2014,NA,NA,0,0,0,0,"","","","","V2025.09.12"
"11456",860,"ETM","East Timor",2015,NA,NA,0,0,0,0,"","","","","V2025.09.12"
"11457",860,"ETM","East Timor",2016,NA,NA,0,0,0,0,"","","","","V2025.09.12"
"11458",860,"ETM","East Timor",2017,NA,NA,0,0,0,0,"","","","","V2025.09.12"
"11459",860,"ETM","East Timor",2018,NA,NA,0,0,0,0,"","","","","V2025.09.12"
"11460",860,"ETM","East Timor",2019,NA,NA,0,0,0,0,"","","","","V2025.09.12"
"11461",860,"ETM","East Timor",2020,NA,NA,0,0,0,0,"","","","","V2025.09.12"
"11462",860,"ETM","East Timor",2021,NA,NA,0,0,0,0,"","","","","V2025.09.12"
"11463",860,"ETM","East Timor",2022,NA,NA,0,0,0,0,"","","","","V2025.09.12"
"11464",860,"ETM","East Timor",2023,NA,NA,0,0,0,0,"","","","","V2025.09.12"
"11465",860,"ETM","East Timor",2024,NA,NA,0,0,0,0,"","","","","V2025.09.12"
"11466",900,"AUL","Australia",1950,NA,NA,0,0,0,0,"","","","","V2025.09.12"
"11467",900,"AUL","Australia",1951,NA,NA,0,0,0,0,"","","","","V2025.09.12"
"11468",900,"AUL","Australia",1952,NA,NA,0,0,0,0,"","","","","V2025.09.12"
"11469",900,"AUL","Australia",1953,NA,NA,0,0,0,0,"","","","","V2025.09.12"
"11470",900,"AUL","Australia",1954,NA,NA,0,0,0,0,"","","","","V2025.09.12"
"11471",900,"AUL","Australia",1955,NA,NA,0,0,0,0,"","","","","V2025.09.12"
"11472",900,"AUL","Australia",1956,NA,NA,0,0,0,0,"","","","","V2025.09.12"
"11473",900,"AUL","Australia",1957,NA,NA,0,0,0,0,"","","","","V2025.09.12"
"11474",900,"AUL","Australia",1958,NA,NA,0,0,0,0,"","","","","V2025.09.12"
"11475",900,"AUL","Australia",1959,NA,NA,0,0,0,0,"","","","","V2025.09.12"
"11476",900,"AUL","Australia",1960,NA,NA,0,0,0,0,"","","","","V2025.09.12"
"11477",900,"AUL","Australia",1961,NA,NA,0,0,0,0,"","","","","V2025.09.12"
"11478",900,"AUL","Australia",1962,NA,NA,0,0,0,0,"","","","","V2025.09.12"
"11479",900,"AUL","Australia",1963,NA,NA,0,0,0,0,"","","","","V2025.09.12"
"11480",900,"AUL","Australia",1964,NA,NA,0,0,0,0,"","","","","V2025.09.12"
"11481",900,"AUL","Australia",1965,NA,NA,0,0,0,0,"","","","","V2025.09.12"
"11482",900,"AUL","Australia",1966,NA,NA,0,0,0,0,"","","","","V2025.09.12"
"11483",900,"AUL","Australia",1967,NA,NA,0,0,0,0,"","","","","V2025.09.12"
"11484",900,"AUL","Australia",1968,NA,NA,0,0,0,0,"","","","","V2025.09.12"
"11485",900,"AUL","Australia",1969,NA,NA,0,0,0,0,"","","","","V2025.09.12"
"11486",900,"AUL","Australia",1970,NA,NA,0,0,0,0,"","","","","V2025.09.12"
"11487",900,"AUL","Australia",1971,NA,NA,0,0,0,0,"","","","","V2025.09.12"
"11488",900,"AUL","Australia",1972,NA,NA,0,0,0,0,"","","","","V2025.09.12"
"11489",900,"AUL","Australia",1973,NA,NA,0,0,0,0,"","","","","V2025.09.12"
"11490",900,"AUL","Australia",1974,NA,NA,0,0,0,0,"","","","","V2025.09.12"
"11491",900,"AUL","Australia",1975,NA,NA,0,0,0,0,"","","","","V2025.09.12"
"11492",900,"AUL","Australia",1976,NA,NA,0,0,0,0,"","","","","V2025.09.12"
"11493",900,"AUL","Australia",1977,NA,NA,0,0,0,0,"","","","","V2025.09.12"
"11494",900,"AUL","Australia",1978,NA,NA,0,0,0,0,"","","","","V2025.09.12"
"11495",900,"AUL","Australia",1979,NA,NA,0,0,0,0,"","","","","V2025.09.12"
"11496",900,"AUL","Australia",1980,NA,NA,0,0,0,0,"","","","","V2025.09.12"
"11497",900,"AUL","Australia",1981,NA,NA,0,0,0,0,"","","","","V2025.09.12"
"11498",900,"AUL","Australia",1982,NA,NA,0,0,0,0,"","","","","V2025.09.12"
"11499",900,"AUL","Australia",1983,NA,NA,0,0,0,0,"","","","","V2025.09.12"
"11500",900,"AUL","Australia",1984,NA,NA,0,0,0,0,"","","","","V2025.09.12"
"11501",900,"AUL","Australia",1985,NA,NA,0,0,0,0,"","","","","V2025.09.12"
"11502",900,"AUL","Australia",1986,NA,NA,0,0,0,0,"","","","","V2025.09.12"
"11503",900,"AUL","Australia",1987,NA,NA,0,0,0,0,"","","","","V2025.09.12"
"11504",900,"AUL","Australia",1988,NA,NA,0,0,0,0,"","","","","V2025.09.12"
"11505",900,"AUL","Australia",1989,NA,NA,0,0,0,0,"","","","","V2025.09.12"
"11506",900,"AUL","Australia",1990,NA,NA,0,0,0,0,"","","","","V2025.09.12"
"11507",900,"AUL","Australia",1991,NA,NA,0,0,0,0,"","","","","V2025.09.12"
"11508",900,"AUL","Australia",1992,NA,NA,0,0,0,0,"","","","","V2025.09.12"
"11509",900,"AUL","Australia",1993,NA,NA,0,0,0,0,"","","","","V2025.09.12"
"11510",900,"AUL","Australia",1994,NA,NA,0,0,0,0,"","","","","V2025.09.12"
"11511",900,"AUL","Australia",1995,NA,NA,0,0,0,0,"","","","","V2025.09.12"
"11512",900,"AUL","Australia",1996,NA,NA,0,0,0,0,"","","","","V2025.09.12"
"11513",900,"AUL","Australia",1997,NA,NA,0,0,0,0,"","","","","V2025.09.12"
"11514",900,"AUL","Australia",1998,NA,NA,0,0,0,0,"","","","","V2025.09.12"
"11515",900,"AUL","Australia",1999,NA,NA,0,0,0,0,"","","","","V2025.09.12"
"11516",900,"AUL","Australia",2000,NA,NA,0,0,0,0,"","","","","V2025.09.12"
"11517",900,"AUL","Australia",2001,NA,NA,0,0,0,0,"","","","","V2025.09.12"
"11518",900,"AUL","Australia",2002,NA,NA,0,0,0,0,"","","","","V2025.09.12"
"11519",900,"AUL","Australia",2003,NA,NA,0,0,0,0,"","","","","V2025.09.12"
"11520",900,"AUL","Australia",2004,NA,NA,0,0,0,0,"","","","","V2025.09.12"
"11521",900,"AUL","Australia",2005,NA,NA,0,0,0,0,"","","","","V2025.09.12"
"11522",900,"AUL","Australia",2006,NA,NA,0,0,0,0,"","","","","V2025.09.12"
"11523",900,"AUL","Australia",2007,NA,NA,0,0,0,0,"","","","","V2025.09.12"
"11524",900,"AUL","Australia",2008,NA,NA,0,0,0,0,"","","","","V2025.09.12"
"11525",900,"AUL","Australia",2009,NA,NA,0,0,0,0,"","","","","V2025.09.12"
"11526",900,"AUL","Australia",2010,NA,NA,0,0,0,0,"","","","","V2025.09.12"
"11527",900,"AUL","Australia",2011,NA,NA,0,0,0,0,"","","","","V2025.09.12"
"11528",900,"AUL","Australia",2012,NA,NA,0,0,0,0,"","","","","V2025.09.12"
"11529",900,"AUL","Australia",2013,NA,NA,0,0,0,0,"","","","","V2025.09.12"
"11530",900,"AUL","Australia",2014,NA,NA,0,0,0,0,"","","","","V2025.09.12"
"11531",900,"AUL","Australia",2015,NA,NA,0,0,0,0,"","","","","V2025.09.12"
"11532",900,"AUL","Australia",2016,NA,NA,0,0,0,0,"","","","","V2025.09.12"
"11533",900,"AUL","Australia",2017,NA,NA,0,0,0,0,"","","","","V2025.09.12"
"11534",900,"AUL","Australia",2018,NA,NA,0,0,0,0,"","","","","V2025.09.12"
"11535",900,"AUL","Australia",2019,NA,NA,0,0,0,0,"","","","","V2025.09.12"
"11536",900,"AUL","Australia",2020,NA,NA,0,0,0,0,"","","","","V2025.09.12"
"11537",900,"AUL","Australia",2021,NA,NA,0,0,0,0,"","","","","V2025.09.12"
"11538",900,"AUL","Australia",2022,NA,NA,0,0,0,0,"","","","","V2025.09.12"
"11539",900,"AUL","Australia",2023,NA,NA,0,0,0,0,"","","","","V2025.09.12"
"11540",900,"AUL","Australia",2024,NA,NA,0,0,0,0,"","","","","V2025.09.12"
"11541",910,"PNG","Papua New Guinea",1975,NA,NA,0,0,0,0,"","","","","V2025.09.12"
"11542",910,"PNG","Papua New Guinea",1976,NA,NA,0,0,0,0,"","","","","V2025.09.12"
"11543",910,"PNG","Papua New Guinea",1977,NA,NA,0,0,0,0,"","","","","V2025.09.12"
"11544",910,"PNG","Papua New Guinea",1978,NA,NA,0,0,0,0,"","","","","V2025.09.12"
"11545",910,"PNG","Papua New Guinea",1979,NA,NA,0,0,0,0,"","","","","V2025.09.12"
"11546",910,"PNG","Papua New Guinea",1980,NA,NA,0,0,0,0,"","","","","V2025.09.12"
"11547",910,"PNG","Papua New Guinea",1981,NA,NA,0,0,0,0,"","","","","V2025.09.12"
"11548",910,"PNG","Papua New Guinea",1982,NA,NA,0,0,0,0,"","","","","V2025.09.12"
"11549",910,"PNG","Papua New Guinea",1983,NA,NA,0,0,0,0,"","","","","V2025.09.12"
"11550",910,"PNG","Papua New Guinea",1984,NA,NA,0,0,0,0,"","","","","V2025.09.12"
"11551",910,"PNG","Papua New Guinea",1985,NA,NA,0,0,0,0,"","","","","V2025.09.12"
"11552",910,"PNG","Papua New Guinea",1986,NA,NA,0,0,0,0,"","","","","V2025.09.12"
"11553",910,"PNG","Papua New Guinea",1987,NA,NA,0,0,0,0,"","","","","V2025.09.12"
"11554",910,"PNG","Papua New Guinea",1988,NA,NA,0,0,0,0,"","","","","V2025.09.12"
"11555",910,"PNG","Papua New Guinea",1989,NA,NA,0,0,0,0,"","","","","V2025.09.12"
"11556",910,"PNG","Papua New Guinea",1990,NA,NA,1,0,0,0,"14mar1990","","","","V2025.09.12"
"11557",910,"PNG","Papua New Guinea",1991,NA,NA,0,0,0,0,"","","","","V2025.09.12"
"11558",910,"PNG","Papua New Guinea",1992,NA,NA,0,0,0,0,"","","","","V2025.09.12"
"11559",910,"PNG","Papua New Guinea",1993,NA,NA,0,0,0,0,"","","","","V2025.09.12"
"11560",910,"PNG","Papua New Guinea",1994,NA,NA,0,0,0,0,"","","","","V2025.09.12"
"11561",910,"PNG","Papua New Guinea",1995,NA,NA,0,0,0,0,"","","","","V2025.09.12"
"11562",910,"PNG","Papua New Guinea",1996,NA,NA,0,0,0,0,"","","","","V2025.09.12"
"11563",910,"PNG","Papua New Guinea",1997,NA,NA,0,0,0,0,"","","","","V2025.09.12"
"11564",910,"PNG","Papua New Guinea",1998,NA,NA,0,0,0,0,"","","","","V2025.09.12"
"11565",910,"PNG","Papua New Guinea",1999,NA,NA,0,0,0,0,"","","","","V2025.09.12"
"11566",910,"PNG","Papua New Guinea",2000,NA,NA,0,0,0,0,"","","","","V2025.09.12"
"11567",910,"PNG","Papua New Guinea",2001,NA,NA,0,0,0,0,"","","","","V2025.09.12"
"11568",910,"PNG","Papua New Guinea",2002,NA,NA,0,0,0,0,"","","","","V2025.09.12"
"11569",910,"PNG","Papua New Guinea",2003,NA,NA,0,0,0,0,"","","","","V2025.09.12"
"11570",910,"PNG","Papua New Guinea",2004,NA,NA,0,0,0,0,"","","","","V2025.09.12"
"11571",910,"PNG","Papua New Guinea",2005,NA,NA,0,0,0,0,"","","","","V2025.09.12"
"11572",910,"PNG","Papua New Guinea",2006,NA,NA,0,0,0,0,"","","","","V2025.09.12"
"11573",910,"PNG","Papua New Guinea",2007,NA,NA,0,0,0,0,"","","","","V2025.09.12"
"11574",910,"PNG","Papua New Guinea",2008,NA,NA,0,0,0,0,"","","","","V2025.09.12"
"11575",910,"PNG","Papua New Guinea",2009,NA,NA,0,0,0,0,"","","","","V2025.09.12"
"11576",910,"PNG","Papua New Guinea",2010,NA,NA,0,0,0,0,"","","","","V2025.09.12"
"11577",910,"PNG","Papua New Guinea",2011,NA,NA,0,0,0,0,"","","","","V2025.09.12"
"11578",910,"PNG","Papua New Guinea",2012,NA,NA,1,0,0,0,"26jan2012","","","","V2025.09.12"
"11579",910,"PNG","Papua New Guinea",2013,NA,NA,0,0,0,0,"","","","","V2025.09.12"
"11580",910,"PNG","Papua New Guinea",2014,NA,NA,0,0,0,0,"","","","","V2025.09.12"
"11581",910,"PNG","Papua New Guinea",2015,NA,NA,0,0,0,0,"","","","","V2025.09.12"
"11582",910,"PNG","Papua New Guinea",2016,NA,NA,0,0,0,0,"","","","","V2025.09.12"
"11583",910,"PNG","Papua New Guinea",2017,NA,NA,0,0,0,0,"","","","","V2025.09.12"
"11584",910,"PNG","Papua New Guinea",2018,NA,NA,0,0,0,0,"","","","","V2025.09.12"
"11585",910,"PNG","Papua New Guinea",2019,NA,NA,0,0,0,0,"","","","","V2025.09.12"
"11586",910,"PNG","Papua New Guinea",2020,NA,NA,0,0,0,0,"","","","","V2025.09.12"
"11587",910,"PNG","Papua New Guinea",2021,NA,NA,0,0,0,0,"","","","","V2025.09.12"
"11588",910,"PNG","Papua New Guinea",2022,NA,NA,0,0,0,0,"","","","","V2025.09.12"
"11589",910,"PNG","Papua New Guinea",2023,NA,NA,0,0,0,0,"","","","","V2025.09.12"
"11590",910,"PNG","Papua New Guinea",2024,NA,NA,0,0,0,0,"","","","","V2025.09.12"
"11591",920,"NEW","New Zealand",1950,NA,NA,0,0,0,0,"","","","","V2025.09.12"
"11592",920,"NEW","New Zealand",1951,NA,NA,0,0,0,0,"","","","","V2025.09.12"
"11593",920,"NEW","New Zealand",1952,NA,NA,0,0,0,0,"","","","","V2025.09.12"
"11594",920,"NEW","New Zealand",1953,NA,NA,0,0,0,0,"","","","","V2025.09.12"
"11595",920,"NEW","New Zealand",1954,NA,NA,0,0,0,0,"","","","","V2025.09.12"
"11596",920,"NEW","New Zealand",1955,NA,NA,0,0,0,0,"","","","","V2025.09.12"
"11597",920,"NEW","New Zealand",1956,NA,NA,0,0,0,0,"","","","","V2025.09.12"
"11598",920,"NEW","New Zealand",1957,NA,NA,0,0,0,0,"","","","","V2025.09.12"
"11599",920,"NEW","New Zealand",1958,NA,NA,0,0,0,0,"","","","","V2025.09.12"
"11600",920,"NEW","New Zealand",1959,NA,NA,0,0,0,0,"","","","","V2025.09.12"
"11601",920,"NEW","New Zealand",1960,NA,NA,0,0,0,0,"","","","","V2025.09.12"
"11602",920,"NEW","New Zealand",1961,NA,NA,0,0,0,0,"","","","","V2025.09.12"
"11603",920,"NEW","New Zealand",1962,NA,NA,0,0,0,0,"","","","","V2025.09.12"
"11604",920,"NEW","New Zealand",1963,NA,NA,0,0,0,0,"","","","","V2025.09.12"
"11605",920,"NEW","New Zealand",1964,NA,NA,0,0,0,0,"","","","","V2025.09.12"
"11606",920,"NEW","New Zealand",1965,NA,NA,0,0,0,0,"","","","","V2025.09.12"
"11607",920,"NEW","New Zealand",1966,NA,NA,0,0,0,0,"","","","","V2025.09.12"
"11608",920,"NEW","New Zealand",1967,NA,NA,0,0,0,0,"","","","","V2025.09.12"
"11609",920,"NEW","New Zealand",1968,NA,NA,0,0,0,0,"","","","","V2025.09.12"
"11610",920,"NEW","New Zealand",1969,NA,NA,0,0,0,0,"","","","","V2025.09.12"
"11611",920,"NEW","New Zealand",1970,NA,NA,0,0,0,0,"","","","","V2025.09.12"
"11612",920,"NEW","New Zealand",1971,NA,NA,0,0,0,0,"","","","","V2025.09.12"
"11613",920,"NEW","New Zealand",1972,NA,NA,0,0,0,0,"","","","","V2025.09.12"
"11614",920,"NEW","New Zealand",1973,NA,NA,0,0,0,0,"","","","","V2025.09.12"
"11615",920,"NEW","New Zealand",1974,NA,NA,0,0,0,0,"","","","","V2025.09.12"
"11616",920,"NEW","New Zealand",1975,NA,NA,0,0,0,0,"","","","","V2025.09.12"
"11617",920,"NEW","New Zealand",1976,NA,NA,0,0,0,0,"","","","","V2025.09.12"
"11618",920,"NEW","New Zealand",1977,NA,NA,0,0,0,0,"","","","","V2025.09.12"
"11619",920,"NEW","New Zealand",1978,NA,NA,0,0,0,0,"","","","","V2025.09.12"
"11620",920,"NEW","New Zealand",1979,NA,NA,0,0,0,0,"","","","","V2025.09.12"
"11621",920,"NEW","New Zealand",1980,NA,NA,0,0,0,0,"","","","","V2025.09.12"
"11622",920,"NEW","New Zealand",1981,NA,NA,0,0,0,0,"","","","","V2025.09.12"
"11623",920,"NEW","New Zealand",1982,NA,NA,0,0,0,0,"","","","","V2025.09.12"
"11624",920,"NEW","New Zealand",1983,NA,NA,0,0,0,0,"","","","","V2025.09.12"
"11625",920,"NEW","New Zealand",1984,NA,NA,0,0,0,0,"","","","","V2025.09.12"
"11626",920,"NEW","New Zealand",1985,NA,NA,0,0,0,0,"","","","","V2025.09.12"
"11627",920,"NEW","New Zealand",1986,NA,NA,0,0,0,0,"","","","","V2025.09.12"
"11628",920,"NEW","New Zealand",1987,NA,NA,0,0,0,0,"","","","","V2025.09.12"
"11629",920,"NEW","New Zealand",1988,NA,NA,0,0,0,0,"","","","","V2025.09.12"
"11630",920,"NEW","New Zealand",1989,NA,NA,0,0,0,0,"","","","","V2025.09.12"
"11631",920,"NEW","New Zealand",1990,NA,NA,0,0,0,0,"","","","","V2025.09.12"
"11632",920,"NEW","New Zealand",1991,NA,NA,0,0,0,0,"","","","","V2025.09.12"
"11633",920,"NEW","New Zealand",1992,NA,NA,0,0,0,0,"","","","","V2025.09.12"
"11634",920,"NEW","New Zealand",1993,NA,NA,0,0,0,0,"","","","","V2025.09.12"
"11635",920,"NEW","New Zealand",1994,NA,NA,0,0,0,0,"","","","","V2025.09.12"
"11636",920,"NEW","New Zealand",1995,NA,NA,0,0,0,0,"","","","","V2025.09.12"
"11637",920,"NEW","New Zealand",1996,NA,NA,0,0,0,0,"","","","","V2025.09.12"
"11638",920,"NEW","New Zealand",1997,NA,NA,0,0,0,0,"","","","","V2025.09.12"
"11639",920,"NEW","New Zealand",1998,NA,NA,0,0,0,0,"","","","","V2025.09.12"
"11640",920,"NEW","New Zealand",1999,NA,NA,0,0,0,0,"","","","","V2025.09.12"
"11641",920,"NEW","New Zealand",2000,NA,NA,0,0,0,0,"","","","","V2025.09.12"
"11642",920,"NEW","New Zealand",2001,NA,NA,0,0,0,0,"","","","","V2025.09.12"
"11643",920,"NEW","New Zealand",2002,NA,NA,0,0,0,0,"","","","","V2025.09.12"
"11644",920,"NEW","New Zealand",2003,NA,NA,0,0,0,0,"","","","","V2025.09.12"
"11645",920,"NEW","New Zealand",2004,NA,NA,0,0,0,0,"","","","","V2025.09.12"
"11646",920,"NEW","New Zealand",2005,NA,NA,0,0,0,0,"","","","","V2025.09.12"
"11647",920,"NEW","New Zealand",2006,NA,NA,0,0,0,0,"","","","","V2025.09.12"
"11648",920,"NEW","New Zealand",2007,NA,NA,0,0,0,0,"","","","","V2025.09.12"
"11649",920,"NEW","New Zealand",2008,NA,NA,0,0,0,0,"","","","","V2025.09.12"
"11650",920,"NEW","New Zealand",2009,NA,NA,0,0,0,0,"","","","","V2025.09.12"
"11651",920,"NEW","New Zealand",2010,NA,NA,0,0,0,0,"","","","","V2025.09.12"
"11652",920,"NEW","New Zealand",2011,NA,NA,0,0,0,0,"","","","","V2025.09.12"
"11653",920,"NEW","New Zealand",2012,NA,NA,0,0,0,0,"","","","","V2025.09.12"
"11654",920,"NEW","New Zealand",2013,NA,NA,0,0,0,0,"","","","","V2025.09.12"
"11655",920,"NEW","New Zealand",2014,NA,NA,0,0,0,0,"","","","","V2025.09.12"
"11656",920,"NEW","New Zealand",2015,NA,NA,0,0,0,0,"","","","","V2025.09.12"
"11657",920,"NEW","New Zealand",2016,NA,NA,0,0,0,0,"","","","","V2025.09.12"
"11658",920,"NEW","New Zealand",2017,NA,NA,0,0,0,0,"","","","","V2025.09.12"
"11659",920,"NEW","New Zealand",2018,NA,NA,0,0,0,0,"","","","","V2025.09.12"
"11660",920,"NEW","New Zealand",2019,NA,NA,0,0,0,0,"","","","","V2025.09.12"
"11661",920,"NEW","New Zealand",2020,NA,NA,0,0,0,0,"","","","","V2025.09.12"
"11662",920,"NEW","New Zealand",2021,NA,NA,0,0,0,0,"","","","","V2025.09.12"
"11663",920,"NEW","New Zealand",2022,NA,NA,0,0,0,0,"","","","","V2025.09.12"
"11664",920,"NEW","New Zealand",2023,NA,NA,0,0,0,0,"","","","","V2025.09.12"
"11665",920,"NEW","New Zealand",2024,NA,NA,0,0,0,0,"","","","","V2025.09.12"
"11666",935,"VAN","Vanuatu",1980,NA,NA,0,0,0,0,"","","","","V2025.09.12"
"11667",935,"VAN","Vanuatu",1981,NA,NA,0,0,0,0,"","","","","V2025.09.12"
"11668",935,"VAN","Vanuatu",1982,NA,NA,0,0,0,0,"","","","","V2025.09.12"
"11669",935,"VAN","Vanuatu",1983,NA,NA,0,0,0,0,"","","","","V2025.09.12"
"11670",935,"VAN","Vanuatu",1984,NA,NA,0,0,0,0,"","","","","V2025.09.12"
"11671",935,"VAN","Vanuatu",1985,NA,NA,0,0,0,0,"","","","","V2025.09.12"
"11672",935,"VAN","Vanuatu",1986,NA,NA,0,0,0,0,"","","","","V2025.09.12"
"11673",935,"VAN","Vanuatu",1987,NA,NA,0,0,0,0,"","","","","V2025.09.12"
"11674",935,"VAN","Vanuatu",1988,NA,NA,0,0,0,0,"","","","","V2025.09.12"
"11675",935,"VAN","Vanuatu",1989,NA,NA,0,0,0,0,"","","","","V2025.09.12"
"11676",935,"VAN","Vanuatu",1990,NA,NA,0,0,0,0,"","","","","V2025.09.12"
"11677",935,"VAN","Vanuatu",1991,NA,NA,0,0,0,0,"","","","","V2025.09.12"
"11678",935,"VAN","Vanuatu",1992,NA,NA,0,0,0,0,"","","","","V2025.09.12"
"11679",935,"VAN","Vanuatu",1993,NA,NA,0,0,0,0,"","","","","V2025.09.12"
"11680",935,"VAN","Vanuatu",1994,NA,NA,0,0,0,0,"","","","","V2025.09.12"
"11681",935,"VAN","Vanuatu",1995,NA,NA,0,0,0,0,"","","","","V2025.09.12"
"11682",935,"VAN","Vanuatu",1996,NA,NA,0,0,0,0,"","","","","V2025.09.12"
"11683",935,"VAN","Vanuatu",1997,NA,NA,0,0,0,0,"","","","","V2025.09.12"
"11684",935,"VAN","Vanuatu",1998,NA,NA,0,0,0,0,"","","","","V2025.09.12"
"11685",935,"VAN","Vanuatu",1999,NA,NA,0,0,0,0,"","","","","V2025.09.12"
"11686",935,"VAN","Vanuatu",2000,NA,NA,0,0,0,0,"","","","","V2025.09.12"
"11687",935,"VAN","Vanuatu",2001,NA,NA,0,0,0,0,"","","","","V2025.09.12"
"11688",935,"VAN","Vanuatu",2002,NA,NA,0,0,0,0,"","","","","V2025.09.12"
"11689",935,"VAN","Vanuatu",2003,NA,NA,0,0,0,0,"","","","","V2025.09.12"
"11690",935,"VAN","Vanuatu",2004,NA,NA,0,0,0,0,"","","","","V2025.09.12"
"11691",935,"VAN","Vanuatu",2005,NA,NA,0,0,0,0,"","","","","V2025.09.12"
"11692",935,"VAN","Vanuatu",2006,NA,NA,0,0,0,0,"","","","","V2025.09.12"
"11693",935,"VAN","Vanuatu",2007,NA,NA,0,0,0,0,"","","","","V2025.09.12"
"11694",935,"VAN","Vanuatu",2008,NA,NA,0,0,0,0,"","","","","V2025.09.12"
"11695",935,"VAN","Vanuatu",2009,NA,NA,0,0,0,0,"","","","","V2025.09.12"
"11696",935,"VAN","Vanuatu",2010,NA,NA,0,0,0,0,"","","","","V2025.09.12"
"11697",935,"VAN","Vanuatu",2011,NA,NA,0,0,0,0,"","","","","V2025.09.12"
"11698",935,"VAN","Vanuatu",2012,NA,NA,0,0,0,0,"","","","","V2025.09.12"
"11699",935,"VAN","Vanuatu",2013,NA,NA,0,0,0,0,"","","","","V2025.09.12"
"11700",935,"VAN","Vanuatu",2014,NA,NA,0,0,0,0,"","","","","V2025.09.12"
"11701",935,"VAN","Vanuatu",2015,NA,NA,0,0,0,0,"","","","","V2025.09.12"
"11702",935,"VAN","Vanuatu",2016,NA,NA,0,0,0,0,"","","","","V2025.09.12"
"11703",935,"VAN","Vanuatu",2017,NA,NA,0,0,0,0,"","","","","V2025.09.12"
"11704",935,"VAN","Vanuatu",2018,NA,NA,0,0,0,0,"","","","","V2025.09.12"
"11705",935,"VAN","Vanuatu",2019,NA,NA,0,0,0,0,"","","","","V2025.09.12"
"11706",935,"VAN","Vanuatu",2020,NA,NA,0,0,0,0,"","","","","V2025.09.12"
"11707",935,"VAN","Vanuatu",2021,NA,NA,0,0,0,0,"","","","","V2025.09.12"
"11708",935,"VAN","Vanuatu",2022,NA,NA,0,0,0,0,"","","","","V2025.09.12"
"11709",935,"VAN","Vanuatu",2023,NA,NA,0,0,0,0,"","","","","V2025.09.12"
"11710",935,"VAN","Vanuatu",2024,NA,NA,0,0,0,0,"","","","","V2025.09.12"
"11711",940,"SOL","Solomon Islands",1978,NA,NA,0,0,0,0,"","","","","V2025.09.12"
"11712",940,"SOL","Solomon Islands",1979,NA,NA,0,0,0,0,"","","","","V2025.09.12"
"11713",940,"SOL","Solomon Islands",1980,NA,NA,0,0,0,0,"","","","","V2025.09.12"
"11714",940,"SOL","Solomon Islands",1981,NA,NA,0,0,0,0,"","","","","V2025.09.12"
"11715",940,"SOL","Solomon Islands",1982,NA,NA,0,0,0,0,"","","","","V2025.09.12"
"11716",940,"SOL","Solomon Islands",1983,NA,NA,0,0,0,0,"","","","","V2025.09.12"
"11717",940,"SOL","Solomon Islands",1984,NA,NA,0,0,0,0,"","","","","V2025.09.12"
"11718",940,"SOL","Solomon Islands",1985,NA,NA,0,0,0,0,"","","","","V2025.09.12"
"11719",940,"SOL","Solomon Islands",1986,NA,NA,0,0,0,0,"","","","","V2025.09.12"
"11720",940,"SOL","Solomon Islands",1987,NA,NA,0,0,0,0,"","","","","V2025.09.12"
"11721",940,"SOL","Solomon Islands",1988,NA,NA,0,0,0,0,"","","","","V2025.09.12"
"11722",940,"SOL","Solomon Islands",1989,NA,NA,0,0,0,0,"","","","","V2025.09.12"
"11723",940,"SOL","Solomon Islands",1990,NA,NA,0,0,0,0,"","","","","V2025.09.12"
"11724",940,"SOL","Solomon Islands",1991,NA,NA,0,0,0,0,"","","","","V2025.09.12"
"11725",940,"SOL","Solomon Islands",1992,NA,NA,0,0,0,0,"","","","","V2025.09.12"
"11726",940,"SOL","Solomon Islands",1993,NA,NA,0,0,0,0,"","","","","V2025.09.12"
"11727",940,"SOL","Solomon Islands",1994,NA,NA,0,0,0,0,"","","","","V2025.09.12"
"11728",940,"SOL","Solomon Islands",1995,NA,NA,0,0,0,0,"","","","","V2025.09.12"
"11729",940,"SOL","Solomon Islands",1996,NA,NA,0,0,0,0,"","","","","V2025.09.12"
"11730",940,"SOL","Solomon Islands",1997,NA,NA,0,0,0,0,"","","","","V2025.09.12"
"11731",940,"SOL","Solomon Islands",1998,NA,NA,0,0,0,0,"","","","","V2025.09.12"
"11732",940,"SOL","Solomon Islands",1999,NA,NA,0,0,0,0,"","","","","V2025.09.12"
"11733",940,"SOL","Solomon Islands",2000,NA,NA,0,0,0,0,"","","","","V2025.09.12"
"11734",940,"SOL","Solomon Islands",2001,NA,NA,0,0,0,0,"","","","","V2025.09.12"
"11735",940,"SOL","Solomon Islands",2002,NA,NA,0,0,0,0,"","","","","V2025.09.12"
"11736",940,"SOL","Solomon Islands",2003,NA,NA,0,0,0,0,"","","","","V2025.09.12"
"11737",940,"SOL","Solomon Islands",2004,NA,NA,0,0,0,0,"","","","","V2025.09.12"
"11738",940,"SOL","Solomon Islands",2005,NA,NA,0,0,0,0,"","","","","V2025.09.12"
"11739",940,"SOL","Solomon Islands",2006,NA,NA,0,0,0,0,"","","","","V2025.09.12"
"11740",940,"SOL","Solomon Islands",2007,NA,NA,0,0,0,0,"","","","","V2025.09.12"
"11741",940,"SOL","Solomon Islands",2008,NA,NA,0,0,0,0,"","","","","V2025.09.12"
"11742",940,"SOL","Solomon Islands",2009,NA,NA,0,0,0,0,"","","","","V2025.09.12"
"11743",940,"SOL","Solomon Islands",2010,NA,NA,0,0,0,0,"","","","","V2025.09.12"
"11744",940,"SOL","Solomon Islands",2011,NA,NA,0,0,0,0,"","","","","V2025.09.12"
"11745",940,"SOL","Solomon Islands",2012,NA,NA,0,0,0,0,"","","","","V2025.09.12"
"11746",940,"SOL","Solomon Islands",2013,NA,NA,0,0,0,0,"","","","","V2025.09.12"
"11747",940,"SOL","Solomon Islands",2014,NA,NA,0,0,0,0,"","","","","V2025.09.12"
"11748",940,"SOL","Solomon Islands",2015,NA,NA,0,0,0,0,"","","","","V2025.09.12"
"11749",940,"SOL","Solomon Islands",2016,NA,NA,0,0,0,0,"","","","","V2025.09.12"
"11750",940,"SOL","Solomon Islands",2017,NA,NA,0,0,0,0,"","","","","V2025.09.12"
"11751",940,"SOL","Solomon Islands",2018,NA,NA,0,0,0,0,"","","","","V2025.09.12"
"11752",940,"SOL","Solomon Islands",2019,NA,NA,0,0,0,0,"","","","","V2025.09.12"
"11753",940,"SOL","Solomon Islands",2020,NA,NA,0,0,0,0,"","","","","V2025.09.12"
"11754",940,"SOL","Solomon Islands",2021,NA,NA,0,0,0,0,"","","","","V2025.09.12"
"11755",940,"SOL","Solomon Islands",2022,NA,NA,0,0,0,0,"","","","","V2025.09.12"
"11756",940,"SOL","Solomon Islands",2023,NA,NA,0,0,0,0,"","","","","V2025.09.12"
"11757",940,"SOL","Solomon Islands",2024,NA,NA,0,0,0,0,"","","","","V2025.09.12"
"11758",950,"FJI","Fiji",1970,NA,NA,0,0,0,0,"","","","","V2025.09.12"
"11759",950,"FJI","Fiji",1971,NA,NA,0,0,0,0,"","","","","V2025.09.12"
"11760",950,"FJI","Fiji",1972,NA,NA,0,0,0,0,"","","","","V2025.09.12"
"11761",950,"FJI","Fiji",1973,NA,NA,0,0,0,0,"","","","","V2025.09.12"
"11762",950,"FJI","Fiji",1974,NA,NA,0,0,0,0,"","","","","V2025.09.12"
"11763",950,"FJI","Fiji",1975,NA,NA,0,0,0,0,"","","","","V2025.09.12"
"11764",950,"FJI","Fiji",1976,NA,NA,0,0,0,0,"","","","","V2025.09.12"
"11765",950,"FJI","Fiji",1977,NA,NA,0,0,0,0,"","","","","V2025.09.12"
"11766",950,"FJI","Fiji",1978,NA,NA,0,0,0,0,"","","","","V2025.09.12"
"11767",950,"FJI","Fiji",1979,NA,NA,0,0,0,0,"","","","","V2025.09.12"
"11768",950,"FJI","Fiji",1980,NA,NA,0,0,0,0,"","","","","V2025.09.12"
"11769",950,"FJI","Fiji",1981,NA,NA,0,0,0,0,"","","","","V2025.09.12"
"11770",950,"FJI","Fiji",1982,NA,NA,0,0,0,0,"","","","","V2025.09.12"
"11771",950,"FJI","Fiji",1983,NA,NA,0,0,0,0,"","","","","V2025.09.12"
"11772",950,"FJI","Fiji",1984,NA,NA,0,0,0,0,"","","","","V2025.09.12"
"11773",950,"FJI","Fiji",1985,NA,NA,0,0,0,0,"","","","","V2025.09.12"
"11774",950,"FJI","Fiji",1986,NA,NA,0,0,0,0,"","","","","V2025.09.12"
"11775",950,"FJI","Fiji",1987,NA,NA,2,0,0,0,"14may1987","","","","V2025.09.12"
"11776",950,"FJI","Fiji",1988,NA,NA,0,0,0,0,"","","","","V2025.09.12"
"11777",950,"FJI","Fiji",1989,NA,NA,0,0,0,0,"","","","","V2025.09.12"
"11778",950,"FJI","Fiji",1990,NA,NA,0,0,0,0,"","","","","V2025.09.12"
"11779",950,"FJI","Fiji",1991,NA,NA,0,0,0,0,"","","","","V2025.09.12"
"11780",950,"FJI","Fiji",1992,NA,NA,0,0,0,0,"","","","","V2025.09.12"
"11781",950,"FJI","Fiji",1993,NA,NA,0,0,0,0,"","","","","V2025.09.12"
"11782",950,"FJI","Fiji",1994,NA,NA,0,0,0,0,"","","","","V2025.09.12"
"11783",950,"FJI","Fiji",1995,NA,NA,0,0,0,0,"","","","","V2025.09.12"
"11784",950,"FJI","Fiji",1996,NA,NA,0,0,0,0,"","","","","V2025.09.12"
"11785",950,"FJI","Fiji",1997,NA,NA,0,0,0,0,"","","","","V2025.09.12"
"11786",950,"FJI","Fiji",1998,NA,NA,0,0,0,0,"","","","","V2025.09.12"
"11787",950,"FJI","Fiji",1999,NA,NA,0,0,0,0,"","","","","V2025.09.12"
"11788",950,"FJI","Fiji",2000,NA,NA,2,0,0,0,"29may2000","","","","V2025.09.12"
"11789",950,"FJI","Fiji",2001,NA,NA,0,0,0,0,"","","","","V2025.09.12"
"11790",950,"FJI","Fiji",2002,NA,NA,0,0,0,0,"","","","","V2025.09.12"
"11791",950,"FJI","Fiji",2003,NA,NA,0,0,0,0,"","","","","V2025.09.12"
"11792",950,"FJI","Fiji",2004,NA,NA,0,0,0,0,"","","","","V2025.09.12"
"11793",950,"FJI","Fiji",2005,NA,NA,0,0,0,0,"","","","","V2025.09.12"
"11794",950,"FJI","Fiji",2006,NA,NA,2,0,0,0,"05dec2006","","","","V2025.09.12"
"11795",950,"FJI","Fiji",2007,NA,NA,0,0,0,0,"","","","","V2025.09.12"
"11796",950,"FJI","Fiji",2008,NA,NA,0,0,0,0,"","","","","V2025.09.12"
"11797",950,"FJI","Fiji",2009,NA,NA,0,0,0,0,"","","","","V2025.09.12"
"11798",950,"FJI","Fiji",2010,NA,NA,0,0,0,0,"","","","","V2025.09.12"
"11799",950,"FJI","Fiji",2011,NA,NA,0,0,0,0,"","","","","V2025.09.12"
"11800",950,"FJI","Fiji",2012,NA,NA,0,0,0,0,"","","","","V2025.09.12"
"11801",950,"FJI","Fiji",2013,NA,NA,0,0,0,0,"","","","","V2025.09.12"
"11802",950,"FJI","Fiji",2014,NA,NA,0,0,0,0,"","","","","V2025.09.12"
"11803",950,"FJI","Fiji",2015,NA,NA,0,0,0,0,"","","","","V2025.09.12"
"11804",950,"FJI","Fiji",2016,NA,NA,0,0,0,0,"","","","","V2025.09.12"
"11805",950,"FJI","Fiji",2017,NA,NA,0,0,0,0,"","","","","V2025.09.12"
"11806",950,"FJI","Fiji",2018,NA,NA,0,0,0,0,"","","","","V2025.09.12"
"11807",950,"FJI","Fiji",2019,NA,NA,0,0,0,0,"","","","","V2025.09.12"
"11808",950,"FJI","Fiji",2020,NA,NA,0,0,0,0,"","","","","V2025.09.12"
"11809",950,"FJI","Fiji",2021,NA,NA,0,0,0,0,"","","","","V2025.09.12"
"11810",950,"FJI","Fiji",2022,NA,NA,0,0,0,0,"","","","","V2025.09.12"
"11811",950,"FJI","Fiji",2023,NA,NA,0,0,0,0,"","","","","V2025.09.12"
"11812",950,"FJI","Fiji",2024,NA,NA,0,0,0,0,"","","","","V2025.09.12"
"11813",970,"KBI","Kiribati",1979,NA,NA,0,0,0,0,"","","","","V2025.09.12"
"11814",970,"KBI","Kiribati",1980,NA,NA,0,0,0,0,"","","","","V2025.09.12"
"11815",970,"KBI","Kiribati",1981,NA,NA,0,0,0,0,"","","","","V2025.09.12"
"11816",970,"KBI","Kiribati",1982,NA,NA,0,0,0,0,"","","","","V2025.09.12"
"11817",970,"KBI","Kiribati",1983,NA,NA,0,0,0,0,"","","","","V2025.09.12"
"11818",970,"KBI","Kiribati",1984,NA,NA,0,0,0,0,"","","","","V2025.09.12"
"11819",970,"KBI","Kiribati",1985,NA,NA,0,0,0,0,"","","","","V2025.09.12"
"11820",970,"KBI","Kiribati",1986,NA,NA,0,0,0,0,"","","","","V2025.09.12"
"11821",970,"KBI","Kiribati",1987,NA,NA,0,0,0,0,"","","","","V2025.09.12"
"11822",970,"KBI","Kiribati",1988,NA,NA,0,0,0,0,"","","","","V2025.09.12"
"11823",970,"KBI","Kiribati",1989,NA,NA,0,0,0,0,"","","","","V2025.09.12"
"11824",970,"KBI","Kiribati",1990,NA,NA,0,0,0,0,"","","","","V2025.09.12"
"11825",970,"KBI","Kiribati",1991,NA,NA,0,0,0,0,"","","","","V2025.09.12"
"11826",970,"KBI","Kiribati",1992,NA,NA,0,0,0,0,"","","","","V2025.09.12"
"11827",970,"KBI","Kiribati",1993,NA,NA,0,0,0,0,"","","","","V2025.09.12"
"11828",970,"KBI","Kiribati",1994,NA,NA,0,0,0,0,"","","","","V2025.09.12"
"11829",970,"KBI","Kiribati",1995,NA,NA,0,0,0,0,"","","","","V2025.09.12"
"11830",970,"KBI","Kiribati",1996,NA,NA,0,0,0,0,"","","","","V2025.09.12"
"11831",970,"KBI","Kiribati",1997,NA,NA,0,0,0,0,"","","","","V2025.09.12"
"11832",970,"KBI","Kiribati",1998,NA,NA,0,0,0,0,"","","","","V2025.09.12"
"11833",970,"KBI","Kiribati",1999,NA,NA,0,0,0,0,"","","","","V2025.09.12"
"11834",970,"KBI","Kiribati",2000,NA,NA,0,0,0,0,"","","","","V2025.09.12"
"11835",970,"KBI","Kiribati",2001,NA,NA,0,0,0,0,"","","","","V2025.09.12"
"11836",970,"KBI","Kiribati",2002,NA,NA,0,0,0,0,"","","","","V2025.09.12"
"11837",970,"KBI","Kiribati",2003,NA,NA,0,0,0,0,"","","","","V2025.09.12"
"11838",970,"KBI","Kiribati",2004,NA,NA,0,0,0,0,"","","","","V2025.09.12"
"11839",970,"KBI","Kiribati",2005,NA,NA,0,0,0,0,"","","","","V2025.09.12"
"11840",970,"KBI","Kiribati",2006,NA,NA,0,0,0,0,"","","","","V2025.09.12"
"11841",970,"KBI","Kiribati",2007,NA,NA,0,0,0,0,"","","","","V2025.09.12"
"11842",970,"KBI","Kiribati",2008,NA,NA,0,0,0,0,"","","","","V2025.09.12"
"11843",970,"KBI","Kiribati",2009,NA,NA,0,0,0,0,"","","","","V2025.09.12"
"11844",970,"KBI","Kiribati",2010,NA,NA,0,0,0,0,"","","","","V2025.09.12"
"11845",970,"KBI","Kiribati",2011,NA,NA,0,0,0,0,"","","","","V2025.09.12"
"11846",970,"KBI","Kiribati",2012,NA,NA,0,0,0,0,"","","","","V2025.09.12"
"11847",970,"KBI","Kiribati",2013,NA,NA,0,0,0,0,"","","","","V2025.09.12"
"11848",970,"KBI","Kiribati",2014,NA,NA,0,0,0,0,"","","","","V2025.09.12"
"11849",970,"KBI","Kiribati",2015,NA,NA,0,0,0,0,"","","","","V2025.09.12"
"11850",970,"KBI","Kiribati",2016,NA,NA,0,0,0,0,"","","","","V2025.09.12"
"11851",970,"KBI","Kiribati",2017,NA,NA,0,0,0,0,"","","","","V2025.09.12"
"11852",970,"KBI","Kiribati",2018,NA,NA,0,0,0,0,"","","","","V2025.09.12"
"11853",970,"KBI","Kiribati",2019,NA,NA,0,0,0,0,"","","","","V2025.09.12"
"11854",970,"KBI","Kiribati",2020,NA,NA,0,0,0,0,"","","","","V2025.09.12"
"11855",970,"KBI","Kiribati",2021,NA,NA,0,0,0,0,"","","","","V2025.09.12"
"11856",970,"KBI","Kiribati",2022,NA,NA,0,0,0,0,"","","","","V2025.09.12"
"11857",970,"KBI","Kiribati",2023,NA,NA,0,0,0,0,"","","","","V2025.09.12"
"11858",970,"KBI","Kiribati",2024,NA,NA,0,0,0,0,"","","","","V2025.09.12"
"11859",971,"NAU","Nauru",1968,NA,NA,0,0,0,0,"","","","","V2025.09.12"
"11860",971,"NAU","Nauru",1969,NA,NA,0,0,0,0,"","","","","V2025.09.12"
"11861",971,"NAU","Nauru",1970,NA,NA,0,0,0,0,"","","","","V2025.09.12"
"11862",971,"NAU","Nauru",1971,NA,NA,0,0,0,0,"","","","","V2025.09.12"
"11863",971,"NAU","Nauru",1972,NA,NA,0,0,0,0,"","","","","V2025.09.12"
"11864",971,"NAU","Nauru",1973,NA,NA,0,0,0,0,"","","","","V2025.09.12"
"11865",971,"NAU","Nauru",1974,NA,NA,0,0,0,0,"","","","","V2025.09.12"
"11866",971,"NAU","Nauru",1975,NA,NA,0,0,0,0,"","","","","V2025.09.12"
"11867",971,"NAU","Nauru",1976,NA,NA,0,0,0,0,"","","","","V2025.09.12"
"11868",971,"NAU","Nauru",1977,NA,NA,0,0,0,0,"","","","","V2025.09.12"
"11869",971,"NAU","Nauru",1978,NA,NA,0,0,0,0,"","","","","V2025.09.12"
"11870",971,"NAU","Nauru",1979,NA,NA,0,0,0,0,"","","","","V2025.09.12"
"11871",971,"NAU","Nauru",1980,NA,NA,0,0,0,0,"","","","","V2025.09.12"
"11872",971,"NAU","Nauru",1981,NA,NA,0,0,0,0,"","","","","V2025.09.12"
"11873",971,"NAU","Nauru",1982,NA,NA,0,0,0,0,"","","","","V2025.09.12"
"11874",971,"NAU","Nauru",1983,NA,NA,0,0,0,0,"","","","","V2025.09.12"
"11875",971,"NAU","Nauru",1984,NA,NA,0,0,0,0,"","","","","V2025.09.12"
"11876",971,"NAU","Nauru",1985,NA,NA,0,0,0,0,"","","","","V2025.09.12"
"11877",971,"NAU","Nauru",1986,NA,NA,0,0,0,0,"","","","","V2025.09.12"
"11878",971,"NAU","Nauru",1987,NA,NA,0,0,0,0,"","","","","V2025.09.12"
"11879",971,"NAU","Nauru",1988,NA,NA,0,0,0,0,"","","","","V2025.09.12"
"11880",971,"NAU","Nauru",1989,NA,NA,0,0,0,0,"","","","","V2025.09.12"
"11881",971,"NAU","Nauru",1990,NA,NA,0,0,0,0,"","","","","V2025.09.12"
"11882",971,"NAU","Nauru",1991,NA,NA,0,0,0,0,"","","","","V2025.09.12"
"11883",971,"NAU","Nauru",1992,NA,NA,0,0,0,0,"","","","","V2025.09.12"
"11884",971,"NAU","Nauru",1993,NA,NA,0,0,0,0,"","","","","V2025.09.12"
"11885",971,"NAU","Nauru",1994,NA,NA,0,0,0,0,"","","","","V2025.09.12"
"11886",971,"NAU","Nauru",1995,NA,NA,0,0,0,0,"","","","","V2025.09.12"
"11887",971,"NAU","Nauru",1996,NA,NA,0,0,0,0,"","","","","V2025.09.12"
"11888",971,"NAU","Nauru",1997,NA,NA,0,0,0,0,"","","","","V2025.09.12"
"11889",971,"NAU","Nauru",1998,NA,NA,0,0,0,0,"","","","","V2025.09.12"
"11890",971,"NAU","Nauru",1999,NA,NA,0,0,0,0,"","","","","V2025.09.12"
"11891",971,"NAU","Nauru",2000,NA,NA,0,0,0,0,"","","","","V2025.09.12"
"11892",971,"NAU","Nauru",2001,NA,NA,0,0,0,0,"","","","","V2025.09.12"
"11893",971,"NAU","Nauru",2002,NA,NA,0,0,0,0,"","","","","V2025.09.12"
"11894",971,"NAU","Nauru",2003,NA,NA,0,0,0,0,"","","","","V2025.09.12"
"11895",971,"NAU","Nauru",2004,NA,NA,0,0,0,0,"","","","","V2025.09.12"
"11896",971,"NAU","Nauru",2005,NA,NA,0,0,0,0,"","","","","V2025.09.12"
"11897",971,"NAU","Nauru",2006,NA,NA,0,0,0,0,"","","","","V2025.09.12"
"11898",971,"NAU","Nauru",2007,NA,NA,0,0,0,0,"","","","","V2025.09.12"
"11899",971,"NAU","Nauru",2008,NA,NA,0,0,0,0,"","","","","V2025.09.12"
"11900",971,"NAU","Nauru",2009,NA,NA,0,0,0,0,"","","","","V2025.09.12"
"11901",971,"NAU","Nauru",2010,NA,NA,0,0,0,0,"","","","","V2025.09.12"
"11902",971,"NAU","Nauru",2011,NA,NA,0,0,0,0,"","","","","V2025.09.12"
"11903",971,"NAU","Nauru",2012,NA,NA,0,0,0,0,"","","","","V2025.09.12"
"11904",971,"NAU","Nauru",2013,NA,NA,0,0,0,0,"","","","","V2025.09.12"
"11905",971,"NAU","Nauru",2014,NA,NA,0,0,0,0,"","","","","V2025.09.12"
"11906",971,"NAU","Nauru",2015,NA,NA,0,0,0,0,"","","","","V2025.09.12"
"11907",971,"NAU","Nauru",2016,NA,NA,0,0,0,0,"","","","","V2025.09.12"
"11908",971,"NAU","Nauru",2017,NA,NA,0,0,0,0,"","","","","V2025.09.12"
"11909",971,"NAU","Nauru",2018,NA,NA,0,0,0,0,"","","","","V2025.09.12"
"11910",971,"NAU","Nauru",2019,NA,NA,0,0,0,0,"","","","","V2025.09.12"
"11911",971,"NAU","Nauru",2020,NA,NA,0,0,0,0,"","","","","V2025.09.12"
"11912",971,"NAU","Nauru",2021,NA,NA,0,0,0,0,"","","","","V2025.09.12"
"11913",971,"NAU","Nauru",2022,NA,NA,0,0,0,0,"","","","","V2025.09.12"
"11914",971,"NAU","Nauru",2023,NA,NA,0,0,0,0,"","","","","V2025.09.12"
"11915",971,"NAU","Nauru",2024,NA,NA,0,0,0,0,"","","","","V2025.09.12"
"11916",972,"TON","Tonga",1970,NA,NA,0,0,0,0,"","","","","V2025.09.12"
"11917",972,"TON","Tonga",1971,NA,NA,0,0,0,0,"","","","","V2025.09.12"
"11918",972,"TON","Tonga",1972,NA,NA,0,0,0,0,"","","","","V2025.09.12"
"11919",972,"TON","Tonga",1973,NA,NA,0,0,0,0,"","","","","V2025.09.12"
"11920",972,"TON","Tonga",1974,NA,NA,0,0,0,0,"","","","","V2025.09.12"
"11921",972,"TON","Tonga",1975,NA,NA,0,0,0,0,"","","","","V2025.09.12"
"11922",972,"TON","Tonga",1976,NA,NA,0,0,0,0,"","","","","V2025.09.12"
"11923",972,"TON","Tonga",1977,NA,NA,0,0,0,0,"","","","","V2025.09.12"
"11924",972,"TON","Tonga",1978,NA,NA,0,0,0,0,"","","","","V2025.09.12"
"11925",972,"TON","Tonga",1979,NA,NA,0,0,0,0,"","","","","V2025.09.12"
"11926",972,"TON","Tonga",1980,NA,NA,0,0,0,0,"","","","","V2025.09.12"
"11927",972,"TON","Tonga",1981,NA,NA,0,0,0,0,"","","","","V2025.09.12"
"11928",972,"TON","Tonga",1982,NA,NA,0,0,0,0,"","","","","V2025.09.12"
"11929",972,"TON","Tonga",1983,NA,NA,0,0,0,0,"","","","","V2025.09.12"
"11930",972,"TON","Tonga",1984,NA,NA,0,0,0,0,"","","","","V2025.09.12"
"11931",972,"TON","Tonga",1985,NA,NA,0,0,0,0,"","","","","V2025.09.12"
"11932",972,"TON","Tonga",1986,NA,NA,0,0,0,0,"","","","","V2025.09.12"
"11933",972,"TON","Tonga",1987,NA,NA,0,0,0,0,"","","","","V2025.09.12"
"11934",972,"TON","Tonga",1988,NA,NA,0,0,0,0,"","","","","V2025.09.12"
"11935",972,"TON","Tonga",1989,NA,NA,0,0,0,0,"","","","","V2025.09.12"
"11936",972,"TON","Tonga",1990,NA,NA,0,0,0,0,"","","","","V2025.09.12"
"11937",972,"TON","Tonga",1991,NA,NA,0,0,0,0,"","","","","V2025.09.12"
"11938",972,"TON","Tonga",1992,NA,NA,0,0,0,0,"","","","","V2025.09.12"
"11939",972,"TON","Tonga",1993,NA,NA,0,0,0,0,"","","","","V2025.09.12"
"11940",972,"TON","Tonga",1994,NA,NA,0,0,0,0,"","","","","V2025.09.12"
"11941",972,"TON","Tonga",1995,NA,NA,0,0,0,0,"","","","","V2025.09.12"
"11942",972,"TON","Tonga",1996,NA,NA,0,0,0,0,"","","","","V2025.09.12"
"11943",972,"TON","Tonga",1997,NA,NA,0,0,0,0,"","","","","V2025.09.12"
"11944",972,"TON","Tonga",1998,NA,NA,0,0,0,0,"","","","","V2025.09.12"
"11945",972,"TON","Tonga",1999,NA,NA,0,0,0,0,"","","","","V2025.09.12"
"11946",972,"TON","Tonga",2000,NA,NA,0,0,0,0,"","","","","V2025.09.12"
"11947",972,"TON","Tonga",2001,NA,NA,0,0,0,0,"","","","","V2025.09.12"
"11948",972,"TON","Tonga",2002,NA,NA,0,0,0,0,"","","","","V2025.09.12"
"11949",972,"TON","Tonga",2003,NA,NA,0,0,0,0,"","","","","V2025.09.12"
"11950",972,"TON","Tonga",2004,NA,NA,0,0,0,0,"","","","","V2025.09.12"
"11951",972,"TON","Tonga",2005,NA,NA,0,0,0,0,"","","","","V2025.09.12"
"11952",972,"TON","Tonga",2006,NA,NA,0,0,0,0,"","","","","V2025.09.12"
"11953",972,"TON","Tonga",2007,NA,NA,0,0,0,0,"","","","","V2025.09.12"
"11954",972,"TON","Tonga",2008,NA,NA,0,0,0,0,"","","","","V2025.09.12"
"11955",972,"TON","Tonga",2009,NA,NA,0,0,0,0,"","","","","V2025.09.12"
"11956",972,"TON","Tonga",2010,NA,NA,0,0,0,0,"","","","","V2025.09.12"
"11957",972,"TON","Tonga",2011,NA,NA,0,0,0,0,"","","","","V2025.09.12"
"11958",972,"TON","Tonga",2012,NA,NA,0,0,0,0,"","","","","V2025.09.12"
"11959",972,"TON","Tonga",2013,NA,NA,0,0,0,0,"","","","","V2025.09.12"
"11960",972,"TON","Tonga",2014,NA,NA,0,0,0,0,"","","","","V2025.09.12"
"11961",972,"TON","Tonga",2015,NA,NA,0,0,0,0,"","","","","V2025.09.12"
"11962",972,"TON","Tonga",2016,NA,NA,0,0,0,0,"","","","","V2025.09.12"
"11963",972,"TON","Tonga",2017,NA,NA,0,0,0,0,"","","","","V2025.09.12"
"11964",972,"TON","Tonga",2018,NA,NA,0,0,0,0,"","","","","V2025.09.12"
"11965",972,"TON","Tonga",2019,NA,NA,0,0,0,0,"","","","","V2025.09.12"
"11966",972,"TON","Tonga",2020,NA,NA,0,0,0,0,"","","","","V2025.09.12"
"11967",972,"TON","Tonga",2021,NA,NA,0,0,0,0,"","","","","V2025.09.12"
"11968",972,"TON","Tonga",2022,NA,NA,0,0,0,0,"","","","","V2025.09.12"
"11969",972,"TON","Tonga",2023,NA,NA,0,0,0,0,"","","","","V2025.09.12"
"11970",972,"TON","Tonga",2024,NA,NA,0,0,0,0,"","","","","V2025.09.12"
"11971",973,"TUV","Tuvalu",1978,NA,NA,0,0,0,0,"","","","","V2025.09.12"
"11972",973,"TUV","Tuvalu",1979,NA,NA,0,0,0,0,"","","","","V2025.09.12"
"11973",973,"TUV","Tuvalu",1980,NA,NA,0,0,0,0,"","","","","V2025.09.12"
"11974",973,"TUV","Tuvalu",1981,NA,NA,0,0,0,0,"","","","","V2025.09.12"
"11975",973,"TUV","Tuvalu",1982,NA,NA,0,0,0,0,"","","","","V2025.09.12"
"11976",973,"TUV","Tuvalu",1983,NA,NA,0,0,0,0,"","","","","V2025.09.12"
"11977",973,"TUV","Tuvalu",1984,NA,NA,0,0,0,0,"","","","","V2025.09.12"
"11978",973,"TUV","Tuvalu",1985,NA,NA,0,0,0,0,"","","","","V2025.09.12"
"11979",973,"TUV","Tuvalu",1986,NA,NA,0,0,0,0,"","","","","V2025.09.12"
"11980",973,"TUV","Tuvalu",1987,NA,NA,0,0,0,0,"","","","","V2025.09.12"
"11981",973,"TUV","Tuvalu",1988,NA,NA,0,0,0,0,"","","","","V2025.09.12"
"11982",973,"TUV","Tuvalu",1989,NA,NA,0,0,0,0,"","","","","V2025.09.12"
"11983",973,"TUV","Tuvalu",1990,NA,NA,0,0,0,0,"","","","","V2025.09.12"
"11984",973,"TUV","Tuvalu",1991,NA,NA,0,0,0,0,"","","","","V2025.09.12"
"11985",973,"TUV","Tuvalu",1992,NA,NA,0,0,0,0,"","","","","V2025.09.12"
"11986",973,"TUV","Tuvalu",1993,NA,NA,0,0,0,0,"","","","","V2025.09.12"
"11987",973,"TUV","Tuvalu",1994,NA,NA,0,0,0,0,"","","","","V2025.09.12"
"11988",973,"TUV","Tuvalu",1995,NA,NA,0,0,0,0,"","","","","V2025.09.12"
"11989",973,"TUV","Tuvalu",1996,NA,NA,0,0,0,0,"","","","","V2025.09.12"
"11990",973,"TUV","Tuvalu",1997,NA,NA,0,0,0,0,"","","","","V2025.09.12"
"11991",973,"TUV","Tuvalu",1998,NA,NA,0,0,0,0,"","","","","V2025.09.12"
"11992",973,"TUV","Tuvalu",1999,NA,NA,0,0,0,0,"","","","","V2025.09.12"
"11993",973,"TUV","Tuvalu",2000,NA,NA,0,0,0,0,"","","","","V2025.09.12"
"11994",973,"TUV","Tuvalu",2001,NA,NA,0,0,0,0,"","","","","V2025.09.12"
"11995",973,"TUV","Tuvalu",2002,NA,NA,0,0,0,0,"","","","","V2025.09.12"
"11996",973,"TUV","Tuvalu",2003,NA,NA,0,0,0,0,"","","","","V2025.09.12"
"11997",973,"TUV","Tuvalu",2004,NA,NA,0,0,0,0,"","","","","V2025.09.12"
"11998",973,"TUV","Tuvalu",2005,NA,NA,0,0,0,0,"","","","","V2025.09.12"
"11999",973,"TUV","Tuvalu",2006,NA,NA,0,0,0,0,"","","","","V2025.09.12"
"12000",973,"TUV","Tuvalu",2007,NA,NA,0,0,0,0,"","","","","V2025.09.12"
"12001",973,"TUV","Tuvalu",2008,NA,NA,0,0,0,0,"","","","","V2025.09.12"
"12002",973,"TUV","Tuvalu",2009,NA,NA,0,0,0,0,"","","","","V2025.09.12"
"12003",973,"TUV","Tuvalu",2010,NA,NA,0,0,0,0,"","","","","V2025.09.12"
"12004",973,"TUV","Tuvalu",2011,NA,NA,0,0,0,0,"","","","","V2025.09.12"
"12005",973,"TUV","Tuvalu",2012,NA,NA,0,0,0,0,"","","","","V2025.09.12"
"12006",973,"TUV","Tuvalu",2013,NA,NA,0,0,0,0,"","","","","V2025.09.12"
"12007",973,"TUV","Tuvalu",2014,NA,NA,0,0,0,0,"","","","","V2025.09.12"
"12008",973,"TUV","Tuvalu",2015,NA,NA,0,0,0,0,"","","","","V2025.09.12"
"12009",973,"TUV","Tuvalu",2016,NA,NA,0,0,0,0,"","","","","V2025.09.12"
"12010",973,"TUV","Tuvalu",2017,NA,NA,0,0,0,0,"","","","","V2025.09.12"
"12011",973,"TUV","Tuvalu",2018,NA,NA,0,0,0,0,"","","","","V2025.09.12"
"12012",973,"TUV","Tuvalu",2019,NA,NA,0,0,0,0,"","","","","V2025.09.12"
"12013",973,"TUV","Tuvalu",2020,NA,NA,0,0,0,0,"","","","","V2025.09.12"
"12014",973,"TUV","Tuvalu",2021,NA,NA,0,0,0,0,"","","","","V2025.09.12"
"12015",973,"TUV","Tuvalu",2022,NA,NA,0,0,0,0,"","","","","V2025.09.12"
"12016",973,"TUV","Tuvalu",2023,NA,NA,0,0,0,0,"","","","","V2025.09.12"
"12017",973,"TUV","Tuvalu",2024,NA,NA,0,0,0,0,"","","","","V2025.09.12"
"12018",983,"MSI","Marshall Islands",1986,NA,NA,0,0,0,0,"","","","","V2025.09.12"
"12019",983,"MSI","Marshall Islands",1987,NA,NA,0,0,0,0,"","","","","V2025.09.12"
"12020",983,"MSI","Marshall Islands",1988,NA,NA,0,0,0,0,"","","","","V2025.09.12"
"12021",983,"MSI","Marshall Islands",1989,NA,NA,0,0,0,0,"","","","","V2025.09.12"
"12022",983,"MSI","Marshall Islands",1990,NA,NA,0,0,0,0,"","","","","V2025.09.12"
"12023",983,"MSI","Marshall Islands",1991,NA,NA,0,0,0,0,"","","","","V2025.09.12"
"12024",983,"MSI","Marshall Islands",1992,NA,NA,0,0,0,0,"","","","","V2025.09.12"
"12025",983,"MSI","Marshall Islands",1993,NA,NA,0,0,0,0,"","","","","V2025.09.12"
"12026",983,"MSI","Marshall Islands",1994,NA,NA,0,0,0,0,"","","","","V2025.09.12"
"12027",983,"MSI","Marshall Islands",1995,NA,NA,0,0,0,0,"","","","","V2025.09.12"
"12028",983,"MSI","Marshall Islands",1996,NA,NA,0,0,0,0,"","","","","V2025.09.12"
"12029",983,"MSI","Marshall Islands",1997,NA,NA,0,0,0,0,"","","","","V2025.09.12"
"12030",983,"MSI","Marshall Islands",1998,NA,NA,0,0,0,0,"","","","","V2025.09.12"
"12031",983,"MSI","Marshall Islands",1999,NA,NA,0,0,0,0,"","","","","V2025.09.12"
"12032",983,"MSI","Marshall Islands",2000,NA,NA,0,0,0,0,"","","","","V2025.09.12"
"12033",983,"MSI","Marshall Islands",2001,NA,NA,0,0,0,0,"","","","","V2025.09.12"
"12034",983,"MSI","Marshall Islands",2002,NA,NA,0,0,0,0,"","","","","V2025.09.12"
"12035",983,"MSI","Marshall Islands",2003,NA,NA,0,0,0,0,"","","","","V2025.09.12"
"12036",983,"MSI","Marshall Islands",2004,NA,NA,0,0,0,0,"","","","","V2025.09.12"
"12037",983,"MSI","Marshall Islands",2005,NA,NA,0,0,0,0,"","","","","V2025.09.12"
"12038",983,"MSI","Marshall Islands",2006,NA,NA,0,0,0,0,"","","","","V2025.09.12"
"12039",983,"MSI","Marshall Islands",2007,NA,NA,0,0,0,0,"","","","","V2025.09.12"
"12040",983,"MSI","Marshall Islands",2008,NA,NA,0,0,0,0,"","","","","V2025.09.12"
"12041",983,"MSI","Marshall Islands",2009,NA,NA,0,0,0,0,"","","","","V2025.09.12"
"12042",983,"MSI","Marshall Islands",2010,NA,NA,0,0,0,0,"","","","","V2025.09.12"
"12043",983,"MSI","Marshall Islands",2011,NA,NA,0,0,0,0,"","","","","V2025.09.12"
"12044",983,"MSI","Marshall Islands",2012,NA,NA,0,0,0,0,"","","","","V2025.09.12"
"12045",983,"MSI","Marshall Islands",2013,NA,NA,0,0,0,0,"","","","","V2025.09.12"
"12046",983,"MSI","Marshall Islands",2014,NA,NA,0,0,0,0,"","","","","V2025.09.12"
"12047",983,"MSI","Marshall Islands",2015,NA,NA,0,0,0,0,"","","","","V2025.09.12"
"12048",983,"MSI","Marshall Islands",2016,NA,NA,0,0,0,0,"","","","","V2025.09.12"
"12049",983,"MSI","Marshall Islands",2017,NA,NA,0,0,0,0,"","","","","V2025.09.12"
"12050",983,"MSI","Marshall Islands",2018,NA,NA,0,0,0,0,"","","","","V2025.09.12"
"12051",983,"MSI","Marshall Islands",2019,NA,NA,0,0,0,0,"","","","","V2025.09.12"
"12052",983,"MSI","Marshall Islands",2020,NA,NA,0,0,0,0,"","","","","V2025.09.12"
"12053",983,"MSI","Marshall Islands",2021,NA,NA,0,0,0,0,"","","","","V2025.09.12"
"12054",983,"MSI","Marshall Islands",2022,NA,NA,0,0,0,0,"","","","","V2025.09.12"
"12055",983,"MSI","Marshall Islands",2023,NA,NA,0,0,0,0,"","","","","V2025.09.12"
"12056",983,"MSI","Marshall Islands",2024,NA,NA,0,0,0,0,"","","","","V2025.09.12"
"12057",986,"PAL","Palau",1994,NA,NA,0,0,0,0,"","","","","V2025.09.12"
"12058",986,"PAL","Palau",1995,NA,NA,0,0,0,0,"","","","","V2025.09.12"
"12059",986,"PAL","Palau",1996,NA,NA,0,0,0,0,"","","","","V2025.09.12"
"12060",986,"PAL","Palau",1997,NA,NA,0,0,0,0,"","","","","V2025.09.12"
"12061",986,"PAL","Palau",1998,NA,NA,0,0,0,0,"","","","","V2025.09.12"
"12062",986,"PAL","Palau",1999,NA,NA,0,0,0,0,"","","","","V2025.09.12"
"12063",986,"PAL","Palau",2000,NA,NA,0,0,0,0,"","","","","V2025.09.12"
"12064",986,"PAL","Palau",2001,NA,NA,0,0,0,0,"","","","","V2025.09.12"
"12065",986,"PAL","Palau",2002,NA,NA,0,0,0,0,"","","","","V2025.09.12"
"12066",986,"PAL","Palau",2003,NA,NA,0,0,0,0,"","","","","V2025.09.12"
"12067",986,"PAL","Palau",2004,NA,NA,0,0,0,0,"","","","","V2025.09.12"
"12068",986,"PAL","Palau",2005,NA,NA,0,0,0,0,"","","","","V2025.09.12"
"12069",986,"PAL","Palau",2006,NA,NA,0,0,0,0,"","","","","V2025.09.12"
"12070",986,"PAL","Palau",2007,NA,NA,0,0,0,0,"","","","","V2025.09.12"
"12071",986,"PAL","Palau",2008,NA,NA,0,0,0,0,"","","","","V2025.09.12"
"12072",986,"PAL","Palau",2009,NA,NA,0,0,0,0,"","","","","V2025.09.12"
"12073",986,"PAL","Palau",2010,NA,NA,0,0,0,0,"","","","","V2025.09.12"
"12074",986,"PAL","Palau",2011,NA,NA,0,0,0,0,"","","","","V2025.09.12"
"12075",986,"PAL","Palau",2012,NA,NA,0,0,0,0,"","","","","V2025.09.12"
"12076",986,"PAL","Palau",2013,NA,NA,0,0,0,0,"","","","","V2025.09.12"
"12077",986,"PAL","Palau",2014,NA,NA,0,0,0,0,"","","","","V2025.09.12"
"12078",986,"PAL","Palau",2015,NA,NA,0,0,0,0,"","","","","V2025.09.12"
"12079",986,"PAL","Palau",2016,NA,NA,0,0,0,0,"","","","","V2025.09.12"
"12080",986,"PAL","Palau",2017,NA,NA,0,0,0,0,"","","","","V2025.09.12"
"12081",986,"PAL","Palau",2018,NA,NA,0,0,0,0,"","","","","V2025.09.12"
"12082",986,"PAL","Palau",2019,NA,NA,0,0,0,0,"","","","","V2025.09.12"
"12083",986,"PAL","Palau",2020,NA,NA,0,0,0,0,"","","","","V2025.09.12"
"12084",986,"PAL","Palau",2021,NA,NA,0,0,0,0,"","","","","V2025.09.12"
"12085",986,"PAL","Palau",2022,NA,NA,0,0,0,0,"","","","","V2025.09.12"
"12086",986,"PAL","Palau",2023,NA,NA,0,0,0,0,"","","","","V2025.09.12"
"12087",986,"PAL","Palau",2024,NA,NA,0,0,0,0,"","","","","V2025.09.12"
"12088",987,"FSM","Federated States of Micronesia",1986,NA,NA,0,0,0,0,"","","","","V2025.09.12"
"12089",987,"FSM","Federated States of Micronesia",1987,NA,NA,0,0,0,0,"","","","","V2025.09.12"
"12090",987,"FSM","Federated States of Micronesia",1988,NA,NA,0,0,0,0,"","","","","V2025.09.12"
"12091",987,"FSM","Federated States of Micronesia",1989,NA,NA,0,0,0,0,"","","","","V2025.09.12"
"12092",987,"FSM","Federated States of Micronesia",1990,NA,NA,0,0,0,0,"","","","","V2025.09.12"
"12093",987,"FSM","Federated States of Micronesia",1991,NA,NA,0,0,0,0,"","","","","V2025.09.12"
"12094",987,"FSM","Federated States of Micronesia",1992,NA,NA,0,0,0,0,"","","","","V2025.09.12"
"12095",987,"FSM","Federated States of Micronesia",1993,NA,NA,0,0,0,0,"","","","","V2025.09.12"
"12096",987,"FSM","Federated States of Micronesia",1994,NA,NA,0,0,0,0,"","","","","V2025.09.12"
"12097",987,"FSM","Federated States of Micronesia",1995,NA,NA,0,0,0,0,"","","","","V2025.09.12"
"12098",987,"FSM","Federated States of Micronesia",1996,NA,NA,0,0,0,0,"","","","","V2025.09.12"
"12099",987,"FSM","Federated States of Micronesia",1997,NA,NA,0,0,0,0,"","","","","V2025.09.12"
"12100",987,"FSM","Federated States of Micronesia",1998,NA,NA,0,0,0,0,"","","","","V2025.09.12"
"12101",987,"FSM","Federated States of Micronesia",1999,NA,NA,0,0,0,0,"","","","","V2025.09.12"
"12102",987,"FSM","Federated States of Micronesia",2000,NA,NA,0,0,0,0,"","","","","V2025.09.12"
"12103",987,"FSM","Federated States of Micronesia",2001,NA,NA,0,0,0,0,"","","","","V2025.09.12"
"12104",987,"FSM","Federated States of Micronesia",2002,NA,NA,0,0,0,0,"","","","","V2025.09.12"
"12105",987,"FSM","Federated States of Micronesia",2003,NA,NA,0,0,0,0,"","","","","V2025.09.12"
"12106",987,"FSM","Federated States of Micronesia",2004,NA,NA,0,0,0,0,"","","","","V2025.09.12"
"12107",987,"FSM","Federated States of Micronesia",2005,NA,NA,0,0,0,0,"","","","","V2025.09.12"
"12108",987,"FSM","Federated States of Micronesia",2006,NA,NA,0,0,0,0,"","","","","V2025.09.12"
"12109",987,"FSM","Federated States of Micronesia",2007,NA,NA,0,0,0,0,"","","","","V2025.09.12"
"12110",987,"FSM","Federated States of Micronesia",2008,NA,NA,0,0,0,0,"","","","","V2025.09.12"
"12111",987,"FSM","Federated States of Micronesia",2009,NA,NA,0,0,0,0,"","","","","V2025.09.12"
"12112",987,"FSM","Federated States of Micronesia",2010,NA,NA,0,0,0,0,"","","","","V2025.09.12"
"12113",987,"FSM","Federated States of Micronesia",2011,NA,NA,0,0,0,0,"","","","","V2025.09.12"
"12114",987,"FSM","Federated States of Micronesia",2012,NA,NA,0,0,0,0,"","","","","V2025.09.12"
"12115",987,"FSM","Federated States of Micronesia",2013,NA,NA,0,0,0,0,"","","","","V2025.09.12"
"12116",987,"FSM","Federated States of Micronesia",2014,NA,NA,0,0,0,0,"","","","","V2025.09.12"
"12117",987,"FSM","Federated States of Micronesia",2015,NA,NA,0,0,0,0,"","","","","V2025.09.12"
"12118",987,"FSM","Federated States of Micronesia",2016,NA,NA,0,0,0,0,"","","","","V2025.09.12"
"12119",987,"FSM","Federated States of Micronesia",2017,NA,NA,0,0,0,0,"","","","","V2025.09.12"
"12120",987,"FSM","Federated States of Micronesia",2018,NA,NA,0,0,0,0,"","","","","V2025.09.12"
"12121",987,"FSM","Federated States of Micronesia",2019,NA,NA,0,0,0,0,"","","","","V2025.09.12"
"12122",987,"FSM","Federated States of Micronesia",2020,NA,NA,0,0,0,0,"","","","","V2025.09.12"
"12123",987,"FSM","Federated States of Micronesia",2021,NA,NA,0,0,0,0,"","","","","V2025.09.12"
"12124",987,"FSM","Federated States of Micronesia",2022,NA,NA,0,0,0,0,"","","","","V2025.09.12"
"12125",987,"FSM","Federated States of Micronesia",2023,NA,NA,0,0,0,0,"","","","","V2025.09.12"
"12126",987,"FSM","Federated States of Micronesia",2024,NA,NA,0,0,0,0,"","","","","V2025.09.12"
"12127",990,"WSM","Samoa/Western Samoa",1962,NA,NA,0,0,0,0,"","","","","V2025.09.12"
"12128",990,"WSM","Samoa/Western Samoa",1963,NA,NA,0,0,0,0,"","","","","V2025.09.12"
"12129",990,"WSM","Samoa/Western Samoa",1964,NA,NA,0,0,0,0,"","","","","V2025.09.12"
"12130",990,"WSM","Samoa/Western Samoa",1965,NA,NA,0,0,0,0,"","","","","V2025.09.12"
"12131",990,"WSM","Samoa/Western Samoa",1966,NA,NA,0,0,0,0,"","","","","V2025.09.12"
"12132",990,"WSM","Samoa/Western Samoa",1967,NA,NA,0,0,0,0,"","","","","V2025.09.12"
"12133",990,"WSM","Samoa/Western Samoa",1968,NA,NA,0,0,0,0,"","","","","V2025.09.12"
"12134",990,"WSM","Samoa/Western Samoa",1969,NA,NA,0,0,0,0,"","","","","V2025.09.12"
"12135",990,"WSM","Samoa/Western Samoa",1970,NA,NA,0,0,0,0,"","","","","V2025.09.12"
"12136",990,"WSM","Samoa/Western Samoa",1971,NA,NA,0,0,0,0,"","","","","V2025.09.12"
"12137",990,"WSM","Samoa/Western Samoa",1972,NA,NA,0,0,0,0,"","","","","V2025.09.12"
"12138",990,"WSM","Samoa/Western Samoa",1973,NA,NA,0,0,0,0,"","","","","V2025.09.12"
"12139",990,"WSM","Samoa/Western Samoa",1974,NA,NA,0,0,0,0,"","","","","V2025.09.12"
"12140",990,"WSM","Samoa/Western Samoa",1975,NA,NA,0,0,0,0,"","","","","V2025.09.12"
"12141",990,"WSM","Samoa/Western Samoa",1976,NA,NA,0,0,0,0,"","","","","V2025.09.12"
"12142",990,"WSM","Samoa/Western Samoa",1977,NA,NA,0,0,0,0,"","","","","V2025.09.12"
"12143",990,"WSM","Samoa/Western Samoa",1978,NA,NA,0,0,0,0,"","","","","V2025.09.12"
"12144",990,"WSM","Samoa/Western Samoa",1979,NA,NA,0,0,0,0,"","","","","V2025.09.12"
"12145",990,"WSM","Samoa/Western Samoa",1980,NA,NA,0,0,0,0,"","","","","V2025.09.12"
"12146",990,"WSM","Samoa/Western Samoa",1981,NA,NA,0,0,0,0,"","","","","V2025.09.12"
"12147",990,"WSM","Samoa/Western Samoa",1982,NA,NA,0,0,0,0,"","","","","V2025.09.12"
"12148",990,"WSM","Samoa/Western Samoa",1983,NA,NA,0,0,0,0,"","","","","V2025.09.12"
"12149",990,"WSM","Samoa/Western Samoa",1984,NA,NA,0,0,0,0,"","","","","V2025.09.12"
"12150",990,"WSM","Samoa/Western Samoa",1985,NA,NA,0,0,0,0,"","","","","V2025.09.12"
"12151",990,"WSM","Samoa/Western Samoa",1986,NA,NA,0,0,0,0,"","","","","V2025.09.12"
"12152",990,"WSM","Samoa/Western Samoa",1987,NA,NA,0,0,0,0,"","","","","V2025.09.12"
"12153",990,"WSM","Samoa/Western Samoa",1988,NA,NA,0,0,0,0,"","","","","V2025.09.12"
"12154",990,"WSM","Samoa/Western Samoa",1989,NA,NA,0,0,0,0,"","","","","V2025.09.12"
"12155",990,"WSM","Samoa/Western Samoa",1990,NA,NA,0,0,0,0,"","","","","V2025.09.12"
"12156",990,"WSM","Samoa/Western Samoa",1991,NA,NA,0,0,0,0,"","","","","V2025.09.12"
"12157",990,"WSM","Samoa/Western Samoa",1992,NA,NA,0,0,0,0,"","","","","V2025.09.12"
"12158",990,"WSM","Samoa/Western Samoa",1993,NA,NA,0,0,0,0,"","","","","V2025.09.12"
"12159",990,"WSM","Samoa/Western Samoa",1994,NA,NA,0,0,0,0,"","","","","V2025.09.12"
"12160",990,"WSM","Samoa/Western Samoa",1995,NA,NA,0,0,0,0,"","","","","V2025.09.12"
"12161",990,"WSM","Samoa/Western Samoa",1996,NA,NA,0,0,0,0,"","","","","V2025.09.12"
"12162",990,"WSM","Samoa/Western Samoa",1997,NA,NA,0,0,0,0,"","","","","V2025.09.12"
"12163",990,"WSM","Samoa/Western Samoa",1998,NA,NA,0,0,0,0,"","","","","V2025.09.12"
"12164",990,"WSM","Samoa/Western Samoa",1999,NA,NA,0,0,0,0,"","","","","V2025.09.12"
"12165",990,"WSM","Samoa/Western Samoa",2000,NA,NA,0,0,0,0,"","","","","V2025.09.12"
"12166",990,"WSM","Samoa/Western Samoa",2001,NA,NA,0,0,0,0,"","","","","V2025.09.12"
"12167",990,"WSM","Samoa/Western Samoa",2002,NA,NA,0,0,0,0,"","","","","V2025.09.12"
"12168",990,"WSM","Samoa/Western Samoa",2003,NA,NA,0,0,0,0,"","","","","V2025.09.12"
"12169",990,"WSM","Samoa/Western Samoa",2004,NA,NA,0,0,0,0,"","","","","V2025.09.12"
"12170",990,"WSM","Samoa/Western Samoa",2005,NA,NA,0,0,0,0,"","","","","V2025.09.12"
"12171",990,"WSM","Samoa/Western Samoa",2006,NA,NA,0,0,0,0,"","","","","V2025.09.12"
"12172",990,"WSM","Samoa/Western Samoa",2007,NA,NA,0,0,0,0,"","","","","V2025.09.12"
"12173",990,"WSM","Samoa/Western Samoa",2008,NA,NA,0,0,0,0,"","","","","V2025.09.12"
"12174",990,"WSM","Samoa/Western Samoa",2009,NA,NA,0,0,0,0,"","","","","V2025.09.12"
"12175",990,"WSM","Samoa/Western Samoa",2010,NA,NA,0,0,0,0,"","","","","V2025.09.12"
"12176",990,"WSM","Samoa/Western Samoa",2011,NA,NA,0,0,0,0,"","","","","V2025.09.12"
"12177",990,"WSM","Samoa/Western Samoa",2012,NA,NA,0,0,0,0,"","","","","V2025.09.12"
"12178",990,"WSM","Samoa/Western Samoa",2013,NA,NA,0,0,0,0,"","","","","V2025.09.12"
"12179",990,"WSM","Samoa/Western Samoa",2014,NA,NA,0,0,0,0,"","","","","V2025.09.12"
"12180",990,"WSM","Samoa/Western Samoa",2015,NA,NA,0,0,0,0,"","","","","V2025.09.12"
"12181",990,"WSM","Samoa/Western Samoa",2016,NA,NA,0,0,0,0,"","","","","V2025.09.12"
"12182",990,"WSM","Samoa/Western Samoa",2017,NA,NA,0,0,0,0,"","","","","V2025.09.12"
"12183",990,"WSM","Samoa/Western Samoa",2018,NA,NA,0,0,0,0,"","","","","V2025.09.12"
"12184",990,"WSM","Samoa/Western Samoa",2019,NA,NA,0,0,0,0,"","","","","V2025.09.12"
"12185",990,"WSM","Samoa/Western Samoa",2020,NA,NA,0,0,0,0,"","","","","V2025.09.12"
"12186",990,"WSM","Samoa/Western Samoa",2021,NA,NA,0,0,0,0,"","","","","V2025.09.12"
"12187",990,"WSM","Samoa/Western Samoa",2022,NA,NA,0,0,0,0,"","","","","V2025.09.12"
"12188",990,"WSM","Samoa/Western Samoa",2023,NA,NA,0,0,0,0,"","","","","V2025.09.12"
"12189",990,"WSM","Samoa/Western Samoa",2024,NA,NA,0,0,0,0,"","","","","V2025.09.12"
