ccode,country,year,coup,regime,GDP_trend,GDP_pc,violence,pre_coups,coup_dummy,time_since_last_coup
2,United States of America,1950,0,presidential,4.464748854499878,38.667,3,0,0,0
2,United States of America,1951,0,presidential,7.190628350619432,40.389,3,0,0,1
2,United States of America,1952,0,presidential,7.092685748520289,41.471,3,0,0,2
2,United States of America,1953,0,presidential,5.9657738468091415,42.292,3,0,0,3
2,United States of America,1954,0,presidential,3.427950682716041,42.464,0,0,0,4
2,United States of America,1955,0,presidential,3.353790630906861,43.415,0,0,0,5
2,United States of America,1956,0,presidential,2.598400479762364,43.797,0,0,0,6
2,United States of America,1957,0,presidential,1.813475101764861,43.971,0,0,0,7
2,United States of America,1958,0,presidential,1.3448673269327083,44.144,0,0,0,8
2,United States of America,1959,0,presidential,3.21587797315952,45.608,0,0,0,9
2,United States of America,1960,0,presidential,5.269009436899075,47.342,0,0,0,10
2,United States of America,1961,0,presidential,5.596772717965703,48.478,0,0,0,11
2,United States of America,1962,0,presidential,6.256710134902876,50.079,0,0,0,12
2,United States of America,1963,0,presidential,6.263775124181725,51.685,0,0,0,13
2,United States of America,1964,0,presidential,6.774533803013116,53.651,3,0,0,14
2,United States of America,1965,0,presidential,7.727589298425852,55.994,4,0,0,15
2,United States of America,1966,0,presidential,8.00823258918637,58.251,4,0,0,16
2,United States of America,1967,0,presidential,6.951967379202451,59.75,4,0,0,17
2,United States of America,1968,0,presidential,6.5028002489110115,61.614,4,0,0,18
2,United States of America,1969,0,presidential,5.146639852522195,62.741,3,0,0,19
2,United States of America,1970,0,presidential,3.4504763057912724,63.225,3,0,0,20
2,United States of America,1971,0,presidential,3.1697643374236417,64.302,3,0,0,21
2,United States of America,1972,0,presidential,4.053748160816917,66.194,3,0,0,22
2,United States of America,1973,0,presidential,4.983642513446385,68.16,3,0,0,23
2,United States of America,1974,0,presidential,3.8804082793337358,68.677,0,0,0,24
2,United States of America,1975,0,presidential,2.9263670093782945,69.296,0,0,0,25
2,United States of America,1976,0,presidential,3.988226979644427,71.51,0,0,0,26
2,United States of America,1977,0,presidential,5.135009827429782,73.924,0,0,0,27
2,United States of America,1978,0,presidential,6.135189297815025,76.37,0,0,0,28
2,United States of America,1979,0,presidential,5.308472241430273,77.669,0,0,0,29
2,United States of America,1980,0,presidential,3.400600183816227,78.078,0,0,0,30
2,United States of America,1981,0,presidential,2.4161028487097003,78.835,0,0,0,31
2,United States of America,1982,0,presidential,1.2413439343421206,78.948,0,0,0,32
2,United States of America,1983,0,presidential,3.0180403755963647,81.362,0,0,0,33
2,United States of America,1984,0,presidential,5.449918657930475,84.783,0,0,0,34
2,United States of America,1985,0,presidential,6.448869503942478,87.617,0,0,0,35
2,United States of America,1986,0,presidential,6.307877628972602,89.841,0,0,0,36
2,United States of America,1987,0,presidential,5.634239280139575,92.037,0,0,0,37
2,United States of America,1988,0,presidential,5.044771061127662,94.226,0,0,0,38
2,United States of America,1989,0,presidential,4.633037595194556,96.258,1,0,0,39
2,United States of America,1990,0,presidential,3.133899490117842,96.766,0,0,0,40
2,United States of America,1991,0,presidential,1.1124642692630582,96.144,0,0,0,41
2,United States of America,1992,0,presidential,1.1522448801253304,97.233,0,0,0,42
2,United States of America,1993,0,presidential,1.8602475384228434,98.857,0,0,0,43
2,United States of America,1994,0,presidential,3.0725652736452336,101.014,0,0,0,44
2,United States of America,1995,0,presidential,3.7635849577513536,102.981,0,0,0,45
2,United States of America,1996,0,presidential,4.2171594764905285,105.35,0,0,0,46
2,United States of America,1997,0,presidential,4.959944566919372,108.457,0,0,0,47
2,United States of America,1998,0,presidential,5.468270471075054,111.689,0,0,0,48
2,United States of America,1999,0,presidential,5.802421432251426,115.003,0,0,0,49
2,United States of America,2000,0,presidential,5.301781298161368,117.521,0,0,0,50
2,United States of America,2001,0,presidential,4.020070611040949,118.912,2,0,0,51
2,United States of America,2002,0,presidential,2.943597200264736,120.073,0,0,0,52
2,United States of America,2003,0,presidential,2.718315389294901,121.91,2,0,0,53
2,United States of America,2004,0,presidential,3.1586980324496583,124.364,2,0,0,54
2,United States of America,2005,0,presidential,3.535555726221151,126.724,3,0,0,55
2,United States of America,2006,0,presidential,3.038212335119539,127.985,3,0,0,56
2,United States of America,2007,0,presidential,1.9686140410534403,128.343,3,0,0,57
2,United States of America,2008,0,presidential,0.3685881027951199,127.439,3,0,0,58
2,United States of America,2009,0,presidential,-1.1515334395755361,125.791,3,0,0,59
2,United States of America,2010,0,presidential,-0.8549550102346037,126.031,3,0,0,60
2,United States of America,2011,0,presidential,-0.14000059910166396,126.679,1,0,0,61
2,United States of America,2012,0,presidential,0.9055627425614388,127.92,1,0,0,62
2,United States of America,2013,0,presidential,1.819571360503458,129.498,1,0,0,63
2,United States of America,2014,0,presidential,2.165548070519119,131.003,1,0,0,64
2,United States of America,2015,0,presidential,2.2535106861069076,132.423,0,0,0,65
2,United States of America,2016,0,presidential,2.7845440720906556,134.775,0,0,0,66
2,United States of America,2017,0,presidential,3.97288668815039,138.542,0,0,0,67
2,United States of America,2018,0,presidential,4.315395888807294,141.503,0,0,0,68
2,United States of America,2019,0,presidential,4.3170305285336275,144.274,0,0,0,69
2,United States of America,2020,0,presidential,NA,NA,0,0,0,70
20,Canada,1950,0,parliamentary,2.9725153624965417,28.219,0,0,0,0
20,Canada,1951,0,parliamentary,4.256680493749054,29.004,0,0,0,1
20,Canada,1952,0,parliamentary,5.177263466595217,29.839,0,0,0,2
20,Canada,1953,0,parliamentary,4.6126568655182165,30.327,0,0,0,3
20,Canada,1954,0,parliamentary,3.211784429842357,30.535,0,0,0,4
20,Canada,1955,0,parliamentary,3.5365579004543957,31.261,0,0,0,5
20,Canada,1956,0,parliamentary,4.312392125309827,32.152,0,0,0,6
20,Canada,1957,0,parliamentary,3.8286206127068123,32.57,0,0,0,7
20,Canada,1958,0,parliamentary,3.381902994432462,32.978,0,0,0,8
20,Canada,1959,0,parliamentary,3.5896742304547535,33.7,0,0,0,9
20,Canada,1960,0,parliamentary,5.092325447201396,34.968,0,0,0,10
20,Canada,1961,0,parliamentary,5.57883662566192,35.927,0,0,0,11
20,Canada,1962,0,parliamentary,6.164618855134019,37.085,0,0,0,12
20,Canada,1963,0,parliamentary,6.547179347614773,38.367,0,0,0,13
20,Canada,1964,0,parliamentary,7.0060957598216955,39.848,0,0,0,14
20,Canada,1965,0,parliamentary,7.282161016729094,41.312,0,0,0,15
20,Canada,1966,0,parliamentary,7.321415139282417,42.803,0,0,0,16
20,Canada,1967,0,parliamentary,6.672966489787013,44.025,0,0,0,17
20,Canada,1968,0,parliamentary,6.382679600731067,45.402,0,0,0,18
20,Canada,1969,0,parliamentary,6.498571493356331,46.968,0,0,0,19
20,Canada,1970,0,parliamentary,6.651008626555743,48.587,0,0,0,20
20,Canada,1971,0,parliamentary,6.83618989321908,50.266,0,0,0,21
20,Canada,1972,0,parliamentary,7.386890927457435,52.303,0,0,0,22
20,Canada,1973,0,parliamentary,7.860058032056161,54.495,0,0,0,23
20,Canada,1974,0,parliamentary,7.5961685238894905,56.389,0,0,0,24
20,Canada,1975,0,parliamentary,6.723831703380534,57.925,0,0,0,25
20,Canada,1976,0,parliamentary,6.623873841818373,59.932,0,0,0,26
20,Canada,1977,0,parliamentary,5.93421814272721,61.491,0,0,0,27
20,Canada,1978,0,parliamentary,5.049943204473939,62.702,0,0,0,28
20,Canada,1979,0,parliamentary,4.6459208540497565,64.068,0,0,0,29
20,Canada,1980,0,parliamentary,3.695223131311187,64.941,0,0,0,30
20,Canada,1981,0,parliamentary,3.1714686927957203,65.83,0,0,0,31
20,Canada,1982,0,parliamentary,1.7538596664852246,65.803,0,0,0,32
20,Canada,1983,0,parliamentary,2.5356760532022404,67.239,0,0,0,33
20,Canada,1984,0,parliamentary,4.122148859543828,69.387,0,0,0,34
20,Canada,1985,0,parliamentary,5.221642399465498,71.5,0,0,0,35
20,Canada,1986,0,parliamentary,5.154217152279883,72.952,0,0,0,36
20,Canada,1987,0,parliamentary,4.844582530823405,74.577,0,0,0,37
20,Canada,1988,0,parliamentary,4.44684603632195,76.157,0,0,0,38
20,Canada,1989,0,parliamentary,3.512146374354952,77.065,0,0,0,39
20,Canada,1990,0,parliamentary,1.4822294129650748,76.586,0,0,0,40
20,Canada,1991,0,parliamentary,-0.5276593504921268,75.595,0,0,0,41
20,Canada,1992,0,parliamentary,-0.6640935555899508,75.718,0,0,0,42
20,Canada,1993,0,parliamentary,0.3260675830109472,76.552,0,0,0,43
20,Canada,1994,0,parliamentary,2.2359375285796013,78.252,0,0,0,44
20,Canada,1995,0,parliamentary,3.0043419393995796,79.425,0,0,0,45
20,Canada,1996,0,parliamentary,2.9110317366773053,80.327,0,0,0,46
20,Canada,1997,0,parliamentary,2.3060876161577815,80.919,0,0,0,47
20,Canada,1998,0,parliamentary,2.715886979637694,82.456,0,0,0,48
20,Canada,1999,0,parliamentary,4.057610869309491,84.921,0,0,0,49
20,Canada,2000,0,parliamentary,5.369528878299978,87.745,0,0,0,50
20,Canada,2001,0,parliamentary,4.760874218733457,89.07,0,0,0,51
20,Canada,2002,0,parliamentary,4.111265493158633,90.516,0,0,0,52
20,Canada,2003,0,parliamentary,3.7580063488349635,92.239,0,0,0,53
20,Canada,2004,0,parliamentary,3.9576697198394406,94.384,0,0,0,54
20,Canada,2005,0,parliamentary,4.601069343191799,96.879,0,0,0,55
20,Canada,2006,0,parliamentary,4.5075510044390255,98.833,0,0,0,56
20,Canada,2007,0,parliamentary,3.97685605260214,100.383,0,0,0,57
20,Canada,2008,0,parliamentary,2.627379784501538,100.847,0,0,0,58
20,Canada,2009,0,parliamentary,0.18653972832884946,99.467,0,0,0,59
20,Canada,2010,0,parliamentary,0.22773800923361343,100.167,0,0,0,60
20,Canada,2011,0,parliamentary,0.8920748705695036,101.336,0,0,0,61
20,Canada,2012,0,parliamentary,1.317442268882063,102.114,0,0,0,62
20,Canada,2013,0,parliamentary,1.6484168083171769,102.856,0,0,0,63
20,Canada,2014,0,parliamentary,1.1639133864757678,103.101,0,0,0,64
20,Canada,2015,0,parliamentary,-0.43094004788657436,101.801,0,0,0,65
20,Canada,2016,0,parliamentary,-0.476031352409767,101.859,0,0,0,66
20,Canada,2017,0,parliamentary,0.5147450363871542,103.064,0,0,0,67
20,Canada,2018,0,parliamentary,0.961023533879235,103.69,0,0,0,68
20,Canada,2019,0,parliamentary,1.1386209818808002,104.068,0,0,0,69
20,Canada,2020,0,parliamentary,NA,NA,0,0,0,70
31,Bahamas,1973,0,parliamentary,NA,NA,0,0,0,0
31,Bahamas,1974,0,parliamentary,NA,NA,0,0,0,1
31,Bahamas,1975,0,parliamentary,NA,NA,0,0,0,2
31,Bahamas,1976,0,parliamentary,NA,NA,0,0,0,3
31,Bahamas,1977,0,parliamentary,NA,NA,0,0,0,4
31,Bahamas,1978,0,parliamentary,NA,NA,0,0,0,5
31,Bahamas,1979,0,parliamentary,NA,NA,0,0,0,6
31,Bahamas,1980,0,parliamentary,NA,NA,0,0,0,7
31,Bahamas,1981,0,parliamentary,NA,NA,0,0,0,8
31,Bahamas,1982,0,parliamentary,NA,NA,0,0,0,9
31,Bahamas,1983,0,parliamentary,NA,NA,0,0,0,10
31,Bahamas,1984,0,parliamentary,NA,NA,0,0,0,11
31,Bahamas,1985,0,parliamentary,NA,NA,0,0,0,12
31,Bahamas,1986,0,parliamentary,NA,NA,0,0,0,13
31,Bahamas,1987,0,parliamentary,NA,NA,0,0,0,14
31,Bahamas,1988,0,parliamentary,NA,NA,0,0,0,15
31,Bahamas,1989,0,parliamentary,NA,NA,0,0,0,16
31,Bahamas,1990,0,parliamentary,NA,NA,0,0,0,17
31,Bahamas,1991,0,parliamentary,NA,NA,0,0,0,18
31,Bahamas,1992,0,parliamentary,NA,NA,0,0,0,19
31,Bahamas,1993,0,parliamentary,NA,NA,0,0,0,20
31,Bahamas,1994,0,parliamentary,NA,NA,0,0,0,21
31,Bahamas,1995,0,parliamentary,NA,NA,0,0,0,22
31,Bahamas,1996,0,parliamentary,NA,NA,0,0,0,23
31,Bahamas,1997,0,parliamentary,NA,NA,0,0,0,24
31,Bahamas,1998,0,parliamentary,NA,NA,0,0,0,25
31,Bahamas,1999,0,parliamentary,NA,NA,0,0,0,26
31,Bahamas,2000,0,parliamentary,NA,NA,0,0,0,27
31,Bahamas,2001,0,parliamentary,NA,NA,0,0,0,28
31,Bahamas,2002,0,parliamentary,NA,NA,0,0,0,29
31,Bahamas,2003,0,parliamentary,NA,NA,0,0,0,30
31,Bahamas,2004,0,parliamentary,NA,NA,0,0,0,31
31,Bahamas,2005,0,parliamentary,NA,NA,0,0,0,32
31,Bahamas,2006,0,parliamentary,NA,NA,0,0,0,33
31,Bahamas,2007,0,parliamentary,NA,NA,0,0,0,34
31,Bahamas,2008,0,parliamentary,NA,NA,0,0,0,35
31,Bahamas,2009,0,parliamentary,NA,NA,0,0,0,36
31,Bahamas,2010,0,parliamentary,NA,NA,0,0,0,37
31,Bahamas,2011,0,parliamentary,NA,NA,0,0,0,38
31,Bahamas,2012,0,parliamentary,NA,NA,0,0,0,39
31,Bahamas,2013,0,parliamentary,NA,NA,0,0,0,40
31,Bahamas,2014,0,parliamentary,NA,NA,0,0,0,41
31,Bahamas,2015,0,parliamentary,NA,NA,0,0,0,42
31,Bahamas,2016,0,parliamentary,NA,NA,0,0,0,43
31,Bahamas,2017,0,parliamentary,NA,NA,0,0,0,44
31,Bahamas,2018,0,parliamentary,NA,NA,0,0,0,45
31,Bahamas,2019,0,parliamentary,NA,NA,0,0,0,46
31,Bahamas,2020,0,parliamentary,NA,NA,0,0,0,47
40,Cuba,1950,0,presidential,3.880129710388025,7.432,0,0,0,0
40,Cuba,1951,0,presidential,3.5291214215202427,7.551,0,0,0,1
40,Cuba,1952,2,presidential,3.327211839688893,7.652,0,1,1,0
40,Cuba,1953,0,personal,0.5857024417640577,7.522,0,1,1,1
40,Cuba,1954,0,personal,-0.5658422548681097,7.486,0,1,1,2
40,Cuba,1955,0,personal,-0.00794428408760206,7.552,0,1,1,3
40,Cuba,1956,0,personal,1.886991355682066,7.732,0,1,1,4
40,Cuba,1957,1,personal,4.326131821625423,7.987,2,2,1,0
40,Cuba,1958,0,personal,4.5844903836264495,8.135,2,2,1,1
40,Cuba,1959,0,personal,4.508248331444409,8.299,2,2,1,2
40,Cuba,1960,0,dominant-party,3.411697954954729,8.384,0,2,1,3
40,Cuba,1961,0,dominant-party,2.700738767106703,8.48,1,2,1,4
40,Cuba,1962,0,dominant-party,1.4506630918753372,8.476,0,2,1,5
40,Cuba,1963,0,dominant-party,1.5375139181729836,8.572,0,2,1,6
40,Cuba,1964,0,dominant-party,2.792353823088467,8.776,0,2,1,7
40,Cuba,1965,0,dominant-party,2.4936846740365004,8.845,0,2,1,8
40,Cuba,1966,0,dominant-party,3.0842854853112778,9.004,0,2,1,9
40,Cuba,1967,0,dominant-party,3.431957996259327,9.18,0,2,1,10
40,Cuba,1968,0,dominant-party,1.0051483206668266,9.064,0,2,1,11
40,Cuba,1969,0,dominant-party,-0.6327006327006335,8.952,0,2,1,12
40,Cuba,1970,0,dominant-party,-1.4728063170969752,8.884,0,2,1,13
40,Cuba,1971,0,dominant-party,1.0702991972755926,9.141,0,2,1,14
40,Cuba,1972,0,dominant-party,3.918939710310565,9.456,0,2,1,15
40,Cuba,1973,0,dominant-party,6.31699515905948,9.839,0,2,1,16
40,Cuba,1974,0,dominant-party,7.3232323232323315,10.2,0,2,1,17
40,Cuba,1975,0,dominant-party,7.84393333468667,10.625,0,2,1,18
40,Cuba,1976,0,dominant-party,7.682077759524364,11.012,0,2,1,19
40,Cuba,1977,0,dominant-party,7.6888319903607005,11.44,0,2,1,20
40,Cuba,1978,0,dominant-party,7.521810893657155,11.856,0,2,1,21
40,Cuba,1979,0,dominant-party,5.975306043705486,12.085,0,2,1,22
40,Cuba,1980,0,dominant-party,4.883491176670973,12.315,0,2,1,23
40,Cuba,1981,0,dominant-party,7.013380792301094,12.988,0,2,1,24
40,Cuba,1982,0,dominant-party,8.216911179709129,13.602,0,2,1,25
40,Cuba,1983,0,dominant-party,9.170205264206777,14.243,0,2,1,26
40,Cuba,1984,0,dominant-party,9.424145330550582,14.89,0,2,1,27
40,Cuba,1985,0,dominant-party,6.848039284857554,15.144,0,2,1,28
40,Cuba,1986,0,dominant-party,3.3728962227947967,15.085,0,2,1,29
40,Cuba,1987,0,dominant-party,0.22897164792241576,14.883,0,2,1,30
40,Cuba,1988,0,dominant-party,-1.15797074318722,14.784,0,2,1,31
40,Cuba,1989,0,dominant-party,-2.9764387690568883,14.421,0,2,1,32
40,Cuba,1990,0,dominant-party,-6.681695096974616,13.578,0,2,1,33
40,Cuba,1991,0,dominant-party,-12.613231442922768,12.213,0,2,1,34
40,Cuba,1992,0,dominant-party,-17.629816381392104,10.847,0,2,1,35
40,Cuba,1993,0,dominant-party,-20.031260282987816,9.721,0,2,1,36
40,Cuba,1994,0,dominant-party,-15.380893500349435,9.444,0,2,1,37
40,Cuba,1995,0,dominant-party,-7.498552403010994,9.585,0,2,1,38
40,Cuba,1996,0,dominant-party,0.5548269948552287,9.968,0,2,1,39
40,Cuba,1997,0,dominant-party,4.724763149297617,10.258,0,2,1,40
40,Cuba,1998,0,dominant-party,5.3663342448126095,10.481,0,2,1,41
40,Cuba,1999,0,dominant-party,6.338908863529769,10.884,0,2,1,42
40,Cuba,2000,0,dominant-party,7.868833911600537,11.441,0,2,1,43
40,Cuba,2001,0,dominant-party,8.038737393963657,11.87,0,2,1,44
40,Cuba,2002,0,dominant-party,7.161071346921544,12.187,0,2,1,45
40,Cuba,2003,0,dominant-party,6.2381146427601175,12.514,0,2,1,46
40,Cuba,2004,0,dominant-party,5.534285291749508,12.845,0,2,1,47
40,Cuba,2005,0,dominant-party,6.898526744519051,13.438,0,2,1,48
40,Cuba,2006,0,dominant-party,9.670948873815233,14.325,0,2,1,49
40,Cuba,2007,0,dominant-party,10.54252199413488,15.078,0,2,1,50
40,Cuba,2008,0,dominant-party,10.069322876549247,15.719,0,2,1,51
40,Cuba,2009,0,dominant-party,8.754910606910915,16.278,0,2,1,52
40,Cuba,2010,0,dominant-party,7.301380201338015,16.777,0,2,1,53
40,Cuba,2011,0,dominant-party,6.333000406910072,17.247,0,2,1,54
40,Cuba,2012,0,dominant-party,5.6281659179967525,17.683,0,2,1,55
40,Cuba,2013,0,dominant-party,4.733775974139243,18.014,0,2,1,56
40,Cuba,2014,0,dominant-party,2.8967842619066486,18.066,0,2,1,57
40,Cuba,2015,0,dominant-party,3.2473264870542584,18.479,0,2,1,58
40,Cuba,2016,0,dominant-party,4.534804790996083,19.096,0,2,1,59
40,Cuba,2017,0,dominant-party,4.587865187841578,19.482,0,2,1,60
40,Cuba,2018,0,dominant-party,3.90281453985597,19.706,0,2,1,61
40,Cuba,2019,0,dominant-party,2.35490354530572,19.759,0,2,1,62
40,Cuba,2020,0,dominant-party,NA,NA,0,2,1,63
41,Haiti,1950,2,presidential,0.1652822512290264,4.727,0,1,1,0
41,Haiti,1951,0,personal,0.21181952976063734,4.731,0,1,1,1
41,Haiti,1952,0,personal,0.52876480541455,4.753,0,1,1,2
41,Haiti,1953,0,personal,-0.0253635441325617,4.73,0,1,1,3
41,Haiti,1954,0,personal,0.282783944624998,4.752,0,1,1,4
41,Haiti,1955,0,personal,-0.6675680243366622,4.702,0,1,1,5
41,Haiti,1956,2,personal,-0.2747833439019187,4.718,0,2,1,0
41,Haiti,1957,2,other,-1.3163481953290979,4.648,0,3,1,0
41,Haiti,1958,0,personal,-0.5959982971477151,4.67,0,3,1,1
41,Haiti,1959,0,personal,-1.2591545676474358,4.611,0,3,1,2
41,Haiti,1960,0,personal,-0.20174271365410723,4.65,0,3,1,3
41,Haiti,1961,0,personal,-0.8760195054589248,4.594,0,3,1,4
41,Haiti,1962,0,personal,-0.19442644199612058,4.62,0,3,1,5
41,Haiti,1963,0,personal,-2.2075151304044915,4.492,0,3,1,6
41,Haiti,1964,0,personal,-3.7302599744864273,4.377,0,3,1,7
41,Haiti,1965,0,personal,-3.9088675452311983,4.302,0,3,1,8
41,Haiti,1966,0,personal,-4.249034310383992,4.214,0,3,1,9
41,Haiti,1967,0,personal,-3.795233892321259,4.142,0,3,1,10
41,Haiti,1968,0,personal,-2.034362314736138,4.151,0,3,1,11
41,Haiti,1969,0,personal,-0.11901928112354465,4.196,0,3,1,12
41,Haiti,1970,1,personal,1.7595727433121766,4.268,0,4,1,0
41,Haiti,1971,0,personal,3.572273480009458,4.378,0,4,1,1
41,Haiti,1972,0,personal,3.5785937572901716,4.44,0,4,1,2
41,Haiti,1973,0,personal,4.367931871251329,4.559,0,4,1,3
41,Haiti,1974,0,personal,5.221943798102746,4.703,0,4,1,4
41,Haiti,1975,0,personal,5.188452635716456,4.817,0,4,1,5
41,Haiti,1976,0,personal,6.34724938355582,5.003,0,4,1,6
41,Haiti,1977,0,personal,5.531897300202582,5.105,0,4,1,7
41,Haiti,1978,0,personal,5.356281164548826,5.24,0,4,1,8
41,Haiti,1979,0,personal,5.8752247674145774,5.417,0,4,1,9
41,Haiti,1980,0,personal,5.138054308967832,5.529,0,4,1,10
41,Haiti,1981,0,personal,2.007626738447743,5.457,0,4,1,11
41,Haiti,1982,0,personal,-1.1231373711913406,5.335,0,4,1,12
41,Haiti,1983,0,personal,-2.4959265294030586,5.266,0,4,1,13
41,Haiti,1984,0,personal,-2.9079099630445415,5.202,0,4,1,14
41,Haiti,1985,0,personal,-2.8346217977868626,5.128,0,4,1,15
41,Haiti,1986,2,personal,-3.046291304012938,5.035,0,5,1,0
41,Haiti,1987,0,other,-3.8167938931297773,4.914,0,5,1,1
41,Haiti,1988,2,other,-3.5782518707212274,4.845,0,6,1,0
41,Haiti,1989,1,military,-3.4590303373972175,4.767,0,7,1,0
41,Haiti,1990,0,military,-1.7787454298977101,4.782,0,7,1,1
41,Haiti,1991,2,other,-1.6809519846883614,4.726,1,8,1,0
41,Haiti,1992,0,military,-5.050419455978295,4.482,0,8,1,1
41,Haiti,1993,0,military,-8.346758392476161,4.21,0,8,1,2
41,Haiti,1994,0,military,-10.686885097933029,3.958,0,8,1,3
41,Haiti,1995,0,presidential,-6.038229658363326,4.021,0,8,1,4
41,Haiti,1996,0,presidential,-1.2660665286670203,4.102,0,8,1,5
41,Haiti,1997,0,presidential,1.5701428291919228,4.153,0,8,1,6
41,Haiti,1998,0,presidential,2.497551420176314,4.186,0,8,1,7
41,Haiti,1999,0,presidential,2.078801063572655,4.223,0,8,1,8
41,Haiti,2000,0,personal,0.8431541630736783,4.21,0,8,1,9
41,Haiti,2001,0,personal,-0.8604206500956169,4.148,0,8,1,10
41,Haiti,2002,0,personal,-1.932112378943318,4.091,0,8,1,11
41,Haiti,2003,0,personal,-2.685860586445099,4.029,0,8,1,12
41,Haiti,2004,0,personal,-3.101913009442725,3.961,1,8,1,13
41,Haiti,2005,0,other,-1.7476977918605807,3.969,1,8,1,14
41,Haiti,2006,0,other,-0.5090582422518253,3.987,1,8,1,15
41,Haiti,2007,0,presidential,1.090708960824549,4.041,1,8,1,16
41,Haiti,2008,0,presidential,1.58785639386827,4.069,0,8,1,17
41,Haiti,2009,0,presidential,1.8734202309560244,4.111,0,8,1,18
41,Haiti,2010,0,presidential,0.4929751047572095,4.077,0,8,1,19
41,Haiti,2011,0,presidential,1.0476843239008993,4.128,0,8,1,20
41,Haiti,2012,0,presidential,1.2023560336854588,4.158,0,8,1,21
41,Haiti,2013,0,presidential,1.6539317148660304,4.204,0,8,1,22
41,Haiti,2014,0,presidential,1.6015775298191537,4.225,0,8,1,23
41,Haiti,2015,0,presidential,0.23438247393092748,4.191,0,8,1,24
41,Haiti,2016,0,presidential,0.5998857360502763,4.226,0,8,1,25
41,Haiti,2017,0,other,3.1753509846414785,4.38,0,8,1,26
41,Haiti,2018,0,presidential,3.4571122396682474,4.441,0,8,1,27
41,Haiti,2019,0,presidential,3.0305821665438604,4.474,0,8,1,28
41,Haiti,2020,0,presidential,NA,NA,0,8,1,29
42,Dominican Republic,1950,0,personal,3.153380423814345,4.089,0,0,0,0
42,Dominican Republic,1951,0,personal,5.980280434028629,4.278,0,0,0,1
42,Dominican Republic,1952,0,personal,6.4319271564875935,4.395,0,0,0,2
42,Dominican Republic,1953,0,personal,4.6368582919328105,4.423,0,0,0,3
42,Dominican Republic,1954,0,personal,3.8679636715688748,4.506,0,0,0,4
42,Dominican Republic,1955,0,personal,3.629976580796246,4.602,0,0,0,5
42,Dominican Republic,1956,0,personal,4.788570924643953,4.753,0,0,0,6
42,Dominican Republic,1957,0,personal,5.369938703272026,4.882,0,0,0,7
42,Dominican Republic,1958,0,personal,4.544687315385265,4.955,0,0,0,8
42,Dominican Republic,1959,0,personal,3.17591597055662,4.99,0,0,0,9
42,Dominican Republic,1960,0,personal,3.1295605642938096,5.088,0,0,0,10
42,Dominican Republic,1961,0,personal,2.3044971643102485,5.123,0,0,0,11
42,Dominican Republic,1962,1,other,5.23326413098828,5.373,0,1,1,0
42,Dominican Republic,1963,2,other,5.438784903344573,5.498,0,2,1,0
42,Dominican Republic,1964,0,military,3.5280400195584205,5.505,0,2,1,1
42,Dominican Republic,1965,2,military,-0.8763751631549632,5.316,2,3,1,0
42,Dominican Republic,1966,0,other,-0.33958364092721016,5.4,0,3,1,1
42,Dominican Republic,1967,0,personal,0.6655879973523682,5.475,0,3,1,2
42,Dominican Republic,1968,0,personal,2.1126760563380254,5.568,0,3,1,3
42,Dominican Republic,1969,0,personal,6.371431672636496,5.88,0,3,1,4
42,Dominican Republic,1970,0,personal,10.514010538437368,6.334,0,3,1,5
42,Dominican Republic,1971,0,personal,13.696764334595724,6.845,0,3,1,6
42,Dominican Republic,1972,0,personal,16.21057224784941,7.457,0,3,1,7
42,Dominican Republic,1973,0,personal,16.166295127529608,8.025,0,3,1,8
42,Dominican Republic,1974,0,personal,13.858051304160401,8.451,0,3,1,9
42,Dominican Republic,1975,0,personal,11.536034330430379,8.837,0,3,1,10
42,Dominican Republic,1976,0,personal,9.88095238095239,9.23,0,3,1,11
42,Dominican Republic,1977,0,personal,7.804623279894618,9.495,0,3,1,12
42,Dominican Republic,1978,0,personal,5.596320227795415,9.642,0,3,1,13
42,Dominican Republic,1979,0,presidential,4.666978365282448,9.85,0,3,1,14
42,Dominican Republic,1980,0,presidential,4.575366277626025,10.107,0,3,1,15
42,Dominican Republic,1981,0,presidential,4.759786476868344,10.362,0,3,1,16
42,Dominican Republic,1982,0,presidential,4.393537401496839,10.545,0,3,1,17
42,Dominican Republic,1983,0,presidential,3.90818858560793,10.72,0,3,1,18
42,Dominican Republic,1984,0,presidential,2.624162096282756,10.778,0,3,1,19
42,Dominican Republic,1985,0,presidential,0.3374111703832172,10.646,0,3,1,20
42,Dominican Republic,1986,0,presidential,0.4025086586165072,10.726,0,3,1,21
42,Dominican Republic,1987,0,presidential,1.7797759488732412,10.957,0,3,1,22
42,Dominican Republic,1988,0,presidential,2.4366399822923768,11.107,0,3,1,23
42,Dominican Republic,1989,0,presidential,3.31695556083218,11.313,0,3,1,24
42,Dominican Republic,1990,0,presidential,1.3900688707723985,11.218,0,3,1,25
42,Dominican Republic,1991,0,presidential,1.6952180203997802,11.386,0,3,1,26
42,Dominican Republic,1992,0,presidential,4.560066047181577,11.905,0,3,1,27
42,Dominican Republic,1993,0,presidential,7.244488634415602,12.512,0,3,1,28
42,Dominican Republic,1994,0,presidential,7.981925199673179,12.952,0,3,1,29
42,Dominican Republic,1995,0,presidential,8.1165803941742,13.451,0,3,1,30
42,Dominican Republic,1996,0,presidential,8.685608685608681,14.115,0,3,1,31
42,Dominican Republic,1997,0,presidential,9.964548918080052,14.951,0,3,1,32
42,Dominican Republic,1998,0,presidential,10.66189373201376,15.766,0,3,1,33
42,Dominican Republic,1999,0,presidential,10.38691908658218,16.513,0,3,1,34
42,Dominican Republic,2000,0,presidential,9.058349690280142,17.113,0,3,1,35
42,Dominican Republic,2001,0,presidential,7.094441934026197,17.538,0,3,1,36
42,Dominican Republic,2002,0,presidential,5.225905391058161,17.84,0,3,1,37
42,Dominican Republic,2003,0,presidential,2.552730707645523,17.805,0,3,1,38
42,Dominican Republic,2004,0,presidential,2.964100942096093,18.23,0,3,1,39
42,Dominican Republic,2005,0,presidential,6.7219578817516945,19.379,0,3,1,40
42,Dominican Republic,2006,0,presidential,10.122944275906098,20.691,0,3,1,41
42,Dominican Republic,2007,0,presidential,11.705221481851847,21.894,0,3,1,42
42,Dominican Republic,2008,0,presidential,10.201621527035165,22.672,0,3,1,43
42,Dominican Republic,2009,0,presidential,8.123124791643521,23.352,0,3,1,44
42,Dominican Republic,2010,0,presidential,7.751217352810991,24.341,0,3,1,45
42,Dominican Republic,2011,0,presidential,6.631817716683153,25.009,0,3,1,46
42,Dominican Republic,2012,0,presidential,5.817634757019929,25.603,0,3,1,47
42,Dominican Republic,2013,0,presidential,5.938284174997799,26.428,0,3,1,48
42,Dominican Republic,2014,0,presidential,6.919360717138279,27.576,0,3,1,49
42,Dominican Republic,2015,0,presidential,7.644879161103524,28.702,0,3,1,50
42,Dominican Republic,2016,0,presidential,8.331043061924115,29.957,0,3,1,51
42,Dominican Republic,2017,0,presidential,8.548059817656206,31.241,0,3,1,52
42,Dominican Republic,2018,0,presidential,7.822452495092613,32.298,0,3,1,53
42,Dominican Republic,2019,0,presidential,5.4055799535003946,32.642,0,3,1,54
42,Dominican Republic,2020,0,presidential,NA,NA,0,3,1,55
51,Jamaica,1962,0,parliamentary,5.333472497651615,10.092,0,0,0,0
51,Jamaica,1963,0,parliamentary,5.283447632187643,10.378,0,0,0,1
51,Jamaica,1964,0,parliamentary,5.924100542138988,10.746,0,0,0,2
51,Jamaica,1965,0,parliamentary,6.931772536868053,11.181,0,0,0,3
51,Jamaica,1966,0,parliamentary,8.030398284087138,11.685,0,0,0,4
51,Jamaica,1967,0,parliamentary,7.56851270339709,12.058,0,0,0,5
51,Jamaica,1968,0,parliamentary,7.436950953256893,12.499,0,0,0,6
51,Jamaica,1969,0,parliamentary,8.339802778282479,13.118,0,0,0,7
51,Jamaica,1970,0,parliamentary,9.759182834463886,13.883,0,0,0,8
51,Jamaica,1971,0,parliamentary,8.507471753128426,14.29,0,0,0,9
51,Jamaica,1972,0,parliamentary,7.767358427277649,14.779,0,0,0,10
51,Jamaica,1973,0,parliamentary,5.313173121594805,14.961,0,0,0,11
51,Jamaica,1974,0,parliamentary,1.3313507634270971,14.72,0,0,0,12
51,Jamaica,1975,0,parliamentary,-1.4842959844736603,14.416,0,0,0,13
51,Jamaica,1976,0,parliamentary,-4.746191497552665,13.856,0,0,0,14
51,Jamaica,1977,0,parliamentary,-6.254381291534649,13.373,0,0,0,15
51,Jamaica,1978,0,parliamentary,-6.926375673217155,12.892,0,0,0,16
51,Jamaica,1979,0,parliamentary,-7.887454564492236,12.316,0,0,0,17
51,Jamaica,1980,0,parliamentary,-8.139915004903564,11.802,1,0,0,18
51,Jamaica,1981,0,parliamentary,-6.000193398659103,11.665,0,0,0,19
51,Jamaica,1982,0,parliamentary,-3.5735013680457617,11.63,0,0,0,20
51,Jamaica,1983,0,parliamentary,-1.1048508535945856,11.69,0,0,0,21
51,Jamaica,1984,0,parliamentary,-1.1093583896299886,11.535,0,0,0,22
51,Jamaica,1985,0,parliamentary,-2.0673799934314063,11.331,0,0,0,23
51,Jamaica,1986,0,parliamentary,0.4602155746639136,11.613,0,0,0,24
51,Jamaica,1987,0,parliamentary,4.086987840225009,12.138,0,0,0,25
51,Jamaica,1988,0,parliamentary,6.654066186273355,12.64,0,0,0,26
51,Jamaica,1989,0,parliamentary,8.637176269907654,13.247,0,0,0,27
51,Jamaica,1990,0,parliamentary,9.395656279508957,13.902,0,0,0,28
51,Jamaica,1991,0,parliamentary,8.375944612878406,14.37,0,0,0,29
51,Jamaica,1992,0,parliamentary,7.059421025901469,14.756,0,0,0,30
51,Jamaica,1993,0,parliamentary,6.452018965830719,15.222,0,0,0,31
51,Jamaica,1994,0,parliamentary,4.9293959658713415,15.471,0,0,0,32
51,Jamaica,1995,0,parliamentary,3.5220976165857953,15.619,0,0,0,33
51,Jamaica,1996,0,parliamentary,1.7529443987948534,15.603,0,0,0,34
51,Jamaica,1997,0,parliamentary,-0.1693359703209607,15.446,0,0,0,35
51,Jamaica,1998,0,parliamentary,-0.995082665427649,15.342,0,0,0,36
51,Jamaica,1999,0,parliamentary,-0.7418992102780186,15.359,0,0,0,37
51,Jamaica,2000,0,parliamentary,-0.12181846456897905,15.414,0,0,0,38
51,Jamaica,2001,0,parliamentary,0.5852278625557927,15.503,0,0,0,39
51,Jamaica,2002,0,parliamentary,1.7296430833667165,15.739,0,0,0,40
51,Jamaica,2003,0,parliamentary,2.8752561475409832,16.065,0,0,0,41
51,Jamaica,2004,0,parliamentary,3.12709601488248,16.298,0,0,0,42
51,Jamaica,2005,0,parliamentary,3.1186432217244375,16.526,0,0,0,43
51,Jamaica,2006,0,parliamentary,3.221964366842256,16.813,0,0,0,44
51,Jamaica,2007,0,parliamentary,2.5479710600817995,16.952,0,0,0,45
51,Jamaica,2008,0,parliamentary,1.058029883652667,16.868,0,0,0,46
51,Jamaica,2009,0,parliamentary,-0.7004606095319943,16.643,0,0,0,47
51,Jamaica,2010,0,parliamentary,-1.4703951687015993,16.511,0,0,0,48
51,Jamaica,2011,0,parliamentary,-1.2725878349230668,16.478,0,0,0,49
51,Jamaica,2012,0,parliamentary,-1.2647381823009174,16.363,0,0,0,50
51,Jamaica,2013,0,parliamentary,-0.9903998055656893,16.295,0,0,0,51
51,Jamaica,2014,0,parliamentary,-1.1230737269183444,16.182,0,0,0,52
51,Jamaica,2015,0,parliamentary,-1.7344240113168041,15.977,0,0,0,53
51,Jamaica,2016,0,parliamentary,-0.604457409856729,16.082,0,0,0,54
51,Jamaica,2017,0,parliamentary,1.555843674754609,16.449,0,0,0,55
51,Jamaica,2018,0,parliamentary,2.3530568839822408,16.651,0,0,0,56
51,Jamaica,2019,0,parliamentary,1.9511777929821061,16.689,0,0,0,57
51,Jamaica,2020,0,parliamentary,NA,NA,0,0,0,58
52,Trinidad and Tobago,1962,0,parliamentary,8.10251951136749,20.389,0,0,0,0
52,Trinidad and Tobago,1963,0,parliamentary,7.501602906603977,21.126,0,0,0,1
52,Trinidad and Tobago,1964,0,parliamentary,6.367746427765852,21.692,0,0,0,2
52,Trinidad and Tobago,1965,0,parliamentary,4.915941587495021,22.042,0,0,0,3
52,Trinidad and Tobago,1966,0,parliamentary,4.98489425981874,22.657,0,0,0,4
52,Trinidad and Tobago,1967,0,parliamentary,5.402456399805211,23.377,0,0,0,5
52,Trinidad and Tobago,1968,0,parliamentary,6.43950686565069,24.278,0,0,0,6
52,Trinidad and Tobago,1969,0,parliamentary,6.5421516334077445,25.008,0,0,0,7
52,Trinidad and Tobago,1970,0,parliamentary,6.122212855985842,25.682,0,0,0,8
52,Trinidad and Tobago,1971,0,parliamentary,5.331803005008351,26.247,0,0,0,9
52,Trinidad and Tobago,1972,0,parliamentary,6.256175649075302,27.314,0,0,0,10
52,Trinidad and Tobago,1973,0,parliamentary,6.769163454212168,28.306,0,0,0,11
52,Trinidad and Tobago,1974,0,parliamentary,8.317369674632701,29.742,0,0,0,12
52,Trinidad and Tobago,1975,0,parliamentary,8.771093459712986,31.03,0,0,0,13
52,Trinidad and Tobago,1976,0,parliamentary,10.13451953480895,32.88,0,0,0,14
52,Trinidad and Tobago,1977,0,parliamentary,10.991674906701544,34.797,0,0,0,15
52,Trinidad and Tobago,1978,0,parliamentary,11.760616593622487,36.976,0,0,0,16
52,Trinidad and Tobago,1979,0,parliamentary,11.27695904288235,38.841,0,0,0,17
52,Trinidad and Tobago,1980,0,parliamentary,10.41154207459778,40.667,0,0,0,18
52,Trinidad and Tobago,1981,0,parliamentary,7.194973125957471,41.284,0,0,0,19
52,Trinidad and Tobago,1982,0,parliamentary,1.6361983638016442,40.252,0,0,0,20
52,Trinidad and Tobago,1983,0,parliamentary,-4.214732487977269,38.162,0,0,0,21
52,Trinidad and Tobago,1984,0,parliamentary,-6.604969574036501,36.835,0,0,0,22
52,Trinidad and Tobago,1985,0,parliamentary,-8.510360666005523,35.057,0,0,0,23
52,Trinidad and Tobago,1986,0,parliamentary,-10.658666928953142,32.7,0,0,0,24
52,Trinidad and Tobago,1987,0,parliamentary,-11.762669820300564,30.591,0,0,0,25
52,Trinidad and Tobago,1988,0,parliamentary,-11.5911582024114,29.037,0,0,0,26
52,Trinidad and Tobago,1989,0,parliamentary,-9.476939297699715,28.161,0,0,0,27
52,Trinidad and Tobago,1990,0,parliamentary,-6.149085491232453,27.842,0,0,0,28
52,Trinidad and Tobago,1991,0,parliamentary,-3.019044166852547,27.825,0,0,0,29
52,Trinidad and Tobago,1992,0,parliamentary,0.6333816920845114,28.44,0,0,0,30
52,Trinidad and Tobago,1993,0,parliamentary,0.5550416281220993,28.262,0,0,0,31
52,Trinidad and Tobago,1994,0,parliamentary,1.1634758041044746,28.502,0,0,0,32
52,Trinidad and Tobago,1995,0,parliamentary,3.2817380927310236,29.426,0,0,0,33
52,Trinidad and Tobago,1996,0,parliamentary,5.70308200330214,30.73,0,0,0,34
52,Trinidad and Tobago,1997,0,parliamentary,8.798356498056048,32.517,0,0,0,35
52,Trinidad and Tobago,1998,0,parliamentary,11.187406547004052,34.652,0,0,0,36
52,Trinidad and Tobago,1999,0,parliamentary,13.867121160657936,37.547,0,0,0,37
52,Trinidad and Tobago,2000,0,parliamentary,15.47677178319573,40.676,0,0,0,38
52,Trinidad and Tobago,2001,0,parliamentary,14.193370341672583,43.034,0,0,0,39
52,Trinidad and Tobago,2002,0,parliamentary,14.658922392486406,46.391,0,0,0,40
52,Trinidad and Tobago,2003,0,parliamentary,17.847520139322626,51.699,0,0,0,41
52,Trinidad and Tobago,2004,0,parliamentary,18.62806796727501,56.55,0,0,0,42
52,Trinidad and Tobago,2005,0,parliamentary,18.68882690400959,61.529,0,0,0,43
52,Trinidad and Tobago,2006,0,parliamentary,18.57061690316797,67.198,0,0,0,44
52,Trinidad and Tobago,2007,0,parliamentary,15.352402099706852,71.067,0,0,0,45
52,Trinidad and Tobago,2008,0,parliamentary,11.155774930754214,73.279,0,0,0,46
52,Trinidad and Tobago,2009,0,parliamentary,3.711346789033443,71.465,0,0,0,47
52,Trinidad and Tobago,2010,0,parliamentary,1.9194468122216701,72.458,0,0,0,48
52,Trinidad and Tobago,2011,0,parliamentary,1.6260050247783875,73.538,0,0,0,49
52,Trinidad and Tobago,2012,0,parliamentary,1.8449285008038663,74.369,0,0,0,50
52,Trinidad and Tobago,2013,0,parliamentary,2.0818334533237337,74.866,0,0,0,51
52,Trinidad and Tobago,2014,0,parliamentary,0.2472465722634487,74.036,0,0,0,52
52,Trinidad and Tobago,2015,0,parliamentary,-2.415777257147822,71.975,0,0,0,53
52,Trinidad and Tobago,2016,0,parliamentary,-5.166995561971821,69.105,0,0,0,54
52,Trinidad and Tobago,2017,0,parliamentary,-5.988278810856507,67.149,0,0,0,55
52,Trinidad and Tobago,2018,0,parliamentary,-4.94109478202488,66.261,0,0,0,56
52,Trinidad and Tobago,2019,0,parliamentary,-3.3616162091149815,65.763,0,0,0,57
52,Trinidad and Tobago,2020,0,parliamentary,NA,NA,0,0,0,58
53,Barbados,1966,0,parliamentary,5.509049637894381,17.57,0,0,0,0
53,Barbados,1967,0,parliamentary,8.245510301090974,18.673,0,0,0,1
53,Barbados,1968,0,parliamentary,11.982486282768946,20.205,0,0,0,2
53,Barbados,1969,0,parliamentary,14.850779883305565,21.928,0,0,0,3
53,Barbados,1970,0,parliamentary,15.385370354012707,23.513,0,0,0,4
53,Barbados,1971,0,parliamentary,12.679032421060366,24.53,0,0,0,5
53,Barbados,1972,0,parliamentary,8.55674399222115,25.008,0,0,0,6
53,Barbados,1973,0,parliamentary,4.405811105742807,25.067,0,0,0,7
53,Barbados,1974,0,parliamentary,0.7048443807787352,24.746,0,0,0,8
53,Barbados,1975,0,parliamentary,0.09096983504672806,24.866,0,0,0,9
53,Barbados,1976,0,parliamentary,-0.2786656173206281,24.835,0,0,0,10
53,Barbados,1977,0,parliamentary,1.2006379892119057,25.253,0,0,0,11
53,Barbados,1978,0,parliamentary,2.95019553806819,25.851,0,0,0,12
53,Barbados,1979,0,parliamentary,5.067268439074479,26.818,0,0,0,13
53,Barbados,1980,0,parliamentary,5.593852672951138,27.511,0,0,0,14
53,Barbados,1981,0,parliamentary,3.7277025655674256,27.598,0,0,0,15
53,Barbados,1982,0,parliamentary,1.4805173676075922,27.445,0,0,0,16
53,Barbados,1983,0,parliamentary,1.3122881201472758,27.793,0,0,0,17
53,Barbados,1984,0,parliamentary,2.310159656899846,28.388,0,0,0,18
53,Barbados,1985,0,parliamentary,3.2418703537234306,28.942,0,0,0,19
53,Barbados,1986,0,parliamentary,5.953681144809431,30.268,0,0,0,20
53,Barbados,1987,0,parliamentary,7.4361608752747,31.58,0,0,0,21
53,Barbados,1988,0,parliamentary,7.80455057030216,32.759,0,0,0,22
53,Barbados,1989,0,parliamentary,7.232324516785349,33.731,0,0,0,23
53,Barbados,1990,0,parliamentary,4.6467210488700506,33.97,0,0,0,24
53,Barbados,1991,0,parliamentary,1.3646106934758429,33.575,0,0,0,25
53,Barbados,1992,0,parliamentary,-1.7787556504118562,32.767,0,0,0,26
53,Barbados,1993,0,parliamentary,-1.4297094461448223,32.914,0,0,0,27
53,Barbados,1994,0,parliamentary,0.811405217203709,33.645,0,0,0,28
53,Barbados,1995,0,parliamentary,3.173987041294679,34.554,0,0,0,29
53,Barbados,1996,0,parliamentary,5.745955273898784,35.909,0,0,0,30
53,Barbados,1997,0,parliamentary,6.439568014705865,37.058,0,0,0,31
53,Barbados,1998,0,parliamentary,5.311129999105302,37.666,0,0,0,32
53,Barbados,1999,0,parliamentary,3.8359319148007165,38.054,0,0,0,33
53,Barbados,2000,0,parliamentary,2.6833908740126367,38.427,0,0,0,34
53,Barbados,2001,0,parliamentary,0.05448812899404576,37.827,0,0,0,35
53,Barbados,2002,0,parliamentary,-1.1032225711948063,37.471,0,0,0,36
53,Barbados,2003,0,parliamentary,-0.639316654436406,37.642,0,0,0,37
53,Barbados,2004,0,parliamentary,0.09986473348269076,37.889,0,0,0,38
53,Barbados,2005,0,parliamentary,1.784233898859977,38.552,0,0,0,39
53,Barbados,2006,0,parliamentary,2.9021050480278143,39.273,0,0,0,40
53,Barbados,2007,0,parliamentary,2.6984875412570997,39.641,0,0,0,41
53,Barbados,2008,0,parliamentary,0.728354956103372,39.193,0,0,0,42
53,Barbados,2009,0,parliamentary,-2.718223977131329,37.843,0,0,0,43
53,Barbados,2010,0,parliamentary,-5.014439758160039,36.574,0,0,0,44
53,Barbados,2011,0,parliamentary,-6.430174027889035,35.282,0,0,0,45
53,Barbados,2012,0,parliamentary,-6.344666473808591,34.317,0,0,0,46
53,Barbados,2013,0,parliamentary,-5.3751273693514285,33.617,0,0,0,47
53,Barbados,2014,0,parliamentary,-3.662677878395859,33.362,0,0,0,48
53,Barbados,2015,0,parliamentary,-1.9482621619235418,33.317,0,0,0,49
53,Barbados,2016,0,parliamentary,0.6828672116947709,33.941,0,0,0,50
53,Barbados,2017,0,parliamentary,4.356770649124031,35.407,0,0,0,51
53,Barbados,2018,0,parliamentary,5.377978659827898,36.324,0,0,0,52
53,Barbados,2019,0,parliamentary,5.872678292924993,37.336,0,0,0,53
53,Barbados,2020,0,parliamentary,NA,NA,0,0,0,54
54,Dominica,1978,0,parliamentary,NA,NA,0,0,0,0
54,Dominica,1979,0,parliamentary,NA,NA,0,0,0,1
54,Dominica,1980,0,parliamentary,NA,NA,0,0,0,2
54,Dominica,1981,1,parliamentary,NA,NA,0,1,1,0
54,Dominica,1982,0,parliamentary,NA,NA,0,1,1,1
54,Dominica,1983,0,parliamentary,NA,NA,0,1,1,2
54,Dominica,1984,0,parliamentary,NA,NA,0,1,1,3
54,Dominica,1985,0,parliamentary,NA,NA,0,1,1,4
54,Dominica,1986,0,parliamentary,NA,NA,0,1,1,5
54,Dominica,1987,0,parliamentary,NA,NA,0,1,1,6
54,Dominica,1988,0,parliamentary,NA,NA,0,1,1,7
54,Dominica,1989,0,parliamentary,NA,NA,0,1,1,8
54,Dominica,1990,0,parliamentary,NA,NA,0,1,1,9
54,Dominica,1991,0,parliamentary,NA,NA,0,1,1,10
54,Dominica,1992,0,parliamentary,NA,NA,0,1,1,11
54,Dominica,1993,0,parliamentary,NA,NA,0,1,1,12
54,Dominica,1994,0,parliamentary,NA,NA,0,1,1,13
54,Dominica,1995,0,parliamentary,NA,NA,0,1,1,14
54,Dominica,1996,0,parliamentary,NA,NA,0,1,1,15
54,Dominica,1997,0,parliamentary,NA,NA,0,1,1,16
54,Dominica,1998,0,parliamentary,NA,NA,0,1,1,17
54,Dominica,1999,0,parliamentary,NA,NA,0,1,1,18
54,Dominica,2000,0,parliamentary,NA,NA,0,1,1,19
54,Dominica,2001,0,parliamentary,NA,NA,0,1,1,20
54,Dominica,2002,0,parliamentary,NA,NA,0,1,1,21
54,Dominica,2003,0,parliamentary,NA,NA,0,1,1,22
54,Dominica,2004,0,parliamentary,NA,NA,0,1,1,23
54,Dominica,2005,0,parliamentary,NA,NA,0,1,1,24
54,Dominica,2006,0,parliamentary,NA,NA,0,1,1,25
54,Dominica,2007,0,parliamentary,NA,NA,0,1,1,26
54,Dominica,2008,0,parliamentary,NA,NA,0,1,1,27
54,Dominica,2009,0,parliamentary,NA,NA,0,1,1,28
54,Dominica,2010,0,parliamentary,NA,NA,0,1,1,29
54,Dominica,2011,0,parliamentary,NA,NA,0,1,1,30
54,Dominica,2012,0,parliamentary,NA,NA,0,1,1,31
54,Dominica,2013,0,parliamentary,NA,NA,0,1,1,32
54,Dominica,2014,0,parliamentary,NA,NA,0,1,1,33
54,Dominica,2015,0,parliamentary,NA,NA,0,1,1,34
54,Dominica,2016,0,parliamentary,NA,NA,0,1,1,35
54,Dominica,2017,0,parliamentary,NA,NA,0,1,1,36
54,Dominica,2018,0,parliamentary,NA,NA,0,1,1,37
54,Dominica,2019,0,parliamentary,NA,NA,0,1,1,38
54,Dominica,2020,0,parliamentary,NA,NA,0,1,1,39
55,Grenada,1974,0,parliamentary,NA,NA,0,0,0,0
55,Grenada,1975,0,parliamentary,NA,NA,0,0,0,1
55,Grenada,1976,0,parliamentary,NA,NA,0,0,0,2
55,Grenada,1977,0,parliamentary,NA,NA,0,0,0,3
55,Grenada,1978,0,parliamentary,NA,NA,0,0,0,4
55,Grenada,1979,2,parliamentary,NA,NA,0,1,1,0
55,Grenada,1980,0,personal,NA,NA,0,1,1,1
55,Grenada,1981,0,personal,NA,NA,0,1,1,2
55,Grenada,1982,0,personal,NA,NA,0,1,1,3
55,Grenada,1983,2,personal,NA,NA,0,2,1,0
55,Grenada,1984,0,other,NA,NA,0,2,1,1
55,Grenada,1985,0,parliamentary,NA,NA,0,2,1,2
55,Grenada,1986,0,parliamentary,NA,NA,0,2,1,3
55,Grenada,1987,0,parliamentary,NA,NA,0,2,1,4
55,Grenada,1988,0,parliamentary,NA,NA,0,2,1,5
55,Grenada,1989,0,parliamentary,NA,NA,0,2,1,6
55,Grenada,1990,0,parliamentary,NA,NA,0,2,1,7
55,Grenada,1991,0,parliamentary,NA,NA,0,2,1,8
55,Grenada,1992,0,parliamentary,NA,NA,0,2,1,9
55,Grenada,1993,0,parliamentary,NA,NA,0,2,1,10
55,Grenada,1994,0,parliamentary,NA,NA,0,2,1,11
55,Grenada,1995,0,parliamentary,NA,NA,0,2,1,12
55,Grenada,1996,0,parliamentary,NA,NA,0,2,1,13
55,Grenada,1997,0,parliamentary,NA,NA,0,2,1,14
55,Grenada,1998,0,parliamentary,NA,NA,0,2,1,15
55,Grenada,1999,0,parliamentary,NA,NA,0,2,1,16
55,Grenada,2000,0,parliamentary,NA,NA,0,2,1,17
55,Grenada,2001,0,parliamentary,NA,NA,0,2,1,18
55,Grenada,2002,0,parliamentary,NA,NA,0,2,1,19
55,Grenada,2003,0,parliamentary,NA,NA,0,2,1,20
55,Grenada,2004,0,parliamentary,NA,NA,0,2,1,21
55,Grenada,2005,0,parliamentary,NA,NA,0,2,1,22
55,Grenada,2006,0,parliamentary,NA,NA,0,2,1,23
55,Grenada,2007,0,parliamentary,NA,NA,0,2,1,24
55,Grenada,2008,0,parliamentary,NA,NA,0,2,1,25
55,Grenada,2009,0,parliamentary,NA,NA,0,2,1,26
55,Grenada,2010,0,parliamentary,NA,NA,0,2,1,27
55,Grenada,2011,0,parliamentary,NA,NA,0,2,1,28
55,Grenada,2012,0,parliamentary,NA,NA,0,2,1,29
55,Grenada,2013,0,parliamentary,NA,NA,0,2,1,30
55,Grenada,2014,0,parliamentary,NA,NA,0,2,1,31
55,Grenada,2015,0,parliamentary,NA,NA,0,2,1,32
55,Grenada,2016,0,parliamentary,NA,NA,0,2,1,33
55,Grenada,2017,0,parliamentary,NA,NA,0,2,1,34
55,Grenada,2018,0,parliamentary,NA,NA,0,2,1,35
55,Grenada,2019,0,parliamentary,NA,NA,0,2,1,36
55,Grenada,2020,0,parliamentary,NA,NA,0,2,1,37
56,Saint Lucia,1979,0,parliamentary,NA,NA,0,0,0,0
56,Saint Lucia,1980,0,parliamentary,NA,NA,0,0,0,1
56,Saint Lucia,1981,0,parliamentary,NA,NA,0,0,0,2
56,Saint Lucia,1982,0,parliamentary,NA,NA,0,0,0,3
56,Saint Lucia,1983,0,parliamentary,NA,NA,0,0,0,4
56,Saint Lucia,1984,0,parliamentary,NA,NA,0,0,0,5
56,Saint Lucia,1985,0,parliamentary,NA,NA,0,0,0,6
56,Saint Lucia,1986,0,parliamentary,NA,NA,0,0,0,7
56,Saint Lucia,1987,0,parliamentary,NA,NA,0,0,0,8
56,Saint Lucia,1988,0,parliamentary,NA,NA,0,0,0,9
56,Saint Lucia,1989,0,parliamentary,NA,NA,0,0,0,10
56,Saint Lucia,1990,0,parliamentary,NA,NA,0,0,0,11
56,Saint Lucia,1991,0,parliamentary,NA,NA,0,0,0,12
56,Saint Lucia,1992,0,parliamentary,NA,NA,0,0,0,13
56,Saint Lucia,1993,0,parliamentary,NA,NA,0,0,0,14
56,Saint Lucia,1994,0,parliamentary,NA,NA,0,0,0,15
56,Saint Lucia,1995,0,parliamentary,NA,NA,0,0,0,16
56,Saint Lucia,1996,0,parliamentary,NA,NA,0,0,0,17
56,Saint Lucia,1997,0,parliamentary,NA,NA,0,0,0,18
56,Saint Lucia,1998,0,parliamentary,NA,NA,0,0,0,19
56,Saint Lucia,1999,0,parliamentary,NA,NA,0,0,0,20
56,Saint Lucia,2000,0,parliamentary,NA,NA,0,0,0,21
56,Saint Lucia,2001,0,parliamentary,NA,NA,0,0,0,22
56,Saint Lucia,2002,0,parliamentary,NA,NA,0,0,0,23
56,Saint Lucia,2003,0,parliamentary,NA,NA,0,0,0,24
56,Saint Lucia,2004,0,parliamentary,NA,NA,0,0,0,25
56,Saint Lucia,2005,0,parliamentary,NA,NA,0,0,0,26
56,Saint Lucia,2006,0,parliamentary,NA,NA,0,0,0,27
56,Saint Lucia,2007,0,parliamentary,NA,NA,0,0,0,28
56,Saint Lucia,2008,0,parliamentary,NA,NA,0,0,0,29
56,Saint Lucia,2009,0,parliamentary,NA,NA,0,0,0,30
56,Saint Lucia,2010,0,parliamentary,NA,NA,0,0,0,31
56,Saint Lucia,2011,0,parliamentary,NA,NA,0,0,0,32
56,Saint Lucia,2012,0,parliamentary,NA,NA,0,0,0,33
56,Saint Lucia,2013,0,parliamentary,NA,NA,0,0,0,34
56,Saint Lucia,2014,0,parliamentary,NA,NA,0,0,0,35
56,Saint Lucia,2015,0,parliamentary,NA,NA,0,0,0,36
56,Saint Lucia,2016,0,parliamentary,NA,NA,0,0,0,37
56,Saint Lucia,2017,0,parliamentary,NA,NA,0,0,0,38
56,Saint Lucia,2018,0,parliamentary,NA,NA,0,0,0,39
56,Saint Lucia,2019,0,parliamentary,NA,NA,0,0,0,40
56,Saint Lucia,2020,0,parliamentary,NA,NA,0,0,0,41
57,Saint Vincent and the Grenadines,1979,0,parliamentary,NA,NA,0,0,0,0
57,Saint Vincent and the Grenadines,1980,0,parliamentary,NA,NA,0,0,0,1
57,Saint Vincent and the Grenadines,1981,0,parliamentary,NA,NA,0,0,0,2
57,Saint Vincent and the Grenadines,1982,0,parliamentary,NA,NA,0,0,0,3
57,Saint Vincent and the Grenadines,1983,0,parliamentary,NA,NA,0,0,0,4
57,Saint Vincent and the Grenadines,1984,0,parliamentary,NA,NA,0,0,0,5
57,Saint Vincent and the Grenadines,1985,0,parliamentary,NA,NA,0,0,0,6
57,Saint Vincent and the Grenadines,1986,0,parliamentary,NA,NA,0,0,0,7
57,Saint Vincent and the Grenadines,1987,0,parliamentary,NA,NA,0,0,0,8
57,Saint Vincent and the Grenadines,1988,0,parliamentary,NA,NA,0,0,0,9
57,Saint Vincent and the Grenadines,1989,0,parliamentary,NA,NA,0,0,0,10
57,Saint Vincent and the Grenadines,1990,0,parliamentary,NA,NA,0,0,0,11
57,Saint Vincent and the Grenadines,1991,0,parliamentary,NA,NA,0,0,0,12
57,Saint Vincent and the Grenadines,1992,0,parliamentary,NA,NA,0,0,0,13
57,Saint Vincent and the Grenadines,1993,0,parliamentary,NA,NA,0,0,0,14
57,Saint Vincent and the Grenadines,1994,0,parliamentary,NA,NA,0,0,0,15
57,Saint Vincent and the Grenadines,1995,0,parliamentary,NA,NA,0,0,0,16
57,Saint Vincent and the Grenadines,1996,0,parliamentary,NA,NA,0,0,0,17
57,Saint Vincent and the Grenadines,1997,0,parliamentary,NA,NA,0,0,0,18
57,Saint Vincent and the Grenadines,1998,0,parliamentary,NA,NA,0,0,0,19
57,Saint Vincent and the Grenadines,1999,0,parliamentary,NA,NA,0,0,0,20
57,Saint Vincent and the Grenadines,2000,0,parliamentary,NA,NA,0,0,0,21
57,Saint Vincent and the Grenadines,2001,0,parliamentary,NA,NA,0,0,0,22
57,Saint Vincent and the Grenadines,2002,0,parliamentary,NA,NA,0,0,0,23
57,Saint Vincent and the Grenadines,2003,0,parliamentary,NA,NA,0,0,0,24
57,Saint Vincent and the Grenadines,2004,0,parliamentary,NA,NA,0,0,0,25
57,Saint Vincent and the Grenadines,2005,0,parliamentary,NA,NA,0,0,0,26
57,Saint Vincent and the Grenadines,2006,0,parliamentary,NA,NA,0,0,0,27
57,Saint Vincent and the Grenadines,2007,0,parliamentary,NA,NA,0,0,0,28
57,Saint Vincent and the Grenadines,2008,0,parliamentary,NA,NA,0,0,0,29
57,Saint Vincent and the Grenadines,2009,0,parliamentary,NA,NA,0,0,0,30
57,Saint Vincent and the Grenadines,2010,0,parliamentary,NA,NA,0,0,0,31
57,Saint Vincent and the Grenadines,2011,0,parliamentary,NA,NA,0,0,0,32
57,Saint Vincent and the Grenadines,2012,0,parliamentary,NA,NA,0,0,0,33
57,Saint Vincent and the Grenadines,2013,0,parliamentary,NA,NA,0,0,0,34
57,Saint Vincent and the Grenadines,2014,0,parliamentary,NA,NA,0,0,0,35
57,Saint Vincent and the Grenadines,2015,0,parliamentary,NA,NA,0,0,0,36
57,Saint Vincent and the Grenadines,2016,0,parliamentary,NA,NA,0,0,0,37
57,Saint Vincent and the Grenadines,2017,0,parliamentary,NA,NA,0,0,0,38
57,Saint Vincent and the Grenadines,2018,0,parliamentary,NA,NA,0,0,0,39
57,Saint Vincent and the Grenadines,2019,0,parliamentary,NA,NA,0,0,0,40
57,Saint Vincent and the Grenadines,2020,0,parliamentary,NA,NA,0,0,0,41
58,Antigua & Barbuda,1981,0,parliamentary,NA,NA,0,0,0,0
58,Antigua & Barbuda,1982,0,parliamentary,NA,NA,0,0,0,1
58,Antigua & Barbuda,1983,0,parliamentary,NA,NA,0,0,0,2
58,Antigua & Barbuda,1984,0,parliamentary,NA,NA,0,0,0,3
58,Antigua & Barbuda,1985,0,parliamentary,NA,NA,0,0,0,4
58,Antigua & Barbuda,1986,0,parliamentary,NA,NA,0,0,0,5
58,Antigua & Barbuda,1987,0,parliamentary,NA,NA,0,0,0,6
58,Antigua & Barbuda,1988,0,parliamentary,NA,NA,0,0,0,7
58,Antigua & Barbuda,1989,0,parliamentary,NA,NA,0,0,0,8
58,Antigua & Barbuda,1990,0,parliamentary,NA,NA,0,0,0,9
58,Antigua & Barbuda,1991,0,parliamentary,NA,NA,0,0,0,10
58,Antigua & Barbuda,1992,0,parliamentary,NA,NA,0,0,0,11
58,Antigua & Barbuda,1993,0,parliamentary,NA,NA,0,0,0,12
58,Antigua & Barbuda,1994,0,parliamentary,NA,NA,0,0,0,13
58,Antigua & Barbuda,1995,0,parliamentary,NA,NA,0,0,0,14
58,Antigua & Barbuda,1996,0,parliamentary,NA,NA,0,0,0,15
58,Antigua & Barbuda,1997,0,parliamentary,NA,NA,0,0,0,16
58,Antigua & Barbuda,1998,0,parliamentary,NA,NA,0,0,0,17
58,Antigua & Barbuda,1999,0,parliamentary,NA,NA,0,0,0,18
58,Antigua & Barbuda,2000,0,parliamentary,NA,NA,0,0,0,19
58,Antigua & Barbuda,2001,0,parliamentary,NA,NA,0,0,0,20
58,Antigua & Barbuda,2002,0,parliamentary,NA,NA,0,0,0,21
58,Antigua & Barbuda,2003,0,parliamentary,NA,NA,0,0,0,22
58,Antigua & Barbuda,2004,0,parliamentary,NA,NA,0,0,0,23
58,Antigua & Barbuda,2005,0,parliamentary,NA,NA,0,0,0,24
58,Antigua & Barbuda,2006,0,parliamentary,NA,NA,0,0,0,25
58,Antigua & Barbuda,2007,0,parliamentary,NA,NA,0,0,0,26
58,Antigua & Barbuda,2008,0,parliamentary,NA,NA,0,0,0,27
58,Antigua & Barbuda,2009,0,parliamentary,NA,NA,0,0,0,28
58,Antigua & Barbuda,2010,0,parliamentary,NA,NA,0,0,0,29
58,Antigua & Barbuda,2011,0,parliamentary,NA,NA,0,0,0,30
58,Antigua & Barbuda,2012,0,parliamentary,NA,NA,0,0,0,31
58,Antigua & Barbuda,2013,0,parliamentary,NA,NA,0,0,0,32
58,Antigua & Barbuda,2014,0,parliamentary,NA,NA,0,0,0,33
58,Antigua & Barbuda,2015,0,parliamentary,NA,NA,0,0,0,34
58,Antigua & Barbuda,2016,0,parliamentary,NA,NA,0,0,0,35
58,Antigua & Barbuda,2017,0,parliamentary,NA,NA,0,0,0,36
58,Antigua & Barbuda,2018,0,parliamentary,NA,NA,0,0,0,37
58,Antigua & Barbuda,2019,0,parliamentary,NA,NA,0,0,0,38
58,Antigua & Barbuda,2020,0,parliamentary,NA,NA,0,0,0,39
60,Saint Kitts and Nevis,1983,0,parliamentary,NA,NA,0,0,0,0
60,Saint Kitts and Nevis,1984,0,parliamentary,NA,NA,0,0,0,1
60,Saint Kitts and Nevis,1985,0,parliamentary,NA,NA,0,0,0,2
60,Saint Kitts and Nevis,1986,0,parliamentary,NA,NA,0,0,0,3
60,Saint Kitts and Nevis,1987,0,parliamentary,NA,NA,0,0,0,4
60,Saint Kitts and Nevis,1988,0,parliamentary,NA,NA,0,0,0,5
60,Saint Kitts and Nevis,1989,0,parliamentary,NA,NA,0,0,0,6
60,Saint Kitts and Nevis,1990,0,parliamentary,NA,NA,0,0,0,7
60,Saint Kitts and Nevis,1991,0,parliamentary,NA,NA,0,0,0,8
60,Saint Kitts and Nevis,1992,0,parliamentary,NA,NA,0,0,0,9
60,Saint Kitts and Nevis,1993,0,parliamentary,NA,NA,0,0,0,10
60,Saint Kitts and Nevis,1994,0,parliamentary,NA,NA,0,0,0,11
60,Saint Kitts and Nevis,1995,0,parliamentary,NA,NA,0,0,0,12
60,Saint Kitts and Nevis,1996,0,parliamentary,NA,NA,0,0,0,13
60,Saint Kitts and Nevis,1997,0,parliamentary,NA,NA,0,0,0,14
60,Saint Kitts and Nevis,1998,0,parliamentary,NA,NA,0,0,0,15
60,Saint Kitts and Nevis,1999,0,parliamentary,NA,NA,0,0,0,16
60,Saint Kitts and Nevis,2000,0,parliamentary,NA,NA,0,0,0,17
60,Saint Kitts and Nevis,2001,0,parliamentary,NA,NA,0,0,0,18
60,Saint Kitts and Nevis,2002,0,parliamentary,NA,NA,0,0,0,19
60,Saint Kitts and Nevis,2003,0,parliamentary,NA,NA,0,0,0,20
60,Saint Kitts and Nevis,2004,0,parliamentary,NA,NA,0,0,0,21
60,Saint Kitts and Nevis,2005,0,parliamentary,NA,NA,0,0,0,22
60,Saint Kitts and Nevis,2006,0,parliamentary,NA,NA,0,0,0,23
60,Saint Kitts and Nevis,2007,0,parliamentary,NA,NA,0,0,0,24
60,Saint Kitts and Nevis,2008,0,parliamentary,NA,NA,0,0,0,25
60,Saint Kitts and Nevis,2009,0,parliamentary,NA,NA,0,0,0,26
60,Saint Kitts and Nevis,2010,0,parliamentary,NA,NA,0,0,0,27
60,Saint Kitts and Nevis,2011,0,parliamentary,NA,NA,0,0,0,28
60,Saint Kitts and Nevis,2012,0,parliamentary,NA,NA,0,0,0,29
60,Saint Kitts and Nevis,2013,0,parliamentary,NA,NA,0,0,0,30
60,Saint Kitts and Nevis,2014,0,parliamentary,NA,NA,0,0,0,31
60,Saint Kitts and Nevis,2015,0,parliamentary,NA,NA,0,0,0,32
60,Saint Kitts and Nevis,2016,0,parliamentary,NA,NA,0,0,0,33
60,Saint Kitts and Nevis,2017,0,parliamentary,NA,NA,0,0,0,34
60,Saint Kitts and Nevis,2018,0,parliamentary,NA,NA,0,0,0,35
60,Saint Kitts and Nevis,2019,0,parliamentary,NA,NA,0,0,0,36
60,Saint Kitts and Nevis,2020,0,parliamentary,NA,NA,0,0,0,37
70,Mexico,1950,0,dominant-party,7.369232526267688,7.521,0,0,0,0
70,Mexico,1951,0,dominant-party,7.844763247367115,7.803,0,0,0,1
70,Mexico,1952,0,dominant-party,6.771181679552685,7.982,0,0,0,2
70,Mexico,1953,0,dominant-party,4.597730989901083,8.058,0,0,0,3
70,Mexico,1954,0,dominant-party,4.91774368276523,8.329,0,0,0,4
70,Mexico,1955,0,dominant-party,5.928466438020585,8.648,0,0,0,5
70,Mexico,1956,0,dominant-party,6.8562310971398865,8.974,0,0,0,6
70,Mexico,1957,0,dominant-party,7.159358684101091,9.277,0,0,0,7
70,Mexico,1958,0,dominant-party,7.110992148465378,9.604,0,0,0,8
70,Mexico,1959,0,dominant-party,7.291935622686996,9.973,0,0,0,9
70,Mexico,1960,0,dominant-party,10.109047432541086,10.683,0,0,0,10
70,Mexico,1961,0,dominant-party,9.904096613781665,11.139,0,0,0,11
70,Mexico,1962,0,dominant-party,8.926884564519177,11.531,0,0,0,12
70,Mexico,1963,0,dominant-party,9.076964720743486,12.089,0,0,0,13
70,Mexico,1964,0,dominant-party,9.886336320868105,12.8,0,0,0,14
70,Mexico,1965,0,dominant-party,9.935534668569446,13.404,0,0,0,15
70,Mexico,1966,0,dominant-party,9.309328147544061,13.94,0,0,0,16
70,Mexico,1967,0,dominant-party,8.542178787697118,14.483,0,0,0,17
70,Mexico,1968,0,dominant-party,8.42544406692185,15.126,0,0,0,18
70,Mexico,1969,0,dominant-party,7.729288921949462,15.641,0,0,0,19
70,Mexico,1970,0,dominant-party,7.3736020271435665,16.187,0,0,0,20
70,Mexico,1971,0,dominant-party,6.757898509908333,16.679,0,0,0,21
70,Mexico,1972,0,dominant-party,7.378202280467927,17.403,0,0,0,22
70,Mexico,1973,0,dominant-party,8.294109256882054,18.222,0,0,0,23
70,Mexico,1974,0,dominant-party,8.685467468062246,19.023,0,0,0,24
70,Mexico,1975,0,dominant-party,8.472027050764087,19.761,0,0,0,25
70,Mexico,1976,0,dominant-party,7.456371731836509,20.369,0,0,0,26
70,Mexico,1977,0,dominant-party,6.558460709237157,20.956,0,0,0,27
70,Mexico,1978,0,dominant-party,7.739540896270758,22.003,0,0,0,28
70,Mexico,1979,0,dominant-party,9.459751638042047,23.288,0,0,0,29
70,Mexico,1980,0,dominant-party,10.700609460115418,24.63,0,0,0,30
70,Mexico,1981,0,dominant-party,9.815892970615003,25.577,0,0,0,31
70,Mexico,1982,0,dominant-party,5.03742917407668,25.397,0,0,0,32
70,Mexico,1983,0,dominant-party,0.24254183846712518,24.798,0,0,0,33
70,Mexico,1984,0,dominant-party,-1.5694493328640369,24.61,0,0,0,34
70,Mexico,1985,0,dominant-party,-2.6522049562378247,24.269,0,0,0,35
70,Mexico,1986,0,dominant-party,-4.429894028705328,23.412,0,0,0,36
70,Mexico,1987,0,dominant-party,-3.924880597760061,23.093,0,0,0,37
70,Mexico,1988,0,dominant-party,-2.433570446126454,23.125,0,0,0,38
70,Mexico,1989,0,dominant-party,0.34815621914263684,23.577,0,0,0,39
70,Mexico,1990,0,dominant-party,3.7218438305145263,24.396,0,0,0,40
70,Mexico,1991,0,dominant-party,5.128785592111895,25.077,0,0,0,41
70,Mexico,1992,0,dominant-party,4.985378195439316,25.561,0,0,0,42
70,Mexico,1993,0,dominant-party,4.2198462007738025,25.967,0,0,0,43
70,Mexico,1994,0,dominant-party,2.677377224591271,26.101,1,0,0,44
70,Mexico,1995,0,dominant-party,-0.7569845481504522,25.434,1,0,0,45
70,Mexico,1996,0,dominant-party,0.2645174302247977,25.851,1,0,0,46
70,Mexico,1997,0,dominant-party,2.967954086218949,26.804,1,0,0,47
70,Mexico,1998,0,dominant-party,5.0476869190762885,27.712,0,0,0,48
70,Mexico,1999,0,dominant-party,6.216363081458098,28.538,0,0,0,49
70,Mexico,2000,0,dominant-party,6.500216794334457,29.475,0,0,0,50
70,Mexico,2001,0,presidential,4.467486818980682,29.721,0,0,0,51
70,Mexico,2002,0,presidential,2.4778419773151317,29.761,0,0,0,52
70,Mexico,2003,0,presidential,1.5389728424536564,29.941,0,0,0,53
70,Mexico,2004,0,presidential,2.1322589496650446,30.521,0,0,0,54
70,Mexico,2005,0,presidential,3.144562527296535,31.174,0,0,0,55
70,Mexico,2006,0,presidential,3.976642526260843,31.873,4,0,0,56
70,Mexico,2007,0,presidential,3.5711305263293136,32.268,4,0,0,57
70,Mexico,2008,0,presidential,2.0744394902444396,32.279,4,0,0,58
70,Mexico,2009,0,presidential,-0.41298453504718946,31.734,4,0,0,59
70,Mexico,2010,0,presidential,0.5274182688710827,32.25,4,0,0,60
70,Mexico,2011,0,presidential,2.044102075063914,32.958,4,0,0,61
70,Mexico,2012,0,presidential,2.893001358303171,33.482,4,0,0,62
70,Mexico,2013,0,presidential,2.7679300220508463,33.742,4,0,0,63
70,Mexico,2014,0,presidential,1.8711143712647038,33.886,4,0,0,64
70,Mexico,2015,0,presidential,0.7409348644398905,33.828,4,0,0,65
70,Mexico,2016,0,presidential,0.8601717977235523,34.098,4,0,0,66
70,Mexico,2017,0,presidential,1.262508898157999,34.425,4,0,0,67
70,Mexico,2018,0,presidential,1.2077605788820556,34.575,4,0,0,68
70,Mexico,2019,0,presidential,0.17870282770944268,34.308,4,0,0,69
70,Mexico,2020,0,presidential,NA,NA,4,0,0,70
80,Belize,1981,0,parliamentary,NA,NA,4,0,0,0
80,Belize,1982,0,parliamentary,NA,NA,4,0,0,1
80,Belize,1983,0,parliamentary,NA,NA,4,0,0,2
80,Belize,1984,0,parliamentary,NA,NA,4,0,0,3
80,Belize,1985,0,parliamentary,NA,NA,4,0,0,4
80,Belize,1986,0,parliamentary,NA,NA,4,0,0,5
80,Belize,1987,0,parliamentary,NA,NA,4,0,0,6
80,Belize,1988,0,parliamentary,NA,NA,4,0,0,7
80,Belize,1989,0,parliamentary,NA,NA,4,0,0,8
80,Belize,1990,0,parliamentary,NA,NA,4,0,0,9
80,Belize,1991,0,parliamentary,NA,NA,4,0,0,10
80,Belize,1992,0,parliamentary,NA,NA,4,0,0,11
80,Belize,1993,0,parliamentary,NA,NA,4,0,0,12
80,Belize,1994,0,parliamentary,NA,NA,4,0,0,13
80,Belize,1995,0,parliamentary,NA,NA,4,0,0,14
80,Belize,1996,0,parliamentary,NA,NA,4,0,0,15
80,Belize,1997,0,parliamentary,NA,NA,4,0,0,16
80,Belize,1998,0,parliamentary,NA,NA,4,0,0,17
80,Belize,1999,0,parliamentary,NA,NA,4,0,0,18
80,Belize,2000,0,parliamentary,NA,NA,4,0,0,19
80,Belize,2001,0,parliamentary,NA,NA,4,0,0,20
80,Belize,2002,0,parliamentary,NA,NA,4,0,0,21
80,Belize,2003,0,parliamentary,NA,NA,4,0,0,22
80,Belize,2004,0,parliamentary,NA,NA,4,0,0,23
80,Belize,2005,0,parliamentary,NA,NA,4,0,0,24
80,Belize,2006,0,parliamentary,NA,NA,4,0,0,25
80,Belize,2007,0,parliamentary,NA,NA,4,0,0,26
80,Belize,2008,0,parliamentary,NA,NA,4,0,0,27
80,Belize,2009,0,parliamentary,NA,NA,4,0,0,28
80,Belize,2010,0,parliamentary,NA,NA,4,0,0,29
80,Belize,2011,0,parliamentary,NA,NA,4,0,0,30
80,Belize,2012,0,parliamentary,NA,NA,4,0,0,31
80,Belize,2013,0,parliamentary,NA,NA,4,0,0,32
80,Belize,2014,0,parliamentary,NA,NA,4,0,0,33
80,Belize,2015,0,parliamentary,NA,NA,4,0,0,34
80,Belize,2016,0,parliamentary,NA,NA,4,0,0,35
80,Belize,2017,0,parliamentary,NA,NA,4,0,0,36
80,Belize,2018,0,parliamentary,NA,NA,4,0,0,37
80,Belize,2019,0,parliamentary,NA,NA,4,0,0,38
80,Belize,2020,0,parliamentary,NA,NA,4,0,0,39
90,Guatemala,1950,0,presidential,3.1329437786801417,6.248,0,0,0,0
90,Guatemala,1951,0,presidential,1.6711730788024903,6.242,0,0,0,1
90,Guatemala,1952,0,presidential,0.27778675021803423,6.209,0,0,0,2
90,Guatemala,1953,0,presidential,-0.2411963338157297,6.204,0,0,0,3
90,Guatemala,1954,2,presidential,-0.5629724947723846,6.182,1,1,1,0
90,Guatemala,1955,1,personal,-0.273972602739736,6.188,0,2,1,0
90,Guatemala,1956,0,personal,1.5082325701054833,6.313,0,2,1,1
90,Guatemala,1957,2,personal,2.647209094392644,6.429,0,3,1,0
90,Guatemala,1958,0,military,3.686635944700467,6.57,0,3,1,1
90,Guatemala,1959,0,personal,4.1847758599279805,6.712,0,3,1,2
90,Guatemala,1960,1,personal,4.882788776873559,6.908,0,4,1,0
90,Guatemala,1961,0,personal,4.7309337134711305,7.053,0,4,1,1
90,Guatemala,1962,1,personal,4.26774352865984,7.178,0,5,1,0
90,Guatemala,1963,2,personal,4.737305214157983,7.38,0,6,1,0
90,Guatemala,1964,0,military,4.550874954934958,7.54,0,6,1,1
90,Guatemala,1965,0,military,4.506973462853425,7.703,0,6,1,2
90,Guatemala,1966,0,military,4.6983604817742775,7.893,5,6,1,3
90,Guatemala,1967,0,military,5.001553277415338,8.112,5,6,1,4
90,Guatemala,1968,0,military,6.230152729472249,8.43,5,6,1,5
90,Guatemala,1969,0,military,6.595505067815699,8.708,5,6,1,6
90,Guatemala,1970,0,military,6.583258154883431,8.979,5,6,1,7
90,Guatemala,1971,0,military,6.499896535074612,9.264,5,6,1,8
90,Guatemala,1972,0,military,6.764176317602866,9.606,5,6,1,9
90,Guatemala,1973,0,military,7.294016543130311,9.988,5,6,1,10
90,Guatemala,1974,0,military,7.23924597242982,10.331,5,6,1,11
90,Guatemala,1975,0,military,6.544045300295176,10.612,5,6,1,12
90,Guatemala,1976,0,military,7.00920988851188,11.038,5,6,1,13
90,Guatemala,1977,0,military,7.428817300856805,11.485,5,6,1,14
90,Guatemala,1978,0,military,6.699482427883741,11.792,5,6,1,15
90,Guatemala,1979,0,military,5.418935534867386,12.003,5,6,1,16
90,Guatemala,1980,0,military,3.699647489647151,12.12,5,6,1,17
90,Guatemala,1981,0,military,1.385898815931097,12.056,5,6,1,18
90,Guatemala,1982,2,military,-1.6864281886388,11.741,5,7,1,0
90,Guatemala,1983,2,military,-3.5980190681534796,11.446,5,8,1,0
90,Guatemala,1984,0,military,-4.397199453551915,11.197,5,8,1,1
90,Guatemala,1985,0,military,-4.8258307472366475,10.918,5,8,1,2
90,Guatemala,1986,0,military,-4.850846306457668,10.647,5,8,1,3
90,Guatemala,1987,0,military,-3.9326048024560523,10.514,5,8,1,4
90,Guatemala,1988,1,military,-2.5225091152615398,10.48,5,9,1,0
90,Guatemala,1989,1,military,-0.6156221172129439,10.558,5,10,1,0
90,Guatemala,1990,0,military,0.9475356507924637,10.675,5,10,1,1
90,Guatemala,1991,0,military,2.1050449465729315,10.836,5,10,1,2
90,Guatemala,1992,0,military,3.095091509486747,11.052,5,10,1,3
90,Guatemala,1993,0,military,3.645421622515932,11.276,5,10,1,4
90,Guatemala,1994,0,other,3.754654904371102,11.479,5,10,1,5
90,Guatemala,1995,0,other,3.9056677431948073,11.711,5,10,1,6
90,Guatemala,1996,0,presidential,3.4326537724342243,11.872,5,10,1,7
90,Guatemala,1997,0,presidential,3.3724214670889374,12.077,0,10,1,8
90,Guatemala,1998,0,presidential,3.660792358915721,12.329,0,10,1,9
90,Guatemala,1999,0,presidential,3.4753437334743564,12.523,0,10,1,10
90,Guatemala,2000,0,presidential,3.2051907503171106,12.693,0,10,1,11
90,Guatemala,2001,0,presidential,2.5152194809356043,12.798,0,10,1,12
90,Guatemala,2002,0,presidential,2.3019923214257387,12.95,0,10,1,13
90,Guatemala,2003,0,presidential,1.9867859987816816,13.059,0,10,1,14
90,Guatemala,2004,0,presidential,1.9723621974217176,13.194,0,10,1,15
90,Guatemala,2005,0,presidential,2.4874633072407004,13.407,0,10,1,16
90,Guatemala,2006,0,presidential,3.4163035776206385,13.719,0,10,1,17
90,Guatemala,2007,0,presidential,4.342089658444026,14.077,0,10,1,18
90,Guatemala,2008,0,presidential,4.339414040906586,14.345,0,10,1,19
90,Guatemala,2009,0,presidential,3.256910220698539,14.457,0,10,1,20
90,Guatemala,2010,0,presidential,2.519804483397947,14.598,0,10,1,21
90,Guatemala,2011,0,presidential,2.3893854284844585,14.801,0,10,1,22
90,Guatemala,2012,0,presidential,2.5227760097250584,15.012,0,10,1,23
90,Guatemala,2013,0,presidential,2.6030485911404444,15.199,0,10,1,24
90,Guatemala,2014,0,presidential,2.6900569204313607,15.407,0,10,1,25
90,Guatemala,2015,0,presidential,1.8727184069373681,15.46,0,10,1,26
90,Guatemala,2016,0,presidential,1.6877306934825365,15.593,0,10,1,27
90,Guatemala,2017,0,presidential,1.9072091731983543,15.784,0,10,1,28
90,Guatemala,2018,0,presidential,1.6180028417454917,15.877,0,10,1,29
90,Guatemala,2019,0,presidential,1.2538307964241602,15.925,0,10,1,30
90,Guatemala,2020,0,presidential,NA,NA,0,10,1,31
91,Honduras,1950,0,dominant-party,3.1996882577069563,4.767,0,0,0,0
91,Honduras,1951,0,dominant-party,2.6077338665078553,4.824,0,0,0,1
91,Honduras,1952,0,dominant-party,2.7653056942637866,4.898,0,0,0,2
91,Honduras,1953,0,dominant-party,2.585885375657848,4.951,0,0,0,3
91,Honduras,1954,0,dominant-party,0.04937662017037159,4.863,0,0,0,4
91,Honduras,1955,0,personal,-0.6069802731411111,4.847,0,0,0,5
91,Honduras,1956,2,personal,-0.04499713654586568,4.887,0,1,1,0
91,Honduras,1957,0,other,0.6047728015691423,4.924,1,1,1,1
91,Honduras,1958,0,presidential,1.2541874336138514,4.957,0,1,1,2
91,Honduras,1959,1,presidential,1.4993295680793217,4.996,0,2,1,0
91,Honduras,1960,0,presidential,3.371462974111994,5.151,0,2,1,1
91,Honduras,1961,0,presidential,3.5315543590149545,5.23,0,2,1,2
91,Honduras,1962,0,presidential,3.764760902607267,5.325,0,2,1,3
91,Honduras,1963,2,presidential,3.6225779275484316,5.412,0,3,1,0
91,Honduras,1964,0,dominant-party,3.7452621308214917,5.529,0,3,1,1
91,Honduras,1965,0,dominant-party,4.64945192378432,5.69,0,3,1,2
91,Honduras,1966,0,dominant-party,4.6670747956354175,5.813,0,3,1,3
91,Honduras,1967,0,dominant-party,4.497074786776611,5.93,0,3,1,4
91,Honduras,1968,0,dominant-party,3.8712348618155534,6.021,0,3,1,5
91,Honduras,1969,0,dominant-party,1.691461177909126,5.988,2,3,1,6
91,Honduras,1970,0,dominant-party,0.9274505191706695,6.007,1,3,1,7
91,Honduras,1971,0,dominant-party,0.74029611844737,6.042,1,3,1,8
91,Honduras,1972,2,presidential,1.9786910197869156,6.164,1,4,1,0
91,Honduras,1973,0,military,4.248430141287285,6.375,1,4,1,1
91,Honduras,1974,0,military,5.89838115082546,6.607,1,4,1,2
91,Honduras,1975,2,military,6.462096118992555,6.814,1,5,1,0
91,Honduras,1976,0,military,8.62354892205639,7.205,1,5,1,1
91,Honduras,1977,1,military,9.924877203120497,7.609,1,6,1,0
91,Honduras,1978,2,military,9.182515294964432,7.888,1,7,1,0
91,Honduras,1979,0,military,6.285348415323866,7.968,1,7,1,1
91,Honduras,1980,0,military,2.3184046056896834,7.891,1,7,1,2
91,Honduras,1981,0,military,-0.40863235857488966,7.799,2,7,1,3
91,Honduras,1982,0,presidential,-2.5470229436235114,7.637,2,7,1,4
91,Honduras,1983,0,presidential,-3.17178119605267,7.516,2,7,1,5
91,Honduras,1984,0,presidential,-1.779433603418179,7.54,2,7,1,6
91,Honduras,1985,0,presidential,-0.4938531049700545,7.576,2,7,1,7
91,Honduras,1986,0,presidential,0.3459293881538983,7.6,2,7,1,8
91,Honduras,1987,0,presidential,1.129376995540543,7.665,1,7,1,9
91,Honduras,1988,0,presidential,1.0479041916167775,7.695,1,7,1,10
91,Honduras,1989,0,presidential,0.6277792309704378,7.694,1,7,1,11
91,Honduras,1990,0,presidential,-0.16187144274451004,7.648,1,7,1,12
91,Honduras,1991,0,presidential,-0.5374941293116886,7.624,0,7,1,13
91,Honduras,1992,0,presidential,0.7266381914782905,7.735,0,7,1,14
91,Honduras,1993,0,presidential,2.060920285158785,7.874,0,7,1,15
91,Honduras,1994,0,presidential,1.586892013933694,7.874,0,7,1,16
91,Honduras,1995,0,presidential,1.9883310302472035,7.971,0,7,1,17
91,Honduras,1996,0,presidential,1.2322827657902158,7.985,0,7,1,18
91,Honduras,1997,0,presidential,1.0770818129199444,8.033,0,7,1,19
91,Honduras,1998,0,presidential,0.9343219277591297,8.059,0,7,1,20
91,Honduras,1999,1,presidential,0.019969047975632037,8.014,0,8,1,0
91,Honduras,2000,0,presidential,1.2153295556218247,8.145,0,8,1,1
91,Honduras,2001,0,presidential,1.5541993032047952,8.22,0,8,1,2
91,Honduras,2002,0,presidential,2.3000343288705816,8.344,0,8,1,3
91,Honduras,2003,0,presidential,3.2613967022308454,8.517,0,8,1,4
91,Honduras,2004,0,presidential,4.094180448977647,8.736,0,8,1,5
91,Honduras,2005,0,presidential,5.347306507328908,9.027,0,8,1,6
91,Honduras,2006,0,presidential,5.90953584192675,9.305,0,8,1,7
91,Honduras,2007,0,presidential,5.863589039275197,9.558,0,8,1,8
91,Honduras,2008,0,presidential,4.214393775664593,9.644,0,8,1,9
91,Honduras,2009,2,presidential,1.9048831190870308,9.608,0,9,1,0
91,Honduras,2010,0,presidential,1.4909455898958646,9.707,0,9,1,1
91,Honduras,2011,0,presidential,2.0477745175021766,9.877,0,9,1,2
91,Honduras,2012,0,presidential,2.4323328283035073,10.006,0,9,1,3
91,Honduras,2013,0,presidential,2.1396236373601996,10.063,0,9,1,4
91,Honduras,2014,0,presidential,1.765556582171679,10.133,0,9,1,5
91,Honduras,2015,0,presidential,1.3229881627374818,10.186,0,9,1,6
91,Honduras,2016,0,presidential,2.1043505674653407,10.364,0,9,1,7
91,Honduras,2017,0,presidential,3.5841457007763644,10.647,0,9,1,8
91,Honduras,2018,0,presidential,3.48830515954488,10.787,0,9,1,9
91,Honduras,2019,0,presidential,2.2735884804850226,10.796,0,9,1,10
91,Honduras,2020,0,presidential,NA,NA,0,9,1,11
92,El Salvador,1950,0,military,1.757234266068175,4.262,0,0,0,0
92,El Salvador,1951,0,dominant-party,-1.503127625805245,4.22,0,0,0,1
92,El Salvador,1952,0,dominant-party,-0.8522858863310057,4.281,0,0,0,2
92,El Salvador,1953,0,dominant-party,1.4506230239910822,4.364,0,0,0,3
92,El Salvador,1954,0,dominant-party,2.4004085801838437,4.411,0,0,0,4
92,El Salvador,1955,0,dominant-party,2.941852447713167,4.479,0,0,0,5
92,El Salvador,1956,0,dominant-party,3.567552902875759,4.581,0,0,0,6
92,El Salvador,1957,0,dominant-party,3.349346143581533,4.647,0,0,0,7
92,El Salvador,1958,0,dominant-party,2.57085197859086,4.676,0,0,0,8
92,El Salvador,1959,0,dominant-party,1.9272412299696784,4.707,0,0,0,9
92,El Salvador,1960,2,dominant-party,1.852644189628605,4.761,0,1,1,0
92,El Salvador,1961,2,military,3.0126336248785135,4.876,0,2,1,0
92,El Salvador,1962,0,military,5.705045814503085,5.099,0,2,1,1
92,El Salvador,1963,0,dominant-party,7.132754091735705,5.302,0,2,1,2
92,El Salvador,1964,0,dominant-party,9.075656482890482,5.591,0,2,1,3
92,El Salvador,1965,0,dominant-party,11.135957066189617,5.964,0,2,1,4
92,El Salvador,1966,0,dominant-party,10.474399460667772,6.227,0,2,1,5
92,El Salvador,1967,0,dominant-party,8.506885557289202,6.398,0,2,1,6
92,El Salvador,1968,0,dominant-party,5.803716987283991,6.49,0,2,1,7
92,El Salvador,1969,0,dominant-party,3.468994086582544,6.544,2,2,1,8
92,El Salvador,1970,0,dominant-party,2.5434493014034,6.62,0,2,1,9
92,El Salvador,1971,0,dominant-party,2.647794521383684,6.73,0,2,1,10
92,El Salvador,1972,1,dominant-party,3.8557400678658427,6.917,0,3,1,0
92,El Salvador,1973,0,dominant-party,5.081749889527187,7.134,0,3,1,1
92,El Salvador,1974,0,dominant-party,5.854430379746844,7.359,0,3,1,2
92,El Salvador,1975,0,dominant-party,6.213266162888331,7.59,0,3,1,3
92,El Salvador,1976,0,dominant-party,6.662326388888884,7.864,0,3,1,4
92,El Salvador,1977,0,dominant-party,6.788340336134446,8.133,0,3,1,5
92,El Salvador,1978,0,dominant-party,4.806783643654389,8.207,0,3,1,6
92,El Salvador,1979,2,dominant-party,-0.01509775798294033,7.947,6,4,1,0
92,El Salvador,1980,0,military,-5.619196608800969,7.481,6,4,1,1
92,El Salvador,1981,0,military,-8.949306145567826,7.073,6,4,1,2
92,El Salvador,1982,0,military,-8.90569655649951,6.841,6,4,1,3
92,El Salvador,1983,0,military,-6.342611826616817,6.763,6,4,1,4
92,El Salvador,1984,0,military,-2.7289110100403358,6.801,6,4,1,5
92,El Salvador,1985,0,military,-0.4838803707806205,6.828,6,4,1,6
92,El Salvador,1986,0,military,0.4782583181738298,6.849,6,4,1,7
92,El Salvador,1987,0,military,0.8293769415626429,6.881,6,4,1,8
92,El Salvador,1988,0,military,1.0877172518371614,6.933,6,4,1,9
92,El Salvador,1989,0,military,1.8451467137850175,7.032,6,4,1,10
92,El Salvador,1990,0,presidential,3.348514794763835,7.216,6,4,1,11
92,El Salvador,1991,0,presidential,5.227618029373704,7.48,6,4,1,12
92,El Salvador,1992,0,presidential,7.899201050673077,7.887,6,4,1,13
92,El Salvador,1993,0,presidential,10.123749341758813,8.365,0,4,1,14
92,El Salvador,1994,0,presidential,11.225566554444487,8.854,0,4,1,15
92,El Salvador,1995,0,presidential,10.792604271176742,9.276,0,4,1,16
92,El Salvador,1996,0,presidential,8.503564027236909,9.529,0,4,1,17
92,El Salvador,1997,0,presidential,6.905130835206585,9.797,0,4,1,18
92,El Salvador,1998,0,presidential,6.099484698706492,10.089,0,4,1,19
92,El Salvador,1999,0,presidential,5.628491050678841,10.363,0,4,1,20
92,El Salvador,2000,0,presidential,5.087067887139374,10.585,0,4,1,21
92,El Salvador,2001,0,presidential,4.69708997270033,10.815,0,4,1,22
92,El Salvador,2002,0,presidential,4.543049361251805,11.064,0,4,1,23
92,El Salvador,2003,0,presidential,4.457210410624901,11.31,0,4,1,24
92,El Salvador,2004,0,presidential,4.777984434532945,11.605,0,4,1,25
92,El Salvador,2005,0,presidential,5.450445689321071,11.972,0,4,1,26
92,El Salvador,2006,0,presidential,6.253534643793612,12.4,0,4,1,27
92,El Salvador,2007,0,presidential,6.354993923047458,12.776,0,4,1,28
92,El Salvador,2008,0,presidential,5.488031850329356,13.036,0,4,1,29
92,El Salvador,2009,0,presidential,3.363788688312086,13.078,0,4,1,30
92,El Salvador,2010,0,presidential,3.178287376597644,13.336,0,4,1,31
92,El Salvador,2011,0,presidential,3.5495771782531493,13.641,0,4,1,32
92,El Salvador,2012,0,presidential,3.8635447911536946,13.92,0,4,1,33
92,El Salvador,2013,0,presidential,3.6554023292358684,14.116,0,4,1,34
92,El Salvador,2014,0,presidential,2.7139060604309817,14.223,0,4,1,35
92,El Salvador,2015,0,presidential,1.6816303263502919,14.27,0,4,1,36
92,El Salvador,2016,0,presidential,1.133188450791689,14.333,0,4,1,37
92,El Salvador,2017,0,presidential,0.2892080472841174,14.287,0,4,1,38
92,El Salvador,2018,0,presidential,-0.6467815253381248,14.163,0,4,1,39
92,El Salvador,2019,0,presidential,-2.5982273907643627,13.803,0,4,1,40
92,El Salvador,2020,0,presidential,NA,NA,0,4,1,41
93,Nicaragua,1950,0,personal,3.85975823065261,5.344,0,0,0,0
93,Nicaragua,1951,0,personal,6.76894963261887,5.609,0,0,0,1
93,Nicaragua,1952,0,personal,9.711170055997641,5.956,0,0,0,2
93,Nicaragua,1953,0,personal,9.646633080252599,6.181,0,0,0,3
93,Nicaragua,1954,0,personal,8.48480737927293,6.398,0,0,0,4
93,Nicaragua,1955,0,personal,7.146343844576775,6.585,0,0,0,5
93,Nicaragua,1956,0,personal,4.857484427106273,6.666,0,0,0,6
93,Nicaragua,1957,0,personal,4.513718765311103,6.826,1,0,0,7
93,Nicaragua,1958,0,personal,3.2519106848493795,6.89,0,0,0,8
93,Nicaragua,1959,0,personal,2.561457289394564,6.959,0,0,0,9
93,Nicaragua,1960,0,personal,3.2245893074824616,7.113,0,0,0,10
93,Nicaragua,1961,0,personal,5.160703628974961,7.401,0,0,0,11
93,Nicaragua,1962,0,personal,8.256677992320661,7.838,0,0,0,12
93,Nicaragua,1963,0,personal,10.99166533949143,8.363,0,0,0,13
93,Nicaragua,1964,0,personal,12.331187681433796,8.9,0,0,0,14
93,Nicaragua,1965,0,personal,11.703144413648081,9.35,0,0,0,15
93,Nicaragua,1966,0,personal,8.929098463005424,9.596,0,0,0,16
93,Nicaragua,1967,0,personal,6.92807051824833,9.85,0,0,0,17
93,Nicaragua,1968,0,personal,4.565290365894592,9.968,0,0,0,18
93,Nicaragua,1969,0,personal,3.185652280730489,10.08,0,0,0,19
93,Nicaragua,1970,0,personal,2.0033860045146845,10.122,0,0,0,20
93,Nicaragua,1971,0,personal,1.6245595174102512,10.209,0,0,0,21
93,Nicaragua,1972,0,personal,1.8949402531845294,10.335,0,0,0,22
93,Nicaragua,1973,0,personal,3.7922987164527244,10.674,0,0,0,23
93,Nicaragua,1974,0,personal,6.52554633366329,11.192,0,0,0,24
93,Nicaragua,1975,0,personal,5.30479292694277,11.315,0,0,0,25
93,Nicaragua,1976,0,personal,4.3568389278830555,11.478,0,0,0,26
93,Nicaragua,1977,0,personal,1.6643773302174703,11.398,0,0,0,27
93,Nicaragua,1978,0,personal,-7.256182921138576,10.335,3,0,0,28
93,Nicaragua,1979,0,personal,-17.308665579486025,8.823,3,0,0,29
93,Nicaragua,1980,0,dominant-party,-15.824149733889959,8.509,0,0,0,30
93,Nicaragua,1981,0,dominant-party,-11.098015280028628,8.448,4,0,0,31
93,Nicaragua,1982,0,dominant-party,-6.197278146440222,8.34,4,0,0,32
93,Nicaragua,1983,0,dominant-party,-1.7236913368026907,8.347,4,0,0,33
93,Nicaragua,1984,0,dominant-party,-2.084279465544858,8.193,4,0,0,34
93,Nicaragua,1985,0,dominant-party,-4.142313195741276,7.905,4,0,0,35
93,Nicaragua,1986,0,dominant-party,-6.207409242968643,7.57,4,0,0,36
93,Nicaragua,1987,0,dominant-party,-8.490060479240569,7.172,3,0,0,37
93,Nicaragua,1988,0,dominant-party,-13.53786741042694,6.448,3,0,0,38
93,Nicaragua,1989,0,dominant-party,-15.002567467336114,5.959,3,0,0,39
93,Nicaragua,1990,0,dominant-party,-13.66753009294529,5.666,3,0,0,40
93,Nicaragua,1991,0,presidential,-10.220994475138113,5.525,0,0,0,41
93,Nicaragua,1992,0,presidential,-6.4976228209191795,5.428,0,0,0,42
93,Nicaragua,1993,0,presidential,-3.7698057870453106,5.381,0,0,0,43
93,Nicaragua,1994,0,presidential,0.029088793542286773,5.502,0,0,0,44
93,Nicaragua,1995,0,presidential,3.2703488372092915,5.684,0,0,0,45
93,Nicaragua,1996,0,presidential,5.485005022241363,5.881,0,0,0,46
93,Nicaragua,1997,0,presidential,6.2030734685285305,6.054,0,0,0,47
93,Nicaragua,1998,0,presidential,6.3170441001191735,6.244,0,0,0,48
93,Nicaragua,1999,0,presidential,6.843943587715828,6.485,0,0,0,49
93,Nicaragua,2000,0,presidential,6.295693260543378,6.659,0,0,0,50
93,Nicaragua,2001,0,presidential,5.232125124131093,6.782,0,0,0,51
93,Nicaragua,2002,0,presidential,3.7130137193736923,6.849,0,0,0,52
93,Nicaragua,2003,0,presidential,3.0981322265045907,6.955,0,0,0,53
93,Nicaragua,2004,0,presidential,3.9740682597825483,7.153,0,0,0,54
93,Nicaragua,2005,0,presidential,4.958842462046764,7.37,0,0,0,55
93,Nicaragua,2006,0,presidential,5.594386121244188,7.584,0,0,0,56
93,Nicaragua,2007,0,presidential,6.04581808323168,7.823,0,0,0,57
93,Nicaragua,2008,0,presidential,5.42621351543755,7.997,0,0,0,58
93,Nicaragua,2009,0,presidential,3.713814772844337,8.054,0,0,0,59
93,Nicaragua,2010,0,presidential,3.8334634662368083,8.245,0,0,0,60
93,Nicaragua,2011,0,presidential,5.136337931204049,8.552,0,0,0,61
93,Nicaragua,2012,0,presidential,6.214635081998665,8.86,0,0,0,62
93,Nicaragua,2013,0,presidential,6.630259749352385,9.138,0,0,0,63
93,Nicaragua,2014,0,presidential,6.302330844082382,9.395,0,0,0,64
93,Nicaragua,2015,0,presidential,5.25159788266818,9.584,0,0,0,65
93,Nicaragua,2016,0,presidential,4.617095442783525,9.784,0,0,0,66
93,Nicaragua,2017,0,presidential,3.6372382924431568,9.91,0,0,0,67
93,Nicaragua,2018,0,presidential,0.27906976744185297,9.702,0,0,0,68
93,Nicaragua,2019,0,presidential,-2.852418354692021,9.4,0,0,0,69
93,Nicaragua,2020,0,presidential,NA,NA,0,0,0,70
93,Nicaragua,2021,0,dominant-party,NA,NA,0,0,0,71
94,Costa Rica,1950,0,presidential,3.5693056695632386,7.318,0,0,0,0
94,Costa Rica,1951,0,presidential,2.349919920472754,7.413,0,0,0,1
94,Costa Rica,1952,0,presidential,4.885755955274673,7.767,0,0,0,2
94,Costa Rica,1953,0,presidential,7.910169090383157,8.207,0,0,0,3
94,Costa Rica,1954,0,presidential,7.463373475492818,8.406,0,0,0,4
94,Costa Rica,1955,0,presidential,6.493056415080312,8.604,1,0,0,5
94,Costa Rica,1956,0,presidential,3.6339165545087537,8.624,0,0,0,6
94,Costa Rica,1957,0,presidential,3.5496719775070407,8.839,0,0,0,7
94,Costa Rica,1958,0,presidential,5.310160060452018,9.198,0,0,0,8
94,Costa Rica,1959,0,presidential,5.880775162609786,9.474,0,0,0,9
94,Costa Rica,1960,0,presidential,7.722871162447342,9.923,0,0,0,10
94,Costa Rica,1961,0,presidential,6.455004205214454,10.126,0,0,0,11
94,Costa Rica,1962,0,presidential,5.483555446876154,10.353,0,0,0,12
94,Costa Rica,1963,0,presidential,5.438138209451426,10.656,0,0,0,13
94,Costa Rica,1964,0,presidential,5.16598069007963,10.936,0,0,0,14
94,Costa Rica,1965,0,presidential,6.474725932577541,11.383,0,0,0,15
94,Costa Rica,1966,0,presidential,7.159047636317473,11.819,0,0,0,16
94,Costa Rica,1967,0,presidential,7.373255732417094,12.25,0,0,0,17
94,Costa Rica,1968,0,presidential,7.739011314245126,12.741,0,0,0,18
94,Costa Rica,1969,0,presidential,7.465750077377953,13.194,0,0,0,19
94,Costa Rica,1970,0,presidential,7.719463403153681,13.731,0,0,0,20
94,Costa Rica,1971,0,presidential,7.766696887277114,14.264,0,0,0,21
94,Costa Rica,1972,0,presidential,8.237687055063203,14.9,0,0,0,22
94,Costa Rica,1973,0,presidential,8.43735165172712,15.533,0,0,0,23
94,Costa Rica,1974,0,presidential,7.423134809718324,15.988,0,0,0,24
94,Costa Rica,1975,0,presidential,6.457763193732902,16.416,0,0,0,25
94,Costa Rica,1976,0,presidential,6.659071560919427,17.039,0,0,0,26
94,Costa Rica,1977,0,presidential,7.7370746902996945,17.846,0,0,0,27
94,Costa Rica,1978,0,presidential,6.993505279880385,18.319,0,0,0,28
94,Costa Rica,1979,0,presidential,5.001872297933674,18.507,0,0,0,29
94,Costa Rica,1980,0,presidential,1.7294619451726057,18.317,0,0,0,30
94,Costa Rica,1981,0,presidential,-2.6801575654591847,17.64,0,0,0,31
94,Costa Rica,1982,0,presidential,-5.404050531381587,16.983,0,0,0,32
94,Costa Rica,1983,0,presidential,-4.148565481039002,16.945,0,0,0,33
94,Costa Rica,1984,0,presidential,-1.0340751282551741,17.246,0,0,0,34
94,Costa Rica,1985,0,presidential,0.8792789448652805,17.393,0,0,0,35
94,Costa Rica,1986,0,presidential,2.5470101323935124,17.691,0,0,0,36
94,Costa Rica,1987,0,presidential,2.4344612276754996,17.849,0,0,0,37
94,Costa Rica,1988,0,presidential,2.349221459169093,18.063,0,0,0,38
94,Costa Rica,1989,0,presidential,3.081602075273371,18.438,0,0,0,39
94,Costa Rica,1990,0,presidential,3.904815315761123,18.898,0,0,0,40
94,Costa Rica,1991,0,presidential,4.248835676388274,19.295,0,0,0,41
94,Costa Rica,1992,0,presidential,6.23121935789972,20.151,0,0,0,42
94,Costa Rica,1993,0,presidential,6.88320465297263,20.876,0,0,0,43
94,Costa Rica,1994,0,presidential,6.266339300802182,21.381,0,0,0,44
94,Costa Rica,1995,0,presidential,4.982739781660661,21.714,0,0,0,45
94,Costa Rica,1996,0,presidential,2.9321526682966725,21.807,0,0,0,46
94,Costa Rica,1997,0,presidential,3.221300176699704,22.315,0,0,0,47
94,Costa Rica,1998,0,presidential,4.328851144137769,22.997,0,0,0,48
94,Costa Rica,1999,0,presidential,4.300299337181945,23.415,0,0,0,49
94,Costa Rica,2000,0,presidential,4.053321204275484,23.792,0,0,0,50
94,Costa Rica,2001,0,presidential,3.3755455145627833,24.114,0,0,0,51
94,Costa Rica,2002,0,presidential,3.005303476723631,24.472,0,0,0,52
94,Costa Rica,2003,0,presidential,3.1904493637327613,24.911,0,0,0,53
94,Costa Rica,2004,0,presidential,3.749531614017343,25.473,0,0,0,54
94,Costa Rica,2005,0,presidential,4.528126972963897,26.159,0,0,0,55
94,Costa Rica,2006,0,presidential,6.157840973776341,27.228,0,0,0,56
94,Costa Rica,2007,0,presidential,7.5167551702749025,28.427,0,0,0,57
94,Costa Rica,2008,0,presidential,7.335265785351441,29.327,0,0,0,58
94,Costa Rica,2009,0,presidential,5.704007492762675,29.795,0,0,0,59
94,Costa Rica,2010,0,presidential,5.202872827836713,30.585,0,0,0,60
94,Costa Rica,2011,0,presidential,4.966426794360768,31.39,0,0,0,61
94,Costa Rica,2012,0,presidential,4.847025347847644,32.131,0,0,0,62
94,Costa Rica,2013,0,presidential,4.3498808907963316,32.678,0,0,0,63
94,Costa Rica,2014,0,presidential,3.9460448959446115,33.275,0,0,0,64
94,Costa Rica,2015,0,presidential,3.426835170085951,33.767,0,0,0,65
94,Costa Rica,2016,0,presidential,4.492878826056179,34.835,0,0,0,66
94,Costa Rica,2017,0,presidential,5.826693227091617,36.125,0,0,0,67
94,Costa Rica,2018,0,presidential,5.7108245095742305,36.999,0,0,0,68
94,Costa Rica,2019,0,presidential,4.885474050449412,37.622,0,0,0,69
94,Costa Rica,2020,0,presidential,NA,NA,0,0,0,70
95,Panama,1950,0,personal,-6.857104176538287,5.504,0,0,0,0
95,Panama,1951,2,personal,-5.7184853363197234,5.388,0,1,1,0
95,Panama,1952,0,other,-2.9229056698624745,5.407,0,1,1,1
95,Panama,1953,0,dominant-party,0.17456449794523987,5.509,0,1,1,2
95,Panama,1954,0,dominant-party,2.884405273508639,5.65,0,1,1,3
95,Panama,1955,0,dominant-party,4.346885813148793,5.79,0,1,1,4
95,Panama,1956,0,dominant-party,5.42200571852165,5.973,0,1,1,5
95,Panama,1957,0,dominant-party,6.6783348776553675,6.217,0,1,1,6
95,Panama,1958,0,dominant-party,6.677985285795129,6.409,0,1,1,7
95,Panama,1959,0,dominant-party,7.5910670613978715,6.687,0,1,1,8
95,Panama,1960,0,dominant-party,7.908202822142973,6.959,0,1,1,9
95,Panama,1961,0,presidential,9.62852897473998,7.378,0,1,1,10
95,Panama,1962,0,presidential,10.702730317307152,7.801,0,1,1,11
95,Panama,1963,0,presidential,10.904133257741421,8.216,0,1,1,12
95,Panama,1964,0,presidential,9.905927106358913,8.552,0,1,1,13
95,Panama,1965,0,presidential,9.831460674157299,8.993,0,1,1,14
95,Panama,1966,0,presidential,9.771411296886278,9.441,0,1,1,15
95,Panama,1967,0,presidential,10.105664222581566,9.941,0,1,1,16
95,Panama,1968,2,presidential,10.269129287598954,10.448,0,2,1,0
95,Panama,1969,1,military,10.257800265028315,10.983,0,3,1,0
95,Panama,1970,0,military,10.079296837680317,11.522,0,3,1,1
95,Panama,1971,0,military,9.948167682095121,12.091,0,3,1,2
95,Panama,1972,0,military,8.39476978717486,12.468,0,3,1,3
95,Panama,1973,0,military,6.534352166134405,12.743,0,3,1,4
95,Panama,1974,0,military,4.3435980551053355,12.876,0,3,1,5
95,Panama,1975,0,military,2.4623282787469725,12.933,0,3,1,6
95,Panama,1976,0,military,1.555666625015606,13.004,0,3,1,7
95,Panama,1977,0,military,1.5518733770248705,13.14,0,3,1,8
95,Panama,1978,0,military,4.191744503192196,13.676,0,3,1,9
95,Panama,1979,0,military,6.367896370582615,14.255,0,3,1,10
95,Panama,1980,0,military,9.77528252053055,15.212,0,3,1,11
95,Panama,1981,0,military,10.773018353826359,16.018,0,3,1,12
95,Panama,1982,0,military,8.94080008460909,16.481,0,3,1,13
95,Panama,1983,0,military,5.518137023974745,16.575,0,3,1,14
95,Panama,1984,0,military,3.0846360919710714,16.696,0,3,1,15
95,Panama,1985,0,military,2.069215876089059,16.87,0,3,1,16
95,Panama,1986,0,military,1.8954513946984664,17.052,0,3,1,17
95,Panama,1987,0,military,0.3746877601998211,16.877,0,3,1,18
95,Panama,1988,1,military,-3.707203866306208,16.099,0,4,1,0
95,Panama,1989,1,military,-2.86894624640176,16.129,1,5,1,0
95,Panama,1990,0,presidential,1.9146990155727295,16.937,0,5,1,1
95,Panama,1991,0,presidential,6.958364082176782,17.972,0,5,1,2
95,Panama,1992,0,presidential,10.085722250615614,18.955,0,5,1,3
95,Panama,1993,0,presidential,9.745082296266538,19.683,0,5,1,4
95,Panama,1994,0,presidential,7.158499716907563,20.062,0,5,1,5
95,Panama,1995,0,presidential,4.595993976524948,20.282,0,5,1,6
95,Panama,1996,0,presidential,4.1716782936412455,20.786,0,5,1,7
95,Panama,1997,0,presidential,5.324334091952454,21.566,0,5,1,8
95,Panama,1998,0,presidential,6.80493348168012,22.463,0,5,1,9
95,Panama,1999,0,presidential,6.4514637191879,23.018,0,5,1,10
95,Panama,2000,0,presidential,5.0532393251555785,23.363,0,5,1,11
95,Panama,2001,0,presidential,3.478825304375288,23.594,0,5,1,12
95,Panama,2002,0,presidential,3.2022664835164916,24.042,0,5,1,13
95,Panama,2003,0,presidential,4.611748477609923,24.875,0,5,1,14
95,Panama,2004,0,presidential,6.580383595820982,25.973,0,5,1,15
95,Panama,2005,0,presidential,9.627321806549816,27.657,0,5,1,16
95,Panama,2006,0,presidential,11.514361698097474,29.436,0,5,1,17
95,Panama,2007,0,presidential,12.25860681648372,31.251,0,5,1,18
95,Panama,2008,0,presidential,12.311271484189534,33.117,0,5,1,19
95,Panama,2009,0,presidential,10.587096195031886,34.493,0,5,1,20
95,Panama,2010,0,presidential,10.143791326332163,36.247,0,5,1,21
95,Panama,2011,0,presidential,11.850081302681549,38.933,0,5,1,22
95,Panama,2012,0,presidential,13.060397155740544,41.722,0,5,1,23
95,Panama,2013,0,presidential,13.1131872962005,44.263,0,5,1,24
95,Panama,2014,0,presidential,10.924954010612552,45.948,0,5,1,25
95,Panama,2015,0,presidential,8.713972309115636,47.473,0,5,1,26
95,Panama,2016,0,presidential,7.493688167008705,49.133,0,5,1,27
95,Panama,2017,0,presidential,7.879889511111848,51.397,0,5,1,28
95,Panama,2018,0,presidential,6.990447860393667,52.8,0,5,1,29
95,Panama,2019,0,presidential,5.242257320012422,53.534,0,5,1,30
95,Panama,2020,0,presidential,NA,NA,0,5,1,31
100,Colombia,1950,0,dominant-party,4.247156042069111,7.771,5,0,0,0
100,Colombia,1951,0,dominant-party,3.1766937098303583,7.834,5,0,0,1
100,Colombia,1952,0,dominant-party,3.5325454498435382,8.007,5,0,0,2
100,Colombia,1953,2,dominant-party,3.960019280042615,8.196,5,1,1,0
100,Colombia,1954,0,military,4.6141607000795615,8.416,5,1,1,1
100,Colombia,1955,0,military,3.84521484375,8.507,5,1,1,2
100,Colombia,1956,0,military,2.5770227469047002,8.55,5,1,1,3
100,Colombia,1957,2,military,0.8890469416785063,8.511,5,2,1,0
100,Colombia,1958,1,military,0.07531538316700725,8.504,5,3,1,0
100,Colombia,1959,0,presidential,1.6554820305375584,8.695,5,3,1,1
100,Colombia,1960,0,presidential,4.406262990162135,9.042,5,3,1,2
100,Colombia,1961,1,presidential,5.333091057760009,9.275,0,4,1,0
100,Colombia,1962,0,presidential,5.140862295154869,9.457,0,4,1,1
100,Colombia,1963,0,presidential,3.8733924226624916,9.563,0,4,1,2
100,Colombia,1964,0,presidential,3.354863383334039,9.729,0,4,1,3
100,Colombia,1965,0,presidential,2.691632533645416,9.828,0,4,1,4
100,Colombia,1966,0,presidential,2.5939508818196844,9.959,0,4,1,5
100,Colombia,1967,0,presidential,3.0251315495418707,10.142,0,4,1,6
100,Colombia,1968,0,presidential,4.013979031452841,10.417,0,4,1,7
100,Colombia,1969,0,presidential,5.356339378289032,10.771,0,4,1,8
100,Colombia,1970,0,presidential,6.621570121951215,11.191,0,4,1,9
100,Colombia,1971,0,presidential,7.53710403898693,11.651,0,4,1,10
100,Colombia,1972,0,presidential,8.371580033443603,12.184,0,4,1,11
100,Colombia,1973,0,presidential,8.880196768353077,12.749,0,4,1,12
100,Colombia,1974,0,presidential,8.773625077794867,13.283,0,4,1,13
100,Colombia,1975,0,presidential,7.717117684078034,13.693,4,4,1,14
100,Colombia,1976,0,presidential,7.392448720275913,14.199,4,4,1,15
100,Colombia,1977,0,presidential,7.059577941005002,14.692,4,4,1,16
100,Colombia,1978,0,presidential,7.51570162004187,15.304,4,4,1,17
100,Colombia,1979,0,presidential,6.8619860641375485,15.735,4,4,1,18
100,Colombia,1980,0,presidential,5.588754047437283,16.044,4,4,1,19
100,Colombia,1981,0,presidential,3.9556353378638276,16.215,4,4,1,20
100,Colombia,1982,0,presidential,2.1795967620292567,16.258,4,4,1,21
100,Colombia,1983,0,presidential,0.9688237486026541,16.258,4,4,1,22
100,Colombia,1984,0,presidential,0.8294612815361591,16.362,4,4,1,23
100,Colombia,1985,0,presidential,1.1653840498014878,16.511,4,4,1,24
100,Colombia,1986,0,presidential,2.116318409171125,16.782,4,4,1,25
100,Colombia,1987,0,presidential,2.5650302087478982,17.01,4,4,1,26
100,Colombia,1988,0,presidential,2.649993443560983,17.222,4,4,1,27
100,Colombia,1989,0,presidential,2.7614038803195573,17.468,4,4,1,28
100,Colombia,1990,0,presidential,2.924634420697414,17.751,4,4,1,29
100,Colombia,1991,0,presidential,2.8330264316676734,17.982,4,4,1,30
100,Colombia,1992,0,presidential,3.590165041767035,18.403,4,4,1,31
100,Colombia,1993,0,presidential,5.095962938451359,19.056,4,4,1,32
100,Colombia,1994,0,presidential,6.2236377722303615,19.744,4,4,1,33
100,Colombia,1995,0,presidential,6.076641762110846,20.246,4,4,1,34
100,Colombia,1996,0,presidential,4.226071848331547,20.396,4,4,1,35
100,Colombia,1997,0,presidential,2.5594845010106004,20.5,4,4,1,36
100,Colombia,1998,0,presidential,-0.09299196707688306,20.198,4,4,1,37
100,Colombia,1999,0,presidential,-2.5457280861509113,19.692,4,4,1,38
100,Colombia,2000,0,presidential,-2.1004429844208916,19.669,4,4,1,39
100,Colombia,2001,0,presidential,-1.193673829377817,19.717,4,4,1,40
100,Colombia,2002,0,presidential,0.32266196117973767,19.899,4,4,1,41
100,Colombia,2003,0,presidential,2.1710658875680133,20.283,4,4,1,42
100,Colombia,2004,0,presidential,4.052628436075545,20.91,4,4,1,43
100,Colombia,2005,0,presidential,6.040366614664583,21.751,4,4,1,44
100,Colombia,2006,0,presidential,7.910604583360925,22.8,4,4,1,45
100,Colombia,2007,0,presidential,9.088919687796349,23.928,4,4,1,46
100,Colombia,2008,0,presidential,8.71525497920771,24.836,4,4,1,47
100,Colombia,2009,0,presidential,7.177436329193854,25.46,4,4,1,48
100,Colombia,2010,0,presidential,6.897445870608077,26.384,4,4,1,49
100,Colombia,2011,0,presidential,7.652890112547084,27.605,4,4,1,50
100,Colombia,2012,0,presidential,7.387300559450027,28.524,4,4,1,51
100,Colombia,2013,0,presidential,6.813298860201744,29.332,4,4,1,52
100,Colombia,2014,0,presidential,5.3095908587238005,29.842,4,4,1,53
100,Colombia,2015,0,presidential,2.989381189141538,29.911,4,4,1,54
100,Colombia,2016,0,presidential,1.69267658294725,30.027,4,4,1,55
100,Colombia,2017,0,presidential,1.2266652382355359,30.236,0,4,1,56
100,Colombia,2018,0,presidential,1.2121534331056116,30.46,0,4,1,57
100,Colombia,2019,0,presidential,1.24419058196652,30.629,0,4,1,58
100,Colombia,2020,0,presidential,NA,NA,0,4,1,59
101,Venezuela,1950,0,military,11.384978422847535,13.783,0,0,0,0
101,Venezuela,1951,0,military,11.067851471845614,14.549,0,0,0,1
101,Venezuela,1952,1,military,9.995366482291267,15.193,0,1,1,0
101,Venezuela,1953,0,military,9.140178904727026,15.788,0,1,1,1
101,Venezuela,1954,0,military,8.495049504950503,16.437,0,1,1,2
101,Venezuela,1955,0,military,8.220373273987146,17.117,0,1,1,3
101,Venezuela,1956,0,military,8.484899959959735,17.882,0,1,1,4
101,Venezuela,1957,0,military,8.557420196350174,18.643,0,1,1,5
101,Venezuela,1958,1,military,7.211317497505809,19.128,1,2,1,0
101,Venezuela,1959,0,presidential,6.844163983316398,19.776,0,2,1,1
101,Venezuela,1960,1,presidential,7.357396437383534,20.624,0,3,1,0
101,Venezuela,1961,1,presidential,6.5680205345009846,21.174,0,4,1,0
101,Venezuela,1962,1,presidential,6.569684678535914,21.86,0,5,1,0
101,Venezuela,1963,0,presidential,6.313405369697556,22.531,0,5,1,1
101,Venezuela,1964,0,presidential,6.317087653587894,23.276,0,5,1,2
101,Venezuela,1965,0,presidential,5.11249988887803,23.648,0,5,1,3
101,Venezuela,1966,1,presidential,3.4747794066560145,23.829,0,6,1,0
101,Venezuela,1967,0,presidential,2.7560597543734078,24.13,0,6,1,1
101,Venezuela,1968,0,presidential,3.1096015326311566,24.65,0,6,1,2
101,Venezuela,1969,0,presidential,3.3223714033743024,25.072,0,6,1,3
101,Venezuela,1970,0,presidential,4.116850799620675,25.69,0,6,1,4
101,Venezuela,1971,0,presidential,3.3424718671299702,25.934,0,6,1,5
101,Venezuela,1972,0,presidential,3.4014510562029976,26.423,0,6,1,6
101,Venezuela,1973,0,presidential,5.337487178702105,27.523,0,6,1,7
101,Venezuela,1974,0,presidential,7.7535278774773175,29.001,0,6,1,8
101,Venezuela,1975,0,presidential,7.6784491766655805,29.884,0,6,1,9
101,Venezuela,1976,0,presidential,7.221928261111721,30.801,0,6,1,10
101,Venezuela,1977,0,presidential,5.704731852709055,31.422,0,6,1,11
101,Venezuela,1978,0,presidential,2.6822914957974398,31.299,0,6,1,12
101,Venezuela,1979,0,presidential,0.5321662793031257,31.057,0,6,1,13
101,Venezuela,1980,0,presidential,-1.7718351103285124,30.458,0,6,1,14
101,Venezuela,1981,0,presidential,-3.7359123347502243,29.622,0,6,1,15
101,Venezuela,1982,0,presidential,-5.546133870369396,28.516,0,6,1,16
101,Venezuela,1983,0,presidential,-6.897184947392043,27.378,0,6,1,17
101,Venezuela,1984,0,presidential,-7.009145720883547,26.497,0,6,1,18
101,Venezuela,1985,0,presidential,-6.271081933916067,25.842,0,6,1,19
101,Venezuela,1986,0,presidential,-4.7757956542877515,25.462,0,6,1,20
101,Venezuela,1987,0,presidential,-3.4484081319524407,25.171,0,6,1,21
101,Venezuela,1988,0,presidential,-2.3129517483883477,25.003,0,6,1,22
101,Venezuela,1989,0,presidential,-3.516724722049913,24.264,0,6,1,23
101,Venezuela,1990,0,presidential,-1.417618978735724,24.534,0,6,1,24
101,Venezuela,1991,0,presidential,1.3469423924339363,25.161,0,6,1,25
101,Venezuela,1992,1,presidential,3.1901328821062336,25.735,0,7,1,0
101,Venezuela,1993,0,presidential,1.9341494773324364,25.529,0,7,1,1
101,Venezuela,1994,0,presidential,-0.6309523809523765,25.041,0,7,1,2
101,Venezuela,1995,0,presidential,-1.1845830236125732,24.992,0,7,1,3
101,Venezuela,1996,0,presidential,-1.5483656140740432,24.836,0,7,1,4
101,Venezuela,1997,0,presidential,-0.6656609917869982,24.891,0,7,1,5
101,Venezuela,1998,0,presidential,-1.4163849991952415,24.5,0,7,1,6
101,Venezuela,1999,0,presidential,-2.302252785571801,24.095,0,7,1,7
101,Venezuela,2000,0,presidential,-0.601378770840455,24.396,0,7,1,8
101,Venezuela,2001,0,presidential,-0.919129693951104,24.19,0,7,1,9
101,Venezuela,2002,1,presidential,-3.244010323737123,23.318,0,8,1,0
101,Venezuela,2003,0,presidential,-3.241930876892307,23.035,0,8,1,1
101,Venezuela,2004,0,presidential,4.33840383413211,25.036,0,8,1,2
101,Venezuela,2005,0,presidential,11.593790637191148,27.461,0,8,1,3
101,Venezuela,2006,0,personal,15.994219518448594,29.859,0,8,1,4
101,Venezuela,2007,0,personal,16.2967655496818,31.943,0,8,1,5
101,Venezuela,2008,0,personal,13.198735693642604,33.45,0,8,1,6
101,Venezuela,2009,0,personal,7.687487611654942,33.684,0,8,1,7
101,Venezuela,2010,0,personal,5.161780287486906,34.341,0,8,1,8
101,Venezuela,2011,0,personal,4.3638649680924235,35.194,0,8,1,9
101,Venezuela,2012,0,personal,3.7178364523106744,35.77,0,8,1,10
101,Venezuela,2013,0,personal,2.1998088118284853,35.708,0,8,1,11
101,Venezuela,2014,0,personal,-5.151558684097113,33.012,0,8,1,12
101,Venezuela,2015,0,personal,-14.376998700659172,28.863,3,8,1,13
101,Venezuela,2016,0,personal,-25.341286042357748,23.407,3,8,1,14
101,Venezuela,2017,0,personal,-34.58115126829162,18.213,3,8,1,15
101,Venezuela,2018,0,personal,-36.912672346102205,14.944,3,8,1,16
101,Venezuela,2019,0,personal,-34.889072156551315,12.79,3,8,1,17
101,Venezuela,2020,0,personal,NA,NA,3,8,1,18
110,Guyana,1966,0,dominant-party,4.453750601284634,7.383,0,0,0,0
110,Guyana,1967,0,dominant-party,5.403528267814983,7.588,0,0,0,1
110,Guyana,1968,0,dominant-party,5.306664498468705,7.771,0,0,0,2
110,Guyana,1969,0,dominant-party,5.067201816693512,7.958,0,0,0,3
110,Guyana,1970,0,dominant-party,4.442611967221577,8.106,0,0,0,4
110,Guyana,1971,0,dominant-party,4.074792732404298,8.26,0,0,0,5
110,Guyana,1972,0,dominant-party,3.2560324367088445,8.353,0,0,0,6
110,Guyana,1973,0,dominant-party,3.713405612554266,8.552,0,0,0,7
110,Guyana,1974,0,dominant-party,5.410469887805691,8.888,0,0,0,8
110,Guyana,1975,0,dominant-party,6.168898757893282,9.18,0,0,0,9
110,Guyana,1976,0,dominant-party,5.5380103767200595,9.357,0,0,0,10
110,Guyana,1977,0,dominant-party,3.218193047467799,9.359,0,0,0,11
110,Guyana,1978,0,dominant-party,0.5299624247952828,9.257,0,0,0,12
110,Guyana,1979,0,dominant-party,-1.437061048082111,9.122,0,0,0,13
110,Guyana,1980,0,dominant-party,-2.4977756559102393,8.986,0,0,0,14
110,Guyana,1981,0,dominant-party,-3.3388248215266314,8.801,0,0,0,15
110,Guyana,1982,0,dominant-party,-5.384805075436583,8.441,0,0,0,16
110,Guyana,1983,0,dominant-party,-6.443304895715951,8.137,0,0,0,17
110,Guyana,1984,0,dominant-party,-6.157664578655009,7.94,0,0,0,18
110,Guyana,1985,0,dominant-party,-4.523711240074801,7.864,0,0,0,19
110,Guyana,1986,0,dominant-party,-3.0318870883429216,7.791,0,0,0,20
110,Guyana,1987,0,dominant-party,-2.129007730325694,7.723,0,0,0,21
110,Guyana,1988,0,dominant-party,-1.657005078746221,7.668,0,0,0,22
110,Guyana,1989,0,dominant-party,-1.0489329819666215,7.66,0,0,0,23
110,Guyana,1990,0,dominant-party,1.0090556274256146,7.808,0,0,0,24
110,Guyana,1991,0,dominant-party,4.25002564891761,8.129,0,0,0,25
110,Guyana,1992,0,dominant-party,8.02136355658083,8.616,0,0,0,26
110,Guyana,1993,0,parliamentary,11.179509463113169,9.211,0,0,0,27
110,Guyana,1994,0,parliamentary,13.135340758054914,9.874,0,0,0,28
110,Guyana,1995,0,parliamentary,13.309158410498823,10.499,0,0,0,29
110,Guyana,1996,0,parliamentary,12.843069688247466,11.134,0,0,0,30
110,Guyana,1997,0,parliamentary,11.36563203909442,11.668,0,0,0,31
110,Guyana,1998,0,parliamentary,8.368709408221765,11.947,0,0,0,32
110,Guyana,1999,0,parliamentary,6.58702418835968,12.259,0,0,0,33
110,Guyana,2000,0,parliamentary,5.041169551335911,12.502,0,0,0,34
110,Guyana,2001,0,parliamentary,4.648501985910647,12.805,0,0,0,35
110,Guyana,2002,0,parliamentary,4.415007510146696,13.069,0,0,0,36
110,Guyana,2003,0,parliamentary,4.20379576650094,13.331,0,0,0,37
110,Guyana,2004,0,parliamentary,4.396192924470554,13.645,0,0,0,38
110,Guyana,2005,0,parliamentary,4.930704023203325,14.037,0,0,0,39
110,Guyana,2006,0,parliamentary,7.144932589493247,14.75,0,0,0,40
110,Guyana,2007,0,parliamentary,8.993506948826901,15.544,0,0,0,41
110,Guyana,2008,0,parliamentary,9.410369731594258,16.24,0,0,0,42
110,Guyana,2009,0,parliamentary,9.335294041768272,16.952,0,0,0,43
110,Guyana,2010,0,parliamentary,9.033020901331422,17.705,0,0,0,44
110,Guyana,2011,0,parliamentary,8.641102668315948,18.444,0,0,0,45
110,Guyana,2012,0,parliamentary,8.357996520796164,19.185,0,0,0,46
110,Guyana,2013,0,parliamentary,7.149844568596331,19.716,0,0,0,47
110,Guyana,2014,0,parliamentary,5.220245547221025,20.003,0,0,0,48
110,Guyana,2015,0,parliamentary,3.2052202819444764,20.118,0,0,0,49
110,Guyana,2016,0,parliamentary,3.076057583155034,20.521,0,0,0,50
110,Guyana,2017,0,parliamentary,3.663589015151514,21.018,0,0,0,51
110,Guyana,2018,0,parliamentary,4.486937316555761,21.573,0,0,0,52
110,Guyana,2019,0,parliamentary,4.60056248099725,22.018,0,0,0,53
110,Guyana,2020,0,parliamentary,NA,NA,0,0,0,54
115,Surinam,1975,0,dominant-party,9.163946420531289,15.517,0,0,0,0
115,Surinam,1976,0,dominant-party,11.021548712988327,16.528,0,0,0,1
115,Surinam,1977,0,dominant-party,12.021892781505962,17.561,0,0,0,2
115,Surinam,1978,0,dominant-party,10.809763657497085,18.304,0,0,0,3
115,Surinam,1979,0,dominant-party,7.388564490952176,18.575,0,0,0,4
115,Surinam,1980,2,dominant-party,3.601590777067787,18.548,0,1,1,0
115,Surinam,1981,0,military,2.1498342926914438,18.74,0,1,1,1
115,Surinam,1982,0,military,0.7890884037376811,18.725,0,1,1,2
115,Surinam,1983,0,military,-0.3005420490527433,18.577,0,1,1,3
115,Surinam,1984,0,military,-0.8275565586544187,18.455,0,1,1,4
115,Surinam,1985,0,military,-1.0951145186126277,18.37,0,1,1,5
115,Surinam,1986,0,military,-1.7854239162249153,18.12,1,1,1,6
115,Surinam,1987,0,military,-2.692577337656654,17.766,1,1,1,7
115,Surinam,1988,0,military,-2.309471377825978,17.656,1,1,1,8
115,Surinam,1989,0,parliamentary,-2.6472860838307244,17.387,1,1,1,9
115,Surinam,1990,0,parliamentary,-2.804279678342647,17.115,0,1,1,10
115,Surinam,1991,0,other,-2.3522912974428545,16.97,0,1,1,11
115,Surinam,1992,0,parliamentary,-2.77340791236963,16.687,0,1,1,12
115,Surinam,1993,0,parliamentary,-3.4795889372987387,16.305,0,1,1,13
115,Surinam,1994,0,parliamentary,-2.444292451132146,16.26,0,1,1,14
115,Surinam,1995,0,parliamentary,-1.3259963153301801,16.282,0,1,1,15
115,Surinam,1996,0,parliamentary,0.4414203492342006,16.474,0,1,1,16
115,Surinam,1997,0,parliamentary,2.200893999001252,16.782,0,1,1,17
115,Surinam,1998,0,parliamentary,2.4241984797399363,16.951,0,1,1,18
115,Surinam,1999,0,parliamentary,1.7382658073172408,16.985,0,1,1,19
115,Surinam,2000,0,parliamentary,2.0987054824535223,17.241,0,1,1,20
115,Surinam,2001,0,parliamentary,3.2286314806165395,17.681,0,1,1,21
115,Surinam,2002,0,parliamentary,5.049728700400369,18.315,0,1,1,22
115,Surinam,2003,0,parliamentary,7.39125573073911,19.208,0,1,1,23
115,Surinam,2004,0,parliamentary,9.09846326512993,20.219,0,1,1,24
115,Surinam,2005,0,parliamentary,9.833945476178151,21.232,0,1,1,25
115,Surinam,2006,0,parliamentary,10.158949550794748,22.316,0,1,1,26
115,Surinam,2007,0,parliamentary,9.841538533878769,23.36,0,1,1,27
115,Surinam,2008,0,parliamentary,9.327498228842511,24.382,0,1,1,28
115,Surinam,2009,0,parliamentary,8.734784844848287,25.37,0,1,1,29
115,Surinam,2010,0,parliamentary,7.9955306528204595,26.29,0,1,1,30
115,Surinam,2011,0,parliamentary,7.305394899023421,27.162,0,1,1,31
115,Surinam,2012,0,parliamentary,5.887025326123485,27.728,0,1,1,32
115,Surinam,2013,0,parliamentary,3.6440198791774403,27.862,0,1,1,33
115,Surinam,2014,0,parliamentary,0.2742015894894312,27.354,0,1,1,34
115,Surinam,2015,0,parliamentary,-3.9608755310640342,26.177,0,1,1,35
115,Surinam,2016,0,parliamentary,-6.279552917873598,25.172,0,1,1,36
115,Surinam,2017,0,parliamentary,-5.581816659435345,24.808,0,1,1,37
115,Surinam,2018,0,parliamentary,-3.68070884259295,24.698,0,1,1,38
115,Surinam,2019,0,parliamentary,-1.7391235072456879,24.668,0,1,1,39
115,Surinam,2020,0,parliamentary,NA,NA,0,1,1,40
130,Ecuador,1950,0,parliamentary,9.290828503239013,6.411,0,0,0,0
130,Ecuador,1951,0,parliamentary,7.269821597469095,6.578,0,0,0,1
130,Ecuador,1952,1,parliamentary,7.308439320844551,6.851,0,1,1,0
130,Ecuador,1953,0,parliamentary,6.465778316172011,7.031,0,1,1,1
130,Ecuador,1954,1,parliamentary,5.939287285525752,7.224,0,2,1,0
130,Ecuador,1955,0,parliamentary,4.5933670408775384,7.323,0,2,1,1
130,Ecuador,1956,1,parliamentary,3.334728617273619,7.406,0,3,1,0
130,Ecuador,1957,0,parliamentary,2.806555939264377,7.502,0,3,1,1
130,Ecuador,1958,0,parliamentary,2.8396526616687234,7.627,0,3,1,2
130,Ecuador,1959,0,parliamentary,4.047315934648843,7.846,0,3,1,3
130,Ecuador,1960,0,parliamentary,5.963528831936915,8.17,0,3,1,4
130,Ecuador,1961,2,parliamentary,5.509816339455353,8.33,0,4,1,0
130,Ecuador,1962,0,parliamentary,4.5783966954414,8.456,0,4,1,1
130,Ecuador,1963,2,parliamentary,3.5053789435513183,8.563,0,5,1,0
130,Ecuador,1964,0,military,3.653777935438085,8.766,0,5,1,1
130,Ecuador,1965,0,military,4.151679004896636,8.976,0,5,1,2
130,Ecuador,1966,2,military,3.65547751527866,9.091,0,6,1,0
130,Ecuador,1967,0,other,3.6637255341066766,9.258,0,6,1,1
130,Ecuador,1968,0,other,3.9005224109925907,9.467,0,6,1,2
130,Ecuador,1969,0,presidential,4.293488782292565,9.697,0,6,1,3
130,Ecuador,1970,0,presidential,5.009897654045425,9.973,0,6,1,4
130,Ecuador,1971,0,personal,5.62266321541558,10.283,0,6,1,5
130,Ecuador,1972,2,personal,6.52399584764034,10.672,0,7,1,0
130,Ecuador,1973,0,military,9.277319329832467,11.362,0,7,1,1
130,Ecuador,1974,0,military,11.726252777318713,12.169,0,7,1,2
130,Ecuador,1975,1,military,11.957223356187097,12.835,0,8,1,0
130,Ecuador,1976,2,military,11.673408734417556,13.527,0,9,1,0
130,Ecuador,1977,0,military,9.73530239979976,14.029,0,9,1,1
130,Ecuador,1978,0,military,7.913347059350095,14.466,0,9,1,2
130,Ecuador,1979,0,military,6.522924198083446,14.851,0,9,1,3
130,Ecuador,1980,0,presidential,5.087005430027625,15.134,0,9,1,4
130,Ecuador,1981,0,presidential,3.89601593085791,15.339,0,9,1,5
130,Ecuador,1982,0,presidential,1.5699968013647592,15.242,0,9,1,6
130,Ecuador,1983,0,presidential,-0.8338848444738645,14.984,0,9,1,7
130,Ecuador,1984,0,presidential,-1.6024665546307437,14.872,0,9,1,8
130,Ecuador,1985,0,presidential,-1.548069895687998,14.818,0,9,1,9
130,Ecuador,1986,1,presidential,-2.5152162521665633,14.511,0,10,1,0
130,Ecuador,1987,0,presidential,-3.7120912402286432,14.116,0,10,1,1
130,Ecuador,1988,0,presidential,-2.5415539234634688,14.119,0,10,1,2
130,Ecuador,1989,0,presidential,-1.4169955788622124,14.137,0,10,1,3
130,Ecuador,1990,0,presidential,0.8546648703267046,14.373,0,10,1,4
130,Ecuador,1991,0,presidential,2.5592536560766543,14.643,0,10,1,5
130,Ecuador,1992,0,presidential,3.0771363226834714,14.873,0,10,1,6
130,Ecuador,1993,0,presidential,2.4254881808838613,14.949,0,10,1,7
130,Ecuador,1994,0,presidential,2.2309356408869663,15.122,0,10,1,8
130,Ecuador,1995,0,presidential,1.5686641614400143,15.19,1,10,1,9
130,Ecuador,1996,0,presidential,1.069405193116535,15.235,0,10,1,10
130,Ecuador,1997,0,presidential,1.144560043250653,15.341,0,10,1,11
130,Ecuador,1998,0,presidential,0.41475803593695737,15.301,0,10,1,12
130,Ecuador,1999,0,presidential,-1.777725143428599,14.929,0,10,1,13
130,Ecuador,2000,1,presidential,-1.3491392966522353,14.946,0,11,1,0
130,Ecuador,2001,0,presidential,0.9113810522428434,15.302,0,11,1,1
130,Ecuador,2002,0,presidential,3.480153682747411,15.783,0,11,1,2
130,Ecuador,2003,0,presidential,5.201803015387796,16.244,0,11,1,3
130,Ecuador,2004,0,presidential,7.182055584291058,16.992,0,11,1,4
130,Ecuador,2005,0,presidential,8.118975958667907,17.746,0,11,1,5
130,Ecuador,2006,0,presidential,7.882867009655348,18.369,0,11,1,6
130,Ecuador,2007,0,presidential,6.746733805117033,18.825,0,11,1,7
130,Ecuador,2008,0,presidential,6.580688915870869,19.487,0,11,1,8
130,Ecuador,2009,0,presidential,5.283255019675659,19.852,0,11,1,9
130,Ecuador,2010,0,presidential,5.471528873217668,20.46,0,11,1,10
130,Ecuador,2011,0,presidential,6.950748865204259,21.394,0,11,1,11
130,Ecuador,2012,0,presidential,7.288996372430456,22.182,0,11,1,12
130,Ecuador,2013,0,presidential,6.849944229381277,22.799,0,11,1,13
130,Ecuador,2014,0,presidential,4.806852108060888,23.029,0,11,1,14
130,Ecuador,2015,0,presidential,0.9213216323105344,22.609,0,11,1,15
130,Ecuador,2016,0,presidential,-1.672842680094333,22.183,0,11,1,16
130,Ecuador,2017,0,presidential,-2.222833757956133,22.029,0,11,1,17
130,Ecuador,2018,0,presidential,-2.366280944362853,21.802,0,11,1,18
130,Ecuador,2019,0,presidential,-2.5171229765819314,21.463,0,11,1,19
130,Ecuador,2020,0,presidential,NA,NA,0,11,1,20
135,Peru,1950,0,military,4.981105029971333,6.445,0,0,0,0
135,Peru,1951,0,military,6.478235931425669,6.683,0,0,0,1
135,Peru,1952,0,military,6.904473627021823,6.887,0,0,0,2
135,Peru,1953,0,military,5.956678700361007,7.044,0,0,0,3
135,Peru,1954,1,military,5.116455548420995,7.203,0,1,1,0
135,Peru,1955,0,military,4.984379437659747,7.393,0,1,1,1
135,Peru,1956,1,military,4.757814231877622,7.561,0,2,1,0
135,Peru,1957,0,presidential,4.225962971998598,7.69,0,2,1,1
135,Peru,1958,0,presidential,3.1933845622058588,7.762,0,2,1,2
135,Peru,1959,0,presidential,3.830618892508153,7.969,0,2,1,3
135,Peru,1960,0,presidential,8.358193861556341,8.572,0,2,1,4
135,Peru,1961,0,presidential,10.74339944032121,9.102,0,2,1,5
135,Peru,1962,2,presidential,11.262393520458037,9.561,0,3,1,0
135,Peru,1963,2,other,9.997119624221739,9.929,0,4,1,0
135,Peru,1964,0,presidential,8.544523794476389,10.305,0,4,1,1
135,Peru,1965,0,presidential,7.750796660078274,10.685,0,4,1,2
135,Peru,1966,0,presidential,7.257203842049087,11.055,0,4,1,3
135,Peru,1967,0,presidential,5.507518796992494,11.226,0,4,1,4
135,Peru,1968,2,presidential,2.7486550502175744,11.192,0,5,1,0
135,Peru,1969,0,military,1.6849777200483418,11.273,0,5,1,1
135,Peru,1970,0,military,2.2577777777777808,11.504,0,5,1,2
135,Peru,1971,0,military,2.981482132190183,11.723,0,5,1,3
135,Peru,1972,0,military,3.354283134831082,11.906,0,5,1,4
135,Peru,1973,0,military,4.543750213041564,12.268,0,5,1,5
135,Peru,1974,0,military,5.3665684266613445,12.656,0,5,1,6
135,Peru,1975,2,military,5.433386968322851,12.974,0,6,1,0
135,Peru,1976,0,military,3.4587088760788642,12.994,0,6,1,1
135,Peru,1977,0,military,0.48984974800998504,12.801,0,6,1,2
135,Peru,1978,0,military,-1.563305274007909,12.606,0,6,1,3
135,Peru,1979,0,military,-0.7535336515959834,12.723,0,6,1,4
135,Peru,1980,0,military,0.8307567381866887,12.914,0,6,1,5
135,Peru,1981,0,presidential,1.9402333270946315,13.072,0,6,1,6
135,Peru,1982,0,presidential,0.08884316842794338,12.843,3,6,1,7
135,Peru,1983,0,presidential,-4.411880069661267,12.185,3,6,1,8
135,Peru,1984,0,presidential,-4.545526637166741,12.037,3,6,1,9
135,Peru,1985,0,presidential,-2.991672828987557,12.069,3,6,1,10
135,Peru,1986,0,presidential,0.7118825881320401,12.393,3,6,1,11
135,Peru,1987,0,presidential,2.3588604286461035,12.532,3,6,1,12
135,Peru,1988,0,presidential,-2.7782341537147204,11.835,3,6,1,13
135,Peru,1989,0,presidential,-8.480985126068708,10.94,3,6,1,14
135,Peru,1990,0,presidential,-10.209662716499535,10.441,3,6,1,15
135,Peru,1991,0,presidential,-7.881597717546363,10.332,3,6,1,16
135,Peru,1992,1,presidential,-3.9928010835482586,10.349,3,7,1,0
135,Peru,1993,0,personal,1.6176999867401731,10.729,3,7,1,1
135,Peru,1994,0,personal,7.4530549458795115,11.456,3,7,1,2
135,Peru,1995,0,personal,10.00418509016139,12.091,4,7,1,3
135,Peru,1996,0,personal,9.286077013325844,12.482,3,7,1,4
135,Peru,1997,0,personal,7.590050018463201,12.82,3,7,1,5
135,Peru,1998,0,personal,3.871354893120116,12.809,0,7,1,6
135,Peru,1999,0,personal,1.7926548742762005,12.833,0,7,1,7
135,Peru,2000,1,personal,1.2148918182672164,12.93,0,8,1,0
135,Peru,2001,0,other,1.315707813566691,13.06,0,8,1,1
135,Peru,2002,0,presidential,3.197048877958819,13.428,0,8,1,2
135,Peru,2003,0,presidential,5.152192969198666,13.915,0,8,1,3
135,Peru,2004,0,presidential,7.088656087462608,14.536,0,8,1,4
135,Peru,2005,0,presidential,9.203169680328926,15.352,0,8,1,5
135,Peru,2006,0,presidential,11.17074761529473,16.363,0,8,1,6
135,Peru,2007,0,presidential,12.726734381235616,17.513,0,8,1,7
135,Peru,2008,0,presidential,13.26087483927314,18.674,0,8,1,8
135,Peru,2009,0,presidential,11.500171644352886,19.488,0,8,1,9
135,Peru,2010,0,presidential,11.407795794629472,20.653,0,8,1,10
135,Peru,2011,0,presidential,11.087333129522058,21.802,0,8,1,11
135,Peru,2012,0,presidential,10.184325558005503,22.787,0,8,1,12
135,Peru,2013,0,presidential,8.789199571528838,23.562,0,8,1,13
135,Peru,2014,0,presidential,6.319877290822529,23.983,0,8,1,14
135,Peru,2015,0,presidential,3.673592291478478,24.101,0,8,1,15
135,Peru,2016,0,presidential,2.972461635484547,24.492,0,8,1,16
135,Peru,2017,0,presidential,2.051460361613344,24.654,0,8,1,17
135,Peru,2018,0,presidential,1.8688374226094817,24.878,0,8,1,18
135,Peru,2019,0,presidential,0.7121057985757906,24.75,0,8,1,19
135,Peru,2020,0,presidential,NA,NA,0,8,1,20
140,Brazil,1950,0,presidential,6.9663232780524,4.631,0,0,0,0
140,Brazil,1951,0,presidential,6.080235882773399,4.749,0,0,0,1
140,Brazil,1952,0,presidential,5.451160374090747,4.871,0,0,0,2
140,Brazil,1953,0,presidential,4.0435590072598115,4.93,0,0,0,3
140,Brazil,1954,0,presidential,4.384951736655385,5.061,0,0,0,4
140,Brazil,1955,2,presidential,5.364832776592743,5.236,0,1,1,0
140,Brazil,1956,0,presidential,5.844283192782895,5.397,0,1,1,1
140,Brazil,1957,0,presidential,6.9073304616322995,5.609,0,1,1,2
140,Brazil,1958,0,presidential,8.501488587495864,5.904,0,1,1,3
140,Brazil,1959,1,presidential,10.558154257376984,6.287,0,2,1,0
140,Brazil,1960,0,presidential,13.949540673678618,6.847,0,2,1,1
140,Brazil,1961,0,presidential,13.852854546593974,7.267,0,2,1,2
140,Brazil,1962,0,parliamentary,11.137391715696431,7.518,0,2,1,3
140,Brazil,1963,1,parliamentary,7.04031077581353,7.605,0,3,1,0
140,Brazil,1964,2,presidential,3.845424243245432,7.664,0,4,1,0
140,Brazil,1965,0,military,2.3235504273956487,7.733,0,4,1,1
140,Brazil,1966,0,military,3.3066444837267284,7.948,0,4,1,2
140,Brazil,1967,0,military,4.927240234873631,8.22,0,4,1,3
140,Brazil,1968,0,military,7.7615130352660655,8.672,0,4,1,4
140,Brazil,1969,2,military,9.941562485031374,9.181,0,5,1,0
140,Brazil,1970,0,military,11.97791920436142,9.818,0,5,1,1
140,Brazil,1971,0,military,13.767944385855401,10.572,0,5,1,2
140,Brazil,1972,0,military,15.338966002816345,11.467,0,5,1,3
140,Brazil,1973,0,military,16.56046194382672,12.475,0,5,1,4
140,Brazil,1974,0,military,15.360588602762547,13.296,0,5,1,5
140,Brazil,1975,0,military,13.181443065421771,13.989,0,5,1,6
140,Brazil,1976,0,military,11.78137835912516,14.75,0,5,1,7
140,Brazil,1977,0,military,9.314526533069568,15.252,0,5,1,8
140,Brazil,1978,0,military,7.165878077213184,15.628,0,5,1,9
140,Brazil,1979,0,military,5.970681929335253,16.034,0,5,1,10
140,Brazil,1980,0,military,4.662195950711001,16.325,1,5,1,11
140,Brazil,1981,0,military,2.035165443721443,16.214,0,5,1,12
140,Brazil,1982,0,military,0.06852301750450707,16.064,0,5,1,13
140,Brazil,1983,0,military,-1.591778915453046,15.839,0,5,1,14
140,Brazil,1984,0,military,-0.06704826233253636,16.097,0,5,1,15
140,Brazil,1985,0,military,2.857319562125049,16.631,0,5,1,16
140,Brazil,1986,0,presidential,5.306870229007643,17.244,0,5,1,17
140,Brazil,1987,0,presidential,4.9807325242194,17.49,0,5,1,18
140,Brazil,1988,0,presidential,3.0199249137921047,17.507,0,5,1,19
140,Brazil,1989,0,presidential,1.5320350377801661,17.549,0,5,1,20
140,Brazil,1990,0,presidential,-0.8385503417379869,17.265,0,5,1,21
140,Brazil,1991,0,presidential,-0.6370157819225342,17.314,0,5,1,22
140,Brazil,1992,0,presidential,-0.1919496103537921,17.367,0,5,1,23
140,Brazil,1993,0,presidential,2.42225222545136,17.903,0,5,1,24
140,Brazil,1994,0,presidential,5.617977528089901,18.706,0,5,1,25
140,Brazil,1995,0,presidential,7.72769291719857,19.578,0,5,1,26
140,Brazil,1996,0,presidential,7.850036787050962,20.229,0,5,1,27
140,Brazil,1997,0,presidential,5.558193793487898,20.45,0,5,1,28
140,Brazil,1998,0,presidential,2.45385800449085,20.35,0,5,1,29
140,Brazil,1999,0,presidential,0.052593974516734754,20.165,0,5,1,30
140,Brazil,2000,0,presidential,0.10047479264760906,20.324,0,5,1,31
140,Brazil,2001,0,presidential,0.08560211742250079,20.344,0,5,1,32
140,Brazil,2002,0,presidential,0.5835063516584915,20.444,0,5,1,33
140,Brazil,2003,0,presidential,1.4543921072504018,20.69,0,5,1,34
140,Brazil,2004,0,presidential,3.1918505942274855,21.273,0,5,1,35
140,Brazil,2005,0,presidential,4.927956917377219,21.978,0,5,1,36
140,Brazil,2006,0,presidential,6.695750254015298,22.892,0,5,1,37
140,Brazil,2007,0,presidential,8.429986110860588,24.045,0,5,1,38
140,Brazil,2008,0,presidential,9.078220765823165,25.165,0,5,1,39
140,Brazil,2009,0,presidential,8.293779665251066,26.01,0,5,1,40
140,Brazil,2010,0,presidential,9.06258218244702,27.371,0,5,1,41
140,Brazil,2011,0,presidential,8.514973898708678,28.437,0,5,1,42
140,Brazil,2012,0,presidential,6.361763190816094,28.907,0,5,1,43
140,Brazil,2013,0,presidential,4.279393579837465,29.178,0,5,1,44
140,Brazil,2014,0,presidential,1.3517770512919247,28.956,0,5,1,45
140,Brazil,2015,0,presidential,-2.1829985233066895,28.086,0,5,1,46
140,Brazil,2016,0,presidential,-5.545261763690556,26.814,0,5,1,47
140,Brazil,2017,0,presidential,-5.648663197559656,26.291,0,5,1,48
140,Brazil,2018,0,presidential,-4.512001645268382,26.001,0,5,1,49
140,Brazil,2019,0,presidential,-4.040708631737666,25.458,0,5,1,50
140,Brazil,2020,0,presidential,NA,NA,0,5,1,51
145,Bolivia,1950,1,other,-1.7983818397944717,5.122,0,1,1,0
145,Bolivia,1951,2,other,-0.6400370141887657,5.154,0,2,1,0
145,Bolivia,1952,2,military,-1.3961605584642212,5.085,2,3,1,0
145,Bolivia,1953,1,dominant-party,-4.40539049570493,4.852,0,4,1,0
145,Bolivia,1954,0,dominant-party,-4.9240754837934215,4.746,0,4,1,1
145,Bolivia,1955,0,dominant-party,-5.167483660130722,4.643,0,4,1,2
145,Bolivia,1956,0,dominant-party,-6.281533804238137,4.458,0,4,1,3
145,Bolivia,1957,0,dominant-party,-6.376320250358591,4.308,0,4,1,4
145,Bolivia,1958,1,dominant-party,-5.372214531326747,4.238,0,5,1,0
145,Bolivia,1959,1,dominant-party,-3.3231247428806454,4.23,0,6,1,0
145,Bolivia,1960,1,dominant-party,0.38028103696146065,4.329,0,7,1,0
145,Bolivia,1961,0,dominant-party,2.5051124744376096,4.411,0,7,1,1
145,Bolivia,1962,0,dominant-party,4.049700874367246,4.522,0,7,1,2
145,Bolivia,1963,0,dominant-party,5.307098695789514,4.667,0,7,1,3
145,Bolivia,1964,2,dominant-party,5.938722581212352,4.82,0,8,1,0
145,Bolivia,1965,0,personal,6.59519029516038,4.991,0,8,1,1
145,Bolivia,1966,0,personal,7.308201058201069,5.192,0,8,1,2
145,Bolivia,1967,0,personal,7.933027705800266,5.415,0,8,1,3
145,Bolivia,1968,0,personal,8.23515867838367,5.641,0,8,1,4
145,Bolivia,1969,2,personal,7.267011834319526,5.801,0,9,1,0
145,Bolivia,1970,2,military,6.155330094312661,5.943,0,10,1,0
145,Bolivia,1971,2,military,5.549980969516621,6.101,0,11,1,0
145,Bolivia,1972,0,military,5.38342630553128,6.272,0,11,1,1
145,Bolivia,1973,0,military,6.574225122349109,6.533,0,11,1,2
145,Bolivia,1974,1,military,7.6267171956418744,6.816,0,12,1,0
145,Bolivia,1975,0,military,7.991953182150691,7.086,0,12,1,1
145,Bolivia,1976,0,military,7.642357642357633,7.327,0,12,1,2
145,Bolivia,1977,0,military,5.944472832566849,7.464,0,12,1,3
145,Bolivia,1978,2,military,3.446846149593674,7.485,0,13,1,0
145,Bolivia,1979,2,other,1.1139790789294945,7.443,0,14,1,0
145,Bolivia,1980,2,other,-1.0120091755498661,7.336,0,15,1,0
145,Bolivia,1981,2,military,-2.175383533104247,7.231,0,16,1,0
145,Bolivia,1982,0,military,-3.84194096062217,7.023,0,16,1,1
145,Bolivia,1983,0,presidential,-4.821662623051404,6.826,0,16,1,2
145,Bolivia,1984,1,presidential,-4.348568501337569,6.722,0,17,1,0
145,Bolivia,1985,0,presidential,-3.4772008243113883,6.651,0,17,1,1
145,Bolivia,1986,0,presidential,-3.1097290093291874,6.543,0,17,1,2
145,Bolivia,1987,0,presidential,-2.3168346622536418,6.493,0,17,1,3
145,Bolivia,1988,0,presidential,-1.6211448384938265,6.469,0,17,1,4
145,Bolivia,1989,0,presidential,0.31783869686135,6.565,0,17,1,5
145,Bolivia,1990,0,presidential,2.978801169590639,6.762,0,17,1,6
145,Bolivia,1991,0,presidential,4.52206877877066,6.948,0,17,1,7
145,Bolivia,1992,0,presidential,4.659413434247872,7.08,0,17,1,8
145,Bolivia,1993,0,presidential,5.004765067721717,7.272,0,17,1,9
145,Bolivia,1994,0,presidential,5.482918599746944,7.503,0,17,1,10
145,Bolivia,1995,0,presidential,6.042783674362617,7.753,0,17,1,11
145,Bolivia,1996,0,presidential,6.297537365033756,7.994,0,17,1,12
145,Bolivia,1997,0,presidential,5.770969491875699,8.189,0,17,1,13
145,Bolivia,1998,0,presidential,4.640342052313873,8.321,0,17,1,14
145,Bolivia,1999,0,presidential,2.726735307157968,8.341,0,17,1,15
145,Bolivia,2000,0,presidential,1.385955969805086,8.354,0,17,1,16
145,Bolivia,2001,0,presidential,0.9781772736012329,8.403,0,17,1,17
145,Bolivia,2002,0,presidential,1.1100501312962585,8.471,0,17,1,18
145,Bolivia,2003,0,presidential,1.8384533270074943,8.586,0,17,1,19
145,Bolivia,2004,0,presidential,3.010237625622225,8.774,0,17,1,20
145,Bolivia,2005,0,presidential,4.167148440209978,9.009,0,17,1,21
145,Bolivia,2006,0,presidential,5.212464589235144,9.285,0,17,1,22
145,Bolivia,2007,0,presidential,6.18110323193497,9.613,0,17,1,23
145,Bolivia,2008,0,presidential,7.404315437965581,10.035,0,17,1,24
145,Bolivia,2009,0,presidential,7.461358604564539,10.387,0,17,1,25
145,Bolivia,2010,0,presidential,7.655311421101985,10.789,0,17,1,26
145,Bolivia,2011,0,presidential,7.929007721562753,11.238,0,17,1,27
145,Bolivia,2012,0,presidential,7.955594961025514,11.689,0,17,1,28
145,Bolivia,2013,0,presidential,8.063914117626148,12.16,0,17,1,29
145,Bolivia,2014,0,presidential,7.1991232276183315,12.52,0,17,1,30
145,Bolivia,2015,0,presidential,5.3992672778210515,12.716,0,17,1,31
145,Bolivia,2016,0,presidential,4.83520376125075,13.022,0,17,1,32
145,Bolivia,2017,0,presidential,5.505304998278615,13.484,0,17,1,33
145,Bolivia,2018,0,dominant-party,4.920361009727703,13.741,0,17,1,34
145,Bolivia,2019,0,dominant-party,3.0533779023578678,13.75,0,17,1,35
145,Bolivia,2020,0,other,NA,NA,0,17,1,36
145,Bolivia,2021,0,presidential,NA,NA,0,17,1,37
150,Paraguay,1950,0,dominant-party,-4.464842705641214,4.288,0,0,0,0
150,Paraguay,1951,0,dominant-party,-3.2162273287952736,4.237,0,0,0,1
150,Paraguay,1952,0,dominant-party,-3.523060455158933,4.146,0,0,0,2
150,Paraguay,1953,0,dominant-party,-3.5705840624260965,4.078,0,0,0,3
150,Paraguay,1954,2,dominant-party,-2.214110753566112,4.072,0,1,1,0
150,Paraguay,1955,1,dominant-party,-0.7028599127484214,4.097,0,2,1,0
150,Paraguay,1956,0,dominant-party,0.28772066712181577,4.113,0,2,1,1
150,Paraguay,1957,0,dominant-party,0.9950734110531156,4.141,0,2,1,2
150,Paraguay,1958,0,dominant-party,1.3060788502621934,4.173,0,2,1,3
150,Paraguay,1959,0,dominant-party,1.04302477183833,4.185,0,2,1,4
150,Paraguay,1960,0,dominant-party,1.7071065503021066,4.242,0,2,1,5
150,Paraguay,1961,0,dominant-party,2.9927907417947264,4.343,0,2,1,6
150,Paraguay,1962,0,dominant-party,4.043000701098398,4.452,0,2,1,7
150,Paraguay,1963,0,dominant-party,4.310265600588181,4.54,0,2,1,8
150,Paraguay,1964,0,dominant-party,4.5313414030508925,4.646,0,2,1,9
150,Paraguay,1965,0,dominant-party,4.500263945099414,4.751,0,2,1,10
150,Paraguay,1966,0,dominant-party,3.8390279632901203,4.82,0,2,1,11
150,Paraguay,1967,0,dominant-party,4.499641546830846,4.956,0,2,1,12
150,Paraguay,1968,0,dominant-party,4.908506429277937,5.091,0,2,1,13
150,Paraguay,1969,0,dominant-party,5.001409414891467,5.215,0,2,1,14
150,Paraguay,1970,0,dominant-party,5.786973420753028,5.389,0,2,1,15
150,Paraguay,1971,0,dominant-party,6.392711470285506,5.582,0,2,1,16
150,Paraguay,1972,0,dominant-party,7.609176748303348,5.835,0,2,1,17
150,Paraguay,1973,0,dominant-party,8.69642476366479,6.117,0,2,1,18
150,Paraguay,1974,0,dominant-party,9.993875051041234,6.465,0,2,1,19
150,Paraguay,1975,0,dominant-party,11.012059128630703,6.849,0,2,1,20
150,Paraguay,1976,0,dominant-party,12.318173448720326,7.32,0,2,1,21
150,Paraguay,1977,0,dominant-party,14.260994953136263,7.924,0,2,1,22
150,Paraguay,1978,0,dominant-party,15.732393229096587,8.601,0,2,1,23
150,Paraguay,1979,0,dominant-party,16.21946035159667,9.295,0,2,1,24
150,Paraguay,1980,0,dominant-party,15.803751536089417,9.989,0,2,1,25
150,Paraguay,1981,0,dominant-party,13.318791438999632,10.494,0,2,1,26
150,Paraguay,1982,0,dominant-party,7.6970254523152315,10.536,0,2,1,27
150,Paraguay,1983,0,dominant-party,2.229896398618658,10.361,0,2,1,28
150,Paraguay,1984,0,dominant-party,-0.6428875721312122,10.262,0,2,1,29
150,Paraguay,1985,0,dominant-party,-1.3818490180584675,10.234,0,2,1,30
150,Paraguay,1986,0,dominant-party,-1.2038149885627902,10.193,0,2,1,31
150,Paraguay,1987,0,dominant-party,0.48661800486617945,10.325,0,2,1,32
150,Paraguay,1988,0,dominant-party,2.7622811095614486,10.61,0,2,1,33
150,Paraguay,1989,2,dominant-party,4.728502895586861,10.959,0,3,1,0
150,Paraguay,1990,0,dominant-party,6.678255018503965,11.415,0,3,1,1
150,Paraguay,1991,0,dominant-party,5.945080341382658,11.644,0,3,1,2
150,Paraguay,1992,0,dominant-party,4.389759591518327,11.776,0,3,1,3
150,Paraguay,1993,0,dominant-party,3.81015001816829,11.999,0,3,1,4
150,Paraguay,1994,0,presidential,3.41761647501142,12.213,0,3,1,5
150,Paraguay,1995,0,presidential,3.449998334942883,12.426,0,3,1,6
150,Paraguay,1996,0,presidential,2.2837427092746276,12.451,0,3,1,7
150,Paraguay,1997,0,presidential,1.0451545788498384,12.433,0,3,1,8
150,Paraguay,1998,0,presidential,-0.8920765469675795,12.243,0,3,1,9
150,Paraguay,1999,0,presidential,-3.14523739789776,11.905,0,3,1,10
150,Paraguay,2000,1,presidential,-4.467688449672513,11.581,0,4,1,0
150,Paraguay,2001,0,presidential,-2.8270324523251844,11.618,0,4,1,1
150,Paraguay,2002,0,presidential,1.623895666806896,12.078,0,4,1,2
150,Paraguay,2003,0,presidential,4.416795224361136,12.454,0,4,1,3
150,Paraguay,2004,0,presidential,5.424575094239792,12.753,0,4,1,4
150,Paraguay,2005,0,presidential,4.945552072898818,12.991,0,4,1,5
150,Paraguay,2006,0,presidential,5.356526107570114,13.422,0,4,1,6
150,Paraguay,2007,0,presidential,6.092517131388986,13.903,0,4,1,7
150,Paraguay,2008,0,presidential,7.047655717797596,14.457,0,4,1,8
150,Paraguay,2009,0,presidential,6.634492466353548,14.848,0,4,1,9
150,Paraguay,2010,0,presidential,8.627743683308452,15.718,0,4,1,10
150,Paraguay,2011,0,presidential,8.563950630405603,16.343,0,4,1,11
150,Paraguay,2012,0,presidential,6.799600174283005,16.668,0,4,1,12
150,Paraguay,2013,0,presidential,7.69468098235222,17.453,0,4,1,13
150,Paraguay,2014,0,presidential,7.088577535027296,18.038,0,4,1,14
150,Paraguay,2015,0,presidential,5.53047404063205,18.326,0,4,1,15
150,Paraguay,2016,0,presidential,5.5459175107728464,18.86,0,4,1,16
150,Paraguay,2017,0,presidential,6.283045852474656,19.619,0,4,1,17
150,Paraguay,2018,0,presidential,5.528909502977908,20.022,0,4,1,18
150,Paraguay,2019,0,presidential,3.2360019418077313,19.99,0,4,1,19
150,Paraguay,2020,0,presidential,NA,NA,0,4,1,20
155,Chile,1950,0,presidential,3.9859002169197355,12.272,0,0,0,0
155,Chile,1951,0,presidential,4.062645629452111,12.505,0,0,0,1
155,Chile,1952,0,presidential,4.68270339629997,12.89,0,0,0,2
155,Chile,1953,0,presidential,4.742517255637901,13.172,0,0,0,3
155,Chile,1954,0,presidential,3.4956090408522877,13.27,0,0,0,4
155,Chile,1955,0,presidential,1.9091649131429689,13.27,0,0,0,5
155,Chile,1956,0,presidential,0.7680748038069618,13.277,0,0,0,6
155,Chile,1957,0,presidential,1.724215684800745,13.534,0,0,0,7
155,Chile,1958,0,presidential,2.3804555211065948,13.737,0,0,0,8
155,Chile,1959,0,presidential,1.5370491026476474,13.714,0,0,0,9
155,Chile,1960,0,presidential,3.2377414778959057,14.119,0,0,0,10
155,Chile,1961,0,presidential,3.881820142333403,14.451,0,0,0,11
155,Chile,1962,0,presidential,5.752449048530561,15.027,0,0,0,12
155,Chile,1963,0,presidential,5.94205090829083,15.408,0,0,0,13
155,Chile,1964,0,presidential,4.741361986039827,15.636,0,0,0,14
155,Chile,1965,0,presidential,3.6074979368884375,15.819,0,0,0,15
155,Chile,1966,0,presidential,4.94063577173498,16.44,0,0,0,16
155,Chile,1967,0,presidential,5.406854250557891,16.91,0,0,0,17
155,Chile,1968,0,presidential,5.261554954559844,17.281,0,0,0,18
155,Chile,1969,0,presidential,5.0895605767059315,17.683,0,0,0,19
155,Chile,1970,0,presidential,4.091567661547368,17.961,0,0,0,20
155,Chile,1971,0,presidential,4.450813358104111,18.441,0,0,0,21
155,Chile,1972,0,presidential,1.894412709746529,18.266,0,0,0,22
155,Chile,1973,2,presidential,-1.8874841691292499,17.663,2,1,1,0
155,Chile,1974,0,military,-4.925319658732108,16.983,3,1,1,1
155,Chile,1975,0,military,-9.087260635248251,15.857,3,1,1,2
155,Chile,1976,0,military,-5.726388823335071,15.979,3,1,1,3
155,Chile,1977,0,military,0.4639478839889799,16.717,0,1,1,4
155,Chile,1978,0,military,5.864876892914284,17.603,0,1,1,5
155,Chile,1979,0,military,9.588556051271159,18.57,0,1,1,6
155,Chile,1980,0,military,9.617150566281584,19.338,0,1,1,7
155,Chile,1981,0,military,6.601307189542482,19.572,0,1,1,8
155,Chile,1982,0,military,-0.7589991032921906,18.593,0,1,1,9
155,Chile,1983,0,military,-4.475802592541389,17.966,0,1,1,10
155,Chile,1984,0,military,-3.5818564904437356,18.03,0,1,1,11
155,Chile,1985,0,military,-1.595312618457101,18.172,0,1,1,12
155,Chile,1986,0,military,2.0466205055841957,18.658,0,1,1,13
155,Chile,1987,0,military,5.326194166549225,19.435,2,1,1,14
155,Chile,1988,0,military,7.838479809976251,20.43,0,1,1,15
155,Chile,1989,0,military,9.944768240212376,21.618,0,1,1,16
155,Chile,1990,0,presidential,9.734599464329197,22.534,0,1,1,17
155,Chile,1991,0,presidential,10.628614859854647,23.871,0,1,1,18
155,Chile,1992,0,presidential,12.269320124490424,25.612,0,1,1,19
155,Chile,1993,0,presidential,12.22926243425686,27.1,0,1,1,20
155,Chile,1994,0,presidential,11.935915807277597,28.59,0,1,1,21
155,Chile,1995,0,presidential,12.039455240287422,30.373,0,1,1,22
155,Chile,1996,0,presidential,11.037581414788766,31.88,0,1,1,23
155,Chile,1997,0,presidential,9.343844191977757,33.012,0,1,1,24
155,Chile,1998,0,presidential,6.4271959427252945,33.492,0,1,1,25
155,Chile,1999,0,presidential,3.04536289701014,33.424,0,1,1,26
155,Chile,2000,0,presidential,2.50664961791085,33.991,0,1,1,27
155,Chile,2001,0,presidential,2.316866024445585,34.455,0,1,1,28
155,Chile,2002,0,presidential,3.046316443891839,35.139,0,1,1,29
155,Chile,2003,0,presidential,4.356413914188528,36.138,0,1,1,30
155,Chile,2004,0,presidential,6.578102650162743,37.851,0,1,1,31
155,Chile,2005,0,presidential,8.671834118262666,39.873,0,1,1,32
155,Chile,2006,0,presidential,10.155256589378503,42.102,0,1,1,33
155,Chile,2007,0,presidential,9.244013288770203,43.603,0,1,1,34
155,Chile,2008,0,presidential,6.7031496669362145,44.339,0,1,1,35
155,Chile,2009,0,presidential,4.490987300286764,44.891,0,1,1,36
155,Chile,2010,0,presidential,5.561618384501599,46.817,0,1,1,37
155,Chile,2011,0,presidential,6.86525095849162,48.834,0,1,1,38
155,Chile,2012,0,presidential,7.26788399935423,50.497,0,1,1,39
155,Chile,2013,0,presidential,6.3843377068635965,51.633,0,1,1,40
155,Chile,2014,0,presidential,4.054724973774615,51.977,0,1,1,41
155,Chile,2015,0,presidential,1.7891341203064126,51.875,0,1,1,42
155,Chile,2016,0,presidential,0.7280565387463467,51.965,0,1,1,43
155,Chile,2017,0,presidential,0.8535135280739903,52.417,0,1,1,44
155,Chile,2018,0,presidential,1.2981542467641827,52.906,0,1,1,45
155,Chile,2019,0,presidential,1.266184746305532,53.121,0,1,1,46
155,Chile,2020,0,presidential,NA,NA,0,1,1,47
160,Argentina,1950,0,presidential,-3.0580127886558617,17.556,0,0,0,0
160,Argentina,1951,1,presidential,-3.912083522872256,17.321,0,1,1,0
160,Argentina,1952,0,personal,-4.187430942341097,16.996,0,1,1,1
160,Argentina,1953,0,personal,-1.7694345378025944,17.132,0,1,1,2
160,Argentina,1954,0,personal,0.45278736364267047,17.349,0,1,1,3
160,Argentina,1955,2,personal,1.439032302915133,17.51,2,2,1,0
160,Argentina,1956,1,military,2.6964143793409168,17.832,0,3,1,0
160,Argentina,1957,0,military,4.007395476509146,18.339,0,3,1,1
160,Argentina,1958,0,military,4.35581796914164,18.735,0,3,1,2
160,Argentina,1959,0,military,4.439783254675755,19.12,0,3,1,3
160,Argentina,1960,1,military,7.72614063907584,20.329,0,4,1,0
160,Argentina,1961,1,military,8.124993598738195,21.114,0,5,1,0
160,Argentina,1962,2,military,5.427621758254864,21.188,0,6,1,0
160,Argentina,1963,1,military,3.470019304832017,21.332,0,7,1,0
160,Argentina,1964,0,military,4.857686081096335,22.281,0,7,1,1
160,Argentina,1965,0,military,6.735144141422467,23.318,0,7,1,2
160,Argentina,1966,2,military,6.059386819023094,23.724,0,8,1,0
160,Argentina,1967,0,military,5.308987051888225,24.188,0,8,1,1
160,Argentina,1968,0,military,5.315583768771703,24.952,0,8,1,2
160,Argentina,1969,0,military,6.595060657869989,26.061,0,8,1,3
160,Argentina,1970,2,military,7.138034836342255,26.978,0,9,1,0
160,Argentina,1971,2,military,6.940351902999731,27.8,0,10,1,0
160,Argentina,1972,0,military,5.995486067142886,28.46,0,10,1,1
160,Argentina,1973,0,military,5.811537962174862,29.339,0,10,1,2
160,Argentina,1974,0,presidential,5.6212209322692885,30.15,0,10,1,3
160,Argentina,1975,1,presidential,3.2242804842933737,30.113,0,11,1,0
160,Argentina,1976,2,presidential,1.5941363857243207,30.106,3,12,1,0
160,Argentina,1977,0,military,1.3613416274825818,30.438,3,12,1,1
160,Argentina,1978,0,military,-0.15833162193853445,30.142,3,12,1,2
160,Argentina,1979,0,military,0.8808447651521112,30.533,3,12,1,3
160,Argentina,1980,0,military,0.40678278985746275,30.459,3,12,1,4
160,Argentina,1981,0,military,-1.7368546276469221,29.736,0,12,1,5
160,Argentina,1982,0,military,-2.4519368436474065,29.297,1,12,1,6
160,Argentina,1983,0,military,-1.6497674262958784,29.39,0,12,1,7
160,Argentina,1984,0,presidential,-1.056601736713192,29.329,0,12,1,8
160,Argentina,1985,0,presidential,-1.8016788370982084,28.778,0,12,1,9
160,Argentina,1986,0,presidential,-0.2700590839924799,29.1,0,12,1,10
160,Argentina,1987,0,presidential,-0.3385454220830586,29.026,0,12,1,11
160,Argentina,1988,1,presidential,-1.506777389357905,28.513,0,13,1,0
160,Argentina,1989,0,presidential,-3.3021175483961107,27.673,0,13,1,1
160,Argentina,1990,0,presidential,-1.300315249215389,28.115,0,13,1,2
160,Argentina,1991,0,presidential,3.854247502394492,29.71,0,13,1,3
160,Argentina,1992,0,presidential,8.98359261393258,31.777,0,13,1,4
160,Argentina,1993,0,presidential,11.224192115417786,33.551,0,13,1,5
160,Argentina,1994,0,presidential,10.297514698529842,34.856,0,13,1,6
160,Argentina,1995,0,presidential,6.684551890363166,35.233,0,13,1,7
160,Argentina,1996,0,presidential,5.770630396683529,36.332,0,13,1,8
160,Argentina,1997,0,presidential,5.630469449969833,37.491,0,13,1,9
160,Argentina,1998,0,presidential,4.13709633052759,37.858,0,13,1,10
160,Argentina,1999,0,presidential,0.4970876320898876,36.957,0,13,1,11
160,Argentina,2000,0,presidential,-2.773713133678002,35.88,0,13,1,12
160,Argentina,2001,0,presidential,-6.33191844076647,34.16,0,13,1,13
160,Argentina,2002,0,presidential,-9.643903487438198,31.951,0,13,1,14
160,Argentina,2003,0,presidential,-4.803523982659774,32.676,0,13,1,15
160,Argentina,2004,0,presidential,2.0431683589640537,34.531,0,13,1,16
160,Argentina,2005,0,presidential,8.252330187237767,36.84,0,13,1,17
160,Argentina,2006,0,presidential,11.76040697242886,39.149,0,13,1,18
160,Argentina,2007,0,presidential,11.979124327312341,41.325,0,13,1,19
160,Argentina,2008,0,presidential,9.911678115799806,42.784,0,13,1,20
160,Argentina,2009,0,presidential,5.704912864869138,42.92,0,13,1,21
160,Argentina,2010,0,presidential,6.2729822965237325,44.854,0,13,1,22
160,Argentina,2011,0,presidential,6.1631594383546595,46.333,0,13,1,23
160,Argentina,2012,0,presidential,4.036836073206529,46.477,0,13,1,24
160,Argentina,2013,0,presidential,2.169535735214412,46.377,0,13,1,25
160,Argentina,2014,0,presidential,-1.1285766595177105,45.363,0,13,1,26
160,Argentina,2015,0,presidential,-3.0074334180620776,44.416,0,13,1,27
160,Argentina,2016,0,presidential,-3.4269633137767763,43.719,0,13,1,28
160,Argentina,2017,0,presidential,-1.9499179899263863,43.878,0,13,1,29
160,Argentina,2018,0,presidential,-1.6939556582195259,43.409,0,13,1,30
160,Argentina,2019,0,presidential,-1.757986057036065,42.896,0,13,1,31
160,Argentina,2020,0,presidential,NA,NA,0,13,1,32
165,Uruguay,1950,0,presidential,11.076582585495999,14.655,0,0,0,0
165,Uruguay,1951,0,presidential,11.840679582195634,15.483,0,0,0,1
165,Uruguay,1952,0,presidential,9.115850716225715,15.829,0,0,0,2
165,Uruguay,1953,0,presidential,7.86982248520709,16.407,0,0,0,3
165,Uruguay,1954,0,presidential,6.27943088712426,16.837,0,0,0,4
165,Uruguay,1955,0,presidential,4.0189415315160515,16.958,0,0,0,5
165,Uruguay,1956,0,presidential,2.1318133066605682,16.95,0,0,0,6
165,Uruguay,1957,0,presidential,0.09528346831826351,16.808,0,0,0,7
165,Uruguay,1958,0,presidential,-2.034184778727355,16.461,0,0,0,8
165,Uruguay,1959,0,presidential,-1.598574793452645,16.46,0,0,0,9
165,Uruguay,1960,0,presidential,3.124813999166731,17.326,0,0,0,10
165,Uruguay,1961,0,presidential,4.6938005517956904,17.759,0,0,0,11
165,Uruguay,1962,0,presidential,3.888539409613001,17.836,0,0,0,12
165,Uruguay,1963,0,presidential,1.9814589595906318,17.777,0,0,0,13
165,Uruguay,1964,0,presidential,0.9415111592779413,17.883,0,0,0,14
165,Uruguay,1965,0,presidential,0.3735193826274186,17.897,0,0,0,15
165,Uruguay,1966,0,presidential,0.32581678124370406,17.921,0,0,0,16
165,Uruguay,1967,0,presidential,-0.6569433078104536,17.723,0,0,0,17
165,Uruguay,1968,0,presidential,0.30442763128442074,17.924,0,0,0,18
165,Uruguay,1969,0,presidential,2.4288750180802676,18.412,0,0,0,19
165,Uruguay,1970,0,presidential,3.9179001815880854,18.885,0,0,0,20
165,Uruguay,1971,0,presidential,3.4143424128744604,19.021,0,0,0,21
165,Uruguay,1972,0,presidential,1.8683369441643949,18.996,0,0,0,22
165,Uruguay,1973,2,presidential,2.5101069275995647,19.423,0,1,1,0
165,Uruguay,1974,0,military,3.89334052976833,20.019,0,1,1,1
165,Uruguay,1975,0,military,5.296413684864909,20.664,0,1,1,2
165,Uruguay,1976,2,military,6.222620469932294,21.338,0,2,1,0
165,Uruguay,1977,0,military,6.116882363182641,21.942,0,2,1,1
165,Uruguay,1978,0,military,7.058283959977163,22.876,0,2,1,2
165,Uruguay,1979,0,military,8.20592429466236,23.978,0,2,1,3
165,Uruguay,1980,0,military,8.089188037532736,24.859,0,2,1,4
165,Uruguay,1981,0,military,4.934574077667442,24.876,0,2,1,5
165,Uruguay,1982,0,military,-1.5673720533821212,23.676,0,2,1,6
165,Uruguay,1983,0,military,-6.67201162528499,22.35,0,2,1,7
165,Uruguay,1984,0,military,-6.873783767707076,21.918,0,2,1,8
165,Uruguay,1985,0,presidential,-3.5862740664730275,22.174,0,2,1,9
165,Uruguay,1986,0,presidential,2.2439377488237433,23.165,0,2,1,10
165,Uruguay,1987,0,presidential,6.247693037807811,24.179,0,2,1,11
165,Uruguay,1988,0,presidential,6.103423913979977,24.63,0,2,1,12
165,Uruguay,1989,0,presidential,4.476671399884058,24.869,0,2,1,13
165,Uruguay,1990,0,presidential,2.809449593962765,25.067,0,2,1,14
165,Uruguay,1991,0,presidential,3.748826234560476,25.854,0,2,1,15
165,Uruguay,1992,0,presidential,6.550954041452806,27.195,0,2,1,16
165,Uruguay,1993,0,presidential,7.810655394340982,28.31,0,2,1,17
165,Uruguay,1994,0,presidential,8.681903753382759,29.558,0,2,1,18
165,Uruguay,1995,0,presidential,6.627087145876787,30.065,0,2,1,19
165,Uruguay,1996,0,presidential,6.25461708938686,31.068,0,2,1,20
165,Uruguay,1997,0,presidential,6.334976347216248,32.144,0,2,1,21
165,Uruguay,1998,0,presidential,5.181956685244815,32.724,0,2,1,22
165,Uruguay,1999,0,presidential,1.857352309209026,32.235,0,2,1,23
165,Uruguay,2000,0,presidential,-1.664055155123778,31.379,0,2,1,24
165,Uruguay,2001,0,presidential,-4.927890676213997,30.166,0,2,1,25
165,Uruguay,2002,0,presidential,-7.5961928819522795,28.679,0,2,1,26
165,Uruguay,2003,0,presidential,-5.977323962339209,28.361,0,2,1,27
165,Uruguay,2004,0,presidential,-1.6426756985605362,29.04,0,2,1,28
165,Uruguay,2005,0,presidential,3.688804036547122,30.414,0,2,1,29
165,Uruguay,2006,0,presidential,7.555534594161206,31.927,0,2,1,30
165,Uruguay,2007,0,presidential,10.014265149393253,33.779,0,2,1,31
165,Uruguay,2008,0,presidential,11.596253747183782,35.961,0,2,1,32
165,Uruguay,2009,0,presidential,11.75028512974874,38.017,0,2,1,33
165,Uruguay,2010,0,presidential,12.651684894735693,40.624,0,2,1,34
165,Uruguay,2011,0,presidential,11.919570232198073,42.792,0,2,1,35
165,Uruguay,2012,0,presidential,10.235304023099513,44.515,0,2,1,36
165,Uruguay,2013,0,presidential,8.443286709326703,45.96,0,2,1,37
165,Uruguay,2014,0,presidential,5.903816517088201,46.729,0,2,1,38
165,Uruguay,2015,0,presidential,2.2697643175018545,46.283,0,2,1,39
165,Uruguay,2016,0,presidential,1.0406293350496032,46.47,0,2,1,40
165,Uruguay,2017,0,presidential,1.5102221496383406,47.239,0,2,1,41
165,Uruguay,2018,0,presidential,1.7366339759149252,47.698,0,2,1,42
165,Uruguay,2019,0,presidential,1.6900954127194279,47.918,0,2,1,43
165,Uruguay,2020,0,presidential,NA,NA,0,2,1,44
200,United Kingdom,1950,0,parliamentary,2.997519883691102,24.087,1,0,0,0
200,United Kingdom,1951,0,parliamentary,3.975328460986005,24.612,1,0,0,1
200,United Kingdom,1952,0,parliamentary,3.837143616667782,24.999,1,0,0,2
200,United Kingdom,1953,0,parliamentary,4.608991925319383,25.729,1,0,0,3
200,United Kingdom,1954,0,parliamentary,5.2886485799807925,26.522,1,0,0,4
200,United Kingdom,1955,0,parliamentary,5.702606662589305,27.307,0,0,0,5
200,United Kingdom,1956,0,parliamentary,4.863761762594021,27.748,0,0,0,6
200,United Kingdom,1957,0,parliamentary,4.074885804313988,28.207,0,0,0,7
200,United Kingdom,1958,0,parliamentary,3.56196240150799,28.679,0,0,0,8
200,United Kingdom,1959,0,parliamentary,5.0600131245633895,29.778,0,0,0,9
200,United Kingdom,1960,0,parliamentary,8.084129757133551,31.553,0,0,0,10
200,United Kingdom,1961,0,parliamentary,8.252034675644882,32.667,0,0,0,11
200,United Kingdom,1962,0,parliamentary,6.769197235649349,33.309,0,0,0,12
200,United Kingdom,1963,0,parliamentary,6.026564666270562,34.261,0,0,0,13
200,United Kingdom,1964,0,parliamentary,5.794483096931646,35.369,0,0,0,14
200,United Kingdom,1965,0,parliamentary,5.202019319789675,36.135,0,0,0,15
200,United Kingdom,1966,0,parliamentary,4.5506502960026785,36.769,0,0,0,16
200,United Kingdom,1967,0,parliamentary,4.215144531141535,37.531,0,0,0,17
200,United Kingdom,1968,0,parliamentary,4.601466568316925,38.572,0,0,0,18
200,United Kingdom,1969,0,parliamentary,4.45590023200626,39.35,2,0,0,19
200,United Kingdom,1970,0,parliamentary,4.344820057494281,40.145,2,0,0,20
200,United Kingdom,1971,0,parliamentary,4.663807471848447,41.194,2,0,0,21
200,United Kingdom,1972,0,parliamentary,5.465382442997702,42.573,2,0,0,22
200,United Kingdom,1973,0,parliamentary,5.925289409402068,43.884,2,0,0,23
200,United Kingdom,1974,0,parliamentary,4.558759067320883,44.367,2,0,0,24
200,United Kingdom,1975,0,parliamentary,3.341726850955129,44.816,2,0,0,25
200,United Kingdom,1976,0,parliamentary,3.5268145352433056,45.863,2,0,0,26
200,United Kingdom,1977,0,parliamentary,4.233483001924321,47.125,2,0,0,27
200,United Kingdom,1978,0,parliamentary,5.599986144007074,48.776,2,0,0,28
200,United Kingdom,1979,0,parliamentary,5.775813253775741,50.062,2,0,0,29
200,United Kingdom,1980,0,parliamentary,3.9794873488802285,50.366,2,0,0,30
200,United Kingdom,1981,0,parliamentary,2.3152649489547983,50.511,2,0,0,31
200,United Kingdom,1982,0,parliamentary,2.1153838491299704,51.256,3,0,0,32
200,United Kingdom,1983,0,parliamentary,3.176628056223918,52.572,2,0,0,33
200,United Kingdom,1984,0,parliamentary,4.156353454410455,53.863,2,0,0,34
200,United Kingdom,1985,0,parliamentary,5.127602112034957,55.43,2,0,0,35
200,United Kingdom,1986,0,parliamentary,5.814723431644908,57.21,2,0,0,36
200,United Kingdom,1987,0,parliamentary,6.6946733451823,59.43,2,0,0,37
200,United Kingdom,1988,0,parliamentary,7.108574528912159,61.593,2,0,0,38
200,United Kingdom,1989,0,parliamentary,6.206308437990837,63.019,2,0,0,39
200,United Kingdom,1990,0,parliamentary,4.236317763203212,63.541,2,0,0,40
200,United Kingdom,1991,0,parliamentary,1.815754768567679,63.307,2,0,0,41
200,United Kingdom,1992,0,parliamentary,1.0724370974394715,63.71,2,0,0,42
200,United Kingdom,1993,0,parliamentary,1.917437472134842,64.921,2,0,0,43
200,United Kingdom,1994,0,parliamentary,3.521268836227631,66.706,2,0,0,44
200,United Kingdom,1995,0,parliamentary,4.6456172960281705,68.46,0,0,0,45
200,United Kingdom,1996,0,parliamentary,5.345991927303828,70.416,0,0,0,46
200,United Kingdom,1997,0,parliamentary,5.843936329566191,72.639,0,0,0,47
200,United Kingdom,1998,0,parliamentary,5.979538540846452,74.833,0,0,0,48
200,United Kingdom,1999,0,parliamentary,6.043596220413527,77.078,0,0,0,49
200,United Kingdom,2000,0,parliamentary,5.843805288448678,79.208,0,0,0,50
200,United Kingdom,2001,0,parliamentary,5.394296522624753,81.13,0,0,0,51
200,United Kingdom,2002,0,parliamentary,4.634996847199324,82.638,0,0,0,52
200,United Kingdom,2003,0,parliamentary,4.062131963619442,84.118,0,0,0,53
200,United Kingdom,2004,0,parliamentary,3.804803364389975,85.7,0,0,0,54
200,United Kingdom,2005,0,parliamentary,3.797339059668059,87.393,0,0,0,55
200,United Kingdom,2006,0,parliamentary,3.261009145394711,88.454,0,0,0,56
200,United Kingdom,2007,0,parliamentary,2.255075011909402,88.866,0,0,0,57
200,United Kingdom,2008,0,parliamentary,0.25074665005671015,87.878,0,0,0,58
200,United Kingdom,2009,0,parliamentary,-2.1999507218338765,85.737,0,0,0,59
200,United Kingdom,2010,0,parliamentary,-2.113607249010574,85.428,0,0,0,60
200,United Kingdom,2011,0,parliamentary,-1.1569718101985038,85.723,0,0,0,61
200,United Kingdom,2012,0,parliamentary,0.05521823965179973,86.251,0,0,0,62
200,United Kingdom,2013,0,parliamentary,1.4414309774086753,87.336,0,0,0,63
200,United Kingdom,2014,0,parliamentary,1.7085248318394752,88.033,0,0,0,64
200,United Kingdom,2015,0,parliamentary,0.6495970199018153,87.542,0,0,0,65
200,United Kingdom,2016,0,parliamentary,3.0030426101866015,90.592,0,0,0,66
200,United Kingdom,2017,0,parliamentary,4.816171209844744,93.761,0,0,0,67
200,United Kingdom,2018,0,parliamentary,4.845562516056368,95.499,0,0,0,68
200,United Kingdom,2019,0,parliamentary,4.204507014334613,96.727,0,0,0,69
200,United Kingdom,2020,0,parliamentary,NA,NA,0,0,0,70
205,Ireland,1950,0,parliamentary,3.8471469145365367,12.066,0,0,0,0
205,Ireland,1951,0,parliamentary,4.647815780562148,12.361,0,0,0,1
205,Ireland,1952,0,parliamentary,5.509364100699221,12.766,0,0,0,2
205,Ireland,1953,0,parliamentary,5.662716558253367,13.125,0,0,0,3
205,Ireland,1954,0,parliamentary,4.989637631099675,13.374,0,0,0,4
205,Ireland,1955,0,parliamentary,4.440902891643805,13.631,0,0,0,5
205,Ireland,1956,0,parliamentary,3.1986557244235048,13.757,0,0,0,6
205,Ireland,1957,0,parliamentary,2.5563488317205563,13.905,0,0,0,7
205,Ireland,1958,0,parliamentary,2.3234836250418223,14.066,0,0,0,8
205,Ireland,1959,0,parliamentary,3.9165462272655605,14.524,0,0,0,9
205,Ireland,1960,0,parliamentary,5.9183702063863475,15.119,0,0,0,10
205,Ireland,1961,0,parliamentary,7.918662891986061,15.858,0,0,0,11
205,Ireland,1962,0,parliamentary,8.395240286634674,16.488,0,0,0,12
205,Ireland,1963,0,parliamentary,8.17046345225152,17.113,0,0,0,13
205,Ireland,1964,0,parliamentary,7.433344275449527,17.673,0,0,0,14
205,Ireland,1965,0,parliamentary,6.268548169522936,18.119,0,0,0,15
205,Ireland,1966,0,parliamentary,5.829092065800223,18.631,0,0,0,16
205,Ireland,1967,0,parliamentary,7.10911926887674,19.502,0,0,0,17
205,Ireland,1968,0,parliamentary,9.106483782611917,20.634,0,0,0,18
205,Ireland,1969,0,parliamentary,10.38421388683377,21.783,0,0,0,19
205,Ireland,1970,0,parliamentary,10.66267098458118,22.895,0,0,0,20
205,Ireland,1971,0,parliamentary,9.986020674686369,23.918,0,0,0,21
205,Ireland,1972,0,parliamentary,9.250468566624036,24.948,0,0,0,22
205,Ireland,1973,0,parliamentary,7.870754629978971,25.733,0,0,0,23
205,Ireland,1974,0,parliamentary,7.290743575283964,26.636,0,0,0,24
205,Ireland,1975,0,parliamentary,7.193021938367705,27.626,0,0,0,25
205,Ireland,1976,0,parliamentary,6.816632072714746,28.51,0,0,0,26
205,Ireland,1977,0,parliamentary,8.290855005703879,29.997,0,0,0,27
205,Ireland,1978,0,parliamentary,9.116874293755938,31.48,0,0,0,28
205,Ireland,1979,0,parliamentary,8.097751476135272,32.441,0,0,0,29
205,Ireland,1980,0,parliamentary,6.694937034181447,33.212,0,0,0,30
205,Ireland,1981,0,parliamentary,5.348118162740745,33.936,0,0,0,31
205,Ireland,1982,0,parliamentary,4.0331107821516055,34.436,0,0,0,32
205,Ireland,1983,0,parliamentary,3.135826596784219,34.83,0,0,0,33
205,Ireland,1984,0,parliamentary,3.463812519257936,35.593,0,0,0,34
205,Ireland,1985,0,parliamentary,4.098921786753373,36.495,0,0,0,35
205,Ireland,1986,0,parliamentary,4.626314611769966,37.406,0,0,0,36
205,Ireland,1987,0,parliamentary,6.3089210893854775,38.972,0,0,0,37
205,Ireland,1988,0,parliamentary,8.302201397243492,41.05,0,0,0,38
205,Ireland,1989,0,parliamentary,10.260344661693722,43.546,0,0,0,39
205,Ireland,1990,0,parliamentary,11.732867659118739,46.324,0,0,0,40
205,Ireland,1991,0,parliamentary,10.264362858899423,48.066,0,0,0,41
205,Ireland,1992,0,parliamentary,9.043807992730702,49.922,0,0,0,42
205,Ireland,1993,0,parliamentary,8.289684393140728,51.934,0,0,0,43
205,Ireland,1994,0,parliamentary,9.393846509054281,54.961,0,0,0,44
205,Ireland,1995,0,parliamentary,12.182896774169127,59.266,0,0,0,45
205,Ireland,1996,0,parliamentary,14.173326762514925,63.943,0,0,0,46
205,Ireland,1997,0,parliamentary,16.217009580231114,69.68,0,0,0,47
205,Ireland,1998,0,parliamentary,16.744188923389046,75.498,0,0,0,48
205,Ireland,1999,0,parliamentary,16.976306753474347,81.966,0,0,0,49
205,Ireland,2000,0,parliamentary,16.27180401172721,88.201,0,0,0,50
205,Ireland,2001,0,parliamentary,14.384240067500652,93.54,0,0,0,51
205,Ireland,2002,0,parliamentary,13.211505875860063,99.284,0,0,0,52
205,Ireland,2003,0,parliamentary,10.690928122968945,103.208,0,0,0,53
205,Ireland,2004,0,parliamentary,9.263583076729077,107.445,0,0,0,54
205,Ireland,2005,0,parliamentary,7.798784933171321,110.898,0,0,0,55
205,Ireland,2006,0,parliamentary,6.012859689330274,113.237,0,0,0,56
205,Ireland,2007,0,parliamentary,3.477239439599744,113.463,0,0,0,57
205,Ireland,2008,0,parliamentary,-1.2722256284488087,109.497,0,0,0,58
205,Ireland,2009,0,parliamentary,-4.0017493986442165,106.238,0,0,0,59
205,Ireland,2010,0,parliamentary,-3.863602755256479,105.318,0,0,0,60
205,Ireland,2011,0,parliamentary,-2.4772046046513285,105.286,0,0,0,61
205,Ireland,2012,0,parliamentary,-1.0496134735828222,105.19,0,0,0,62
205,Ireland,2013,0,parliamentary,1.4806421152030236,107.468,0,0,0,63
205,Ireland,2014,0,parliamentary,5.529605177317909,113.232,0,0,0,64
205,Ireland,2015,0,parliamentary,10.024872247094475,121.649,0,0,0,65
205,Ireland,2016,0,parliamentary,11.869092902202993,128.992,0,0,0,66
205,Ireland,2017,0,parliamentary,13.535177292636579,138.47,0,0,0,67
205,Ireland,2018,0,parliamentary,12.497300132679179,145.837,0,0,0,68
205,Ireland,2019,0,parliamentary,9.366191629254672,149.77,0,0,0,69
205,Ireland,2020,0,parliamentary,NA,NA,0,0,0,70
210,Netherlands,1950,0,parliamentary,12.661347101619347,19.202,0,0,0,0
210,Netherlands,1951,0,parliamentary,9.354059101395151,19.909,0,0,0,1
210,Netherlands,1952,0,parliamentary,7.709027828576809,20.614,0,0,0,2
210,Netherlands,1953,0,parliamentary,8.419809668671373,21.669,0,0,0,3
210,Netherlands,1954,0,parliamentary,9.039819395744274,22.701,0,0,0,4
210,Netherlands,1955,0,parliamentary,9.364071415424258,23.767,0,0,0,5
210,Netherlands,1956,0,parliamentary,8.277499713107872,24.532,0,0,0,6
210,Netherlands,1957,0,parliamentary,6.597950398627939,25.11,0,0,0,7
210,Netherlands,1958,0,parliamentary,5.275046614589751,25.633,0,0,0,8
210,Netherlands,1959,0,parliamentary,6.410796461583712,26.777,0,0,0,9
210,Netherlands,1960,0,parliamentary,9.860156435174217,28.737,0,0,0,10
210,Netherlands,1961,0,parliamentary,11.179010538641677,30.383,0,0,0,11
210,Netherlands,1962,0,parliamentary,10.913810065376794,31.793,0,0,0,12
210,Netherlands,1963,0,parliamentary,9.483359325745756,32.995,0,0,0,13
210,Netherlands,1964,0,parliamentary,9.458130563050005,34.728,0,0,0,14
210,Netherlands,1965,0,parliamentary,8.999404012979273,36.212,0,0,0,15
210,Netherlands,1966,0,parliamentary,7.93330752832293,37.365,0,0,0,16
210,Netherlands,1967,0,parliamentary,7.889931679052475,38.879,0,0,0,17
210,Netherlands,1968,0,parliamentary,8.501130469477314,40.791,0,0,0,18
210,Netherlands,1969,0,parliamentary,8.820286096447782,42.631,0,0,0,19
210,Netherlands,1970,0,parliamentary,8.160440563662341,44.073,0,0,0,20
210,Netherlands,1971,0,parliamentary,8.660676483040897,46.196,0,0,0,21
210,Netherlands,1972,0,parliamentary,7.915682830918702,47.806,0,0,0,22
210,Netherlands,1973,0,parliamentary,6.848057367383609,49.111,0,0,0,23
210,Netherlands,1974,0,parliamentary,8.067872981042633,51.613,0,0,0,24
210,Netherlands,1975,0,parliamentary,6.980959185568225,53.005,0,0,0,25
210,Netherlands,1976,0,parliamentary,6.587490288400355,54.602,0,0,0,26
210,Netherlands,1977,0,parliamentary,5.814459518268333,55.924,0,0,0,27
210,Netherlands,1978,0,parliamentary,4.702181685891604,56.985,0,0,0,28
210,Netherlands,1979,0,parliamentary,3.9128060696631772,57.852,0,0,0,29
210,Netherlands,1980,0,parliamentary,2.5708400640505724,58.163,0,0,0,30
210,Netherlands,1981,0,parliamentary,0.8494790141021946,57.84,0,0,0,31
210,Netherlands,1982,0,parliamentary,-0.24135156878518638,57.536,0,0,0,32
210,Netherlands,1983,0,parliamentary,0.1800469296987517,57.978,0,0,0,33
210,Netherlands,1984,0,parliamentary,1.5568260437067716,59.01,0,0,0,34
210,Netherlands,1985,0,parliamentary,2.7897912784834,60.131,0,0,0,35
210,Netherlands,1986,0,parliamentary,3.684900319544937,61.391,0,0,0,36
210,Netherlands,1987,0,parliamentary,3.640702482085656,62.366,0,0,0,37
210,Netherlands,1988,0,parliamentary,3.881956177144019,63.7,0,0,0,38
210,Netherlands,1989,0,parliamentary,4.817754055762347,65.67,0,0,0,39
210,Netherlands,1990,0,parliamentary,5.627812192294757,67.797,0,0,0,40
210,Netherlands,1991,0,parliamentary,5.426632368233819,69.345,0,0,0,41
210,Netherlands,1992,0,parliamentary,4.676620752875427,70.569,0,0,0,42
210,Netherlands,1993,0,parliamentary,3.8783210460425765,71.691,0,0,0,43
210,Netherlands,1994,0,parliamentary,3.97271768587919,73.354,0,0,0,44
210,Netherlands,1995,0,parliamentary,4.621186473601546,75.403,0,0,0,45
210,Netherlands,1996,0,parliamentary,5.310769097231649,77.649,0,0,0,46
210,Netherlands,1997,0,parliamentary,6.052396483641953,80.249,0,0,0,47
210,Netherlands,1998,0,parliamentary,6.961405559486078,83.453,0,0,0,48
210,Netherlands,1999,0,parliamentary,7.463733452961918,86.717,0,0,0,49
210,Netherlands,2000,0,parliamentary,7.173818293284562,89.506,0,0,0,50
210,Netherlands,2001,0,parliamentary,5.93614293299205,91.382,0,0,0,51
210,Netherlands,2002,0,parliamentary,4.601186225725296,92.871,0,0,0,52
210,Netherlands,2003,0,parliamentary,3.10578017752976,93.645,0,0,0,53
210,Netherlands,2004,0,parliamentary,2.733475341414082,95.011,0,0,0,54
210,Netherlands,2005,0,parliamentary,3.3979962988960555,97.221,0,0,0,55
210,Netherlands,2006,0,parliamentary,4.194360144800302,99.704,0,0,0,56
210,Netherlands,2007,0,parliamentary,4.775522755227546,102.219,0,0,0,57
210,Netherlands,2008,0,parliamentary,4.022712523030991,103.544,0,0,0,58
210,Netherlands,2009,0,parliamentary,1.4615820081313347,102.518,0,0,0,59
210,Netherlands,2010,0,parliamentary,0.11977245194401132,102.149,0,0,0,60
210,Netherlands,2011,0,parliamentary,-0.2843918053027972,102.243,0,0,0,61
210,Netherlands,2012,0,parliamentary,-0.5789282605216162,101.872,0,0,0,62
210,Netherlands,2013,0,parliamentary,-0.11863139307709547,102.044,0,0,0,63
210,Netherlands,2014,0,parliamentary,-0.07525147514447772,101.981,0,0,0,64
210,Netherlands,2015,0,parliamentary,-0.5354342454165328,101.353,0,0,0,65
210,Netherlands,2016,0,parliamentary,0.3505335528911191,102.259,0,0,0,66
210,Netherlands,2017,0,parliamentary,1.557460051843651,103.901,0,0,0,67
210,Netherlands,2018,0,parliamentary,2.127072467372959,105.11,0,0,0,68
210,Netherlands,2019,0,parliamentary,1.7590728433357627,105.434,0,0,0,69
210,Netherlands,2020,0,parliamentary,NA,NA,0,0,0,70
211,Belgium,1950,0,parliamentary,10.189248491497537,19.284,0,0,0,0
211,Belgium,1951,0,parliamentary,9.318879027063609,20.027,0,0,0,1
211,Belgium,1952,0,parliamentary,6.928232073750107,20.391,0,0,0,2
211,Belgium,1953,0,parliamentary,5.9726548278791425,20.958,0,0,0,3
211,Belgium,1954,0,parliamentary,5.709537077772886,21.625,0,0,0,4
211,Belgium,1955,0,parliamentary,6.0328460224036595,22.339,0,0,0,5
211,Belgium,1956,0,parliamentary,5.817123319318029,22.902,0,0,0,6
211,Belgium,1957,0,parliamentary,4.79516163870688,23.288,0,0,0,7
211,Belgium,1958,0,parliamentary,4.049365365189517,23.691,0,0,0,8
211,Belgium,1959,0,parliamentary,5.175277858647442,24.566,0,0,0,9
211,Belgium,1960,0,parliamentary,8.885962514804424,26.294,0,0,0,10
211,Belgium,1961,0,parliamentary,10.336697386552828,27.704,0,0,0,11
211,Belgium,1962,0,parliamentary,10.510558551970028,29.013,0,0,0,12
211,Belgium,1963,0,parliamentary,9.611560290894294,30.205,0,0,0,13
211,Belgium,1964,0,parliamentary,9.047273731827765,31.579,0,0,0,14
211,Belgium,1965,0,parliamentary,7.937138130686527,32.624,0,0,0,15
211,Belgium,1966,0,parliamentary,7.049616667940195,33.623,0,0,0,16
211,Belgium,1967,0,parliamentary,7.020957900035607,34.867,0,0,0,17
211,Belgium,1968,0,parliamentary,7.765297073603317,36.457,0,0,0,18
211,Belgium,1969,0,parliamentary,8.96444692051437,38.335,0,0,0,19
211,Belgium,1970,0,parliamentary,9.466649222651057,40.162,0,0,0,20
211,Belgium,1971,0,parliamentary,9.481136255819166,42.002,0,0,0,21
211,Belgium,1972,0,parliamentary,9.62045465850867,44.074,0,0,0,22
211,Belgium,1973,0,parliamentary,9.826123652778374,46.324,0,0,0,23
211,Belgium,1974,0,parliamentary,9.036286522148917,48.126,0,0,0,24
211,Belgium,1975,0,parliamentary,6.849631297666714,49.063,0,0,0,25
211,Belgium,1976,0,parliamentary,6.730902275500328,50.91,0,0,0,26
211,Belgium,1977,0,parliamentary,5.674452187598877,52.103,0,0,0,27
211,Belgium,1978,0,parliamentary,5.406002026166723,53.479,0,0,0,28
211,Belgium,1979,0,parliamentary,5.093791545312731,54.703,0,0,0,29
211,Belgium,1980,0,parliamentary,4.864842615736942,56.049,0,0,0,30
211,Belgium,1981,0,parliamentary,2.6982156368685173,55.92,0,0,0,31
211,Belgium,1982,0,parliamentary,1.617409683466886,56.155,0,0,0,32
211,Belgium,1983,0,parliamentary,0.8086765222251602,56.271,0,0,0,33
211,Belgium,1984,0,parliamentary,1.2414391168829253,56.972,0,0,0,34
211,Belgium,1985,0,parliamentary,1.9510437129895308,57.71,0,0,0,35
211,Belgium,1986,0,parliamentary,3.3823950598310892,59.198,0,0,0,36
211,Belgium,1987,0,parliamentary,4.668379791539268,60.935,0,0,0,37
211,Belgium,1988,0,parliamentary,6.028321197275255,63.195,0,0,0,38
211,Belgium,1989,0,parliamentary,6.55207874247099,65.277,0,0,0,39
211,Belgium,1990,0,parliamentary,6.438386524822692,67.235,0,0,0,40
211,Belgium,1991,0,parliamentary,5.680589016175808,68.782,0,0,0,41
211,Belgium,1992,0,parliamentary,4.618309998116432,69.984,0,0,0,42
211,Belgium,1993,0,parliamentary,3.1220282942957978,70.487,0,0,0,43
211,Belgium,1994,0,parliamentary,3.191825253308078,71.902,0,0,0,44
211,Belgium,1995,0,parliamentary,3.502205625190391,73.393,0,0,0,45
211,Belgium,1996,0,parliamentary,3.4629655840389573,74.561,0,0,0,46
211,Belgium,1997,0,parliamentary,4.092123922766455,76.337,0,0,0,47
211,Belgium,1998,0,parliamentary,4.395560363825779,78.162,0,0,0,48
211,Belgium,1999,0,parliamentary,4.948511240798115,80.349,0,0,0,49
211,Belgium,2000,0,parliamentary,5.312437016381488,82.558,0,0,0,50
211,Belgium,2001,0,parliamentary,4.341441645828703,83.705,0,0,0,51
211,Belgium,2002,0,parliamentary,3.730212377589437,85.015,0,0,0,52
211,Belgium,2003,0,parliamentary,3.0548879164232767,86.097,0,0,0,53
211,Belgium,2004,0,parliamentary,3.159199766629972,87.701,0,0,0,54
211,Belgium,2005,0,parliamentary,3.098565436047185,88.972,0,0,0,55
211,Belgium,2006,0,parliamentary,3.032288404116401,90.267,0,0,0,56
211,Belgium,2007,0,parliamentary,3.066970088103149,91.669,0,0,0,57
211,Belgium,2008,0,parliamentary,2.3426376463178356,92.293,0,0,0,58
211,Belgium,2009,0,parliamentary,1.1953127401935104,92.161,0,0,0,59
211,Belgium,2010,0,parliamentary,0.8414805001819348,92.563,0,0,0,60
211,Belgium,2011,0,parliamentary,0.44606087929046634,92.686,0,0,0,61
211,Belgium,2012,0,parliamentary,0.25885110763188557,92.725,0,0,0,62
211,Belgium,2013,0,parliamentary,0.22832677730901807,92.798,0,0,0,63
211,Belgium,2014,0,parliamentary,0.05695411957344909,92.759,0,0,0,64
211,Belgium,2015,0,parliamentary,-0.9467916085729944,91.647,0,0,0,65
211,Belgium,2016,0,parliamentary,-0.12395406993345182,92.339,0,0,0,66
211,Belgium,2017,0,parliamentary,1.6937095407777214,94.35,0,0,0,67
211,Belgium,2018,0,parliamentary,2.457277775873301,95.641,0,0,0,68
211,Belgium,2019,0,parliamentary,2.7834484340845567,96.77,0,0,0,69
211,Belgium,2020,0,parliamentary,NA,NA,0,0,0,70
212,Luxembourg,1950,0,parliamentary,1.295469516211667,27.68,0,0,0,0
212,Luxembourg,1951,0,parliamentary,1.322370525458716,27.875,0,0,0,1
212,Luxembourg,1952,0,parliamentary,2.9424454223832885,28.632,0,0,0,2
212,Luxembourg,1953,0,parliamentary,2.2486150866549925,28.72,0,0,0,3
212,Luxembourg,1954,0,parliamentary,2.386939097484886,29.074,0,0,0,4
212,Luxembourg,1955,0,parliamentary,3.908210082752306,29.985,0,0,0,5
212,Luxembourg,1956,0,parliamentary,5.6484505210097735,31.187,0,0,0,6
212,Luxembourg,1957,0,parliamentary,6.5366653878209835,32.212,0,0,0,7
212,Luxembourg,1958,0,parliamentary,6.1151889043995045,32.991,0,0,0,8
212,Luxembourg,1959,0,parliamentary,5.898349061016761,33.958,0,0,0,9
212,Luxembourg,1960,0,parliamentary,7.260149324784404,35.599,0,0,0,10
212,Luxembourg,1961,0,parliamentary,7.026629807187601,36.702,0,0,0,11
212,Luxembourg,1962,0,parliamentary,6.09317982518176,37.505,0,0,0,12
212,Luxembourg,1963,0,parliamentary,5.810675938010701,38.59,0,0,0,13
212,Luxembourg,1964,0,parliamentary,5.992055906030291,39.92,0,0,0,14
212,Luxembourg,1965,0,parliamentary,5.202882964862576,40.695,0,0,0,15
212,Luxembourg,1966,0,parliamentary,4.43349505005477,41.373,0,0,0,16
212,Luxembourg,1967,0,parliamentary,4.413634079285789,42.384,0,0,0,17
212,Luxembourg,1968,0,parliamentary,6.0115052732502505,44.228,0,0,0,18
212,Luxembourg,1969,0,parliamentary,8.614744931342845,46.811,0,0,0,19
212,Luxembourg,1970,0,parliamentary,8.775448083224413,48.6,0,0,0,20
212,Luxembourg,1971,0,parliamentary,7.636329147212639,49.934,0,0,0,21
212,Luxembourg,1972,0,parliamentary,7.984929257670803,52.22,0,0,0,22
212,Luxembourg,1973,0,parliamentary,8.486023090733985,54.744,0,0,0,23
212,Luxembourg,1974,0,parliamentary,6.761095951226426,55.791,0,0,0,24
212,Luxembourg,1975,0,parliamentary,2.4846461799546304,54.834,0,0,0,25
212,Luxembourg,1976,0,parliamentary,1.7260630022147838,55.576,0,0,0,26
212,Luxembourg,1977,0,parliamentary,1.7229320489155375,56.431,0,0,0,27
212,Luxembourg,1978,0,parliamentary,3.24769752787204,57.936,0,0,0,28
212,Luxembourg,1979,0,parliamentary,3.995334841405751,59.029,0,0,0,29
212,Luxembourg,1980,0,parliamentary,3.0195012344309102,59.42,0,0,0,30
212,Luxembourg,1981,0,parliamentary,1.97494392472235,59.648,0,0,0,31
212,Luxembourg,1982,0,parliamentary,1.7597732372741204,60.312,0,0,0,32
212,Luxembourg,1983,0,parliamentary,2.99573702790914,61.851,0,0,0,33
212,Luxembourg,1984,0,parliamentary,5.045662773297166,64.16,0,0,0,34
212,Luxembourg,1985,0,parliamentary,6.921867309302665,66.907,0,0,0,35
212,Luxembourg,1986,0,parliamentary,9.798265564616049,71.256,0,0,0,36
212,Luxembourg,1987,0,parliamentary,10.965319195935486,75.351,0,0,0,37
212,Luxembourg,1988,0,parliamentary,12.990358000016734,81.069,0,0,0,38
212,Luxembourg,1989,0,parliamentary,15.39275027025897,88.383,0,0,0,39
212,Luxembourg,1990,0,parliamentary,16.688173399244178,96.215,0,0,0,40
212,Luxembourg,1991,0,parliamentary,15.788133549952788,102.771,0,0,0,41
212,Luxembourg,1992,0,parliamentary,11.780672380474687,106.085,0,0,0,42
212,Luxembourg,1993,0,parliamentary,9.007687598877467,109.694,0,0,0,43
212,Luxembourg,1994,0,parliamentary,6.740774031323071,112.578,0,0,0,44
212,Luxembourg,1995,0,parliamentary,4.7474893790235395,114.255,0,0,0,45
212,Luxembourg,1996,0,parliamentary,3.6726887204687753,115.78,0,0,0,46
212,Luxembourg,1997,0,parliamentary,4.858168729852275,120.028,0,0,0,47
212,Luxembourg,1998,0,parliamentary,7.088927955701618,126.094,0,0,0,48
212,Luxembourg,1999,0,parliamentary,9.67666308168511,133.795,0,0,0,49
212,Luxembourg,2000,0,parliamentary,10.227558658866442,140.183,0,0,0,50
212,Luxembourg,2001,0,parliamentary,7.621542263859982,142.653,0,0,0,51
212,Luxembourg,2002,0,parliamentary,5.516410255664761,145.168,0,0,0,52
212,Luxembourg,2003,0,parliamentary,3.377019829772343,146.429,0,0,0,53
212,Luxembourg,2004,0,parliamentary,2.155743200190585,147.499,0,0,0,54
212,Luxembourg,2005,0,parliamentary,2.4854694266897903,149.984,0,0,0,55
212,Luxembourg,2006,0,parliamentary,3.754471450653618,154.247,0,0,0,56
212,Luxembourg,2007,0,parliamentary,4.688156750369443,158.407,0,0,0,57
212,Luxembourg,2008,0,parliamentary,2.2958671523216845,156.937,0,0,0,58
212,Luxembourg,2009,0,parliamentary,-0.6475543088162894,153.642,0,0,0,59
212,Luxembourg,2010,0,parliamentary,-0.8743899081742668,154.109,0,0,0,60
212,Luxembourg,2011,0,parliamentary,-1.0198381233845755,153.793,0,0,0,61
212,Luxembourg,2012,0,parliamentary,-0.5923897414108037,153.477,0,0,0,62
212,Luxembourg,2013,0,parliamentary,0.6102985774419256,154.93,0,0,0,63
212,Luxembourg,2014,0,parliamentary,2.167744234324487,158.275,0,0,0,64
212,Luxembourg,2015,0,parliamentary,2.4099859668458734,159.82,0,0,0,65
212,Luxembourg,2016,0,parliamentary,3.364270610430875,163.268,0,0,0,66
212,Luxembourg,2017,0,parliamentary,5.682864646659946,170.536,0,0,0,67
212,Luxembourg,2018,0,parliamentary,6.006193671914284,175.397,0,0,0,68
212,Luxembourg,2019,0,parliamentary,6.499900010587112,181.069,0,0,0,69
212,Luxembourg,2020,0,parliamentary,NA,NA,0,0,0,70
220,France,1950,0,parliamentary,17.135598602731015,18.443,2,0,0,0
220,France,1951,0,parliamentary,13.961470197585712,19.391,2,0,0,1
220,France,1952,0,parliamentary,10.658587463991264,20.052,2,0,0,2
220,France,1953,0,parliamentary,8.12775169153863,20.679,2,0,0,3
220,France,1954,0,parliamentary,7.202495825292221,21.442,5,0,0,4
220,France,1955,0,parliamentary,7.3519217438188456,22.3,3,0,0,5
220,France,1956,0,parliamentary,7.850146232765409,23.232,3,0,0,6
220,France,1957,0,parliamentary,8.037526942305462,24.16,3,0,0,7
220,France,1958,0,parliamentary,7.549802340903811,24.975,3,0,0,8
220,France,1959,0,presidential,7.987908402004207,26.078,3,0,0,9
220,France,1960,0,presidential,11.433014675118613,28.232,3,0,0,10
220,France,1961,0,presidential,11.149954140165708,29.569,3,0,0,11
220,France,1962,0,presidential,10.582048438450254,30.911,3,0,0,12
220,France,1963,0,presidential,9.679964092868909,32.256,0,0,0,13
220,France,1964,0,presidential,8.83933595038382,33.659,0,0,0,14
220,France,1965,0,presidential,8.293716956222607,34.944,0,0,0,15
220,France,1966,0,presidential,8.130613215963844,36.36,0,0,0,16
220,France,1967,0,presidential,8.102473296395708,37.851,0,0,0,17
220,France,1968,0,presidential,8.368251321764685,39.518,0,0,0,18
220,France,1969,0,presidential,9.382307348729668,41.632,0,0,0,19
220,France,1970,0,presidential,9.641805445280859,43.637,0,0,0,20
220,France,1971,0,presidential,8.913533816506437,45.293,0,0,0,21
220,France,1972,0,presidential,8.539942367357467,47.158,0,0,0,22
220,France,1973,0,presidential,8.780642434488573,49.416,0,0,0,23
220,France,1974,0,presidential,7.157832320365953,50.601,0,0,0,24
220,France,1975,0,presidential,5.705014217465765,51.598,0,0,0,25
220,France,1976,0,presidential,5.681105829888211,53.273,0,0,0,26
220,France,1977,0,presidential,5.804194996940915,54.993,0,0,0,27
220,France,1978,0,presidential,6.013920036541021,56.632,0,0,0,28
220,France,1979,0,presidential,5.5806361108985625,57.953,0,0,0,29
220,France,1980,0,presidential,4.359219267628434,58.782,0,0,0,30
220,France,1981,0,presidential,2.8507925244957377,59.139,0,0,0,31
220,France,1982,0,presidential,2.370324765276277,59.859,0,0,0,32
220,France,1983,0,presidential,1.9435673156481537,60.372,0,0,0,33
220,France,1984,0,presidential,1.58994639953427,60.726,0,0,0,34
220,France,1985,0,presidential,1.8678199039558585,61.432,0,0,0,35
220,France,1986,0,presidential,3.0249430878330763,62.906,0,0,0,36
220,France,1987,0,presidential,3.841559866998101,64.334,0,0,0,37
220,France,1988,0,presidential,4.8201552844240325,66.152,0,0,0,38
220,France,1989,0,presidential,5.3144331653341315,67.995,0,0,0,39
220,France,1990,0,presidential,5.055361481463572,69.529,0,0,0,40
220,France,1991,0,presidential,3.970198391706159,70.361,0,0,0,41
220,France,1992,0,presidential,2.90823202098216,71.018,0,0,0,42
220,France,1993,0,presidential,1.8401667428049384,71.337,0,0,0,43
220,France,1994,0,presidential,1.9190030098136468,72.262,0,0,0,44
220,France,1995,0,presidential,2.2149266064778406,73.228,0,0,0,45
220,France,1996,0,presidential,2.4921146102048652,74.217,0,0,0,46
220,France,1997,0,presidential,3.374216407740538,75.856,0,0,0,47
220,France,1998,0,presidential,4.242208379975043,77.851,0,0,0,48
220,France,1999,0,presidential,4.910802137914927,79.967,0,0,0,49
220,France,2000,0,presidential,5.156582625868844,81.999,0,0,0,50
220,France,2001,0,presidential,4.342452910594052,83.249,0,0,0,51
220,France,2002,0,presidential,2.8026812103805865,83.616,0,0,0,52
220,France,2003,0,presidential,1.6265382816797125,83.886,0,0,0,53
220,France,2004,0,presidential,1.6277293439039164,84.887,0,0,0,54
220,France,2005,0,presidential,1.8236216661249083,85.831,0,0,0,55
220,France,2006,0,presidential,2.2728609025120416,86.971,0,0,0,56
220,France,2007,0,presidential,2.683940789060446,88.278,0,0,0,57
220,France,2008,0,presidential,1.6884952980943613,88.325,0,0,0,58
220,France,2009,0,presidential,0.30634353029461714,87.686,0,0,0,59
220,France,2010,0,presidential,0.14570787847050237,87.975,0,0,0,60
220,France,2011,0,presidential,0.43284249115826956,88.543,0,0,0,61
220,France,2012,0,presidential,0.4603677955613339,88.64,0,0,0,62
220,France,2013,0,presidential,0.4592786516955716,88.718,0,0,0,63
220,France,2014,0,presidential,-0.18274630605935593,88.267,0,0,0,64
220,France,2015,0,presidential,-1.0027105794118252,87.435,0,0,0,65
220,France,2016,0,presidential,-0.383758749109786,87.842,0,0,0,66
220,France,2017,0,presidential,1.4567687249540162,89.675,0,0,0,67
220,France,2018,0,presidential,2.1502106282805133,90.691,0,0,0,68
220,France,2019,0,presidential,2.437181267173294,91.636,0,0,0,69
220,France,2020,0,presidential,NA,NA,0,0,0,70
221,Monaco,1950,0,other,NA,NA,0,0,0,0
221,Monaco,1951,0,other,NA,NA,0,0,0,1
221,Monaco,1952,0,other,NA,NA,0,0,0,2
221,Monaco,1953,0,other,NA,NA,0,0,0,3
221,Monaco,1954,0,other,NA,NA,0,0,0,4
221,Monaco,1955,0,other,NA,NA,0,0,0,5
221,Monaco,1956,0,other,NA,NA,0,0,0,6
221,Monaco,1957,0,other,NA,NA,0,0,0,7
221,Monaco,1958,0,other,NA,NA,0,0,0,8
221,Monaco,1959,0,other,NA,NA,0,0,0,9
221,Monaco,1960,0,other,NA,NA,0,0,0,10
221,Monaco,1961,0,other,NA,NA,0,0,0,11
221,Monaco,1962,0,other,NA,NA,0,0,0,12
221,Monaco,1963,0,other,NA,NA,0,0,0,13
221,Monaco,1964,0,other,NA,NA,0,0,0,14
221,Monaco,1965,0,other,NA,NA,0,0,0,15
221,Monaco,1966,0,other,NA,NA,0,0,0,16
221,Monaco,1967,0,other,NA,NA,0,0,0,17
221,Monaco,1968,0,other,NA,NA,0,0,0,18
221,Monaco,1969,0,other,NA,NA,0,0,0,19
221,Monaco,1970,0,other,NA,NA,0,0,0,20
221,Monaco,1971,0,other,NA,NA,0,0,0,21
221,Monaco,1972,0,other,NA,NA,0,0,0,22
221,Monaco,1973,0,other,NA,NA,0,0,0,23
221,Monaco,1974,0,other,NA,NA,0,0,0,24
221,Monaco,1975,0,other,NA,NA,0,0,0,25
221,Monaco,1976,0,other,NA,NA,0,0,0,26
221,Monaco,1977,0,other,NA,NA,0,0,0,27
221,Monaco,1978,0,other,NA,NA,0,0,0,28
221,Monaco,1979,0,other,NA,NA,0,0,0,29
221,Monaco,1980,0,other,NA,NA,0,0,0,30
221,Monaco,1981,0,other,NA,NA,0,0,0,31
221,Monaco,1982,0,other,NA,NA,0,0,0,32
221,Monaco,1983,0,other,NA,NA,0,0,0,33
221,Monaco,1984,0,other,NA,NA,0,0,0,34
221,Monaco,1985,0,other,NA,NA,0,0,0,35
221,Monaco,1986,0,other,NA,NA,0,0,0,36
221,Monaco,1987,0,other,NA,NA,0,0,0,37
221,Monaco,1988,0,other,NA,NA,0,0,0,38
221,Monaco,1989,0,other,NA,NA,0,0,0,39
221,Monaco,1990,0,other,NA,NA,0,0,0,40
221,Monaco,1991,0,other,NA,NA,0,0,0,41
221,Monaco,1992,0,other,NA,NA,0,0,0,42
221,Monaco,1993,0,other,NA,NA,0,0,0,43
221,Monaco,1994,0,other,NA,NA,0,0,0,44
221,Monaco,1995,0,other,NA,NA,0,0,0,45
221,Monaco,1996,0,other,NA,NA,0,0,0,46
221,Monaco,1997,0,other,NA,NA,0,0,0,47
221,Monaco,1998,0,other,NA,NA,0,0,0,48
221,Monaco,1999,0,other,NA,NA,0,0,0,49
221,Monaco,2000,0,other,NA,NA,0,0,0,50
221,Monaco,2001,0,other,NA,NA,0,0,0,51
221,Monaco,2002,0,other,NA,NA,0,0,0,52
221,Monaco,2003,0,other,NA,NA,0,0,0,53
221,Monaco,2004,0,other,NA,NA,0,0,0,54
221,Monaco,2005,0,other,NA,NA,0,0,0,55
221,Monaco,2006,0,other,NA,NA,0,0,0,56
221,Monaco,2007,0,other,NA,NA,0,0,0,57
221,Monaco,2008,0,other,NA,NA,0,0,0,58
221,Monaco,2009,0,other,NA,NA,0,0,0,59
221,Monaco,2010,0,other,NA,NA,0,0,0,60
221,Monaco,2011,0,other,NA,NA,0,0,0,61
221,Monaco,2012,0,other,NA,NA,0,0,0,62
221,Monaco,2013,0,other,NA,NA,0,0,0,63
221,Monaco,2014,0,other,NA,NA,0,0,0,64
221,Monaco,2015,0,other,NA,NA,0,0,0,65
221,Monaco,2016,0,other,NA,NA,0,0,0,66
221,Monaco,2017,0,other,NA,NA,0,0,0,67
221,Monaco,2018,0,other,NA,NA,0,0,0,68
221,Monaco,2019,0,other,NA,NA,0,0,0,69
221,Monaco,2020,0,other,NA,NA,0,0,0,70
223,Liechtenstein,1950,0,other,NA,NA,0,0,0,0
223,Liechtenstein,1951,0,other,NA,NA,0,0,0,1
223,Liechtenstein,1952,0,other,NA,NA,0,0,0,2
223,Liechtenstein,1953,0,other,NA,NA,0,0,0,3
223,Liechtenstein,1954,0,other,NA,NA,0,0,0,4
223,Liechtenstein,1955,0,other,NA,NA,0,0,0,5
223,Liechtenstein,1956,0,other,NA,NA,0,0,0,6
223,Liechtenstein,1957,0,other,NA,NA,0,0,0,7
223,Liechtenstein,1958,0,other,NA,NA,0,0,0,8
223,Liechtenstein,1959,0,other,NA,NA,0,0,0,9
223,Liechtenstein,1960,0,other,NA,NA,0,0,0,10
223,Liechtenstein,1961,0,other,NA,NA,0,0,0,11
223,Liechtenstein,1962,0,other,NA,NA,0,0,0,12
223,Liechtenstein,1963,0,other,NA,NA,0,0,0,13
223,Liechtenstein,1964,0,other,NA,NA,0,0,0,14
223,Liechtenstein,1965,0,other,NA,NA,0,0,0,15
223,Liechtenstein,1966,0,other,NA,NA,0,0,0,16
223,Liechtenstein,1967,0,other,NA,NA,0,0,0,17
223,Liechtenstein,1968,0,other,NA,NA,0,0,0,18
223,Liechtenstein,1969,0,other,NA,NA,0,0,0,19
223,Liechtenstein,1970,0,other,NA,NA,0,0,0,20
223,Liechtenstein,1971,0,other,NA,NA,0,0,0,21
223,Liechtenstein,1972,0,other,NA,NA,0,0,0,22
223,Liechtenstein,1973,0,other,NA,NA,0,0,0,23
223,Liechtenstein,1974,0,other,NA,NA,0,0,0,24
223,Liechtenstein,1975,0,other,NA,NA,0,0,0,25
223,Liechtenstein,1976,0,other,NA,NA,0,0,0,26
223,Liechtenstein,1977,0,other,NA,NA,0,0,0,27
223,Liechtenstein,1978,0,other,NA,NA,0,0,0,28
223,Liechtenstein,1979,0,other,NA,NA,0,0,0,29
223,Liechtenstein,1980,0,other,NA,NA,0,0,0,30
223,Liechtenstein,1981,0,other,NA,NA,0,0,0,31
223,Liechtenstein,1982,0,other,NA,NA,0,0,0,32
223,Liechtenstein,1983,0,other,NA,NA,0,0,0,33
223,Liechtenstein,1984,0,other,NA,NA,0,0,0,34
223,Liechtenstein,1985,0,other,NA,NA,0,0,0,35
223,Liechtenstein,1986,0,other,NA,NA,0,0,0,36
223,Liechtenstein,1987,0,other,NA,NA,0,0,0,37
223,Liechtenstein,1988,0,other,NA,NA,0,0,0,38
223,Liechtenstein,1989,0,other,NA,NA,0,0,0,39
223,Liechtenstein,1990,0,other,NA,NA,0,0,0,40
223,Liechtenstein,1991,0,other,NA,NA,0,0,0,41
223,Liechtenstein,1992,0,other,NA,NA,0,0,0,42
223,Liechtenstein,1993,0,other,NA,NA,0,0,0,43
223,Liechtenstein,1994,0,other,NA,NA,0,0,0,44
223,Liechtenstein,1995,0,other,NA,NA,0,0,0,45
223,Liechtenstein,1996,0,other,NA,NA,0,0,0,46
223,Liechtenstein,1997,0,other,NA,NA,0,0,0,47
223,Liechtenstein,1998,0,other,NA,NA,0,0,0,48
223,Liechtenstein,1999,0,other,NA,NA,0,0,0,49
223,Liechtenstein,2000,0,other,NA,NA,0,0,0,50
223,Liechtenstein,2001,0,other,NA,NA,0,0,0,51
223,Liechtenstein,2002,0,other,NA,NA,0,0,0,52
223,Liechtenstein,2003,0,other,NA,NA,0,0,0,53
223,Liechtenstein,2004,0,other,NA,NA,0,0,0,54
223,Liechtenstein,2005,0,other,NA,NA,0,0,0,55
223,Liechtenstein,2006,0,other,NA,NA,0,0,0,56
223,Liechtenstein,2007,0,other,NA,NA,0,0,0,57
223,Liechtenstein,2008,0,other,NA,NA,0,0,0,58
223,Liechtenstein,2009,0,other,NA,NA,0,0,0,59
223,Liechtenstein,2010,0,other,NA,NA,0,0,0,60
223,Liechtenstein,2011,0,other,NA,NA,0,0,0,61
223,Liechtenstein,2012,0,other,NA,NA,0,0,0,62
223,Liechtenstein,2013,0,other,NA,NA,0,0,0,63
223,Liechtenstein,2014,0,other,NA,NA,0,0,0,64
223,Liechtenstein,2015,0,other,NA,NA,0,0,0,65
223,Liechtenstein,2016,0,other,NA,NA,0,0,0,66
223,Liechtenstein,2017,0,other,NA,NA,0,0,0,67
223,Liechtenstein,2018,0,other,NA,NA,0,0,0,68
223,Liechtenstein,2019,0,other,NA,NA,0,0,0,69
223,Liechtenstein,2020,0,other,NA,NA,0,0,0,70
225,Switzerland,1950,0,parliamentary,2.7954480069046994,25.726,0,0,0,0
225,Switzerland,1951,0,parliamentary,6.68584311591387,27.446,0,0,0,1
225,Switzerland,1952,0,parliamentary,7.534609274529092,28.43,0,0,0,2
225,Switzerland,1953,0,parliamentary,7.740033441872751,29.382,0,0,0,3
225,Switzerland,1954,0,parliamentary,8.027067690416834,30.587,0,0,0,4
225,Switzerland,1955,0,parliamentary,8.26119302042474,32.015,0,0,0,5
225,Switzerland,1956,0,parliamentary,8.126842793821876,33.225,0,0,0,6
225,Switzerland,1957,0,parliamentary,6.78776230584186,34.004,0,0,0,7
225,Switzerland,1958,0,parliamentary,4.56198488069639,34.33,0,0,0,8
225,Switzerland,1959,0,parliamentary,4.255672155626522,35.189,0,0,0,9
225,Switzerland,1960,0,parliamentary,3.723173042928929,35.793,0,0,0,10
225,Switzerland,1961,0,parliamentary,7.889715112384521,38.333,0,0,0,11
225,Switzerland,1962,0,parliamentary,9.059041895959542,40.072,0,0,0,12
225,Switzerland,1963,0,parliamentary,8.643598905992933,41.471,0,0,0,13
225,Switzerland,1964,0,parliamentary,8.026851856514817,42.902,0,0,0,14
225,Switzerland,1965,0,parliamentary,6.786031770571643,44.206,0,0,0,15
225,Switzerland,1966,0,parliamentary,5.942717752449833,45.342,0,0,0,16
225,Switzerland,1967,0,parliamentary,5.76256125923138,46.658,0,0,0,17
225,Switzerland,1968,0,parliamentary,6.151762232718516,48.274,0,0,0,18
225,Switzerland,1969,0,parliamentary,7.367394978014463,50.447,0,0,0,19
225,Switzerland,1970,0,parliamentary,9.040481481177775,53.193,0,0,0,20
225,Switzerland,1971,0,parliamentary,12.01250488472061,57.328,0,0,0,21
225,Switzerland,1972,0,parliamentary,10.450200879476036,59.327,0,0,0,22
225,Switzerland,1973,0,parliamentary,6.127951425516631,59.358,0,0,0,23
225,Switzerland,1974,0,parliamentary,6.298374047978128,61.885,0,0,0,24
225,Switzerland,1975,0,parliamentary,3.1845582618036383,61.861,0,0,0,25
225,Switzerland,1976,0,parliamentary,2.4222247732751834,62.454,0,0,0,26
225,Switzerland,1977,0,parliamentary,3.1167773259459963,63.8,0,0,0,27
225,Switzerland,1978,0,parliamentary,3.301798470966455,65.101,0,0,0,28
225,Switzerland,1979,0,parliamentary,4.033226581265015,66.528,0,0,0,29
225,Switzerland,1980,0,parliamentary,4.7237022004500195,68.323,0,0,0,30
225,Switzerland,1981,0,parliamentary,4.2896922559892525,69.512,0,0,0,31
225,Switzerland,1982,0,parliamentary,3.245137447178159,70.121,0,0,0,32
225,Switzerland,1983,0,parliamentary,2.7095485533152885,70.961,0,0,0,33
225,Switzerland,1984,0,parliamentary,3.179774641475075,72.523,0,0,0,34
225,Switzerland,1985,0,parliamentary,3.9612685907407297,74.319,0,0,0,35
225,Switzerland,1986,0,parliamentary,4.675940927389477,76.238,0,0,0,36
225,Switzerland,1987,0,parliamentary,4.541224191170934,77.731,0,0,0,37
225,Switzerland,1988,0,parliamentary,4.299143117977144,79.288,0,0,0,38
225,Switzerland,1989,0,parliamentary,4.290871477129166,81.063,0,0,0,39
225,Switzerland,1990,0,parliamentary,3.8405985243591623,82.389,0,0,0,40
225,Switzerland,1991,0,parliamentary,2.1632854727423156,82.296,0,0,0,41
225,Switzerland,1992,0,parliamentary,0.918399921420332,82.194,0,0,0,42
225,Switzerland,1993,0,parliamentary,0.41476484880091924,82.411,0,0,0,43
225,Switzerland,1994,0,parliamentary,0.6950760193922711,83.039,0,0,0,44
225,Switzerland,1995,0,parliamentary,1.0331492915236717,83.553,0,0,0,45
225,Switzerland,1996,0,parliamentary,1.2096269253369263,84.055,0,0,0,46
225,Switzerland,1997,0,parliamentary,2.0955043427356213,85.457,0,0,0,47
225,Switzerland,1998,0,parliamentary,3.1811248223132083,87.394,0,0,0,48
225,Switzerland,1999,0,parliamentary,3.5901245377572,88.969,0,0,0,49
225,Switzerland,2000,0,parliamentary,4.095317021354528,90.941,0,0,0,50
225,Switzerland,2001,0,parliamentary,4.101059662999784,92.758,0,0,0,51
225,Switzerland,2002,0,parliamentary,5.474630908369726,96.261,0,0,0,52
225,Switzerland,2003,0,parliamentary,4.83691297883917,97.877,0,0,0,53
225,Switzerland,2004,0,parliamentary,4.569506482415653,99.917,0,0,0,54
225,Switzerland,2005,0,parliamentary,4.710410032742129,102.465,0,0,0,55
225,Switzerland,2006,0,parliamentary,5.063694584715295,105.485,0,0,0,56
225,Switzerland,2007,0,parliamentary,5.4171699313226185,108.399,0,0,0,57
225,Switzerland,2008,0,parliamentary,4.786996686509637,110.369,0,0,0,58
225,Switzerland,2009,0,parliamentary,2.9303933866086984,110.616,0,0,0,59
225,Switzerland,2010,0,parliamentary,2.1719720283814636,111.685,0,0,0,60
225,Switzerland,2011,0,parliamentary,2.1308378842084252,113.22,0,0,0,61
225,Switzerland,2012,0,parliamentary,1.706830358498701,113.861,0,0,0,62
225,Switzerland,2013,0,parliamentary,1.3883665316028138,114.302,0,0,0,63
225,Switzerland,2014,0,parliamentary,0.500137555463076,113.976,0,0,0,64
225,Switzerland,2015,0,parliamentary,-1.30625755711683,111.987,0,0,0,65
225,Switzerland,2016,0,parliamentary,-1.3188592274192668,111.666,0,0,0,66
225,Switzerland,2017,0,parliamentary,-0.7873303488446282,111.873,0,0,0,67
225,Switzerland,2018,0,parliamentary,-0.6121004814453768,111.517,0,0,0,68
225,Switzerland,2019,0,parliamentary,-1.660215563869516,109.451,0,0,0,69
225,Switzerland,2020,0,parliamentary,NA,NA,0,0,0,70
230,Spain,1950,0,personal,-1.3921360255047865,9.279,0,0,0,0
230,Spain,1951,0,personal,5.150531286894933,9.975,0,0,0,1
230,Spain,1952,0,personal,9.044530733641775,10.559,0,0,0,2
230,Spain,1953,0,personal,8.775796433580464,10.858,0,0,0,3
230,Spain,1954,0,personal,8.902607892914837,11.325,0,0,0,4
230,Spain,1955,0,personal,7.993025603377091,11.768,0,0,0,5
230,Spain,1956,0,personal,8.620719976082869,12.353,0,0,0,6
230,Spain,1957,0,personal,8.263819563120766,12.797,0,0,0,7
230,Spain,1958,0,personal,7.818749390303381,13.263,0,0,0,8
230,Spain,1959,0,personal,6.120783033233379,13.52,0,0,0,9
230,Spain,1960,0,personal,7.67382830205785,14.253,0,0,0,10
230,Spain,1961,0,personal,13.11859485720035,15.74,0,0,0,11
230,Spain,1962,0,personal,15.942421126684337,17.14,0,0,0,12
230,Spain,1963,0,personal,16.75091621382534,18.477,0,0,0,13
230,Spain,1964,0,personal,14.838209740290242,19.562,0,0,0,14
230,Spain,1965,0,personal,12.616893899667891,20.617,0,0,0,15
230,Spain,1966,0,personal,11.545597113600724,21.765,0,0,0,16
230,Spain,1967,0,personal,10.521880629976167,22.821,0,0,0,17
230,Spain,1968,0,personal,10.186249712577599,23.96,0,0,0,18
230,Spain,1969,0,personal,9.94356708517432,25.132,0,0,0,19
230,Spain,1970,0,personal,7.555801327166689,25.674,0,0,0,20
230,Spain,1971,0,personal,9.189280107647457,27.265,0,0,0,21
230,Spain,1972,0,personal,10.675692176195838,29.005,0,0,0,22
230,Spain,1973,0,personal,10.731813720143958,30.459,0,0,0,23
230,Spain,1974,0,personal,12.320565086328816,32.566,0,0,0,24
230,Spain,1975,0,personal,10.29988239905919,33.765,0,0,0,25
230,Spain,1976,0,other,8.568885901696465,34.891,0,0,0,26
230,Spain,1977,0,parliamentary,6.943507513029146,35.828,0,0,0,27
230,Spain,1978,0,parliamentary,5.163840440672307,36.503,0,0,0,28
230,Spain,1979,0,parliamentary,3.955751317460132,37.007,0,0,0,29
230,Spain,1980,0,parliamentary,2.9068422849465536,37.377,0,0,0,30
230,Spain,1981,1,parliamentary,1.4262428687856543,37.335,0,1,1,0
230,Spain,1982,0,parliamentary,1.0153486694410185,37.527,0,1,1,1
230,Spain,1983,0,parliamentary,1.0339978935099747,37.795,0,1,1,2
230,Spain,1984,0,parliamentary,1.4313342117567185,38.182,0,1,1,3
230,Spain,1985,0,parliamentary,2.7730229373502446,39.026,0,1,1,4
230,Spain,1986,0,parliamentary,5.010332451147459,40.551,0,1,1,5
230,Spain,1987,0,parliamentary,7.749490629601974,42.73,0,1,1,6
230,Spain,1988,0,parliamentary,9.802529528181235,45.162,0,1,1,7
230,Spain,1989,0,parliamentary,10.906395791899781,47.735,0,1,1,8
230,Spain,1990,0,parliamentary,11.614228774999113,50.63,0,1,1,9
230,Spain,1991,0,parliamentary,9.61577155887925,52.299,0,1,1,10
230,Spain,1992,0,parliamentary,6.683484506431214,53.116,0,1,1,11
230,Spain,1993,0,parliamentary,3.8013913029953272,53.389,0,1,1,12
230,Spain,1994,0,parliamentary,3.06804742699458,54.382,0,1,1,13
230,Spain,1995,0,parliamentary,3.786208921714773,55.843,0,1,1,14
230,Spain,1996,0,parliamentary,4.598212819680136,57.333,0,1,1,15
230,Spain,1997,0,parliamentary,5.841720868997458,59.33,0,1,1,16
230,Spain,1998,0,parliamentary,7.0046593802504775,61.777,0,1,1,17
230,Spain,1999,0,parliamentary,7.567478835916797,64.218,0,1,1,18
230,Spain,2000,0,parliamentary,7.9002307438742925,66.776,0,1,1,19
230,Spain,2001,0,parliamentary,7.22264981101266,68.82,0,1,1,20
230,Spain,2002,0,parliamentary,5.916576779613014,70.307,0,1,1,21
230,Spain,2003,0,parliamentary,4.470989960991956,71.347,0,1,1,22
230,Spain,2004,0,parliamentary,3.7213743185722903,72.567,0,1,1,23
230,Spain,2005,0,parliamentary,3.569597772467925,73.946,0,1,1,24
230,Spain,2006,0,parliamentary,3.8680215326921896,75.559,0,1,1,25
230,Spain,2007,0,parliamentary,3.851865852999947,76.921,0,1,1,26
230,Spain,2008,0,parliamentary,2.192383735008696,76.808,0,1,1,27
230,Spain,2009,0,parliamentary,-0.5595580600930572,75.279,0,1,1,28
230,Spain,2010,0,parliamentary,-2.1015581473335154,74.152,0,1,1,29
230,Spain,2011,0,parliamentary,-2.955039064680698,73.011,0,1,1,30
230,Spain,2012,0,parliamentary,-3.2421069652746826,71.805,0,1,1,31
230,Spain,2013,0,parliamentary,-2.476022169576464,71.299,0,1,1,32
230,Spain,2014,0,parliamentary,-0.9334537789822517,71.722,0,1,1,33
230,Spain,2015,0,parliamentary,0.4672183711484923,72.38,0,1,1,34
230,Spain,2016,0,parliamentary,3.547567776489413,75.014,0,1,1,35
230,Spain,2017,0,parliamentary,5.9038096711420796,78.042,0,1,1,36
230,Spain,2018,0,parliamentary,5.9299219970454065,79.879,0,1,1,37
230,Spain,2019,0,parliamentary,5.350578308144915,81.503,0,1,1,38
230,Spain,2020,0,parliamentary,NA,NA,0,1,1,39
232,Andorra,1981,0,parliamentary,NA,NA,0,0,0,31
232,Andorra,1982,0,parliamentary,NA,NA,0,0,0,32
232,Andorra,1983,0,parliamentary,NA,NA,0,0,0,33
232,Andorra,1984,0,parliamentary,NA,NA,0,0,0,34
232,Andorra,1985,0,parliamentary,NA,NA,0,0,0,35
232,Andorra,1986,0,parliamentary,NA,NA,0,0,0,36
232,Andorra,1987,0,parliamentary,NA,NA,0,0,0,37
232,Andorra,1988,0,parliamentary,NA,NA,0,0,0,38
232,Andorra,1989,0,parliamentary,NA,NA,0,0,0,39
232,Andorra,1990,0,parliamentary,NA,NA,0,0,0,40
232,Andorra,1991,0,parliamentary,NA,NA,0,0,0,41
232,Andorra,1992,0,parliamentary,NA,NA,0,0,0,42
232,Andorra,1993,0,parliamentary,NA,NA,0,0,0,43
232,Andorra,1994,0,parliamentary,NA,NA,0,0,0,44
232,Andorra,1995,0,parliamentary,NA,NA,0,0,0,45
232,Andorra,1996,0,parliamentary,NA,NA,0,0,0,46
232,Andorra,1997,0,parliamentary,NA,NA,0,0,0,47
232,Andorra,1998,0,parliamentary,NA,NA,0,0,0,48
232,Andorra,1999,0,parliamentary,NA,NA,0,0,0,49
232,Andorra,2000,0,parliamentary,NA,NA,0,0,0,50
232,Andorra,2001,0,parliamentary,NA,NA,0,0,0,51
232,Andorra,2002,0,parliamentary,NA,NA,0,0,0,52
232,Andorra,2003,0,parliamentary,NA,NA,0,0,0,53
232,Andorra,2004,0,parliamentary,NA,NA,0,0,0,54
232,Andorra,2005,0,parliamentary,NA,NA,0,0,0,55
232,Andorra,2006,0,parliamentary,NA,NA,0,0,0,56
232,Andorra,2007,0,parliamentary,NA,NA,0,0,0,57
232,Andorra,2008,0,parliamentary,NA,NA,0,0,0,58
232,Andorra,2009,0,parliamentary,NA,NA,0,0,0,59
232,Andorra,2010,0,parliamentary,NA,NA,0,0,0,60
232,Andorra,2011,0,parliamentary,NA,NA,0,0,0,61
232,Andorra,2012,0,parliamentary,NA,NA,0,0,0,62
232,Andorra,2013,0,parliamentary,NA,NA,0,0,0,63
232,Andorra,2014,0,parliamentary,NA,NA,0,0,0,64
232,Andorra,2015,0,parliamentary,NA,NA,0,0,0,65
232,Andorra,2016,0,parliamentary,NA,NA,0,0,0,66
232,Andorra,2017,0,parliamentary,NA,NA,0,0,0,67
232,Andorra,2018,0,parliamentary,NA,NA,0,0,0,68
232,Andorra,2019,0,parliamentary,NA,NA,0,0,0,69
232,Andorra,2020,0,parliamentary,NA,NA,0,0,0,70
235,Portugal,1950,0,personal,3.794359278394177,7.353,0,0,0,0
235,Portugal,1951,0,personal,5.45885204362675,7.658,0,0,0,1
235,Portugal,1952,0,personal,5.683836589698044,7.854,0,0,0,2
235,Portugal,1953,0,personal,6.812117407000473,8.166,0,0,0,3
235,Portugal,1954,0,personal,6.963724794812043,8.445,0,0,0,4
235,Portugal,1955,0,personal,6.682828876481528,8.713,0,0,0,5
235,Portugal,1956,0,personal,6.578760138500206,8.988,0,0,0,6
235,Portugal,1957,0,personal,6.278973699912793,9.262,0,0,0,7
235,Portugal,1958,0,personal,6.227758007117434,9.552,0,0,0,8
235,Portugal,1959,0,personal,7.6018741403026,10.013,0,0,0,9
235,Portugal,1960,0,personal,10.323365140866825,10.706,0,0,0,10
235,Portugal,1961,0,personal,12.975544808411499,11.54,1,0,0,11
235,Portugal,1962,1,personal,13.712374581939791,12.308,1,1,1,0
235,Portugal,1963,0,personal,12.83793175342276,12.989,1,1,1,1
235,Portugal,1964,0,personal,12.273691078127547,13.767,1,1,1,2
235,Portugal,1965,0,personal,12.105045301936258,14.625,2,1,1,3
235,Portugal,1966,0,personal,11.927891982536787,15.485,2,1,1,4
235,Portugal,1967,0,personal,12.513287361334458,16.512,2,1,1,5
235,Portugal,1968,0,personal,13.752654335200965,17.785,2,1,1,6
235,Portugal,1969,0,personal,12.631414343108727,18.727,2,1,1,7
235,Portugal,1970,0,personal,12.991605563150333,20.002,2,1,1,8
235,Portugal,1971,0,personal,14.69138798898304,21.737,2,1,1,9
235,Portugal,1972,0,personal,15.406165218417023,23.481,2,1,1,10
235,Portugal,1973,0,personal,14.494071400361852,24.932,2,1,1,11
235,Portugal,1974,2,personal,10.581242656714362,25.6,2,2,1,0
235,Portugal,1975,1,other,4.809152743842038,25.394,2,3,1,0
235,Portugal,1976,0,other,3.5676399977667472,25.97,0,3,1,1
235,Portugal,1977,0,presidential,4.228973596103502,26.835,0,3,1,2
235,Portugal,1978,0,presidential,4.91538713336328,27.564,0,3,1,3
235,Portugal,1979,0,presidential,6.296252177667938,28.555,0,3,1,4
235,Portugal,1980,0,presidential,6.1554927214480415,29.359,0,3,1,5
235,Portugal,1981,0,presidential,4.773835748520283,29.774,0,3,1,6
235,Portugal,1982,0,presidential,3.87423182149389,30.222,0,3,1,7
235,Portugal,1983,0,presidential,2.1285498326314656,30.266,0,3,1,8
235,Portugal,1984,0,presidential,1.09579356663132,30.316,0,3,1,9
235,Portugal,1985,0,presidential,2.4621511842591204,31.078,0,3,1,10
235,Portugal,1986,0,presidential,5.480711340139455,32.587,0,3,1,11
235,Portugal,1987,0,presidential,8.727554433058526,34.526,0,3,1,12
235,Portugal,1988,0,presidential,11.16691982305278,36.74,0,3,1,13
235,Portugal,1989,0,presidential,11.961716984062164,38.932,0,3,1,14
235,Portugal,1990,0,presidential,12.127978615901158,41.277,0,3,1,15
235,Portugal,1991,0,presidential,10.810213614384146,43.128,0,3,1,16
235,Portugal,1992,0,presidential,8.483505517727163,44.355,0,3,1,17
235,Portugal,1993,0,presidential,5.7033487422818,44.955,0,3,1,18
235,Portugal,1994,0,presidential,4.457832971296627,45.876,0,3,1,19
235,Portugal,1995,0,presidential,4.584946579917237,47.163,0,3,1,20
235,Portugal,1996,0,presidential,5.17358600052833,48.574,0,3,1,21
235,Portugal,1997,0,presidential,6.27535063542779,50.359,0,3,1,22
235,Portugal,1998,0,presidential,6.854830451896188,52.177,0,3,1,23
235,Portugal,1999,0,presidential,7.0502758751902705,54.015,0,3,1,24
235,Portugal,2000,0,presidential,6.302612941488084,55.386,0,3,1,25
235,Portugal,2001,0,presidential,4.892953818390611,56.265,0,3,1,26
235,Portugal,2002,0,presidential,3.4921478547662588,56.859,0,3,1,27
235,Portugal,2003,0,presidential,2.091067098684629,57.093,0,3,1,28
235,Portugal,2004,0,presidential,1.7528994333527503,57.642,0,3,1,29
235,Portugal,2005,0,presidential,2.065301674455644,58.443,0,3,1,30
235,Portugal,2006,0,presidential,2.525114644420867,59.336,0,3,1,31
235,Portugal,2007,0,presidential,2.87009424648923,60.229,0,3,1,32
235,Portugal,2008,0,presidential,2.235515735032978,60.568,0,3,1,33
235,Portugal,2009,0,presidential,0.8312112461141608,60.265,0,3,1,34
235,Portugal,2010,0,presidential,0.24943046710010908,60.287,0,3,1,35
235,Portugal,2011,0,presidential,-0.9838974433951542,59.597,0,3,1,36
235,Portugal,2012,0,presidential,-1.968118681597597,58.706,0,3,1,37
235,Portugal,2013,0,presidential,-1.6921674610088422,58.456,0,3,1,38
235,Portugal,2014,0,presidential,-0.8366899005373907,58.643,0,3,1,39
235,Portugal,2015,0,presidential,-0.12442166024727586,58.759,0,3,1,40
235,Portugal,2016,0,presidential,1.4774441710953656,59.728,0,3,1,41
235,Portugal,2017,0,presidential,3.4893662858412444,61.488,0,3,1,42
235,Portugal,2018,0,presidential,4.247795829822798,62.856,0,3,1,43
235,Portugal,2019,0,presidential,3.9731362367246836,63.753,0,3,1,44
235,Portugal,2020,0,presidential,NA,NA,0,3,1,45
260,German Federal Republic,1990,0,parliamentary,4.524353630363542,67.053,0,0,0,40
260,German Federal Republic,1991,0,parliamentary,NA,NA,0,0,0,41
260,German Federal Republic,1992,0,parliamentary,NA,NA,0,0,0,42
260,German Federal Republic,1993,0,parliamentary,NA,NA,0,0,0,43
260,German Federal Republic,1994,0,parliamentary,NA,NA,0,0,0,44
260,German Federal Republic,1995,0,parliamentary,NA,NA,0,0,0,45
260,German Federal Republic,1996,0,parliamentary,NA,NA,0,0,0,46
260,German Federal Republic,1997,0,parliamentary,NA,NA,0,0,0,47
260,German Federal Republic,1998,0,parliamentary,NA,NA,0,0,0,48
260,German Federal Republic,1999,0,parliamentary,NA,NA,0,0,0,49
260,German Federal Republic,2000,0,parliamentary,NA,NA,0,0,0,50
260,German Federal Republic,2001,0,parliamentary,NA,NA,0,0,0,51
260,German Federal Republic,2002,0,parliamentary,NA,NA,0,0,0,52
260,German Federal Republic,2003,0,parliamentary,NA,NA,0,0,0,53
260,German Federal Republic,2004,0,parliamentary,NA,NA,0,0,0,54
260,German Federal Republic,2005,0,parliamentary,NA,NA,0,0,0,55
260,German Federal Republic,2006,0,parliamentary,NA,NA,0,0,0,56
260,German Federal Republic,2007,0,parliamentary,NA,NA,0,0,0,57
260,German Federal Republic,2008,0,parliamentary,NA,NA,0,0,0,58
260,German Federal Republic,2009,0,parliamentary,NA,NA,0,0,0,59
260,German Federal Republic,2010,0,parliamentary,NA,NA,0,0,0,60
260,German Federal Republic,2011,0,parliamentary,NA,NA,0,0,0,61
260,German Federal Republic,2012,0,parliamentary,NA,NA,0,0,0,62
260,German Federal Republic,2013,0,parliamentary,NA,NA,0,0,0,63
260,German Federal Republic,2014,0,parliamentary,NA,NA,0,0,0,64
260,German Federal Republic,2015,0,parliamentary,NA,NA,0,0,0,65
260,German Federal Republic,2016,0,parliamentary,NA,NA,0,0,0,66
260,German Federal Republic,2017,0,parliamentary,NA,NA,0,0,0,67
260,German Federal Republic,2018,0,parliamentary,NA,NA,0,0,0,68
260,German Federal Republic,2019,0,parliamentary,NA,NA,0,0,0,69
260,German Federal Republic,2020,0,parliamentary,NA,NA,0,0,0,70
260,German Federal Republic,1950,0,parliamentary,NA,13.509,0,0,0,0
260,German Federal Republic,1951,0,parliamentary,NA,14.901,0,0,0,1
260,German Federal Republic,1952,0,parliamentary,NA,16.176,0,0,0,2
260,German Federal Republic,1953,0,parliamentary,18.437822007701055,17.471,0,0,0,3
260,German Federal Republic,1954,0,parliamentary,16.254622357990044,18.8,0,0,0,4
260,German Federal Republic,1955,0,parliamentary,15.896154855193977,20.321,0,0,0,5
260,German Federal Republic,1956,0,parliamentary,14.633423009299484,21.646,0,0,0,6
260,German Federal Republic,1957,0,parliamentary,12.832668573521122,22.801,0,0,0,7
260,German Federal Republic,1958,0,parliamentary,11.32970559508859,23.937,0,0,0,8
260,German Federal Republic,1959,0,parliamentary,11.144232370965913,25.354,0,0,0,9
260,German Federal Republic,1960,0,parliamentary,11.870217628937695,27.018,0,0,0,10
260,German Federal Republic,1961,0,parliamentary,10.734933702004646,28.194,0,0,0,11
260,German Federal Republic,1962,0,parliamentary,9.208941940212556,29.204,0,0,0,12
260,German Federal Republic,1963,0,parliamentary,7.740137221269294,30.15,0,0,0,13
260,German Federal Republic,1964,0,parliamentary,7.510894291117376,31.382,0,0,0,14
260,German Federal Republic,1965,0,parliamentary,7.305121906120404,32.498,0,0,0,15
260,German Federal Republic,1966,0,parliamentary,6.708367907065815,33.436,0,0,0,16
260,German Federal Republic,1967,0,parliamentary,6.061167977055826,34.318,0,0,0,17
260,German Federal Republic,1968,0,parliamentary,7.290106624820236,35.963,0,0,0,18
260,German Federal Republic,1969,0,parliamentary,8.986577258270078,37.967,0,0,0,19
260,German Federal Republic,1970,0,parliamentary,10.719741512896874,40.298,0,0,0,20
260,German Federal Republic,1971,0,parliamentary,9.871783423766022,41.835,0,0,0,21
260,German Federal Republic,1972,0,parliamentary,9.08803991703988,43.551,0,0,0,22
260,German Federal Republic,1973,0,parliamentary,8.451088386871408,45.328,0,0,0,23
260,German Federal Republic,1974,0,parliamentary,6.6609931688018875,46.373,0,0,0,24
260,German Federal Republic,1975,0,parliamentary,5.463319431076896,47.337,0,0,0,25
260,German Federal Republic,1976,0,parliamentary,6.292370323092578,49.295,0,0,0,26
260,German Federal Republic,1977,0,parliamentary,6.63650642471636,51.055,0,0,0,27
260,German Federal Republic,1978,0,parliamentary,6.7663901373460345,52.689,0,0,0,28
260,German Federal Republic,1979,0,parliamentary,6.545788710988587,54.261,0,0,0,29
260,German Federal Republic,1980,0,parliamentary,4.905047609608837,55.042,0,0,0,30
260,German Federal Republic,1981,0,parliamentary,3.1151382829295082,55.352,0,0,0,31
260,German Federal Republic,1982,0,parliamentary,1.9573944384211783,55.672,0,0,0,32
260,German Federal Republic,1983,0,parliamentary,2.0478567764588673,56.499,0,0,0,33
260,German Federal Republic,1984,0,parliamentary,3.0558448785081405,57.783,0,0,0,34
260,German Federal Republic,1985,0,parliamentary,3.9787388122139333,59.156,0,0,0,35
260,German Federal Republic,1986,0,parliamentary,5.142063374431682,61.007,0,0,0,36
260,German Federal Republic,1987,0,parliamentary,5.222390236181229,62.488,0,0,0,37
260,German Federal Republic,1988,0,parliamentary,5.455237645143707,64.264,0,0,0,38
260,German Federal Republic,1989,0,parliamentary,5.385544787378227,65.941,0,0,0,39
265,German Democratic Republic,1950,0,dominant-party,NA,9.911,0,0,0,0
265,German Democratic Republic,1951,0,dominant-party,NA,10.33,0,0,0,1
265,German Democratic Republic,1952,0,dominant-party,NA,10.78,0,0,0,2
265,German Democratic Republic,1953,0,dominant-party,7.863464455067293,11.237,0,0,0,3
265,German Democratic Republic,1954,0,dominant-party,8.555495859347495,11.719,0,0,0,4
265,German Democratic Republic,1955,0,dominant-party,9.648501169300538,12.378,0,0,0,5
265,German Democratic Republic,1956,0,dominant-party,9.117263125773478,12.873,0,0,0,6
265,German Democratic Republic,1957,0,dominant-party,9.767351498372934,13.56,0,0,0,7
265,German Democratic Republic,1958,0,dominant-party,11.30171233403592,14.469,0,0,0,8
265,German Democratic Republic,1959,0,dominant-party,13.476103421258824,15.642,0,0,0,9
265,German Democratic Republic,1960,0,dominant-party,15.530019718501409,16.991,0,0,0,10
265,German Democratic Republic,1961,0,dominant-party,13.095389953312742,17.732,0,0,0,11
265,German Democratic Republic,1962,0,dominant-party,10.498996719814468,18.393,0,0,0,12
265,German Democratic Republic,1963,0,dominant-party,8.653583462344038,19.09,0,0,0,13
265,German Democratic Republic,1964,0,dominant-party,7.465153195468277,19.768,0,0,0,14
265,German Democratic Republic,1965,0,dominant-party,7.439401078477559,20.522,0,0,0,15
265,German Democratic Republic,1966,0,dominant-party,7.646981667019803,21.338,0,0,0,16
265,German Democratic Republic,1967,0,dominant-party,8.02804863835902,22.246,0,0,0,17
265,German Democratic Republic,1968,0,dominant-party,8.581215407733755,23.267,0,0,0,18
265,German Democratic Republic,1969,0,dominant-party,9.002872971690934,24.358,0,0,0,19
265,German Democratic Republic,1970,0,dominant-party,9.644092169685337,25.619,0,0,0,20
265,German Democratic Republic,1971,0,dominant-party,7.914791577702607,26.282,0,0,0,21
265,German Democratic Republic,1972,0,dominant-party,7.581361238378359,27.285,0,0,0,22
265,German Democratic Republic,1973,0,dominant-party,8.203420614499791,28.596,0,0,0,23
265,German Democratic Republic,1974,0,dominant-party,6.468431890873516,29.16,0,0,0,24
265,German Democratic Republic,1975,0,dominant-party,6.24292586304469,30.037,0,0,0,25
265,German Democratic Republic,1976,0,dominant-party,6.39331253762383,31.106,0,0,0,26
265,German Democratic Republic,1977,0,dominant-party,6.435446926264787,32.155,0,0,0,27
265,German Democratic Republic,1978,0,dominant-party,6.550529812814454,33.163,0,0,0,28
265,German Democratic Republic,1979,0,dominant-party,6.1680950720016,34.091,0,0,0,29
265,German Democratic Republic,1980,0,dominant-party,5.778234210287869,35.02,0,0,0,30
265,German Democratic Republic,1981,0,dominant-party,5.629712206999726,36.006,0,0,0,31
265,German Democratic Republic,1982,0,dominant-party,5.952319888750179,37.181,0,0,0,32
265,German Democratic Republic,1983,0,dominant-party,5.792139002471108,38.188,0,0,0,33
265,German Democratic Republic,1984,0,dominant-party,5.77409868910026,39.279,0,0,0,34
265,German Democratic Republic,1985,0,dominant-party,4.908290804953408,40.003,0,0,0,35
265,German Democratic Republic,1986,0,dominant-party,3.125192469564131,40.185,0,0,0,36
265,German Democratic Republic,1987,0,dominant-party,0.5194476118079328,39.67,0,0,0,37
265,German Democratic Republic,1988,0,dominant-party,-2.90296119257879,38.351,0,0,0,38
265,German Democratic Republic,1989,0,dominant-party,-7.098341335885916,36.104,0,0,0,39
265,German Democratic Republic,1990,0,dominant-party,-13.826209619025654,32.133,0,0,0,40
290,Poland,1950,0,dominant-party,3.8512219984585094,8.354,0,0,0,0
290,Poland,1951,0,dominant-party,4.385536281456148,8.545,0,0,0,1
290,Poland,1952,0,dominant-party,4.343029808868315,8.702,0,0,0,2
290,Poland,1953,0,dominant-party,4.958251243080958,8.95,0,0,0,3
290,Poland,1954,0,dominant-party,5.3749685908125455,9.226,0,0,0,4
290,Poland,1955,0,dominant-party,5.490589152466874,9.472,0,0,0,5
290,Poland,1956,0,dominant-party,5.756925012472602,9.751,0,0,0,6
290,Poland,1957,0,dominant-party,6.284872091799132,10.096,0,0,0,7
290,Poland,1958,0,dominant-party,6.4828994384890315,10.43,0,0,0,8
290,Poland,1959,0,dominant-party,6.741461870275822,10.789,0,0,0,9
290,Poland,1960,0,dominant-party,8.07405993510213,11.324,0,0,0,10
290,Poland,1961,0,dominant-party,6.955864459275096,11.603,0,0,0,11
290,Poland,1962,0,dominant-party,5.006978991446265,11.736,0,0,0,12
290,Poland,1963,0,dominant-party,4.957585871227943,12.076,0,0,0,13
290,Poland,1964,0,dominant-party,5.451537201803114,12.492,0,0,0,14
290,Poland,1965,0,dominant-party,6.6942515147037085,12.996,0,0,0,15
290,Poland,1966,0,dominant-party,7.840017818222322,13.557,0,0,0,16
290,Poland,1967,0,dominant-party,8.033920657557768,14.09,0,0,0,17
290,Poland,1968,0,dominant-party,8.224086827009568,14.678,0,0,0,18
290,Poland,1969,0,dominant-party,7.390742764679992,15.132,0,0,0,19
290,Poland,1970,0,dominant-party,9.056269987072184,16.028,0,0,0,20
290,Poland,1971,0,dominant-party,8.267639330117271,16.563,0,0,0,21
290,Poland,1972,0,dominant-party,9.710790322984163,17.541,0,0,0,22
290,Poland,1973,0,dominant-party,12.28539178993644,18.901,0,0,0,23
290,Poland,1974,0,dominant-party,9.077524208618847,19.262,0,0,0,24
290,Poland,1975,0,dominant-party,7.376862144277485,19.764,0,0,0,25
290,Poland,1976,0,dominant-party,4.987123924376613,20.058,0,0,0,26
290,Poland,1977,0,dominant-party,2.911523890993517,20.211,0,0,0,27
290,Poland,1978,0,dominant-party,1.548681460041812,20.209,0,0,0,28
290,Poland,1979,0,dominant-party,-1.0495801679328287,19.798,0,0,0,29
290,Poland,1980,0,dominant-party,-3.709403256791688,19.147,0,0,0,30
290,Poland,1981,0,dominant-party,-4.729364488459609,18.682,0,0,0,31
290,Poland,1982,0,dominant-party,-3.1157100980909957,18.707,0,0,0,32
290,Poland,1983,0,dominant-party,0.6340968305622141,19.235,0,0,0,33
290,Poland,1984,0,dominant-party,3.6210883143786843,19.808,0,0,0,34
290,Poland,1985,0,dominant-party,4.348276219070302,20.158,0,0,0,35
290,Poland,1986,0,dominant-party,4.150153445928106,20.498,0,0,0,36
290,Poland,1987,0,dominant-party,2.5344358112488585,20.56,0,0,0,37
290,Poland,1988,0,dominant-party,1.6440834628016265,20.674,0,0,0,38
290,Poland,1989,0,dominant-party,-0.10749010602432163,20.445,0,0,0,39
290,Poland,1990,0,presidential,-3.4771593542558654,19.659,0,0,0,40
290,Poland,1991,0,presidential,-4.779441038299225,19.134,0,0,0,41
290,Poland,1992,0,presidential,-2.0244096310382598,19.475,0,0,0,42
290,Poland,1993,0,presidential,2.539890931125033,20.307,0,0,0,43
290,Poland,1994,0,presidential,7.258532099086312,21.459,0,0,0,44
290,Poland,1995,0,presidential,10.771048630010949,22.874,0,0,0,45
290,Poland,1996,0,presidential,11.919020420215375,24.258,0,0,0,46
290,Poland,1997,0,presidential,12.161560812166794,25.709,0,0,0,47
290,Poland,1998,0,presidential,11.335965642593958,27.013,0,0,0,48
290,Poland,1999,0,presidential,10.383630915220387,28.29,0,0,0,49
290,Poland,2000,0,presidential,9.303672033313305,29.451,0,0,0,50
290,Poland,2001,0,presidential,7.906263532652291,30.4,0,0,0,51
290,Poland,2002,0,presidential,7.957021462032898,31.71,0,0,0,52
290,Poland,2003,0,presidential,7.622246667190491,32.873,0,0,0,53
290,Poland,2004,0,presidential,8.113981217286149,34.329,0,0,0,54
290,Poland,2005,0,presidential,8.551137911618877,35.859,0,0,0,55
290,Poland,2006,0,presidential,9.603842232109772,37.837,0,0,0,56
290,Poland,2007,0,presidential,10.860703277764895,40.14,0,0,0,57
290,Poland,2008,0,presidential,10.831525364964456,42.196,0,0,0,58
290,Poland,2009,0,presidential,9.896593795627751,43.956,0,0,0,59
290,Poland,2010,0,presidential,9.177584425109163,45.85,0,0,0,60
290,Poland,2011,0,presidential,8.508373738935827,47.712,0,0,0,61
290,Poland,2012,0,presidential,7.0399314286713865,48.953,0,0,0,62
290,Poland,2013,0,presidential,5.952833777101563,50.139,0,0,0,63
290,Poland,2014,0,presidential,5.323969745888402,51.412,0,0,0,64
290,Poland,2015,0,presidential,4.7679245809721715,52.543,0,0,0,65
290,Poland,2016,0,presidential,5.228059260411411,54.123,0,0,0,66
290,Poland,2017,0,presidential,6.6196613653453085,56.434,0,0,0,67
290,Poland,2018,0,presidential,6.746351836914277,58.228,0,0,0,68
290,Poland,2019,0,presidential,5.171897075823084,58.956,0,0,0,69
290,Poland,2020,0,presidential,NA,NA,0,0,0,70
305,Austria,1950,0,other,22.57652008910156,11.886,0,0,0,0
305,Austria,1951,0,other,20.85899939903848,12.871,0,0,0,1
305,Austria,1952,0,other,16.067602543665682,13.543,0,0,0,2
305,Austria,1953,0,other,12.953236727203699,14.28,0,0,0,3
305,Austria,1954,0,other,12.818662464470343,15.321,0,0,0,4
305,Austria,1955,0,other,14.120775409542441,16.566,0,0,0,5
305,Austria,1956,0,parliamentary,14.535454216805267,17.742,0,0,0,6
305,Austria,1957,0,parliamentary,13.623447758847917,18.794,0,0,0,7
305,Austria,1958,0,parliamentary,11.885692244860934,19.725,0,0,0,8
305,Austria,1959,0,parliamentary,10.904525297857571,20.758,0,0,0,9
305,Austria,1960,0,parliamentary,11.971504574583847,22.225,0,0,0,10
305,Austria,1961,0,parliamentary,12.157493504392281,23.569,0,0,0,11
305,Austria,1962,0,parliamentary,10.575490859851055,24.498,0,0,0,12
305,Austria,1963,0,parliamentary,9.190567349706846,25.439,0,0,0,13
305,Austria,1964,0,parliamentary,8.471775743744514,26.522,0,0,0,14
305,Austria,1965,0,parliamentary,7.810233287590673,27.497,0,0,0,15
305,Austria,1966,0,parliamentary,7.881892318021677,28.601,0,0,0,16
305,Austria,1967,0,parliamentary,7.423634725491901,29.569,0,0,0,17
305,Austria,1968,0,parliamentary,7.876101864343998,30.864,0,0,0,18
305,Austria,1969,0,parliamentary,8.546531939480273,32.313,0,0,0,19
305,Austria,1970,0,parliamentary,9.112872052570541,33.873,0,0,0,20
305,Austria,1971,0,parliamentary,10.391088956583271,35.876,0,0,0,21
305,Austria,1972,0,parliamentary,10.874643591079657,37.875,0,0,0,22
305,Austria,1973,0,parliamentary,9.99693431063795,39.468,0,0,0,23
305,Austria,1974,0,parliamentary,9.56006094485764,41.275,0,0,0,24
305,Austria,1975,0,parliamentary,7.974787613044665,42.552,0,0,0,25
305,Austria,1976,0,parliamentary,7.855064282864066,44.328,0,0,0,26
305,Austria,1977,0,parliamentary,7.614878625435995,45.972,0,0,0,27
305,Austria,1978,0,parliamentary,6.3236191811173015,47.028,0,0,0,28
305,Austria,1979,0,parliamentary,6.167157826519132,48.491,0,0,0,29
305,Austria,1980,0,parliamentary,5.307204424865231,49.578,0,0,0,30
305,Austria,1981,0,parliamentary,3.831288928698795,50.077,0,0,0,31
305,Austria,1982,0,parliamentary,3.63357215967246,51.03,0,0,0,32
305,Austria,1983,0,parliamentary,3.639316076034005,52.08,0,0,0,33
305,Austria,1984,0,parliamentary,3.564236416603128,52.97,0,0,0,34
305,Austria,1985,0,parliamentary,4.182106528325513,54.262,0,0,0,35
305,Austria,1986,0,parliamentary,4.7421471576431395,55.74,0,0,0,36
305,Austria,1987,0,parliamentary,5.058437217639167,57.206,0,0,0,37
305,Austria,1988,0,parliamentary,5.849477456705343,59.129,0,0,0,38
305,Austria,1989,0,parliamentary,6.683719750181605,61.392,0,0,0,39
305,Austria,1990,0,parliamentary,7.474671392207566,63.924,0,0,0,40
305,Austria,1991,0,parliamentary,6.994860785844392,65.789,0,0,0,41
305,Austria,1992,0,parliamentary,5.895953028928536,67.238,0,0,0,42
305,Austria,1993,0,parliamentary,4.364285692408054,68.148,0,0,0,43
305,Austria,1994,0,parliamentary,3.947985669765175,69.578,0,0,0,44
305,Austria,1995,0,parliamentary,4.3970976291850095,71.45,0,0,0,45
305,Austria,1996,0,parliamentary,4.494568514554542,73.03,0,0,0,46
305,Austria,1997,0,parliamentary,4.754608530508331,74.795,0,0,0,47
305,Austria,1998,0,parliamentary,5.408248295834883,77.162,0,0,0,48
305,Austria,1999,0,parliamentary,5.55953258517865,79.332,0,0,0,49
305,Austria,2000,0,parliamentary,5.558133446011637,81.44,0,0,0,50
305,Austria,2001,0,parliamentary,4.773868711659546,82.904,0,0,0,51
305,Austria,2002,0,parliamentary,4.489644970414197,84.762,0,0,0,52
305,Austria,2003,0,parliamentary,3.8935508691866128,86.145,0,0,0,53
305,Austria,2004,0,parliamentary,3.5657103395430267,87.582,0,0,0,54
305,Austria,2005,0,parliamentary,3.6020240630348255,89.226,0,0,0,55
305,Austria,2006,0,parliamentary,3.9981140326901032,91.317,0,0,0,56
305,Austria,2007,0,parliamentary,4.122480997834388,93.179,0,0,0,57
305,Austria,2008,0,parliamentary,3.4150057407045686,94.215,0,0,0,58
305,Austria,2009,0,parliamentary,1.4780331306444294,93.69,0,0,0,59
305,Austria,2010,0,parliamentary,1.026571730387249,94.298,0,0,0,60
305,Austria,2011,0,parliamentary,1.4147587668536188,95.511,0,0,0,61
305,Austria,2012,0,parliamentary,1.3606217572833312,96.04,0,0,0,62
305,Austria,2013,0,parliamentary,0.9204698875752371,95.979,0,0,0,63
305,Austria,2014,0,parliamentary,0.23033754920847027,95.732,0,0,0,64
305,Austria,2015,0,parliamentary,-1.0031828140596222,94.617,0,0,0,65
305,Austria,2016,0,parliamentary,-0.5128334045601868,94.98,0,0,0,66
305,Austria,2017,0,parliamentary,1.2573775771848261,96.83,0,0,0,67
305,Austria,2018,0,parliamentary,2.1978273632317302,98.179,0,0,0,68
305,Austria,2019,0,parliamentary,2.1528511934193695,98.753,0,0,0,69
305,Austria,2020,0,parliamentary,NA,NA,0,0,0,70
310,Hungary,1950,0,dominant-party,9.866894951949634,7.957,0,0,0,0
310,Hungary,1951,0,dominant-party,11.704928390901447,8.486,0,0,0,1
310,Hungary,1952,0,dominant-party,10.600803734118758,8.862,0,0,0,2
310,Hungary,1953,0,dominant-party,8.81637906378112,9.131,0,0,0,3
310,Hungary,1954,0,dominant-party,7.280523686791507,9.407,0,0,0,4
310,Hungary,1955,0,dominant-party,7.064646110721795,9.778,0,0,0,5
310,Hungary,1956,0,dominant-party,5.655614247226293,9.961,3,0,0,6
310,Hungary,1957,0,dominant-party,7.729201254381124,10.512,0,0,0,7
310,Hungary,1958,0,dominant-party,9.234589311051566,11.086,0,0,0,8
310,Hungary,1959,0,dominant-party,9.770603228547149,11.628,0,0,0,9
310,Hungary,1960,0,dominant-party,10.661353719663925,12.275,0,0,0,10
310,Hungary,1961,0,dominant-party,9.647918739919703,12.781,0,0,0,11
310,Hungary,1962,0,dominant-party,9.064274841645247,13.327,0,0,0,12
310,Hungary,1963,0,dominant-party,8.953006489952298,13.934,0,0,0,13
310,Hungary,1964,0,dominant-party,8.64003590664273,14.523,0,0,0,14
310,Hungary,1965,0,dominant-party,7.824112007129824,15.002,0,0,0,15
310,Hungary,1966,0,dominant-party,8.075091448685212,15.659,0,0,0,16
310,Hungary,1967,0,dominant-party,8.043599331689077,16.296,0,0,0,17
310,Hungary,1968,0,dominant-party,6.970708194289954,16.733,0,0,0,18
310,Hungary,1969,0,dominant-party,6.107833314779776,17.157,0,0,0,19
310,Hungary,1970,0,dominant-party,5.510688266871155,17.611,0,0,0,20
310,Hungary,1971,0,dominant-party,4.313061748570091,17.873,0,0,0,21
310,Hungary,1972,0,dominant-party,4.931662870159448,18.426,0,0,0,22
310,Hungary,1973,0,dominant-party,7.004213809350013,19.35,0,0,0,23
310,Hungary,1974,0,dominant-party,5.369474580105793,19.561,0,0,0,24
310,Hungary,1975,0,dominant-party,5.3791424433857316,20.084,0,0,0,25
310,Hungary,1976,0,dominant-party,5.875645241755656,20.798,0,0,0,26
310,Hungary,1977,0,dominant-party,7.337237340682057,21.812,0,0,0,27
310,Hungary,1978,0,dominant-party,7.966027376367868,22.653,0,0,0,28
310,Hungary,1979,0,dominant-party,7.365321801536573,23.338,0,0,0,29
310,Hungary,1980,0,dominant-party,6.480124361536754,23.974,0,0,0,30
310,Hungary,1981,0,dominant-party,5.205877798234604,24.457,0,0,0,31
310,Hungary,1982,0,dominant-party,4.6807619845091075,25.003,0,0,0,32
310,Hungary,1983,0,dominant-party,3.3544283044233847,25.216,0,0,0,33
310,Hungary,1984,0,dominant-party,3.0085233446280446,25.597,0,0,0,34
310,Hungary,1985,0,dominant-party,2.0596872767679963,25.717,0,0,0,35
310,Hungary,1986,0,dominant-party,2.420725356138731,26.156,0,0,0,36
310,Hungary,1987,0,dominant-party,2.875772506129781,26.601,0,0,0,37
310,Hungary,1988,0,dominant-party,2.6641519230916177,26.89,0,0,0,38
310,Hungary,1989,0,dominant-party,1.235306139441228,26.749,0,0,0,39
310,Hungary,1990,0,dominant-party,-1.521612788793203,26.095,0,0,0,40
310,Hungary,1991,0,parliamentary,-3.043626577720504,25.58,0,0,0,41
310,Hungary,1992,0,parliamentary,-3.010890945131983,25.345,0,0,0,42
310,Hungary,1993,0,parliamentary,-1.06751387536137,25.597,0,0,0,43
310,Hungary,1994,0,parliamentary,1.9325957763743906,26.277,0,0,0,44
310,Hungary,1995,0,parliamentary,3.41728006419455,26.807,0,0,0,45
310,Hungary,1996,0,parliamentary,3.7889637100460227,27.25,0,0,0,46
310,Hungary,1997,0,parliamentary,4.7734175042719595,28.082,0,0,0,47
310,Hungary,1998,0,parliamentary,6.1066261689713075,29.205,0,0,0,48
310,Hungary,1999,0,parliamentary,7.390691114245418,30.456,0,0,0,49
310,Hungary,2000,0,parliamentary,8.901933842585352,32.02,0,0,0,50
310,Hungary,2001,0,parliamentary,10.58761559171253,34.011,0,0,0,51
310,Hungary,2002,0,parliamentary,13.07442249913806,36.732,0,0,0,52
310,Hungary,2003,0,parliamentary,12.766984082690946,38.795,0,0,0,53
310,Hungary,2004,0,parliamentary,11.215476896710829,40.494,0,0,0,54
310,Hungary,2005,0,parliamentary,9.807858354052446,42.222,0,0,0,55
310,Hungary,2006,0,parliamentary,7.938694508173572,43.566,0,0,0,56
310,Hungary,2007,0,parliamentary,6.021479713603828,44.423,0,0,0,57
310,Hungary,2008,0,parliamentary,4.2485811788271155,44.967,0,0,0,58
310,Hungary,2009,0,parliamentary,1.3608228654651278,44.542,0,0,0,59
310,Hungary,2010,0,parliamentary,0.9110572491107582,44.881,0,0,0,60
310,Hungary,2011,0,parliamentary,1.1469537248113948,45.346,0,0,0,61
310,Hungary,2012,0,parliamentary,1.1751548825732483,45.596,0,0,0,62
310,Hungary,2013,0,parliamentary,2.4155079223722176,46.461,0,0,0,63
310,Hungary,2014,0,parliamentary,3.3234101077627587,47.48,0,0,0,64
310,Hungary,2015,0,parliamentary,3.333676613200831,48.163,0,0,0,65
310,Hungary,2016,0,parliamentary,4.228868309633449,49.432,0,0,0,66
310,Hungary,2017,0,parliamentary,6.3595409555752935,51.752,0,0,0,67
310,Hungary,2018,0,parliamentary,6.893204659114516,53.521,0,0,0,68
310,Hungary,2019,0,parliamentary,5.588347370303848,54.31,0,0,0,69
310,Hungary,2020,0,parliamentary,NA,NA,0,0,0,70
315,Czechoslovakia,1950,0,dominant-party,5.171970281598481,13.901,0,0,0,0
315,Czechoslovakia,1951,0,dominant-party,5.168482766789073,14.207,0,0,0,1
315,Czechoslovakia,1952,0,dominant-party,4.821090098823677,14.489,0,0,0,2
315,Czechoslovakia,1953,0,dominant-party,4.166372031848842,14.731,0,0,0,3
315,Czechoslovakia,1954,0,dominant-party,4.885176301932548,15.218,0,0,0,4
315,Czechoslovakia,1955,0,dominant-party,7.010748653067789,15.969,0,0,0,5
315,Czechoslovakia,1956,0,dominant-party,8.433266351202429,16.728,0,0,0,6
315,Czechoslovakia,1957,0,dominant-party,9.886414586758342,17.646,0,0,0,7
315,Czechoslovakia,1958,0,dominant-party,10.770728695425014,18.658,0,0,0,8
315,Czechoslovakia,1959,0,dominant-party,11.064765233075935,19.704,0,0,0,9
315,Czechoslovakia,1960,0,dominant-party,12.23184202669849,21.052,0,0,0,10
315,Czechoslovakia,1961,0,dominant-party,8.562256176853067,21.372,0,0,0,11
315,Czechoslovakia,1962,0,dominant-party,5.386817244849107,21.575,0,0,0,12
315,Czechoslovakia,1963,0,dominant-party,2.9947447305014308,21.715,0,0,0,13
315,Czechoslovakia,1964,0,dominant-party,2.8118367763042107,22.187,0,0,0,14
315,Czechoslovakia,1965,0,dominant-party,4.015064470828533,22.813,0,0,0,15
315,Czechoslovakia,1966,0,dominant-party,5.647517039922101,23.653,0,0,0,16
315,Czechoslovakia,1967,0,dominant-party,7.0888189359815,24.63,0,0,0,17
315,Czechoslovakia,1968,0,dominant-party,7.916239344978915,25.675,1,0,0,18
315,Czechoslovakia,1969,0,dominant-party,8.116207307097323,26.698,0,0,0,19
315,Czechoslovakia,1970,0,dominant-party,9.078622361001077,28.086,0,0,0,20
315,Czechoslovakia,1971,0,dominant-party,6.272573321144348,28.365,0,0,0,21
315,Czechoslovakia,1972,0,dominant-party,5.969976319962922,29.267,0,0,0,22
315,Czechoslovakia,1973,0,dominant-party,7.357163314775095,30.737,0,0,0,23
315,Czechoslovakia,1974,0,dominant-party,4.7790998377780225,30.874,0,0,0,24
315,Czechoslovakia,1975,0,dominant-party,4.288207925983456,31.426,0,0,0,25
315,Czechoslovakia,1976,0,dominant-party,3.863419942864943,32.067,0,0,0,26
315,Czechoslovakia,1977,0,dominant-party,3.802864182517207,32.777,0,0,0,27
315,Czechoslovakia,1978,0,dominant-party,3.564502148304749,33.215,0,0,0,28
315,Czechoslovakia,1979,0,dominant-party,2.5824391681194214,33.423,0,0,0,29
315,Czechoslovakia,1980,0,dominant-party,1.6493670962776985,33.551,0,0,0,30
315,Czechoslovakia,1981,0,dominant-party,1.2750466297626994,33.773,0,0,0,31
315,Czechoslovakia,1982,0,dominant-party,1.891255765298827,34.286,0,0,0,32
315,Czechoslovakia,1983,0,dominant-party,2.7506472111084923,34.927,0,0,0,33
315,Czechoslovakia,1984,0,dominant-party,3.0370340219912917,35.44,0,0,0,34
315,Czechoslovakia,1985,0,dominant-party,2.97938978150758,35.905,0,0,0,35
315,Czechoslovakia,1986,0,dominant-party,2.6808681444796756,36.325,0,0,0,36
315,Czechoslovakia,1987,0,dominant-party,2.11336380327356,36.596,0,0,0,37
315,Czechoslovakia,1988,0,dominant-party,1.7215866425195347,36.846,0,0,0,38
315,Czechoslovakia,1989,0,dominant-party,0.6666885972126391,36.722,0,0,0,39
315,Czechoslovakia,1990,0,parliamentary,-1.9343686549964323,35.741,0,0,0,40
315,Czechoslovakia,1991,0,parliamentary,-5.96602133544053,33.796,0,0,0,41
315,Czechoslovakia,1992,0,parliamentary,-6.347430531498633,32.982,0,0,0,42
316,Czech Republic,1993,0,parliamentary,NA,37.373,0,0,0,0
316,Czech Republic,1994,0,parliamentary,NA,38.515,0,0,0,1
316,Czech Republic,1995,0,parliamentary,NA,40.234,0,0,0,2
316,Czech Republic,1996,0,parliamentary,NA,41.61,0,0,0,3
316,Czech Republic,1997,0,parliamentary,5.091458987416564,41.975,0,0,0,4
316,Czech Republic,1998,0,parliamentary,3.421150350812052,42.334,0,0,0,5
316,Czech Republic,1999,0,parliamentary,2.915169011930252,43.063,0,0,0,6
316,Czech Republic,2000,0,parliamentary,4.422512395301248,44.607,0,0,0,7
316,Czech Republic,2001,0,parliamentary,6.47338794563177,46.531,0,0,0,8
316,Czech Republic,2002,0,parliamentary,8.091908091908074,48.69,0,0,0,9
316,Czech Republic,2003,0,parliamentary,8.769220238044317,50.847,0,0,0,10
316,Czech Republic,2004,0,parliamentary,9.432609586235152,53.425,0,0,0,11
316,Czech Republic,2005,0,parliamentary,10.080410299711119,56.32,0,0,0,12
316,Czech Republic,2006,0,parliamentary,10.480157533660162,59.359,0,0,0,13
316,Czech Republic,2007,0,parliamentary,9.804255500324643,61.896,0,0,0,14
316,Czech Republic,2008,0,parliamentary,7.231029768827413,63.066,0,0,0,15
316,Czech Republic,2009,0,parliamentary,3.277104778987483,62.645,0,0,0,16
316,Czech Republic,2010,0,parliamentary,1.656177114819446,63.025,0,0,0,17
316,Czech Republic,2011,0,parliamentary,1.3297914645203246,63.703,0,0,0,18
316,Czech Republic,2012,0,parliamentary,1.0244690367588793,63.92,0,0,0,19
316,Czech Republic,2013,0,parliamentary,1.508739360948974,64.522,0,0,0,20
316,Czech Republic,2014,0,parliamentary,2.505506693709414,65.803,0,0,0,21
316,Czech Republic,2015,0,parliamentary,3.6581430867425935,67.463,0,0,0,22
316,Czech Republic,2016,0,parliamentary,4.965478932639411,69.539,0,0,0,23
316,Czech Republic,2017,0,parliamentary,6.5874132460544965,72.427,0,0,0,24
316,Czech Republic,2018,0,parliamentary,6.641722571738096,74.617,0,0,0,25
316,Czech Republic,2019,0,parliamentary,5.433577721164484,75.901,0,0,0,26
316,Czech Republic,2020,0,parliamentary,NA,NA,0,0,0,27
317,Slovakia,1992,NA,parliamentary,NA,NA,0,NA,NA,NA
317,Slovakia,1993,0,parliamentary,NA,26.533,0,0,0,0
317,Slovakia,1994,0,parliamentary,NA,27.635,0,0,0,1
317,Slovakia,1995,0,parliamentary,NA,29.104,0,0,0,2
317,Slovakia,1996,0,parliamentary,NA,30.697,0,0,0,3
317,Slovakia,1997,0,parliamentary,9.67114411162331,32.022,0,0,0,4
317,Slovakia,1998,0,parliamentary,8.319015830131038,33.036,0,0,0,5
317,Slovakia,1999,0,parliamentary,5.657779209540581,33.454,0,0,0,6
317,Slovakia,2000,0,parliamentary,4.558280744064214,34.164,0,0,0,7
317,Slovakia,2001,0,parliamentary,5.210850185081584,35.358,0,0,0,8
317,Slovakia,2002,0,parliamentary,6.200634655919202,36.68,0,0,0,9
317,Slovakia,2003,0,parliamentary,7.820231282048407,38.395,0,0,0,10
317,Slovakia,2004,0,parliamentary,9.047255973914314,40.332,0,0,0,11
317,Slovakia,2005,0,parliamentary,10.95513591346129,42.998,0,0,0,12
317,Slovakia,2006,0,parliamentary,12.875870024243374,46.187,0,0,0,13
317,Slovakia,2007,0,parliamentary,14.21534389589385,49.712,0,0,0,14
317,Slovakia,2008,0,parliamentary,12.643668224198068,52.12,0,0,0,15
317,Slovakia,2009,0,parliamentary,7.780853195788229,52.491,0,0,0,16
317,Slovakia,2010,0,parliamentary,5.945310688274064,53.909,0,0,0,17
317,Slovakia,2011,0,parliamentary,4.490113772341342,55.013,0,0,0,18
317,Slovakia,2012,0,parliamentary,3.9039573803455463,56.014,0,0,0,19
317,Slovakia,2013,0,parliamentary,3.705458853549626,56.898,0,0,0,20
317,Slovakia,2014,0,parliamentary,3.9131242143755074,58.198,0,0,0,21
317,Slovakia,2015,0,parliamentary,4.100062679239858,59.458,0,0,0,22
317,Slovakia,2016,0,parliamentary,4.605459465577377,60.999,0,0,0,23
317,Slovakia,2017,0,parliamentary,5.582885981333452,63.056,0,0,0,24
317,Slovakia,2018,0,parliamentary,5.8819884688633195,64.937,0,0,0,25
317,Slovakia,2019,0,parliamentary,4.820725876488385,65.901,0,0,0,26
317,Slovakia,2020,0,parliamentary,NA,NA,0,0,0,27
325,Italy/Sardinia,1950,0,parliamentary,14.726781110482289,10.947,0,0,0,0
325,Italy/Sardinia,1951,0,parliamentary,15.208624166278884,11.884,0,0,0,1
325,Italy/Sardinia,1952,0,parliamentary,14.555280423662943,12.676,0,0,0,2
325,Italy/Sardinia,1953,0,parliamentary,13.922875706691418,13.501,0,0,0,3
325,Italy/Sardinia,1954,0,parliamentary,12.321420095875467,14.199,0,0,0,4
325,Italy/Sardinia,1955,0,parliamentary,10.998630381706676,14.912,0,0,0,5
325,Italy/Sardinia,1956,0,parliamentary,10.153715978000278,15.622,0,0,0,6
325,Italy/Sardinia,1957,0,parliamentary,9.890404351670723,16.404,0,0,0,7
325,Italy/Sardinia,1958,0,parliamentary,10.344168260038234,17.313,0,0,0,8
325,Italy/Sardinia,1959,0,parliamentary,11.457149077187289,18.431,0,0,0,9
325,Italy/Sardinia,1960,0,parliamentary,13.537864963503644,19.91,0,0,0,10
325,Italy/Sardinia,1961,0,parliamentary,16.116521405587392,21.796,0,0,0,11
325,Italy/Sardinia,1962,0,parliamentary,15.823412698412698,23.35,0,0,0,12
325,Italy/Sardinia,1963,0,parliamentary,13.63993965365642,24.556,0,0,0,13
325,Italy/Sardinia,1964,0,parliamentary,10.538393338316855,25.434,0,0,0,14
325,Italy/Sardinia,1965,0,parliamentary,8.074482985910848,26.234,0,0,0,15
325,Italy/Sardinia,1966,0,parliamentary,7.72000598816549,27.343,0,0,0,16
325,Italy/Sardinia,1967,0,parliamentary,8.980457895372718,28.865,0,0,0,17
325,Italy/Sardinia,1968,0,parliamentary,10.252037690039884,30.516,0,0,0,18
325,Italy/Sardinia,1969,0,parliamentary,9.892386964870358,31.82,0,0,0,19
325,Italy/Sardinia,1970,0,parliamentary,7.30375788413633,32.392,1,0,0,20
325,Italy/Sardinia,1971,0,parliamentary,7.357071149911687,33.793,1,0,0,21
325,Italy/Sardinia,1972,0,parliamentary,7.003070073510531,34.993,1,0,0,22
325,Italy/Sardinia,1973,0,parliamentary,7.042611403617638,36.229,1,0,0,23
325,Italy/Sardinia,1974,0,parliamentary,9.143972192038774,38.37,1,0,0,24
325,Italy/Sardinia,1975,0,parliamentary,7.701778385772928,39.365,1,0,0,25
325,Italy/Sardinia,1976,0,parliamentary,8.325357341943906,41.197,1,0,0,26
325,Italy/Sardinia,1977,0,parliamentary,7.927812283636482,42.712,1,0,0,27
325,Italy/Sardinia,1978,0,parliamentary,7.774434630690075,44.416,1,0,0,28
325,Italy/Sardinia,1979,0,parliamentary,8.14966444207652,46.282,1,0,0,29
325,Italy/Sardinia,1980,0,parliamentary,7.529467825899316,47.839,1,0,0,30
325,Italy/Sardinia,1981,0,parliamentary,5.510477699520289,48.477,1,0,0,31
325,Italy/Sardinia,1982,0,parliamentary,3.8006864115927463,48.996,1,0,0,32
325,Italy/Sardinia,1983,0,parliamentary,2.9896890126649422,49.702,0,0,0,33
325,Italy/Sardinia,1984,0,parliamentary,3.275286841891112,50.766,0,0,0,34
325,Italy/Sardinia,1985,0,parliamentary,4.184497004503229,52.101,0,0,0,35
325,Italy/Sardinia,1986,0,parliamentary,5.365687479932024,53.817,0,0,0,36
325,Italy/Sardinia,1987,0,parliamentary,6.318407770397871,55.737,0,0,0,37
325,Italy/Sardinia,1988,0,parliamentary,6.704980133529337,57.632,0,0,0,38
325,Italy/Sardinia,1989,0,parliamentary,6.717935657894247,59.504,0,0,0,39
325,Italy/Sardinia,1990,0,parliamentary,6.364431972883611,61.254,0,0,0,40
325,Italy/Sardinia,1991,0,parliamentary,5.428316227648855,62.558,0,0,0,41
325,Italy/Sardinia,1992,0,parliamentary,4.076428097250617,63.338,0,0,0,42
325,Italy/Sardinia,1993,0,parliamentary,2.828222972951222,63.859,0,0,0,43
325,Italy/Sardinia,1994,0,parliamentary,2.6276295292493534,64.827,0,0,0,44
325,Italy/Sardinia,1995,0,parliamentary,3.349796675132044,66.333,0,0,0,45
325,Italy/Sardinia,1996,0,parliamentary,3.7639487874753907,67.657,0,0,0,46
325,Italy/Sardinia,1997,0,parliamentary,3.7997671149402334,68.818,0,0,0,47
325,Italy/Sardinia,1998,0,parliamentary,4.075008802113711,70.352,0,0,0,48
325,Italy/Sardinia,1999,0,parliamentary,4.025269554477684,71.761,0,0,0,49
325,Italy/Sardinia,2000,0,parliamentary,4.464939829512216,73.578,0,0,0,50
325,Italy/Sardinia,2001,0,parliamentary,4.367257941606728,75.053,0,0,0,51
325,Italy/Sardinia,2002,0,parliamentary,4.076563572385705,76.428,0,0,0,52
325,Italy/Sardinia,2003,0,parliamentary,2.891950541437982,76.907,0,0,0,53
325,Italy/Sardinia,2004,0,parliamentary,2.0762887195692414,77.461,0,0,0,54
325,Italy/Sardinia,2005,0,parliamentary,1.6885802694227126,78.083,0,0,0,55
325,Italy/Sardinia,2006,0,parliamentary,1.794816921454534,78.96,0,0,0,56
325,Italy/Sardinia,2007,0,parliamentary,1.7863993248254495,79.599,0,0,0,57
325,Italy/Sardinia,2008,0,parliamentary,0.5516683580427006,79.068,0,0,0,58
325,Italy/Sardinia,2009,0,parliamentary,-1.3960052381981614,77.555,0,0,0,59
325,Italy/Sardinia,2010,0,parliamentary,-1.8435882397939696,76.988,0,0,0,60
325,Italy/Sardinia,2011,0,parliamentary,-1.8067899587429936,76.542,0,0,0,61
325,Italy/Sardinia,2012,0,parliamentary,-2.5597960677628206,75.073,0,0,0,62
325,Italy/Sardinia,2013,0,parliamentary,-3.0569122816256122,73.637,0,0,0,63
325,Italy/Sardinia,2014,0,parliamentary,-2.9845174159071175,72.762,0,0,0,64
325,Italy/Sardinia,2015,0,parliamentary,-3.406322081803692,71.358,0,0,0,65
325,Italy/Sardinia,2016,0,parliamentary,-1.6365561547788232,71.716,0,0,0,66
325,Italy/Sardinia,2017,0,parliamentary,0.502075650849032,72.823,0,0,0,67
325,Italy/Sardinia,2018,0,parliamentary,1.312939902544663,73.353,0,0,0,68
325,Italy/Sardinia,2019,0,parliamentary,0.9045703153026441,73.132,0,0,0,69
325,Italy/Sardinia,2020,0,parliamentary,NA,NA,0,0,0,70
331,San Marino,1950,0,parliamentary,NA,NA,0,0,0,0
331,San Marino,1951,0,parliamentary,NA,NA,0,0,0,1
331,San Marino,1952,0,parliamentary,NA,NA,0,0,0,2
331,San Marino,1953,0,parliamentary,NA,NA,0,0,0,3
331,San Marino,1954,0,parliamentary,NA,NA,0,0,0,4
331,San Marino,1955,0,parliamentary,NA,NA,0,0,0,5
331,San Marino,1956,0,parliamentary,NA,NA,0,0,0,6
331,San Marino,1957,0,parliamentary,NA,NA,0,0,0,7
331,San Marino,1958,0,parliamentary,NA,NA,0,0,0,8
331,San Marino,1959,0,parliamentary,NA,NA,0,0,0,9
331,San Marino,1960,0,parliamentary,NA,NA,0,0,0,10
331,San Marino,1961,0,parliamentary,NA,NA,0,0,0,11
331,San Marino,1962,0,parliamentary,NA,NA,0,0,0,12
331,San Marino,1963,0,parliamentary,NA,NA,0,0,0,13
331,San Marino,1964,0,parliamentary,NA,NA,0,0,0,14
331,San Marino,1965,0,parliamentary,NA,NA,0,0,0,15
331,San Marino,1966,0,parliamentary,NA,NA,0,0,0,16
331,San Marino,1967,0,parliamentary,NA,NA,0,0,0,17
331,San Marino,1968,0,parliamentary,NA,NA,0,0,0,18
331,San Marino,1969,0,parliamentary,NA,NA,0,0,0,19
331,San Marino,1970,0,parliamentary,NA,NA,0,0,0,20
331,San Marino,1971,0,parliamentary,NA,NA,0,0,0,21
331,San Marino,1972,0,parliamentary,NA,NA,0,0,0,22
331,San Marino,1973,0,parliamentary,NA,NA,0,0,0,23
331,San Marino,1974,0,parliamentary,NA,NA,0,0,0,24
331,San Marino,1975,0,parliamentary,NA,NA,0,0,0,25
331,San Marino,1976,0,parliamentary,NA,NA,0,0,0,26
331,San Marino,1977,0,parliamentary,NA,NA,0,0,0,27
331,San Marino,1978,0,parliamentary,NA,NA,0,0,0,28
331,San Marino,1979,0,parliamentary,NA,NA,0,0,0,29
331,San Marino,1980,0,parliamentary,NA,NA,0,0,0,30
331,San Marino,1981,0,parliamentary,NA,NA,0,0,0,31
331,San Marino,1982,0,parliamentary,NA,NA,0,0,0,32
331,San Marino,1983,0,parliamentary,NA,NA,0,0,0,33
331,San Marino,1984,0,parliamentary,NA,NA,0,0,0,34
331,San Marino,1985,0,parliamentary,NA,NA,0,0,0,35
331,San Marino,1986,0,parliamentary,NA,NA,0,0,0,36
331,San Marino,1987,0,parliamentary,NA,NA,0,0,0,37
331,San Marino,1988,0,parliamentary,NA,NA,0,0,0,38
331,San Marino,1989,0,parliamentary,NA,NA,0,0,0,39
331,San Marino,1990,0,parliamentary,NA,NA,0,0,0,40
331,San Marino,1991,0,parliamentary,NA,NA,0,0,0,41
331,San Marino,1992,0,parliamentary,NA,NA,0,0,0,42
331,San Marino,1993,0,parliamentary,NA,NA,0,0,0,43
331,San Marino,1994,0,parliamentary,NA,NA,0,0,0,44
331,San Marino,1995,0,parliamentary,NA,NA,0,0,0,45
331,San Marino,1996,0,parliamentary,NA,NA,0,0,0,46
331,San Marino,1997,0,parliamentary,NA,NA,0,0,0,47
331,San Marino,1998,0,parliamentary,NA,NA,0,0,0,48
331,San Marino,1999,0,parliamentary,NA,NA,0,0,0,49
331,San Marino,2000,0,parliamentary,NA,NA,0,0,0,50
331,San Marino,2001,0,parliamentary,NA,NA,0,0,0,51
331,San Marino,2002,0,parliamentary,NA,NA,0,0,0,52
331,San Marino,2003,0,parliamentary,NA,NA,0,0,0,53
331,San Marino,2004,0,parliamentary,NA,NA,0,0,0,54
331,San Marino,2005,0,parliamentary,NA,NA,0,0,0,55
331,San Marino,2006,0,parliamentary,NA,NA,0,0,0,56
331,San Marino,2007,0,parliamentary,NA,NA,0,0,0,57
331,San Marino,2008,0,parliamentary,NA,NA,0,0,0,58
331,San Marino,2009,0,parliamentary,NA,NA,0,0,0,59
331,San Marino,2010,0,parliamentary,NA,NA,0,0,0,60
331,San Marino,2011,0,parliamentary,NA,NA,0,0,0,61
331,San Marino,2012,0,parliamentary,NA,NA,0,0,0,62
331,San Marino,2013,0,parliamentary,NA,NA,0,0,0,63
331,San Marino,2014,0,parliamentary,NA,NA,0,0,0,64
331,San Marino,2015,0,parliamentary,NA,NA,0,0,0,65
331,San Marino,2016,0,parliamentary,NA,NA,0,0,0,66
331,San Marino,2017,0,parliamentary,NA,NA,0,0,0,67
331,San Marino,2018,0,parliamentary,NA,NA,0,0,0,68
331,San Marino,2019,0,parliamentary,NA,NA,0,0,0,69
331,San Marino,2020,0,parliamentary,NA,NA,0,0,0,70
338,Malta,1962,NA,parliamentary,1.3993948562783576,5.362,0,NA,NA,NA
338,Malta,1963,NA,parliamentary,1.0956547752599022,5.407,0,NA,NA,NA
338,Malta,1964,0,parliamentary,2.4726493199290323,5.545,0,0,0,0
338,Malta,1965,0,parliamentary,6.317355491853838,5.86,0,0,0,1
338,Malta,1966,0,parliamentary,10.968805923014857,6.325,0,0,0,2
338,Malta,1967,0,parliamentary,13.88137912619738,6.824,0,0,0,3
338,Malta,1968,0,parliamentary,15.623043206011268,7.386,0,0,0,4
338,Malta,1969,0,parliamentary,16.083895741214782,7.981,0,0,0,5
338,Malta,1970,0,parliamentary,16.813136606734936,8.693,0,0,0,6
338,Malta,1971,0,parliamentary,15.143056524773213,9.24,0,0,0,7
338,Malta,1972,0,parliamentary,14.565489143015874,9.898,0,0,0,8
338,Malta,1973,0,parliamentary,14.43552033763269,10.629,0,0,0,9
338,Malta,1974,0,parliamentary,16.626794258373188,11.7,0,0,0,10
338,Malta,1975,0,parliamentary,22.127248537425515,13.402,0,0,0,11
338,Malta,1976,0,parliamentary,25.83232197330012,15.345,0,0,0,12
338,Malta,1977,0,parliamentary,25.71265260658646,17.155,0,0,0,13
338,Malta,1978,0,parliamentary,23.25532722016559,18.845,0,0,0,14
338,Malta,1979,0,parliamentary,19.399475658072628,20.312,0,0,0,15
338,Malta,1980,0,parliamentary,14.805298127163645,21.357,0,0,0,16
338,Malta,1981,0,parliamentary,11.254592229996895,22.228,0,0,0,17
338,Malta,1982,0,parliamentary,8.240296203706343,22.861,0,0,0,18
338,Malta,1983,0,parliamentary,5.774473808571723,23.278,0,0,0,19
338,Malta,1984,0,parliamentary,4.820168600195562,23.799,0,0,0,20
338,Malta,1985,0,parliamentary,5.031069209342198,24.509,0,0,0,21
338,Malta,1986,0,parliamentary,5.994743648575374,25.408,0,0,0,22
338,Malta,1987,0,parliamentary,7.53736718162028,26.577,0,0,0,23
338,Malta,1988,0,parliamentary,9.791303535856578,28.219,0,0,0,24
338,Malta,1989,0,parliamentary,11.820399326794039,30.164,0,0,0,25
338,Malta,1990,0,parliamentary,12.931282396593936,32.201,0,0,0,26
338,Malta,1991,0,parliamentary,12.193491155597936,33.895,0,0,0,27
338,Malta,1992,0,parliamentary,10.023308562763944,35.119,0,0,0,28
338,Malta,1993,0,parliamentary,8.802458328122476,36.54,0,0,0,29
338,Malta,1994,0,parliamentary,8.70614969464567,38.27,0,0,0,30
338,Malta,1995,0,parliamentary,8.68263961821636,39.945,0,0,0,31
338,Malta,1996,0,parliamentary,8.516440460144814,41.544,0,0,0,32
338,Malta,1997,0,parliamentary,9.340398410357675,43.746,0,0,0,33
338,Malta,1998,0,parliamentary,9.868242098582192,46.046,0,0,0,34
338,Malta,1999,0,parliamentary,9.953772231457659,48.284,0,0,0,35
338,Malta,2000,0,parliamentary,9.664296517793503,50.464,0,0,0,36
338,Malta,2001,0,parliamentary,6.629751259143646,51.107,0,0,0,37
338,Malta,2002,0,parliamentary,4.791301014747118,51.944,0,0,0,38
338,Malta,2003,0,parliamentary,3.7842910884401837,52.859,0,0,0,39
338,Malta,2004,0,parliamentary,2.3070637930503013,53.09,0,0,0,40
338,Malta,2005,0,parliamentary,2.8307336799537897,54.112,0,0,0,41
338,Malta,2006,0,parliamentary,3.2053513608612416,55.142,0,0,0,42
338,Malta,2007,0,parliamentary,4.3146022792043714,56.734,0,0,0,43
338,Malta,2008,0,parliamentary,4.548063697440763,57.919,0,0,0,44
338,Malta,2009,0,parliamentary,3.5261869937989854,58.466,0,0,0,45
338,Malta,2010,0,parliamentary,3.487749968732201,59.575,0,0,0,46
338,Malta,2011,0,parliamentary,2.882800473754088,60.285,0,0,0,47
338,Malta,2012,0,parliamentary,3.171003742449585,61.421,0,0,0,48
338,Malta,2013,0,parliamentary,4.309980590728446,63.201,0,0,0,49
338,Malta,2014,0,parliamentary,5.880152952328155,65.68,0,0,0,50
338,Malta,2015,0,parliamentary,7.899068672858811,68.957,0,0,0,51
338,Malta,2016,0,parliamentary,9.03508533823134,72.304,0,0,0,52
338,Malta,2017,0,parliamentary,10.703765830263823,76.82,0,0,0,53
338,Malta,2018,0,parliamentary,9.86149416911626,79.906,0,0,0,54
338,Malta,2019,0,parliamentary,7.8086338510134246,81.913,0,0,0,55
338,Malta,2020,0,parliamentary,NA,NA,0,0,0,56
339,Albania,1950,0,dominant-party,3.302921815452131,3.578,0,0,0,0
339,Albania,1951,0,dominant-party,5.447404371584708,3.705,0,0,0,1
339,Albania,1952,0,dominant-party,6.011599375418264,3.802,0,0,0,2
339,Albania,1953,0,dominant-party,6.3148178313514824,3.916,0,0,0,3
339,Albania,1954,0,dominant-party,6.148918294475947,4.043,0,0,0,4
339,Albania,1955,0,dominant-party,7.0230714503506375,4.212,0,0,0,5
339,Albania,1956,0,dominant-party,7.407953595831485,4.37,0,0,0,6
339,Albania,1957,0,dominant-party,8.589682915286323,4.589,0,0,0,7
339,Albania,1958,0,dominant-party,9.53590709068639,4.829,0,0,0,8
339,Albania,1959,0,dominant-party,9.391953474241577,5.041,0,0,0,9
339,Albania,1960,0,dominant-party,8.918705603788467,5.244,0,0,0,10
339,Albania,1961,0,dominant-party,7.353527301713836,5.387,0,0,0,11
339,Albania,1962,0,dominant-party,6.2497599201014165,5.532,0,0,0,12
339,Albania,1963,0,dominant-party,5.888256942121095,5.697,0,0,0,13
339,Albania,1964,0,dominant-party,6.381446269086721,5.908,0,0,0,14
339,Albania,1965,0,dominant-party,7.034439443106888,6.135,0,0,0,15
339,Albania,1966,0,dominant-party,7.462132712613445,6.371,0,0,0,16
339,Albania,1967,0,dominant-party,7.6960624796615695,6.619,0,0,0,17
339,Albania,1968,0,dominant-party,7.879072681704247,6.887,0,0,0,18
339,Albania,1969,0,dominant-party,7.744970896040049,7.145,0,0,0,19
339,Albania,1970,0,dominant-party,7.512200790146406,7.402,0,0,0,20
339,Albania,1971,0,dominant-party,7.320828667413215,7.667,0,0,0,21
339,Albania,1972,0,dominant-party,7.104282551169194,7.933,0,0,0,22
339,Albania,1973,0,dominant-party,6.990144443865054,8.207,0,0,0,23
339,Albania,1974,0,dominant-party,5.648218347232747,8.361,0,0,0,24
339,Albania,1975,0,dominant-party,4.115388402087228,8.46,0,0,0,25
339,Albania,1976,0,dominant-party,3.185495521525561,8.571,0,0,0,26
339,Albania,1977,0,dominant-party,2.632637131300708,8.678,0,0,0,27
339,Albania,1978,0,dominant-party,2.2647676862012522,8.76,0,0,0,28
339,Albania,1979,0,dominant-party,2.2409933301022145,8.86,0,0,0,29
339,Albania,1980,0,dominant-party,2.8949526239067103,9.035,0,0,0,30
339,Albania,1981,0,dominant-party,3.107027318475919,9.179,0,0,0,31
339,Albania,1982,0,dominant-party,2.7184638240315806,9.265,0,0,0,32
339,Albania,1983,0,dominant-party,2.3222219790321352,9.35,0,0,0,33
339,Albania,1984,0,dominant-party,1.5816006404292704,9.39,0,0,0,34
339,Albania,1985,0,dominant-party,1.2183089528548852,9.438,0,0,0,35
339,Albania,1986,0,dominant-party,1.1100694592406146,9.491,0,0,0,36
339,Albania,1987,0,dominant-party,0.5238822431492096,9.479,0,0,0,37
339,Albania,1988,0,dominant-party,-0.3770946761858407,9.405,0,0,0,38
339,Albania,1989,0,dominant-party,-1.0627691393903516,9.328,0,0,0,39
339,Albania,1990,0,dominant-party,-4.486546796549784,8.903,0,0,0,40
339,Albania,1991,0,dominant-party,-13.731216836848448,7.739,0,0,0,41
339,Albania,1992,0,parliamentary,-14.353315997844774,7.312,0,0,0,42
339,Albania,1993,0,parliamentary,-5.8780487804877986,7.718,0,0,0,43
339,Albania,1994,0,parliamentary,4.169270377683909,8.335,0,0,0,44
339,Albania,1995,0,parliamentary,12.169576059850385,8.996,0,0,0,45
339,Albania,1996,0,parliamentary,13.618454043985938,9.516,0,0,0,46
339,Albania,1997,0,parliamentary,6.491495708007933,9.354,2,0,0,47
339,Albania,1998,0,parliamentary,7.031979331755722,9.86,0,0,0,48
339,Albania,1999,0,parliamentary,11.02404421165506,10.768,0,0,0,49
339,Albania,2000,0,parliamentary,13.658593841699606,11.62,0,0,0,50
339,Albania,2001,0,parliamentary,15.558060879368663,12.505,0,0,0,51
339,Albania,2002,0,parliamentary,14.974964296161186,13.364,0,0,0,52
339,Albania,2003,0,parliamentary,13.950176797171254,14.244,0,0,0,53
339,Albania,2004,0,parliamentary,13.193862902261033,15.139,0,0,0,54
339,Albania,2005,0,parliamentary,12.842648130500578,16.104,0,0,0,55
339,Albania,2006,0,parliamentary,13.066747317483696,17.197,0,0,0,56
339,Albania,2007,0,parliamentary,13.204985807725533,18.346,0,0,0,57
339,Albania,2008,0,parliamentary,13.801956838526142,19.68,0,0,0,58
339,Albania,2009,0,parliamentary,12.39117912378138,20.682,0,0,0,59
339,Albania,2010,0,parliamentary,10.091743119266061,21.432,0,0,0,60
339,Albania,2011,0,parliamentary,7.676114945904944,21.995,0,0,0,61
339,Albania,2012,0,parliamentary,5.635725245451018,22.444,0,0,0,62
339,Albania,2013,0,parliamentary,3.9163104859007314,22.708,0,0,0,63
339,Albania,2014,0,parliamentary,3.4320660446625295,23.103,0,0,0,64
339,Albania,2015,0,parliamentary,2.7414143726175455,23.341,0,0,0,65
339,Albania,2016,0,parliamentary,3.7001142224222017,23.968,0,0,0,66
339,Albania,2017,0,parliamentary,5.02875757113046,24.762,0,0,0,67
339,Albania,2018,0,parliamentary,5.685970683526254,25.509,0,0,0,68
339,Albania,2019,0,parliamentary,4.737639443602815,25.857,0,0,0,69
339,Albania,2020,0,parliamentary,NA,NA,0,0,0,70
341,Montenegro,2006,0,parliamentary,17.795986457975555,24.008,0,0,0,0
341,Montenegro,2007,0,parliamentary,18.835900580787126,26.354,0,0,0,1
341,Montenegro,2008,0,parliamentary,16.9248927752103,28.134,0,0,0,2
341,Montenegro,2008,0,parliamentary,16.9248927752103,28.134,0,0,0,2
341,Montenegro,2009,0,parliamentary,10.693280085776236,28.494,0,0,0,3
341,Montenegro,2009,0,parliamentary,10.693280085776236,28.494,0,0,0,3
341,Montenegro,2010,0,parliamentary,7.5086576275165795,29.306,0,0,0,4
341,Montenegro,2010,0,parliamentary,7.5086576275165795,29.306,0,0,0,4
341,Montenegro,2011,0,parliamentary,5.749717359399464,30.119,0,0,0,5
341,Montenegro,2011,0,parliamentary,5.749717359399464,30.119,0,0,0,5
341,Montenegro,2012,0,parliamentary,3.6739042831481328,30.358,0,0,0,6
341,Montenegro,2012,0,parliamentary,3.6739042831481328,30.358,0,0,0,6
341,Montenegro,2013,0,parliamentary,3.870963420433915,31.014,0,0,0,7
341,Montenegro,2013,0,parliamentary,3.870963420433915,31.014,0,0,0,7
341,Montenegro,2014,0,parliamentary,3.861138074874715,31.671,0,0,0,8
341,Montenegro,2014,0,parliamentary,3.861138074874715,31.671,0,0,0,8
341,Montenegro,2015,0,parliamentary,4.283538642453699,32.457,0,0,0,9
341,Montenegro,2015,0,parliamentary,4.283538642453699,32.457,0,0,0,9
341,Montenegro,2016,0,parliamentary,4.88370042943318,33.314,0,0,0,10
341,Montenegro,2016,0,parliamentary,4.88370042943318,33.314,0,0,0,10
341,Montenegro,2017,0,parliamentary,5.348211323166163,34.29,0,0,0,11
341,Montenegro,2017,0,parliamentary,5.348211323166163,34.29,0,0,0,11
341,Montenegro,2018,0,parliamentary,5.129373396321446,35.072,0,0,0,12
341,Montenegro,2018,0,parliamentary,5.129373396321446,35.072,0,0,0,12
341,Montenegro,2019,0,parliamentary,2.8420279206465837,34.992,0,0,0,13
341,Montenegro,2020,0,parliamentary,NA,NA,0,0,0,14
343,Macedonia (Former Yugoslav Republic of),1991,0,parliamentary,NA,18.716,0,0,0,0
343,Macedonia (Former Yugoslav Republic of),1992,0,parliamentary,NA,17.379,0,0,0,1
343,Macedonia (Former Yugoslav Republic of),1993,0,parliamentary,NA,16.437,0,0,0,2
343,Macedonia (Former Yugoslav Republic of),1994,0,parliamentary,NA,16.125,0,0,0,3
343,Macedonia (Former Yugoslav Republic of),1995,0,parliamentary,-5.44355076828592,16.012,0,0,0,4
343,Macedonia (Former Yugoslav Republic of),1996,0,parliamentary,-2.1083051860161683,16.056,0,0,0,5
343,Macedonia (Former Yugoslav Republic of),1997,0,parliamentary,0.6599028682295005,16.291,0,0,0,6
343,Macedonia (Former Yugoslav Republic of),1998,0,parliamentary,2.9799285802240894,16.726,0,0,0,7
343,Macedonia (Former Yugoslav Republic of),1999,0,parliamentary,4.999635860461726,17.301,0,0,0,8
343,Macedonia (Former Yugoslav Republic of),2000,0,parliamentary,6.103046775782484,17.879,0,0,0,9
343,Macedonia (Former Yugoslav Republic of),2001,0,parliamentary,4.558791125955319,18.032,0,0,0,10
343,Macedonia (Former Yugoslav Republic of),2002,0,parliamentary,5.427362482369524,18.687,0,0,0,11
343,Macedonia (Former Yugoslav Republic of),2003,0,parliamentary,5.816885964912277,19.301,0,0,0,12
343,Macedonia (Former Yugoslav Republic of),2004,0,parliamentary,6.752873563218387,20.061,0,0,0,13
343,Macedonia (Former Yugoslav Republic of),2005,0,parliamentary,8.15306963329212,20.999,0,0,0,14
343,Macedonia (Former Yugoslav Republic of),2006,0,parliamentary,9.129927411538997,22.07,0,0,0,15
343,Macedonia (Former Yugoslav Republic of),2007,0,parliamentary,9.856875106491735,23.211,0,0,0,16
343,Macedonia (Former Yugoslav Republic of),2008,0,parliamentary,10.170486355673546,24.401,0,0,0,17
343,Macedonia (Former Yugoslav Republic of),2009,0,parliamentary,8.505880118120434,25.133,0,0,0,18
343,Macedonia (Former Yugoslav Republic of),2010,0,parliamentary,6.746466255225969,25.737,0,0,0,19
343,Macedonia (Former Yugoslav Republic of),2011,0,parliamentary,4.915191681242681,26.152,0,0,0,20
343,Macedonia (Former Yugoslav Republic of),2012,0,parliamentary,3.447736567590165,26.458,0,0,0,21
343,Macedonia (Former Yugoslav Republic of),2013,0,parliamentary,3.8952090765721037,27.142,0,0,0,22
343,Macedonia (Former Yugoslav Republic of),2014,0,parliamentary,4.661359956826772,27.927,0,0,0,23
343,Macedonia (Former Yugoslav Republic of),2015,0,parliamentary,4.743271616720746,28.535,0,0,0,24
343,Macedonia (Former Yugoslav Republic of),2016,0,parliamentary,4.693594615368046,29.149,0,0,0,25
343,Macedonia (Former Yugoslav Republic of),2017,0,parliamentary,4.350450203872525,29.738,0,0,0,26
343,Macedonia (Former Yugoslav Republic of),2018,0,parliamentary,4.063405324509506,30.317,0,0,0,27
343,Macedonia (Former Yugoslav Republic of),2019,0,parliamentary,3.5056406802492113,30.736,0,0,0,28
343,Macedonia (Former Yugoslav Republic of),2020,0,parliamentary,NA,NA,0,0,0,29
344,Croatia,1991,NA,dominant-party,NA,27.029,2,NA,NA,NA
344,Croatia,1992,0,dominant-party,NA,24.43,3,0,0,0
344,Croatia,1993,0,dominant-party,NA,23.161,3,0,0,1
344,Croatia,1994,0,dominant-party,NA,23.629,3,0,0,2
344,Croatia,1995,0,dominant-party,1.8664851240406177,25.138,3,0,0,3
344,Croatia,1996,0,dominant-party,8.841438662011857,26.812,0,0,0,4
344,Croatia,1997,0,dominant-party,11.810033024060385,28.44,0,0,0,5
344,Croatia,1998,0,dominant-party,10.58783009755988,29.54,0,0,0,6
344,Croatia,1999,0,dominant-party,7.924958984235686,30.26,0,0,0,7
344,Croatia,2000,0,dominant-party,7.43020534063068,31.485,0,0,0,8
344,Croatia,2001,0,parliamentary,8.304052241393967,33.104,0,0,0,9
344,Croatia,2002,0,parliamentary,11.301380564600283,35.618,0,0,0,10
344,Croatia,2003,0,parliamentary,12.314577093139345,37.797,0,0,0,11
344,Croatia,2004,0,parliamentary,11.634857294017653,39.669,0,0,0,12
344,Croatia,2005,0,parliamentary,10.48940614741869,41.468,0,0,0,13
344,Croatia,2006,0,parliamentary,9.73885289201104,43.459,0,0,0,14
344,Croatia,2007,0,parliamentary,9.139878115703425,45.345,0,0,0,15
344,Croatia,2008,0,parliamentary,7.038306255809745,46.29,0,0,0,16
344,Croatia,2009,0,parliamentary,2.199862114336959,45.361,0,0,0,17
344,Croatia,2010,0,parliamentary,-0.656752472257871,44.744,0,0,0,18
344,Croatia,2011,0,parliamentary,-1.5306505706799034,44.569,0,0,0,19
344,Croatia,2012,0,parliamentary,-1.8618119800850041,44.193,0,0,0,20
344,Croatia,2013,0,parliamentary,-1.156818681343319,44.072,0,0,0,21
344,Croatia,2014,0,parliamentary,-0.244323534847668,44.259,0,0,0,22
344,Croatia,2015,0,parliamentary,1.055633650519039,44.859,0,0,0,23
344,Croatia,2016,0,parliamentary,3.265877595569755,46.171,0,0,0,24
344,Croatia,2017,0,parliamentary,5.706409433447934,48.085,0,0,0,25
344,Croatia,2018,0,parliamentary,6.456403608924455,49.604,0,0,0,26
344,Croatia,2019,0,parliamentary,5.256442436412323,50.321,0,0,0,27
344,Croatia,2020,0,parliamentary,NA,NA,0,0,0,28
345,Yugoslavia,1950,0,dominant-party,4.656103927639177,3.448,0,0,0,0
345,Yugoslavia,1951,0,dominant-party,1.9142465263283448,3.418,0,0,0,1
345,Yugoslavia,1952,0,dominant-party,-0.11180416617629918,3.395,0,0,0,2
345,Yugoslavia,1953,0,dominant-party,2.377077763570834,3.523,0,0,0,3
345,Yugoslavia,1954,0,dominant-party,5.517715070688567,3.687,0,0,0,4
345,Yugoslavia,1955,0,dominant-party,9.408946576792388,3.928,0,0,0,5
345,Yugoslavia,1956,0,dominant-party,10.061711832573117,4.102,0,0,0,6
345,Yugoslavia,1957,0,dominant-party,12.52923827926371,4.426,0,0,0,7
345,Yugoslavia,1958,0,dominant-party,13.304268672447673,4.73,0,0,0,8
345,Yugoslavia,1959,0,dominant-party,15.008960573476692,5.134,0,0,0,9
345,Yugoslavia,1960,0,dominant-party,15.310604476051015,5.513,0,0,0,10
345,Yugoslavia,1961,0,dominant-party,12.51125112511251,5.75,0,0,0,11
345,Yugoslavia,1962,0,dominant-party,10.43295471308452,5.989,0,0,0,12
345,Yugoslavia,1963,0,dominant-party,10.908332464282001,6.381,0,0,0,13
345,Yugoslavia,1964,0,dominant-party,11.324912834681932,6.769,0,0,0,14
345,Yugoslavia,1965,0,dominant-party,10.439818437940197,7.056,0,0,0,15
345,Yugoslavia,1966,0,dominant-party,9.775354546537951,7.369,0,0,0,16
345,Yugoslavia,1967,0,dominant-party,8.63209287802662,7.654,0,0,0,17
345,Yugoslavia,1968,0,dominant-party,8.596548355584499,8.004,0,0,0,18
345,Yugoslavia,1969,0,dominant-party,10.50546377336994,8.535,0,0,0,19
345,Yugoslavia,1970,0,dominant-party,12.365208420328667,9.149,0,0,0,20
345,Yugoslavia,1971,0,dominant-party,11.706339963665169,9.592,0,0,0,21
345,Yugoslavia,1972,0,dominant-party,11.119684310310607,10.081,0,0,0,22
345,Yugoslavia,1973,0,dominant-party,11.455494768373109,10.716,0,0,0,23
345,Yugoslavia,1974,0,dominant-party,10.82347382719453,11.259,0,0,0,24
345,Yugoslavia,1975,0,dominant-party,10.05205797535671,11.754,0,0,0,25
345,Yugoslavia,1976,0,dominant-party,10.210509457800242,12.387,0,0,0,26
345,Yugoslavia,1977,0,dominant-party,10.546228422794979,13.09,0,0,0,27
345,Yugoslavia,1978,0,dominant-party,10.515831579623768,13.759,0,0,0,28
345,Yugoslavia,1979,0,dominant-party,9.893809101202677,14.364,0,0,0,29
345,Yugoslavia,1980,0,dominant-party,8.095460926532528,14.784,0,0,0,30
345,Yugoslavia,1981,0,dominant-party,6.071051705944419,15.078,0,0,0,31
345,Yugoslavia,1982,0,dominant-party,4.273585935793833,15.279,0,0,0,32
345,Yugoslavia,1983,0,dominant-party,3.067132717861143,15.451,0,0,0,33
345,Yugoslavia,1984,0,dominant-party,3.590401172375901,15.834,0,0,0,34
345,Yugoslavia,1985,0,dominant-party,3.445613854507079,16.08,0,0,0,35
345,Yugoslavia,1986,0,dominant-party,2.8755451871386617,16.228,0,0,0,36
345,Yugoslavia,1987,0,dominant-party,1.5376325221183373,16.205,0,0,0,37
345,Yugoslavia,1988,0,dominant-party,-0.00372981239045167,16.086,0,0,0,38
345,Yugoslavia,1989,0,dominant-party,-1.2759031953485933,15.893,0,0,0,39
345,Yugoslavia,1990,0,dominant-party,-3.669954752265514,15.371,0,0,0,40
345,Yugoslavia,1991,0,dominant-party,-7.022914451859153,14.518,0,0,0,41
345,Yugoslavia,1992,0,dominant-party,-11.159551278643198,13.368,0,0,0,42
345,Yugoslavia,1993,0,dominant-party,-15.425890549499943,12.042,0,0,0,43
345,Yugoslavia,1994,0,dominant-party,-11.597892104322971,11.877,0,0,0,44
345,Yugoslavia,1995,0,dominant-party,-3.87463943244718,12.33,0,0,0,45
345,Yugoslavia,1996,0,dominant-party,5.148814260703483,13.213,0,0,0,46
345,Yugoslavia,1997,0,dominant-party,11.117226197028064,14.133,0,0,0,47
345,Yugoslavia,1998,0,dominant-party,11.102729288936498,14.728,0,0,0,48
345,Yugoslavia,1999,0,dominant-party,7.655916459931933,14.928,0,0,0,49
345,Yugoslavia,2000,0,dominant-party,5.806201764819785,15.3,0,0,0,50
345,Yugoslavia,2001,0,parliamentary,6.707844677254027,16.032,0,0,0,51
345,Yugoslavia,2002,0,parliamentary,8.287945740417225,16.86,0,0,0,52
345,Yugoslavia,2003,0,parliamentary,9.468773588407808,17.693,0,0,0,53
345,Yugoslavia,2004,0,parliamentary,10.069481434134687,18.598,0,0,0,54
345,Yugoslavia,2005,0,parliamentary,9.717709179528832,19.449,0,0,0,55
340,Serbia,2006,0,parliamentary,NA,NA,0,0,0,0
340,Serbia,2007,0,parliamentary,NA,NA,0,0,0,1
340,Serbia,2008,0,parliamentary,NA,NA,0,0,0,2
340,Serbia,2009,0,parliamentary,NA,NA,0,0,0,3
340,Serbia,2010,0,parliamentary,NA,NA,0,0,0,4
340,Serbia,2011,0,parliamentary,NA,NA,0,0,0,5
340,Serbia,2012,0,parliamentary,NA,NA,0,0,0,6
340,Serbia,2013,0,parliamentary,NA,NA,0,0,0,7
340,Serbia,2014,0,parliamentary,NA,NA,0,0,0,8
340,Serbia,2015,0,parliamentary,NA,NA,0,0,0,9
340,Serbia,2016,0,parliamentary,NA,NA,0,0,0,10
340,Serbia,2017,0,parliamentary,NA,NA,0,0,0,11
340,Serbia,2018,0,parliamentary,NA,NA,0,0,0,12
340,Serbia,2019,0,parliamentary,NA,NA,0,0,0,13
340,Serbia,2020,0,parliamentary,NA,NA,0,0,0,14
346,Bosnia-Herzegovina,1992,0,other,NA,6.219,6,0,0,0
346,Bosnia-Herzegovina,1993,0,other,NA,5.519,6,0,0,1
346,Bosnia-Herzegovina,1994,0,other,NA,5.383,6,0,0,2
346,Bosnia-Herzegovina,1995,0,other,NA,6.301,6,0,0,3
346,Bosnia-Herzegovina,1996,0,other,36.12353964702959,8.762,0,0,0,4
346,Bosnia-Herzegovina,1997,0,other,49.708596406022345,11.097,0,0,0,5
346,Bosnia-Herzegovina,1998,0,other,44.152884637079495,12.778,0,0,0,6
346,Bosnia-Herzegovina,1999,0,other,31.79892578863757,13.938,0,0,0,7
346,Bosnia-Herzegovina,2000,0,other,18.8438057515099,14.522,0,0,0,8
346,Bosnia-Herzegovina,2001,0,other,11.083037319976818,14.948,0,0,0,9
346,Bosnia-Herzegovina,2002,0,other,6.3641968389194,15.182,0,0,0,10
346,Bosnia-Herzegovina,2003,0,other,5.023662176920274,15.579,0,0,0,11
346,Bosnia-Herzegovina,2004,0,other,5.977940887859634,16.2,0,0,0,12
346,Bosnia-Herzegovina,2005,0,other,8.071663712332233,17.071,0,0,0,13
346,Bosnia-Herzegovina,2006,0,other,9.646662927650018,17.986,0,0,0,14
346,Bosnia-Herzegovina,2007,0,other,10.707920273056626,19.007,0,0,0,15
346,Bosnia-Herzegovina,2008,0,other,9.895844899953365,19.794,0,0,0,16
346,Bosnia-Herzegovina,2009,0,other,7.100679852326275,20.133,0,0,0,17
346,Bosnia-Herzegovina,2010,0,other,4.650445616307408,20.361,0,0,0,18
346,Bosnia-Herzegovina,2011,0,other,3.227420565424066,20.63,0,0,0,19
346,Bosnia-Herzegovina,2012,0,other,2.6224033786770073,20.897,0,0,0,20
346,Bosnia-Herzegovina,2013,0,other,3.4069260301526905,21.386,0,0,0,21
346,Bosnia-Herzegovina,2014,0,other,3.909817351598166,21.846,0,0,0,22
346,Bosnia-Herzegovina,2015,0,other,4.502823013391821,22.396,0,0,0,23
346,Bosnia-Herzegovina,2016,0,other,5.726029145060019,23.202,0,0,0,24
346,Bosnia-Herzegovina,2017,0,other,7.8942025019201445,24.443,0,0,0,25
346,Bosnia-Herzegovina,2018,0,other,8.461663016336995,25.454,0,0,0,26
346,Bosnia-Herzegovina,2019,0,other,7.3041146814267766,26.094,0,0,0,27
346,Bosnia-Herzegovina,2020,0,other,NA,NA,0,0,0,28
347,Kosovo,2008,0,other,9.99433748584373,13.209,0,0,0,0
347,Kosovo,2009,0,parliamentary,9.332273449920514,13.754,0,0,0,1
347,Kosovo,2010,0,parliamentary,8.16199187301201,14.214,0,0,0,2
347,Kosovo,2011,0,parliamentary,7.161652486623971,14.661,0,0,0,3
347,Kosovo,2012,0,parliamentary,6.186701272322059,15.056,0,0,0,4
347,Kosovo,2013,0,parliamentary,5.67510663895876,15.459,0,0,0,5
347,Kosovo,2014,0,parliamentary,5.235170561803737,15.832,0,0,0,6
347,Kosovo,2015,0,parliamentary,4.7271030943865755,16.164,0,0,0,7
347,Kosovo,2016,0,parliamentary,5.210306934444864,16.659,0,0,0,8
347,Kosovo,2017,0,parliamentary,5.243390348122712,17.093,0,0,0,9
347,Kosovo,2018,0,parliamentary,5.145575093686938,17.508,0,0,0,10
347,Kosovo,2019,0,parliamentary,4.593063488898541,17.835,0,0,0,11
347,Kosovo,2020,0,parliamentary,NA,NA,0,0,0,12
349,Slovenia,1991,NA,parliamentary,NA,40.438,0,NA,NA,NA
349,Slovenia,1992,0,parliamentary,NA,39.187,0,0,0,0
349,Slovenia,1993,0,parliamentary,-3.219542506505102,39.872,0,0,0,1
349,Slovenia,1994,0,parliamentary,2.2711644629560546,41.644,0,0,0,2
349,Slovenia,1995,0,parliamentary,6.821653222461332,43.78,0,0,0,3
349,Slovenia,1996,0,parliamentary,8.658929446641261,45.67,0,0,0,4
349,Slovenia,1997,0,parliamentary,8.750177356089829,47.521,0,0,0,5
349,Slovenia,1998,0,parliamentary,8.111369520382627,49.275,0,0,0,6
349,Slovenia,1999,0,parliamentary,8.01043924820577,51.319,0,0,0,7
349,Slovenia,2000,0,parliamentary,7.490662496860501,53.069,0,0,0,8
349,Slovenia,2001,0,parliamentary,6.68916197797127,54.573,0,0,0,9
349,Slovenia,2002,0,parliamentary,6.192414179160921,56.152,0,0,0,10
349,Slovenia,2003,0,parliamentary,5.9422010214474685,57.833,0,0,0,11
349,Slovenia,2004,0,parliamentary,6.13508489456156,59.722,0,0,0,12
349,Slovenia,2005,0,parliamentary,6.657936453235913,61.9,0,0,0,13
349,Slovenia,2006,0,parliamentary,7.1344007310151225,64.25,0,0,0,14
349,Slovenia,2007,0,parliamentary,7.684209170696521,66.893,0,0,0,15
349,Slovenia,2008,0,parliamentary,5.949920025442212,67.962,0,0,0,16
349,Slovenia,2009,0,parliamentary,1.201262685682325,66.234,0,0,0,17
349,Slovenia,2010,0,parliamentary,-1.083203840642366,65.439,0,0,0,18
349,Slovenia,2011,0,parliamentary,-1.918146997617387,65.042,0,0,0,19
349,Slovenia,2012,0,parliamentary,-2.3278367565332747,64.255,0,0,0,20
349,Slovenia,2013,0,parliamentary,-1.1689038375217398,64.292,0,0,0,21
349,Slovenia,2014,0,parliamentary,0.5773269638214451,65.225,0,0,0,22
349,Slovenia,2015,0,parliamentary,1.9336243305679623,66.275,0,0,0,23
349,Slovenia,2016,0,parliamentary,3.8296653575095707,68.154,0,0,0,24
349,Slovenia,2017,0,parliamentary,6.426696886556127,71.374,0,0,0,25
349,Slovenia,2018,0,parliamentary,7.305962537091992,74.06,0,0,0,26
349,Slovenia,2019,0,parliamentary,6.862207987413438,76.072,0,0,0,27
349,Slovenia,2020,0,parliamentary,NA,NA,0,0,0,28
350,Greece,1950,0,parliamentary,15.586906750819885,7.472,0,0,0,0
350,Greece,1951,0,parliamentary,13.39380239777963,7.926,0,0,0,1
350,Greece,1952,0,parliamentary,10.725059254471002,8.222,0,0,0,2
350,Greece,1953,0,parliamentary,10.440539852304553,8.674,0,0,0,3
350,Greece,1954,0,parliamentary,9.249086465164691,9.029,0,0,0,4
350,Greece,1955,0,parliamentary,9.77774703739569,9.523,0,0,0,5
350,Greece,1956,0,parliamentary,10.74385610436388,10.085,0,0,0,6
350,Greece,1957,0,parliamentary,10.800492353910652,10.622,0,0,0,7
350,Greece,1958,0,parliamentary,10.556701849059591,11.145,0,0,0,8
350,Greece,1959,0,parliamentary,10.712807195815,11.767,0,0,0,9
350,Greece,1960,0,parliamentary,14.346088555665592,12.933,0,0,0,10
350,Greece,1961,0,parliamentary,16.748045264095545,14.155,0,0,0,11
350,Greece,1962,0,parliamentary,15.029257776409,14.94,0,0,0,12
350,Greece,1963,0,parliamentary,14.93035174872228,16.056,0,0,0,13
350,Greece,1964,0,parliamentary,14.172600701456052,17.188,0,0,0,14
350,Greece,1965,0,parliamentary,13.779986122125297,18.365,0,0,0,15
350,Greece,1966,0,parliamentary,13.249105025803143,19.487,0,0,0,16
350,Greece,1967,2,parliamentary,12.090790048013966,20.544,0,1,1,0
350,Greece,1968,0,military,12.127183529363483,21.85,0,1,1,1
350,Greece,1969,0,military,13.2238256359833,23.491,0,1,1,2
350,Greece,1970,0,military,13.746799019119926,25.141,0,1,1,3
350,Greece,1971,0,military,13.910520690181727,26.856,0,1,1,4
350,Greece,1972,0,military,14.169857540371478,28.803,0,1,1,5
350,Greece,1973,2,military,12.08480565371024,30.134,0,2,1,0
350,Greece,1974,0,military,7.832462509810023,30.503,0,2,1,1
350,Greece,1975,0,parliamentary,6.7946065105962905,31.586,0,2,1,2
350,Greece,1976,0,parliamentary,6.851655741006635,32.893,0,2,1,3
350,Greece,1977,0,parliamentary,6.590573216363227,33.899,0,2,1,4
350,Greece,1978,0,parliamentary,6.952687083335873,35.07,0,2,1,5
350,Greece,1979,0,parliamentary,5.850454260836702,35.838,0,2,1,6
350,Greece,1980,0,parliamentary,3.647479405212173,36.009,0,2,1,7
350,Greece,1981,0,parliamentary,1.8592868210040692,36.026,0,2,1,8
350,Greece,1982,0,parliamentary,0.8048525740201651,36.096,0,2,1,9
350,Greece,1983,0,parliamentary,0.5321835061958602,36.232,0,2,1,10
350,Greece,1984,0,parliamentary,1.4493953950637684,36.747,0,2,1,11
350,Greece,1985,0,parliamentary,2.702480696566467,37.509,0,2,1,12
350,Greece,1986,0,parliamentary,3.1233754981805806,38.088,0,2,1,13
350,Greece,1987,0,parliamentary,2.9927319367250904,38.544,0,2,1,14
350,Greece,1988,0,parliamentary,4.062032590726594,39.657,0,2,1,15
350,Greece,1989,0,parliamentary,4.780724972118433,40.775,0,2,1,16
350,Greece,1990,0,parliamentary,4.751119834918716,41.626,0,2,1,17
350,Greece,1991,0,parliamentary,4.580506012468111,42.476,0,2,1,18
350,Greece,1992,0,parliamentary,3.1538528330647964,42.768,0,2,1,19
350,Greece,1993,0,parliamentary,1.9540803001163454,42.94,0,2,1,20
350,Greece,1994,0,parliamentary,2.09112467077206,43.568,0,2,1,21
350,Greece,1995,0,parliamentary,2.755124225757366,44.427,0,2,1,22
350,Greece,1996,0,parliamentary,3.916981338587,45.573,0,2,1,23
350,Greece,1997,0,parliamentary,5.0780410968712,46.964,0,2,1,24
350,Greece,1998,0,parliamentary,5.580753130762317,48.326,0,2,1,25
350,Greece,1999,0,parliamentary,5.893413194030872,49.786,0,2,1,26
350,Greece,2000,0,parliamentary,6.188237432660193,51.407,0,2,1,27
350,Greece,2001,0,parliamentary,6.8940542833248575,53.428,0,2,1,28
350,Greece,2002,0,parliamentary,8.227063715440664,56.064,0,2,1,29
350,Greece,2003,0,parliamentary,8.79067418317403,58.589,0,2,1,30
350,Greece,2004,0,parliamentary,8.204066332268244,60.617,0,2,1,31
350,Greece,2005,0,parliamentary,6.358222314021145,61.792,0,2,1,32
350,Greece,2006,0,parliamentary,5.974981799807866,63.759,0,2,1,33
350,Greece,2007,0,parliamentary,5.01658963567353,65.075,0,2,1,34
350,Greece,2008,0,parliamentary,3.2132332270994324,65.354,0,2,1,35
350,Greece,2009,0,parliamentary,-0.45931265800605026,63.628,0,2,1,36
350,Greece,2010,0,parliamentary,-4.8745249536731645,60.574,0,2,1,37
350,Greece,2011,0,parliamentary,-8.545683837615636,57,0,2,1,38
350,Greece,2012,0,parliamentary,-9.762939917301527,54.296,0,2,1,39
350,Greece,2013,0,parliamentary,-8.06997723106141,53.053,0,2,1,40
350,Greece,2014,0,parliamentary,-5.596990702337756,52.351,0,2,1,41
350,Greece,2015,0,parliamentary,-3.8901687131429163,51.566,0,2,1,42
350,Greece,2016,0,parliamentary,-1.9918256752951113,51.508,0,2,1,43
350,Greece,2017,0,parliamentary,0.3090502647632887,52.321,0,2,1,44
350,Greece,2018,0,parliamentary,1.3149662814396335,52.793,0,2,1,45
350,Greece,2019,0,parliamentary,1.5616925991847053,53.067,0,2,1,46
350,Greece,2020,0,parliamentary,NA,NA,0,2,1,47
352,Cyprus,1960,0,other,0.8962520369364624,9.659,0,0,0,0
352,Cyprus,1961,0,other,4.4587167294509955,10.149,0,0,0,1
352,Cyprus,1962,0,other,8.394277907257086,10.79,0,0,0,2
352,Cyprus,1963,0,other,8.900686463255747,11.2,2,0,0,3
352,Cyprus,1964,0,other,7.087798458356831,11.392,2,0,0,4
352,Cyprus,1965,0,other,11.115081563008111,12.438,2,0,0,5
352,Cyprus,1966,0,other,12.960992009190274,13.373,2,0,0,6
352,Cyprus,1967,0,other,14.956884207846755,14.451,2,0,0,7
352,Cyprus,1968,0,other,14.90173858587065,15.412,2,0,0,8
352,Cyprus,1969,0,other,14.045060658578844,16.451,0,0,0,9
352,Cyprus,1970,0,other,12.507628185984899,17.33,0,0,0,10
352,Cyprus,1971,0,other,11.694793230100897,18.307,0,0,0,11
352,Cyprus,1972,0,other,9.094489100975235,18.838,0,0,0,12
352,Cyprus,1973,0,other,3.78307114765819,18.578,0,0,0,13
352,Cyprus,1974,2,other,-4.30465775259009,17.291,2,1,1,0
352,Cyprus,1975,0,other,-6.840292868844234,16.719,0,1,1,1
352,Cyprus,1976,0,other,2.2829778940921086,18.369,0,1,1,2
352,Cyprus,1977,0,other,12.692815737475849,20.646,0,1,1,3
352,Cyprus,1978,0,other,18.485120789099717,22.679,0,1,1,4
352,Cyprus,1979,0,other,19.60181241328458,24.654,0,1,1,5
352,Cyprus,1980,0,other,16.59577113323327,26.259,0,1,1,6
352,Cyprus,1981,0,other,12.721608981893183,27.429,0,1,1,7
352,Cyprus,1982,0,other,11.101700787644075,28.86,0,1,1,8
352,Cyprus,1983,0,other,10.46351070478626,30.4,0,1,1,9
352,Cyprus,1984,0,other,10.875691616539541,32.183,0,1,1,10
352,Cyprus,1985,0,other,10.09721985331742,33.566,0,1,1,11
352,Cyprus,1986,0,other,9.471356005273336,35.042,0,1,1,12
352,Cyprus,1987,0,other,9.787509964188402,36.911,0,1,1,13
352,Cyprus,1988,0,other,10.714386679105537,39.163,0,1,1,14
352,Cyprus,1989,0,other,11.754540380404443,41.646,0,1,1,15
352,Cyprus,1990,0,other,11.62269216492855,43.905,0,1,1,16
352,Cyprus,1991,0,other,8.525366829594393,44.806,0,1,1,17
352,Cyprus,1992,0,other,7.347184582956934,46.345,0,1,1,18
352,Cyprus,1993,0,other,5.170487554185099,47.068,0,1,1,19
352,Cyprus,1994,0,other,5.238516360609702,48.552,0,1,1,20
352,Cyprus,1995,0,other,6.308888935730694,50.434,0,1,1,21
352,Cyprus,1996,0,other,5.1750249332036535,51.252,0,1,1,22
352,Cyprus,1997,0,other,4.6479008704294555,52.226,0,1,1,23
352,Cyprus,1998,0,other,5.097777621739286,53.883,0,1,1,24
352,Cyprus,1999,0,other,6.187813891784333,56.03,0,1,1,25
352,Cyprus,2000,0,other,7.512028957784622,58.453,0,1,1,26
352,Cyprus,2001,0,other,7.360390731518041,60.317,0,1,1,27
352,Cyprus,2002,0,other,6.05042653767176,61.561,0,1,1,28
352,Cyprus,2003,0,other,4.37171092274935,62.355,0,1,1,29
352,Cyprus,2004,0,other,4.315444164009041,63.98,0,1,1,30
352,Cyprus,2005,0,other,4.656904125560257,65.708,0,1,1,31
352,Cyprus,2006,0,other,4.962194730627711,67.383,0,1,1,32
352,Cyprus,2007,0,other,5.1534937521878765,69.089,0,1,1,33
352,Cyprus,2008,0,other,4.139461417875601,70.019,0,1,1,34
352,Cyprus,2009,0,other,1.550766600404585,69.374,0,1,1,35
352,Cyprus,2010,0,other,-0.8954807432403067,68.196,0,1,1,36
352,Cyprus,2011,0,other,-3.2583886454862765,66.375,0,1,1,37
352,Cyprus,2012,0,other,-5.247011280364244,64.057,0,1,1,38
352,Cyprus,2013,0,other,-6.574935145713557,61.583,0,1,1,39
352,Cyprus,2014,0,other,-5.450760538625277,60.68,0,1,1,40
352,Cyprus,2015,0,other,-2.8167442453612135,60.965,0,1,1,41
352,Cyprus,2016,0,other,1.2844160953492612,62.817,0,1,1,42
352,Cyprus,2017,0,other,5.48468406064806,65.787,0,1,1,43
352,Cyprus,2018,0,other,6.640531670082872,67.843,0,1,1,44
352,Cyprus,2019,0,other,6.02776961504552,69.276,0,1,1,45
352,Cyprus,2020,0,other,NA,NA,0,1,1,46
355,Bulgaria,1950,0,dominant-party,15.258688312131241,6.759,0,0,0,0
355,Bulgaria,1951,0,dominant-party,18.179221026568882,7.446,0,0,0,1
355,Bulgaria,1952,0,dominant-party,16.633278340796597,7.918,0,0,0,2
355,Bulgaria,1953,0,dominant-party,13.51691667579109,8.294,0,0,0,3
355,Bulgaria,1954,0,dominant-party,9.397472775837269,8.519,0,0,0,4
355,Bulgaria,1955,0,dominant-party,7.223944727911924,8.784,0,0,0,5
355,Bulgaria,1956,0,dominant-party,6.252496534223062,9.044,0,0,0,6
355,Bulgaria,1957,0,dominant-party,8.177807940278225,9.564,0,0,0,7
355,Bulgaria,1958,0,dominant-party,10.391442086533885,10.175,0,0,0,8
355,Bulgaria,1959,0,dominant-party,12.447644789238034,10.9,0,0,0,9
355,Bulgaria,1960,0,dominant-party,14.196270586633997,11.746,0,0,0,10
355,Bulgaria,1961,0,dominant-party,12.511884736341706,12.307,0,0,0,11
355,Bulgaria,1962,0,dominant-party,11.915654776237483,13.014,0,0,0,12
355,Bulgaria,1963,0,dominant-party,10.998475362506888,13.687,0,0,0,13
355,Bulgaria,1964,0,dominant-party,11.14005516395955,14.506,0,0,0,14
355,Bulgaria,1965,0,dominant-party,11.293509210296948,15.322,0,0,0,15
355,Bulgaria,1966,0,dominant-party,11.206635670857512,16.169,0,0,0,16
355,Bulgaria,1967,0,dominant-party,10.41266857269678,16.915,0,0,0,17
355,Bulgaria,1968,0,dominant-party,8.824334071181639,17.502,0,0,0,18
355,Bulgaria,1969,0,dominant-party,8.156956004756232,18.192,0,0,0,19
355,Bulgaria,1970,0,dominant-party,7.820999692086628,18.909,0,0,0,20
355,Bulgaria,1971,0,dominant-party,5.287267509244442,19.077,0,0,0,21
355,Bulgaria,1972,0,dominant-party,5.791146351641996,19.773,0,0,0,22
355,Bulgaria,1973,0,dominant-party,8.463671887082302,21.04,0,0,0,23
355,Bulgaria,1974,0,dominant-party,6.944402877123679,21.44,0,0,0,24
355,Bulgaria,1975,0,dominant-party,7.828954982062264,22.362,0,0,0,25
355,Bulgaria,1976,0,dominant-party,7.139872412736437,23.076,0,0,0,26
355,Bulgaria,1977,0,dominant-party,5.132673409625799,23.408,0,0,0,27
355,Bulgaria,1978,0,dominant-party,4.293402990831141,23.796,0,0,0,28
355,Bulgaria,1979,0,dominant-party,3.5484726846344072,24.197,0,0,0,29
355,Bulgaria,1980,0,dominant-party,2.111638014538042,24.246,0,0,0,30
355,Bulgaria,1981,0,dominant-party,2.897094601888228,24.784,0,0,0,31
355,Bulgaria,1982,0,dominant-party,3.5702903465690383,25.348,0,0,0,32
355,Bulgaria,1983,0,dominant-party,3.2496699616833657,25.653,0,0,0,33
355,Bulgaria,1984,0,dominant-party,3.407261741454093,26.082,0,0,0,34
355,Bulgaria,1985,0,dominant-party,2.6067145721664353,26.302,0,0,0,35
355,Bulgaria,1986,0,dominant-party,2.564102564102577,26.68,0,0,0,36
355,Bulgaria,1987,0,dominant-party,2.7216923508835977,27.076,0,0,0,37
355,Bulgaria,1988,0,dominant-party,1.316174979153062,26.973,0,0,0,38
355,Bulgaria,1989,0,dominant-party,-1.1626599500753287,26.37,0,0,0,39
355,Bulgaria,1990,0,dominant-party,-5.156238178103956,25.071,0,0,0,40
355,Bulgaria,1991,0,parliamentary,-7.965163046841173,23.798,0,0,0,41
355,Bulgaria,1992,0,parliamentary,-8.69106263194933,22.836,0,0,0,42
355,Bulgaria,1993,0,parliamentary,-7.3457215719827555,22.308,0,0,0,43
355,Bulgaria,1994,0,parliamentary,-3.988621128261549,22.343,0,0,0,44
355,Bulgaria,1995,0,parliamentary,-0.9707458490731624,22.545,0,0,0,45
355,Bulgaria,1996,0,parliamentary,-1.9357488526580813,21.966,0,0,0,46
355,Bulgaria,1997,0,parliamentary,-3.7073594798467724,21.267,0,0,0,47
355,Bulgaria,1998,0,parliamentary,-1.5026563026818263,21.618,0,0,0,48
355,Bulgaria,1999,0,parliamentary,-0.6638304115015092,21.668,0,0,0,49
355,Bulgaria,2000,0,parliamentary,3.2184983398455547,22.507,0,0,0,50
355,Bulgaria,2001,0,parliamentary,7.027109983659985,23.711,0,0,0,51
355,Bulgaria,2002,0,parliamentary,9.93637235247975,25.226,0,0,0,52
355,Bulgaria,2003,0,parliamentary,11.499144657237025,26.723,0,0,0,53
355,Bulgaria,2004,0,parliamentary,12.2088613595424,28.405,0,0,0,54
355,Bulgaria,2005,0,parliamentary,12.706458551980294,30.284,0,0,0,55
355,Bulgaria,2006,0,parliamentary,13.326902644970096,32.426,0,0,0,56
355,Bulgaria,2007,0,parliamentary,13.643368153233792,34.661,0,0,0,57
355,Bulgaria,2008,0,parliamentary,12.541510329063698,36.533,0,0,0,58
355,Bulgaria,2009,0,parliamentary,8.474705122132352,37.099,0,0,0,59
355,Bulgaria,2010,0,parliamentary,5.581653474448944,37.669,0,0,0,60
355,Bulgaria,2011,0,parliamentary,3.8786576132089357,38.277,0,0,0,61
355,Bulgaria,2012,0,parliamentary,2.992854943678269,38.804,0,0,0,62
355,Bulgaria,2013,0,parliamentary,2.8637932838163183,39.331,0,0,0,63
355,Bulgaria,2014,0,parliamentary,2.9065362273273276,39.93,0,0,0,64
355,Bulgaria,2015,0,parliamentary,2.5068646394792893,40.318,0,0,0,65
355,Bulgaria,2016,0,parliamentary,4.078132968032877,41.635,0,0,0,66
355,Bulgaria,2017,0,parliamentary,6.37653700032228,43.568,0,0,0,67
355,Bulgaria,2018,0,parliamentary,7.122333933312119,45.112,0,0,0,68
355,Bulgaria,2019,0,parliamentary,6.5862161190065605,46.229,0,0,0,69
355,Bulgaria,2020,0,parliamentary,NA,NA,0,0,0,70
359,Moldova,1990,NA,parliamentary,NA,13.405,0,NA,NA,NA
359,Moldova,1991,0,parliamentary,NA,12.077,1,0,0,0
359,Moldova,1992,0,parliamentary,NA,9.935,1,0,0,1
359,Moldova,1993,0,parliamentary,NA,8.788,1,0,0,2
359,Moldova,1994,0,parliamentary,-26.845754234178553,7.576,1,0,0,3
359,Moldova,1995,0,parliamentary,-21.07573130856504,7.193,1,0,0,4
359,Moldova,1996,0,parliamentary,-14.895198453991377,6.87,1,0,0,5
359,Moldova,1997,0,parliamentary,-9.857485384843335,6.692,1,0,0,6
359,Moldova,1998,0,parliamentary,-8.08654067757547,6.381,0,0,0,7
359,Moldova,1999,0,parliamentary,-7.251770920878863,6.18,0,0,0,8
359,Moldova,2000,0,parliamentary,-3.0953924019380907,6.28,0,0,0,9
359,Moldova,2001,0,parliamentary,2.5373599003735814,6.587,0,0,0,10
359,Moldova,2002,0,parliamentary,7.8709558029793625,6.995,0,0,0,11
359,Moldova,2003,0,parliamentary,11.915832141154038,7.51,0,0,0,12
359,Moldova,2004,0,parliamentary,13.575401643278639,8.045,0,0,0,13
359,Moldova,2005,0,parliamentary,14.416536537596269,8.646,0,0,0,14
359,Moldova,2006,0,parliamentary,13.547396065606264,9.166,0,0,0,15
359,Moldova,2007,0,parliamentary,11.966507733457377,9.628,0,0,0,16
359,Moldova,2008,0,parliamentary,10.952746409384929,10.12,0,0,0,17
359,Moldova,2009,0,parliamentary,7.949563692538919,10.342,0,0,0,18
359,Moldova,2010,0,parliamentary,8.94945510330125,10.937,0,0,0,19
359,Moldova,2011,0,parliamentary,10.320656510011016,11.615,0,0,0,20
359,Moldova,2012,0,parliamentary,9.708737864077666,12.091,0,0,0,21
359,Moldova,2013,0,parliamentary,10.661058316456362,12.786,0,0,0,22
359,Moldova,2014,0,parliamentary,9.99095469122604,13.376,0,0,0,23
359,Moldova,2015,0,parliamentary,8.196231870393955,13.771,0,0,0,24
359,Moldova,2016,0,parliamentary,9.4352937643579,14.577,0,0,0,25
359,Moldova,2017,0,parliamentary,12.937584321522388,15.905,0,0,0,26
359,Moldova,2018,0,parliamentary,13.285286736186608,16.882,0,0,0,27
359,Moldova,2019,0,parliamentary,11.535431069540468,17.553,0,0,0,28
359,Moldova,2020,0,parliamentary,NA,NA,0,0,0,29
360,Romania,1950,0,dominant-party,25.294117647058822,2.556,0,0,0,0
360,Romania,1951,0,dominant-party,16.776601284499225,2.691,0,0,0,1
360,Romania,1952,0,dominant-party,10.467407582564835,2.803,0,0,0,2
360,Romania,1953,0,dominant-party,10.84220716360116,2.977,0,0,0,3
360,Romania,1954,0,dominant-party,11.177715091678419,3.153,0,0,0,4
360,Romania,1955,0,dominant-party,13.512435164250558,3.414,0,0,0,5
360,Romania,1956,0,dominant-party,8.702541674589593,3.43,0,0,0,6
360,Romania,1957,0,dominant-party,8.485726356448797,3.595,0,0,0,7
360,Romania,1958,0,dominant-party,7.23573946714442,3.711,0,0,0,8
360,Romania,1959,0,dominant-party,9.891927657697398,3.986,0,0,0,9
360,Romania,1960,0,dominant-party,14.486226039593596,4.372,0,0,0,10
360,Romania,1961,0,dominant-party,12.48824897333134,4.547,0,0,0,11
360,Romania,1962,0,dominant-party,11.230697239120246,4.754,0,0,0,12
360,Romania,1963,0,dominant-party,11.189396274604778,5.05,0,0,0,13
360,Romania,1964,0,dominant-party,12.167536664180979,5.415,0,0,0,14
360,Romania,1965,0,dominant-party,13.85480972102837,5.828,0,0,0,15
360,Romania,1966,0,dominant-party,15.383209678008836,6.314,0,0,0,16
360,Romania,1967,0,dominant-party,15.344041380249095,6.779,0,0,0,17
360,Romania,1968,0,dominant-party,13.80010791252737,7.171,0,0,0,18
360,Romania,1969,0,dominant-party,13.245582829360835,7.64,0,0,0,19
360,Romania,1970,0,dominant-party,14.926032236696841,8.328,0,0,0,20
360,Romania,1971,0,dominant-party,13.70209689081705,8.806,0,0,0,21
360,Romania,1972,0,dominant-party,14.888487040385767,9.53,0,0,0,22
360,Romania,1973,0,dominant-party,16.569423021035924,10.429,0,0,0,23
360,Romania,1974,0,dominant-party,11.493988017931223,10.645,0,0,0,24
360,Romania,1975,0,dominant-party,9.244863964464201,11.018,0,0,0,25
360,Romania,1976,0,dominant-party,9.219791568866764,11.633,0,0,0,26
360,Romania,1977,0,dominant-party,8.878830706477991,12.172,0,0,0,27
360,Romania,1978,0,dominant-party,9.227014112106158,12.709,0,0,0,28
360,Romania,1979,0,dominant-party,7.737633485731266,13.055,0,0,0,29
360,Romania,1980,0,dominant-party,5.185185185185182,13.206,0,0,0,30
360,Romania,1981,0,dominant-party,3.408967538812302,13.335,0,0,0,31
360,Romania,1982,0,dominant-party,3.3774151475628678,13.633,0,0,0,32
360,Romania,1983,0,dominant-party,4.115844588564288,13.999,0,0,0,33
360,Romania,1984,0,dominant-party,4.876590033842909,14.379,0,0,0,34
360,Romania,1985,0,dominant-party,4.236088268523952,14.577,0,0,0,35
360,Romania,1986,0,dominant-party,3.3032359374123743,14.736,0,0,0,36
360,Romania,1987,0,dominant-party,1.7465138754659604,14.739,0,0,0,37
360,Romania,1988,0,dominant-party,-0.06435975735001875,14.596,0,0,0,38
360,Romania,1989,0,dominant-party,-2.3766071600093364,14.229,1,0,0,39
360,Romania,1990,0,other,-3.4993009703362388,13.943,0,0,0,40
360,Romania,1991,0,other,-7.071565088129117,13.128,0,0,0,41
360,Romania,1992,0,parliamentary,-7.952355929234534,12.612,0,0,0,42
360,Romania,1993,0,parliamentary,-4.7933685728015485,12.68,0,0,0,43
360,Romania,1994,0,parliamentary,0.30074958398851326,13.14,0,0,0,44
360,Romania,1995,0,parliamentary,5.303447853512155,13.756,0,0,0,45
360,Romania,1996,0,parliamentary,6.739710337136229,14.165,0,0,0,46
360,Romania,1997,0,parliamentary,3.977833782847706,14.11,0,0,0,47
360,Romania,1998,0,parliamentary,1.377127828675473,14.031,0,0,0,48
360,Romania,1999,0,parliamentary,1.362401695180404,14.255,0,0,0,49
360,Romania,2000,0,parliamentary,4.346792019922208,14.917,0,0,0,50
360,Romania,2001,0,parliamentary,10.062593550142873,16.177,0,0,0,51
360,Romania,2002,0,parliamentary,17.633422625180305,18.268,0,0,0,52
360,Romania,2003,0,parliamentary,18.959486331728126,19.861,0,0,0,53
360,Romania,2004,0,parliamentary,19.18096097351658,21.664,0,0,0,54
360,Romania,2005,0,parliamentary,17.260315381127512,23.275,0,0,0,55
360,Romania,2006,0,parliamentary,17.05344876865911,25.391,0,0,0,56
360,Romania,2007,0,parliamentary,17.520334512268555,27.712,0,0,0,57
360,Romania,2008,0,parliamentary,16.670055207144085,29.84,0,0,0,58
360,Romania,2009,0,parliamentary,11.108263464284418,30.347,0,0,0,59
360,Romania,2010,0,parliamentary,6.702956410648087,30.736,0,0,0,60
360,Romania,2011,0,parliamentary,4.629074185162962,31.395,0,0,0,61
360,Romania,2012,0,parliamentary,4.223155524205802,32.211,0,0,0,62
360,Romania,2013,0,parliamentary,5.22466502874801,33.235,0,0,0,63
360,Romania,2014,0,parliamentary,6.246257739149752,34.424,0,0,0,64
360,Romania,2015,0,parliamentary,6.434842052241496,35.499,0,0,0,65
360,Romania,2016,0,parliamentary,5.751980428704573,36.311,0,0,0,66
360,Romania,2017,0,parliamentary,8.147290698523824,38.492,0,0,0,67
360,Romania,2018,0,parliamentary,8.44863130441369,40.085,0,0,0,68
360,Romania,2019,0,parliamentary,6.2693413342968185,40.59,0,0,0,69
360,Romania,2020,0,parliamentary,NA,NA,0,0,0,70
365,Russia (Soviet Union),1950,0,dominant-party,9.110607539242753,13.193,0,0,0,0
365,Russia (Soviet Union),1951,0,dominant-party,7.404123254267336,13.566,0,0,0,1
365,Russia (Soviet Union),1952,0,dominant-party,6.479014751328238,13.989,0,0,0,2
365,Russia (Soviet Union),1953,0,dominant-party,6.094060499006404,14.415,0,0,0,3
365,Russia (Soviet Union),1954,0,dominant-party,6.349727399880112,14.903,0,0,0,4
365,Russia (Soviet Union),1955,0,dominant-party,7.99409988833899,15.668,0,0,0,5
365,Russia (Soviet Union),1956,0,dominant-party,9.468121738669755,16.531,0,0,0,6
365,Russia (Soviet Union),1957,0,dominant-party,9.470423178984522,17.244,0,0,0,7
365,Russia (Soviet Union),1958,0,dominant-party,9.408765327182223,18.024,0,0,0,8
365,Russia (Soviet Union),1959,0,dominant-party,8.542019634692611,18.707,0,0,0,9
365,Russia (Soviet Union),1960,0,dominant-party,8.33916608339167,19.503,0,0,0,10
365,Russia (Soviet Union),1961,0,dominant-party,8.251050308161467,20.304,0,0,0,11
365,Russia (Soviet Union),1962,0,dominant-party,7.102523562144514,20.864,0,0,0,12
365,Russia (Soviet Union),1963,0,dominant-party,5.84151827833117,21.315,0,0,0,13
365,Russia (Soviet Union),1964,0,dominant-party,7.380589795898818,22.423,0,0,0,14
365,Russia (Soviet Union),1965,0,dominant-party,8.106860645447167,23.422,0,0,0,15
365,Russia (Soviet Union),1966,0,dominant-party,8.670910836860246,24.444,0,0,0,16
365,Russia (Soviet Union),1967,0,dominant-party,8.880918833525486,25.501,0,0,0,17
365,Russia (Soviet Union),1968,0,dominant-party,8.796863513844656,26.64,0,0,0,18
365,Russia (Soviet Union),1969,0,dominant-party,8.567850013699175,27.738,0,0,0,19
365,Russia (Soviet Union),1970,0,dominant-party,9.505307760259928,29.255,0,0,0,20
365,Russia (Soviet Union),1971,0,dominant-party,7.550236619151063,29.908,0,0,0,21
365,Russia (Soviet Union),1972,0,dominant-party,6.525505960632105,30.739,0,0,0,22
365,Russia (Soviet Union),1973,0,dominant-party,7.884965368282804,32.367,0,0,0,23
365,Russia (Soviet Union),1974,0,dominant-party,6.099753226419602,32.934,0,0,0,24
365,Russia (Soviet Union),1975,0,dominant-party,5.247981545559388,33.58,0,0,0,25
365,Russia (Soviet Union),1976,0,dominant-party,5.2166709306433745,34.546,0,0,0,26
365,Russia (Soviet Union),1977,0,dominant-party,4.641997842860701,35.315,0,0,0,27
365,Russia (Soviet Union),1978,0,dominant-party,4.0145879428793885,35.822,0,0,0,28
365,Russia (Soviet Union),1979,0,dominant-party,2.673323823109852,35.987,0,0,0,29
365,Russia (Soviet Union),1980,0,dominant-party,1.69701195443146,36.172,0,0,0,30
365,Russia (Soviet Union),1981,0,dominant-party,1.7984871810547531,36.633,0,0,0,31
365,Russia (Soviet Union),1982,0,dominant-party,2.8637180001208407,37.457,0,0,0,32
365,Russia (Soviet Union),1983,0,dominant-party,3.824440880721225,38.327,0,0,0,33
365,Russia (Soviet Union),1984,0,dominant-party,3.6400593250178748,38.853,0,0,0,34
365,Russia (Soviet Union),1985,0,dominant-party,3.06589415790246,39.278,0,0,0,35
365,Russia (Soviet Union),1986,0,dominant-party,2.5764171843772665,39.726,0,0,0,36
365,Russia (Soviet Union),1987,0,dominant-party,1.7299238058323674,39.894,0,0,0,37
365,Russia (Soviet Union),1988,0,dominant-party,1.5362542877205732,40.198,0,0,0,38
365,Russia (Soviet Union),1989,0,dominant-party,1.6225961538461675,40.584,0,0,0,39
365,Russia (Soviet Union),1990,0,dominant-party,0.30599633203094445,40.254,0,0,0,40
365,Russia (Soviet Union),1991,1,dominant-party,-3.4041059835058896,38.535,0,1,1,0
365,Russia (Soviet Union),1992,0,parliamentary,-8.605316931523122,35.692,0,1,1,1
365,Russia (Soviet Union),1993,0,parliamentary,-12.850509590091486,32.733,0,1,1,2
365,Russia (Soviet Union),1994,0,personal,-15.929253545798716,29.756,4,1,1,3
365,Russia (Soviet Union),1995,0,personal,-14.838999405274855,28.066,4,1,1,4
365,Russia (Soviet Union),1996,0,personal,-12.358978044016489,26.832,4,1,1,5
365,Russia (Soviet Union),1997,0,personal,-8.22877253505453,26.389,0,1,1,6
365,Russia (Soviet Union),1998,0,personal,-5.583192712556517,25.85,0,1,1,7
365,Russia (Soviet Union),1999,0,personal,-0.08439574884422374,26.756,4,1,1,8
365,Russia (Soviet Union),2000,0,personal,7.1693714828727995,28.871,4,1,1,9
365,Russia (Soviet Union),2001,0,personal,11.083468541553998,30.809,4,1,1,10
365,Russia (Soviet Union),2002,0,personal,13.930491947573277,33.136,4,1,1,11
365,Russia (Soviet Union),2003,0,personal,15.36828425664416,35.865,4,1,1,12
365,Russia (Soviet Union),2004,0,personal,16.18237459211491,38.952,4,1,1,13
365,Russia (Soviet Union),2005,0,personal,16.884873852134486,42.335,4,1,1,14
365,Russia (Soviet Union),2006,0,personal,17.35800633459277,46.094,4,1,1,15
365,Russia (Soviet Union),2007,0,personal,16.991225188869596,49.864,0,1,1,16
365,Russia (Soviet Union),2008,0,personal,14.287330858319237,52.518,2,1,1,17
365,Russia (Soviet Union),2009,0,personal,7.7818340281032405,52.435,1,1,1,18
365,Russia (Soviet Union),2010,0,personal,6.538274738359329,54.401,1,1,1,19
365,Russia (Soviet Union),2011,0,personal,6.907462103277506,56.9,1,1,1,20
365,Russia (Soviet Union),2012,0,personal,6.523313403615005,58.545,1,1,1,21
365,Russia (Soviet Union),2013,0,personal,5.142643976267447,59.189,1,1,1,22
365,Russia (Soviet Union),2014,0,personal,1.8915085484644711,58.619,1,1,1,23
365,Russia (Soviet Union),2015,0,personal,-2.361525590381397,56.602,1,1,1,24
365,Russia (Soviet Union),2016,0,personal,-2.792426731218123,56.22,1,1,1,25
365,Russia (Soviet Union),2017,0,personal,-1.1458826148665557,56.834,1,1,1,26
365,Russia (Soviet Union),2018,0,personal,0.8564254640573976,57.681,0,1,1,27
365,Russia (Soviet Union),2019,0,personal,1.6705038845260312,58.026,0,1,1,28
365,Russia (Soviet Union),2020,0,personal,NA,NA,0,1,1,29
366,Estonia,1991,0,parliamentary,NA,28.832,0,0,0,0
366,Estonia,1992,0,parliamentary,NA,26.728,0,0,0,1
366,Estonia,1993,0,parliamentary,NA,25.227,0,0,0,2
366,Estonia,1994,0,parliamentary,-7.376281781925675,25.129,0,0,0,3
366,Estonia,1995,0,parliamentary,-0.8659516005722567,26.193,0,0,0,4
366,Estonia,1996,0,parliamentary,5.324905608462371,27.561,0,0,0,5
366,Estonia,1997,0,parliamentary,11.190367709119142,29.773,0,0,0,6
366,Estonia,1998,0,parliamentary,12.593147217171175,31.579,0,0,0,7
366,Estonia,1999,0,parliamentary,11.162533020748167,32.907,0,0,0,8
366,Estonia,2000,0,parliamentary,11.852795921618608,35.105,0,0,0,9
366,Estonia,2001,0,parliamentary,11.738718081083356,37.23,0,0,0,10
366,Estonia,2002,0,parliamentary,11.005600887044054,39.044,0,0,0,11
366,Estonia,2003,0,parliamentary,11.748244221403038,41.529,0,0,0,12
366,Estonia,2004,0,parliamentary,12.56157136196867,44.424,0,0,0,13
366,Estonia,2005,0,parliamentary,14.35859157340229,48.107,0,0,0,14
366,Estonia,2006,0,parliamentary,15.406491059685056,51.944,0,0,0,15
366,Estonia,2007,0,parliamentary,13.44195519348268,54.586,0,0,0,16
366,Estonia,2008,0,parliamentary,6.3467516749855735,53.777,0,0,0,17
366,Estonia,2009,0,parliamentary,-1.6287611625639409,51.047,0,0,0,18
366,Estonia,2010,0,parliamentary,-2.4885835183711125,51.205,0,0,0,19
366,Estonia,2011,0,parliamentary,1.0202999143751335,53.327,0,0,0,20
366,Estonia,2012,0,parliamentary,4.488693253735843,55.309,0,0,0,21
366,Estonia,2013,0,parliamentary,6.167223180870862,56.85,0,0,0,22
366,Estonia,2014,0,parliamentary,5.847236268653466,58.191,0,0,0,23
366,Estonia,2015,0,parliamentary,4.460139558406939,59.072,0,0,0,24
366,Estonia,2016,0,parliamentary,4.831819872952003,60.862,0,0,0,25
366,Estonia,2017,0,parliamentary,7.129600834645822,64.074,0,0,0,26
366,Estonia,2018,0,parliamentary,7.8269768225110115,66.592,0,0,0,27
366,Estonia,2019,0,parliamentary,7.200180568791681,68.392,0,0,0,28
366,Estonia,2020,0,parliamentary,NA,NA,0,0,0,29
367,Latvia,1990,NA,parliamentary,NA,31.018,0,NA,NA,NA
367,Latvia,1991,0,parliamentary,NA,28.36,0,0,0,0
367,Latvia,1992,0,parliamentary,NA,24.003,0,0,0,1
367,Latvia,1993,0,parliamentary,NA,21.679,0,0,0,2
367,Latvia,1994,0,parliamentary,-16.855136293298422,20.955,0,0,0,3
367,Latvia,1995,0,parliamentary,-10.584777628906084,20.688,0,0,0,4
367,Latvia,1996,0,parliamentary,-2.126562226581552,21.254,0,0,0,5
367,Latvia,1997,0,parliamentary,5.529747579336219,22.626,0,0,0,6
367,Latvia,1998,0,parliamentary,9.86168640402898,24.083,0,0,0,7
367,Latvia,1999,0,parliamentary,11.265073448805074,25.374,0,0,0,8
367,Latvia,2000,0,parliamentary,12.120481727436694,26.98,0,0,0,9
367,Latvia,2001,0,parliamentary,12.74774246511081,28.842,0,0,0,10
367,Latvia,2002,0,parliamentary,12.819588690458673,30.677,0,0,0,11
367,Latvia,2003,0,parliamentary,13.850210897643889,32.984,0,0,0,12
367,Latvia,2004,0,parliamentary,15.37743441171735,35.842,0,0,0,13
367,Latvia,2005,0,parliamentary,17.191414731919142,39.291,0,0,0,14
367,Latvia,2006,0,parliamentary,18.542704176423385,43.132,0,0,0,15
367,Latvia,2007,0,parliamentary,16.714646285465218,46.057,0,0,0,16
367,Latvia,2008,0,parliamentary,9.784709788034384,46.231,0,0,0,17
367,Latvia,2009,0,parliamentary,0.8065621715486859,44.119,0,0,0,18
367,Latvia,2010,0,parliamentary,-2.0634024866530654,43.733,0,0,0,19
367,Latvia,2011,0,parliamentary,0.8597004342816739,45.52,0,0,0,20
367,Latvia,2012,0,parliamentary,4.522374059214962,47.468,0,0,0,21
367,Latvia,2013,0,parliamentary,6.914001025970973,49.186,0,0,0,22
367,Latvia,2014,0,parliamentary,7.280769945752286,50.785,0,0,0,23
367,Latvia,2015,0,parliamentary,6.5690424343259,52.267,0,0,0,24
367,Latvia,2016,0,parliamentary,6.512350057533767,54.058,0,0,0,25
367,Latvia,2017,0,parliamentary,7.5650298088958845,56.545,0,0,0,26
367,Latvia,2018,0,parliamentary,7.850155094249578,58.76,0,0,0,27
367,Latvia,2019,0,parliamentary,6.552080411573202,60.021,0,0,0,28
367,Latvia,2020,0,parliamentary,NA,NA,0,0,0,29
368,Lithuania,1990,NA,parliamentary,NA,29.313,0,NA,NA,NA
368,Lithuania,1991,0,parliamentary,NA,27.181,0,0,0,0
368,Lithuania,1992,0,parliamentary,NA,23.915,0,0,0,1
368,Lithuania,1993,0,parliamentary,NA,21.423,0,0,0,2
368,Lithuania,1994,0,parliamentary,-17.477718286993372,20.129,0,0,0,3
368,Lithuania,1995,0,parliamentary,-10.012214335026815,20.334,0,0,0,4
368,Lithuania,1996,0,parliamentary,-0.8643244253410565,21.219,0,0,0,5
368,Lithuania,1997,0,parliamentary,7.194849882779986,22.679,0,0,0,6
368,Lithuania,1998,0,parliamentary,11.13569525495295,24.11,0,0,0,7
368,Lithuania,1999,0,parliamentary,10.385371920508767,25.029,0,0,0,8
368,Lithuania,2000,0,parliamentary,10.342343549751632,26.346,0,0,0,9
368,Lithuania,2001,0,parliamentary,11.410203629223803,28.144,0,0,0,10
368,Lithuania,2002,0,parliamentary,13.053186563708884,30.277,0,0,0,11
368,Lithuania,2003,0,parliamentary,15.476749154228164,32.973,0,0,0,12
368,Lithuania,2004,0,parliamentary,16.26209162255885,35.672,0,0,0,13
368,Lithuania,2005,0,parliamentary,16.59203649837666,38.64,0,0,0,14
368,Lithuania,2006,0,parliamentary,16.76129557092154,41.911,0,0,0,15
368,Lithuania,2007,0,parliamentary,16.00667116215144,45.073,0,0,0,16
368,Lithuania,2008,0,parliamentary,11.802647412755718,46.454,0,0,0,17
368,Lithuania,2009,0,parliamentary,3.735175590097861,45.047,0,0,0,18
368,Lithuania,2010,0,parliamentary,2.623130390642059,46.094,0,0,0,19
368,Lithuania,2011,0,parliamentary,5.002875961717268,48.559,0,0,0,20
368,Lithuania,2012,0,parliamentary,7.792984880918263,51.162,0,0,0,21
368,Lithuania,2013,0,parliamentary,9.455953248156357,53.492,0,0,0,22
368,Lithuania,2014,0,parliamentary,8.950462258079718,55.529,0,0,0,23
368,Lithuania,2015,0,parliamentary,7.397571508102496,57.102,0,0,0,24
368,Lithuania,2016,0,parliamentary,7.413229262651999,59.45,0,0,0,25
368,Lithuania,2017,0,parliamentary,8.79179196886608,62.73,0,0,0,26
368,Lithuania,2018,0,parliamentary,8.96897877074132,65.435,0,0,0,27
368,Lithuania,2019,0,parliamentary,7.752402690243687,67.225,0,0,0,28
368,Lithuania,2020,0,parliamentary,NA,NA,0,0,0,29
369,Ukraine,1990,NA,presidential,NA,24.735,0,NA,NA,NA
369,Ukraine,1991,0,presidential,NA,22.829,0,0,0,0
369,Ukraine,1992,0,presidential,NA,20.492,0,0,0,1
369,Ukraine,1993,0,presidential,NA,17.65,0,0,0,2
369,Ukraine,1994,0,presidential,-26.48712666328288,14.773,0,0,0,3
369,Ukraine,1995,0,presidential,-26.707528674763946,13.01,0,0,0,4
369,Ukraine,1996,0,presidential,-23.44303992600585,11.919,0,0,0,5
369,Ukraine,1997,0,presidential,-16.747809152872428,11.457,0,0,0,6
369,Ukraine,1998,0,presidential,-9.612797847809373,11.289,0,0,0,7
369,Ukraine,1999,0,presidential,-3.348618419939431,11.424,0,0,0,8
369,Ukraine,2000,0,presidential,3.6786709317923716,12.057,0,0,0,9
369,Ukraine,2001,0,presidential,10.332793849888722,13.089,0,0,0,10
369,Ukraine,2002,0,presidential,15.256608142002692,14.337,0,0,0,11
369,Ukraine,2003,0,presidential,18.537002068159335,15.819,0,0,0,12
369,Ukraine,2004,0,presidential,20.089856147726803,17.481,0,0,0,13
369,Ukraine,2005,0,presidential,19.181999473228718,19.005,0,0,0,14
369,Ukraine,2006,0,presidential,18.018617021276583,20.59,0,0,0,15
369,Ukraine,2007,0,presidential,15.949969969337108,22.008,0,0,0,16
369,Ukraine,2008,0,presidential,10.768776454375416,22.506,0,0,0,17
369,Ukraine,2009,0,presidential,2.107045878156555,21.584,0,0,0,18
369,Ukraine,2010,0,presidential,0.14022398937250102,21.71,0,0,0,19
369,Ukraine,2011,0,presidential,1.579019011751881,22.387,0,0,0,20
369,Ukraine,2012,0,presidential,2.2883068153119135,22.681,0,0,0,21
369,Ukraine,2013,0,presidential,1.7289871272491375,22.57,0,0,0,22
369,Ukraine,2014,2,presidential,-1.7879627297909928,21.84,2,1,1,0
369,Ukraine,2015,0,presidential,-5.718638626656158,20.793,2,1,1,1
369,Ukraine,2016,0,presidential,-4.413930201737603,20.772,2,1,1,2
369,Ukraine,2017,0,presidential,-0.6290773532152905,21.325,2,1,1,3
369,Ukraine,2018,0,presidential,2.4492094027119604,21.835,2,1,1,4
369,Ukraine,2019,0,presidential,3.2284954293421153,22.043,2,1,1,5
369,Ukraine,2020,0,presidential,NA,NA,2,1,1,6
370,Belarus (Byelorussia),1991,0,dominant-party,NA,25.182,0,0,0,0
370,Belarus (Byelorussia),1992,0,dominant-party,NA,23.35,0,0,0,1
370,Belarus (Byelorussia),1993,0,dominant-party,NA,21.495,0,0,0,2
370,Belarus (Byelorussia),1994,0,dominant-party,-16.42316723193321,19.221,0,0,0,3
370,Belarus (Byelorussia),1995,0,personal,-16.299723859989555,17.944,0,0,0,4
370,Belarus (Byelorussia),1996,0,personal,-9.80821315423901,18.049,0,0,0,5
370,Belarus (Byelorussia),1997,0,personal,-0.4353636382618875,19.073,0,0,0,6
370,Belarus (Byelorussia),1998,0,personal,6.772322090241167,20.171,0,0,0,7
370,Belarus (Byelorussia),1999,0,personal,9.020329259166871,20.979,0,0,0,8
370,Belarus (Byelorussia),2000,0,personal,9.744423282111626,22.011,0,0,0,9
370,Belarus (Byelorussia),2001,0,personal,8.584728740468538,22.813,0,0,0,10
370,Belarus (Byelorussia),2002,0,personal,7.446167333296816,23.532,0,0,0,11
370,Belarus (Byelorussia),2003,0,personal,9.1398319915996,24.945,0,0,0,12
370,Belarus (Byelorussia),2004,0,personal,12.524502475165278,27.095,0,0,0,13
370,Belarus (Byelorussia),2005,0,personal,15.45827633378931,29.54,0,0,0,14
370,Belarus (Byelorussia),2006,0,personal,17.61324776996842,32.33,0,0,0,15
370,Belarus (Byelorussia),2007,0,personal,18.09001421559424,35.222,0,0,0,16
370,Belarus (Byelorussia),2008,0,personal,17.591993841416475,38.188,0,0,0,17
370,Belarus (Byelorussia),2009,0,personal,13.87184244327102,39.895,0,0,0,18
370,Belarus (Byelorussia),2010,0,personal,12.402791306708405,42.234,0,0,0,19
370,Belarus (Byelorussia),2011,0,personal,10.952140352281425,44.358,0,0,0,20
370,Belarus (Byelorussia),2012,0,personal,8.462954068846805,45.618,0,0,0,21
370,Belarus (Byelorussia),2013,0,personal,6.055265109550523,46.333,0,0,0,22
370,Belarus (Byelorussia),2014,0,personal,3.3576519096450985,46.525,0,0,0,23
370,Belarus (Byelorussia),2015,0,personal,-0.8445108983999972,45.227,0,0,0,24
370,Belarus (Byelorussia),2016,0,personal,-2.3562755164619364,44.581,0,0,0,25
370,Belarus (Byelorussia),2017,0,personal,-1.0072049842157593,45.093,0,0,0,26
370,Belarus (Byelorussia),2018,0,personal,0.9159579943951446,45.877,0,0,0,27
370,Belarus (Byelorussia),2019,0,personal,2.2818774227897354,46.491,0,0,0,28
370,Belarus (Byelorussia),2020,0,personal,NA,NA,0,0,0,29
371,Armenia,1991,0,personal,NA,10.903,3,0,0,0
371,Armenia,1992,0,personal,NA,8.7,3,0,0,1
371,Armenia,1993,0,personal,NA,7.891,3,0,0,2
371,Armenia,1994,0,personal,NA,7.875,3,0,0,3
371,Armenia,1995,0,personal,-5.5891931562772275,8.233,0,0,0,4
371,Armenia,1996,0,personal,4.616575173514548,8.652,0,0,0,5
371,Armenia,1997,0,personal,8.134706320059525,9.01,0,0,0,6
371,Armenia,1998,0,personal,8.844719345796559,9.397,0,0,0,7
371,Armenia,1999,0,personal,8.805533386539,9.816,0,0,0,8
371,Armenia,2000,0,personal,9.408101008389135,10.329,0,0,0,9
371,Armenia,2001,0,personal,11.253403246949677,11.033,0,0,0,10
371,Armenia,2002,0,personal,11.633293770818188,11.663,0,0,0,11
371,Armenia,2003,0,personal,15.078438067171017,12.808,0,0,0,12
371,Armenia,2004,0,personal,17.535632030441594,14.085,0,0,0,13
371,Armenia,2005,0,personal,20.29280693425626,15.71,0,0,0,14
371,Armenia,2006,0,personal,22.129378177007176,17.539,0,0,0,15
371,Armenia,2007,0,personal,21.41508246254564,19.288,0,0,0,16
371,Armenia,2008,0,personal,16.435990143472367,20.224,0,0,0,17
371,Armenia,2009,0,personal,6.433501373893846,19.677,0,0,0,18
371,Armenia,2010,0,personal,3.169349166287394,19.948,0,0,0,19
371,Armenia,2011,0,personal,3.7483601550216905,20.72,0,0,0,20
371,Armenia,2012,0,personal,6.054234835075656,21.69,0,0,0,21
371,Armenia,2013,0,personal,7.224935363401319,22.395,0,0,0,22
371,Armenia,2014,0,personal,6.663510804188011,22.983,0,0,0,23
371,Armenia,2015,0,personal,5.323022973519764,23.427,0,0,0,24
371,Armenia,2016,0,personal,4.8460342689466085,24.011,0,0,0,25
371,Armenia,2017,0,personal,7.586480978835297,25.447,0,0,0,26
371,Armenia,2018,0,personal,8.682874263229223,26.626,0,0,0,27
371,Armenia,2019,0,parliamentary,8.097889869958031,27.448,0,0,0,28
371,Armenia,2020,0,parliamentary,NA,NA,0,0,0,29
372,Georgia,1991,0,personal,NA,18.283,3,0,0,0
372,Georgia,1992,0,personal,NA,12.191,3,0,0,1
372,Georgia,1993,0,personal,NA,9.024,3,0,0,2
372,Georgia,1994,0,personal,-43.71052743122766,7.968,0,0,0,3
372,Georgia,1995,0,personal,-27.467579250720465,8.054,0,0,0,4
372,Georgia,1996,0,personal,-5.419824057137879,8.687,0,0,0,5
372,Georgia,1997,0,personal,9.074052613280802,9.412,0,0,0,6
372,Georgia,1998,0,personal,12.12031647871954,9.863,1,0,0,7
372,Georgia,1999,0,personal,10.503092961889514,10.218,0,0,0,8
372,Georgia,2000,0,personal,8.811475409836067,10.62,0,0,0,9
372,Georgia,2001,0,personal,8.66129441376755,11.138,0,0,0,10
372,Georgia,2002,0,personal,9.273440418378787,11.701,0,0,0,11
372,Georgia,2003,0,personal,12.524618086975025,12.684,0,0,0,12
372,Georgia,2004,0,other,14.356634239293964,13.683,0,0,0,13
372,Georgia,2005,0,presidential,16.117959119987525,14.884,0,0,0,14
372,Georgia,2006,0,presidential,17.873740726842357,16.334,0,0,0,15
372,Georgia,2007,0,presidential,18.09608446519524,17.807,0,0,0,16
372,Georgia,2008,0,presidential,14.763665851650721,18.681,1,0,0,17
372,Georgia,2009,0,presidential,10.370029349139664,19.179,0,0,0,18
372,Georgia,2010,0,presidential,8.953748560752551,20.061,0,0,0,19
372,Georgia,2011,0,presidential,9.2950305431732,21.184,0,0,0,20
372,Georgia,2012,0,presidential,10.17041030543755,22.356,0,0,0,21
372,Georgia,2013,0,presidential,9.870585241250595,23.313,0,0,0,22
372,Georgia,2014,0,presidential,8.812674408137532,24.176,0,0,0,23
372,Georgia,2015,0,presidential,7.017043982800608,24.789,0,0,0,24
372,Georgia,2016,0,presidential,6.632470674303947,25.653,0,0,0,25
372,Georgia,2017,0,presidential,8.203909519351548,27.046,0,0,0,26
372,Georgia,2018,0,presidential,8.581152880661612,28.202,0,0,0,27
372,Georgia,2019,0,parliamentary,7.672091227653377,29.006,0,0,0,28
372,Georgia,2020,0,parliamentary,NA,NA,0,0,0,29
373,Azerbaijan,1991,0,personal,NA,17.327,6,0,0,0
373,Azerbaijan,1992,0,personal,NA,13.954,6,0,0,1
373,Azerbaijan,1993,0,presidential,NA,10.837,6,0,0,2
373,Azerbaijan,1994,1,personal,-37.58695371552331,8.703,6,1,1,0
373,Azerbaijan,1995,1,personal,-36.141910679345024,7.441,3,2,1,0
373,Azerbaijan,1996,0,personal,-25.87390761548065,7.125,3,2,1,1
373,Azerbaijan,1997,0,personal,-12.226842003480954,7.262,3,2,1,2
373,Azerbaijan,1998,0,personal,-0.15465674067470792,7.618,0,2,1,3
373,Azerbaijan,1999,0,personal,8.76381802721089,8.186,0,2,1,4
373,Azerbaijan,2000,0,personal,13.352287280364749,8.851,0,2,1,5
373,Azerbaijan,2001,0,personal,15.188927202141267,9.554,0,2,1,6
373,Azerbaijan,2002,0,personal,15.266093841378382,10.249,0,2,1,7
373,Azerbaijan,2003,0,personal,16.856643647558034,11.236,0,2,1,8
373,Azerbaijan,2004,0,personal,21.112820805075884,12.751,0,2,1,9
373,Azerbaijan,2005,0,personal,32.55408058804772,15.797,0,2,1,10
373,Azerbaijan,2006,0,personal,43.09560155793017,20.06,0,2,1,11
373,Azerbaijan,2007,0,personal,45.59570763600185,24.585,0,2,1,12
373,Azerbaijan,2008,0,personal,38.41023614267365,28.017,0,2,1,13
373,Azerbaijan,2009,0,personal,28.563870436776195,30.618,0,2,1,14
373,Azerbaijan,2010,0,personal,20.310868638148307,32.726,0,2,1,15
373,Azerbaijan,2011,0,personal,13.7013320184177,34.127,0,2,1,16
373,Azerbaijan,2012,0,personal,8.644939965694709,34.837,0,2,1,17
373,Azerbaijan,2013,0,personal,5.691056910569103,35.464,0,2,1,18
373,Azerbaijan,2014,0,personal,3.052772327087716,35.607,0,2,1,19
373,Azerbaijan,2015,0,personal,-0.43865669251709205,34.817,0,2,1,20
373,Azerbaijan,2016,0,personal,-3.015636634400587,33.865,0,2,1,21
373,Azerbaijan,2017,0,personal,-4.003815911193332,33.207,0,2,1,22
373,Azerbaijan,2018,0,personal,-3.469646462275222,32.896,0,2,1,23
373,Azerbaijan,2019,0,personal,-2.93023867604153,32.471,0,2,1,24
373,Azerbaijan,2020,0,personal,NA,NA,0,2,1,25
375,Finland,1950,0,presidential,10.258796685480952,14.69,0,0,0,0
375,Finland,1951,0,presidential,10.85104860067283,15.487,0,0,0,1
375,Finland,1952,0,presidential,9.163297639860124,15.985,0,0,0,2
375,Finland,1953,0,presidential,7.239641290829346,16.383,0,0,0,3
375,Finland,1954,0,presidential,7.617410507032707,17.154,0,0,0,4
375,Finland,1955,0,presidential,7.547329276538228,17.815,0,0,0,5
375,Finland,1956,0,presidential,6.974843868557756,18.328,0,0,0,6
375,Finland,1957,0,presidential,6.385502694519429,18.833,0,0,0,7
375,Finland,1958,0,presidential,5.773750314266035,19.353,0,0,0,8
375,Finland,1959,0,presidential,7.969409282700424,20.471,0,0,0,9
375,Finland,1960,0,presidential,12.576115947863741,22.37,0,0,0,10
375,Finland,1961,0,presidential,13.221507265193889,23.719,0,0,0,11
375,Finland,1962,0,presidential,11.256911702156547,24.588,0,0,0,12
375,Finland,1963,0,presidential,8.8605856706375,25.368,0,0,0,13
375,Finland,1964,0,presidential,7.479729287909498,26.299,0,0,0,14
375,Finland,1965,0,presidential,7.076042698360285,27.244,0,0,0,15
375,Finland,1966,0,presidential,6.781657231868099,28.106,0,0,0,16
375,Finland,1967,0,presidential,6.268533712040392,28.884,0,0,0,17
375,Finland,1968,0,presidential,6.856789210106973,30.043,0,0,0,18
375,Finland,1969,0,presidential,9.587028711207068,32.077,0,0,0,19
375,Finland,1970,0,presidential,11.751437474738257,34.284,0,0,0,20
375,Finland,1971,0,presidential,10.367154505930575,35.489,0,0,0,21
375,Finland,1972,0,presidential,10.493892787109903,37.415,0,0,0,22
375,Finland,1973,0,presidential,10.680599585143447,39.592,0,0,0,23
375,Finland,1974,0,presidential,8.61380277634083,40.733,0,0,0,24
375,Finland,1975,0,presidential,6.307648827111323,41.376,0,0,0,25
375,Finland,1976,0,presidential,4.1752697855149234,41.877,0,0,0,26
375,Finland,1977,0,presidential,2.9159020070494313,42.396,0,0,0,27
375,Finland,1978,0,presidential,3.5068655066081478,43.435,0,0,0,28
375,Finland,1979,0,presidential,5.708555837977758,45.331,0,0,0,29
375,Finland,1980,0,presidential,7.341735385285664,47.304,0,0,0,30
375,Finland,1981,0,presidential,6.899620260971462,48.532,0,0,0,31
375,Finland,1982,0,presidential,6.3184563414883765,49.854,0,0,0,32
375,Finland,1983,0,presidential,5.444270482626989,51.05,0,0,0,33
375,Finland,1984,0,presidential,4.866762534444113,52.214,0,0,0,34
375,Finland,1985,0,presidential,5.199270113007182,53.732,0,0,0,35
375,Finland,1986,0,presidential,5.637938068855597,55.409,0,0,0,36
375,Finland,1987,0,presidential,6.202352347898321,57.283,0,0,0,37
375,Finland,1988,0,presidential,6.948574222752746,59.491,0,0,0,38
375,Finland,1989,0,presidential,6.758295125797664,61.332,0,0,0,39
375,Finland,1990,0,presidential,3.7336582452043743,61.129,0,0,0,40
375,Finland,1991,0,presidential,-1.188296138289091,58.923,0,0,0,41
375,Finland,1992,0,presidential,-3.9236137894952283,57.294,0,0,0,42
375,Finland,1993,0,presidential,-3.6632390745501286,56.962,0,0,0,43
375,Finland,1994,0,presidential,-0.15438634842129817,58.464,0,0,0,44
375,Finland,1995,0,presidential,3.7147412648664835,60.625,0,0,0,45
375,Finland,1996,0,presidential,5.965274893024919,62.752,0,0,0,46
375,Finland,1997,0,presidential,7.876847290640399,65.697,0,0,0,47
375,Finland,1998,0,presidential,8.78525528572467,68.833,0,0,0,48
375,Finland,1999,0,presidential,8.631720152719025,71.587,0,0,0,49
375,Finland,2000,0,presidential,8.490717145977445,74.506,0,0,0,50
375,Finland,2001,0,parliamentary,7.187350397679704,76.574,0,0,0,51
375,Finland,2002,0,parliamentary,5.890417255915681,78.321,0,0,0,52
375,Finland,2003,0,parliamentary,5.116632993099124,80.122,0,0,0,53
375,Finland,2004,0,parliamentary,4.972509661182212,82.251,0,0,0,54
375,Finland,2005,0,parliamentary,4.907462062060564,84.243,0,0,0,55
375,Finland,2006,0,parliamentary,5.108816652326298,86.489,0,0,0,56
375,Finland,2007,0,parliamentary,5.337052026956579,88.907,0,0,0,57
375,Finland,2008,0,parliamentary,3.5515583581289922,89.301,0,0,0,58
375,Finland,2009,0,parliamentary,-0.20736370538756432,87.009,0,0,0,59
375,Finland,2010,0,parliamentary,-0.9114681293929117,86.927,0,0,0,60
375,Finland,2011,0,parliamentary,-0.7228268538369442,87.242,0,0,0,61
375,Finland,2012,0,parliamentary,-1.0708833700669884,86.45,0,0,0,62
375,Finland,2013,0,parliamentary,-1.3892769801700067,85.403,0,0,0,63
375,Finland,2014,0,parliamentary,-1.8241190624390446,84.542,0,0,0,64
375,Finland,2015,0,parliamentary,-2.364515177203985,83.385,0,0,0,65
375,Finland,2016,0,parliamentary,-0.9250846617659292,83.965,0,0,0,66
375,Finland,2017,0,parliamentary,1.6583446314605954,86.079,0,0,0,67
375,Finland,2018,0,parliamentary,2.5170591265444964,87.168,0,0,0,68
375,Finland,2019,0,parliamentary,2.2707898836228813,87.58,0,0,0,69
375,Finland,2020,0,parliamentary,NA,NA,0,0,0,70
380,Sweden,1950,0,parliamentary,10.999406990104132,23.959,0,0,0,0
380,Sweden,1951,0,parliamentary,8.39963144745468,24.471,0,0,0,1
380,Sweden,1952,0,parliamentary,6.444213255107956,24.965,0,0,0,2
380,Sweden,1953,0,parliamentary,5.109867927792844,25.515,0,0,0,3
380,Sweden,1954,0,parliamentary,4.849986017338503,26.245,0,0,0,4
380,Sweden,1955,0,parliamentary,5.402918262144474,27.031,0,0,0,5
380,Sweden,1956,0,parliamentary,5.664421775946726,27.802,0,0,0,6
380,Sweden,1957,0,parliamentary,5.821358045692238,28.616,0,0,0,7
380,Sweden,1958,0,parliamentary,5.927575801120866,29.486,0,0,0,8
380,Sweden,1959,0,parliamentary,7.551169336622987,30.95,0,0,0,9
380,Sweden,1960,0,parliamentary,11.514857344228947,33.543,0,0,0,10
380,Sweden,1961,0,parliamentary,11.354860798498612,35.126,0,0,0,11
380,Sweden,1962,0,parliamentary,10.521838289861885,36.636,0,0,0,12
380,Sweden,1963,0,parliamentary,9.515157420515962,38.214,0,0,0,13
380,Sweden,1964,0,parliamentary,8.833469610248024,39.931,0,0,0,14
380,Sweden,1965,0,parliamentary,7.953029787901755,41.278,0,0,0,15
380,Sweden,1966,0,parliamentary,6.33709021562554,42.155,0,0,0,16
380,Sweden,1967,0,parliamentary,5.791939104128052,43.362,0,0,0,17
380,Sweden,1968,0,parliamentary,6.312190376341809,45.023,0,0,0,18
380,Sweden,1969,0,parliamentary,7.151022946561669,46.864,0,0,0,19
380,Sweden,1970,0,parliamentary,8.42291137843505,49.121,0,0,0,20
380,Sweden,1971,0,parliamentary,6.285929051601147,49.772,0,0,0,21
380,Sweden,1972,0,parliamentary,5.536303562124201,51.042,0,0,0,22
380,Sweden,1973,0,parliamentary,6.064791461491037,52.987,0,0,0,23
380,Sweden,1974,0,parliamentary,5.2070444127969795,54.076,0,0,0,24
380,Sweden,1975,0,parliamentary,4.891223775293363,55.186,0,0,0,25
380,Sweden,1976,0,parliamentary,3.857583299283074,55.919,0,0,0,26
380,Sweden,1977,0,parliamentary,2.0923310377028104,55.976,0,0,0,27
380,Sweden,1978,0,parliamentary,2.0165774688947424,56.69,0,0,0,28
380,Sweden,1979,0,parliamentary,2.7244773321213556,57.861,0,0,0,29
380,Sweden,1980,0,parliamentary,2.828047552732116,58.627,0,0,0,30
380,Sweden,1981,0,parliamentary,2.695692578696618,59.232,0,0,0,31
380,Sweden,1982,0,parliamentary,2.774986155834025,60.132,0,0,0,32
380,Sweden,1983,0,parliamentary,3.2379946235292945,61.369,0,0,0,33
380,Sweden,1984,0,parliamentary,4.483925549915391,63.232,0,0,0,34
380,Sweden,1985,0,parliamentary,4.998138043812639,64.85,0,0,0,35
380,Sweden,1986,0,parliamentary,5.4610065855825285,66.714,0,0,0,36
380,Sweden,1987,0,parliamentary,5.2818105895078515,68.326,0,0,0,37
380,Sweden,1988,0,parliamentary,4.774750958314833,69.754,0,0,0,38
380,Sweden,1989,0,parliamentary,4.16440351026568,70.957,0,0,0,39
380,Sweden,1990,0,parliamentary,2.7753048859540774,71.346,0,0,0,40
380,Sweden,1991,0,parliamentary,0.9146497685620147,70.899,0,0,0,41
380,Sweden,1992,0,parliamentary,-0.5435782738558714,70.259,0,0,0,42
380,Sweden,1993,0,parliamentary,-1.364117783655494,69.661,0,0,0,43
380,Sweden,1994,0,parliamentary,0.4947004471276273,70.978,0,0,0,44
380,Sweden,1995,0,parliamentary,2.8085595807598285,72.94,0,0,0,45
380,Sweden,1996,0,parliamentary,4.100180767256578,74.634,0,0,0,46
380,Sweden,1997,0,parliamentary,5.0091137089369075,76.622,0,0,0,47
380,Sweden,1998,0,parliamentary,6.031242659149627,79.442,0,0,0,48
380,Sweden,1999,0,parliamentary,6.956364154142869,82.627,0,0,0,49
380,Sweden,2000,0,parliamentary,7.139632975068588,85.449,0,0,0,50
380,Sweden,2001,0,parliamentary,5.87718892944602,87.077,0,0,0,51
380,Sweden,2002,0,parliamentary,5.034527533494648,88.98,0,0,0,52
380,Sweden,2003,0,parliamentary,4.480287974181629,90.906,0,0,0,53
380,Sweden,2004,0,parliamentary,4.799659089634756,93.453,0,0,0,54
380,Sweden,2005,0,parliamentary,4.850345356868746,95.634,0,0,0,55
380,Sweden,2006,0,parliamentary,5.264171411331997,98.394,0,0,0,56
380,Sweden,2007,0,parliamentary,4.878828128915824,100.437,0,0,0,57
380,Sweden,2008,0,parliamentary,2.8758683808038032,100.491,0,0,0,58
380,Sweden,2009,0,parliamentary,0.3852917310000148,99.215,0,0,0,59
380,Sweden,2010,0,parliamentary,0.9530179569489761,100.824,0,0,0,60
380,Sweden,2011,0,parliamentary,1.1604103710806557,101.7,0,0,0,61
380,Sweden,2012,0,parliamentary,0.9052880570240118,101.698,0,0,0,62
380,Sweden,2013,0,parliamentary,0.792207355278185,101.86,0,0,0,63
380,Sweden,2014,0,parliamentary,0.552031854952939,102.222,0,0,0,64
380,Sweden,2015,0,parliamentary,0.15464716699342684,102.067,0,0,0,65
380,Sweden,2016,0,parliamentary,1.0191523954679038,103.264,0,0,0,66
380,Sweden,2017,0,parliamentary,2.1702121043691847,105.145,0,0,0,67
380,Sweden,2018,0,parliamentary,2.3881873939006315,106.273,0,0,0,68
380,Sweden,2019,0,parliamentary,1.9551285112560768,106.746,0,0,0,69
380,Sweden,2020,0,parliamentary,NA,NA,0,0,0,70
385,Norway,1950,0,parliamentary,7.177756976660454,20.839,0,0,0,0
385,Norway,1951,0,parliamentary,5.741167624682175,21.376,0,0,0,1
385,Norway,1952,0,parliamentary,5.366887569651579,21.973,0,0,0,2
385,Norway,1953,0,parliamentary,5.500732870893366,22.601,0,0,0,3
385,Norway,1954,0,parliamentary,5.687363131638956,23.262,0,0,0,4
385,Norway,1955,0,parliamentary,5.302044897489666,23.801,0,0,0,5
385,Norway,1956,0,parliamentary,5.499255228468347,24.506,0,0,0,6
385,Norway,1957,0,parliamentary,5.193650900126623,25.091,0,0,0,7
385,Norway,1958,0,parliamentary,4.837127158555732,25.644,0,0,0,8
385,Norway,1959,0,parliamentary,6.157247610109917,26.696,0,0,0,9
385,Norway,1960,0,parliamentary,9.562439674587498,28.605,0,0,0,10
385,Norway,1961,0,parliamentary,10.256334859923676,29.997,0,0,0,11
385,Norway,1962,0,parliamentary,9.364656835819197,31.06,0,0,0,12
385,Norway,1963,0,parliamentary,8.185283461067039,32.128,0,0,0,13
385,Norway,1964,0,parliamentary,7.738934946309284,33.451,0,0,0,14
385,Norway,1965,0,parliamentary,7.916230625855292,34.855,0,0,0,15
385,Norway,1966,0,parliamentary,7.969757138853617,36.215,0,0,0,16
385,Norway,1967,0,parliamentary,8.069271717681614,37.679,0,0,0,17
385,Norway,1968,0,parliamentary,7.221381299097307,38.818,0,0,0,18
385,Norway,1969,0,parliamentary,6.4145307123996576,39.898,0,0,0,19
385,Norway,1970,0,parliamentary,5.4386944651278135,40.782,0,0,0,20
385,Norway,1971,0,parliamentary,6.07070712133897,42.322,0,0,0,21
385,Norway,1972,0,parliamentary,7.6748516234143915,44.412,0,0,0,22
385,Norway,1973,0,parliamentary,8.981006567822348,46.66,0,0,0,23
385,Norway,1974,0,parliamentary,9.49361696403348,48.837,0,0,0,24
385,Norway,1975,0,parliamentary,9.813804503293099,51.287,0,0,0,25
385,Norway,1976,0,parliamentary,9.797710983036456,53.8,0,0,0,26
385,Norway,1977,0,parliamentary,9.260067323276399,56.088,0,0,0,27
385,Norway,1978,0,parliamentary,8.809844017181568,58.415,0,0,0,28
385,Norway,1979,0,parliamentary,8.434379457917274,60.81,0,0,0,29
385,Norway,1980,0,parliamentary,8.152898922524376,63.237,0,0,0,30
385,Norway,1981,0,parliamentary,6.5323384069301715,64.588,0,0,0,31
385,Norway,1982,0,parliamentary,4.9020611302311945,65.594,0,0,0,32
385,Norway,1983,0,parliamentary,4.830712125121628,67.442,0,0,0,33
385,Norway,1984,0,parliamentary,6.0239471760576535,70.201,0,0,0,34
385,Norway,1985,0,parliamentary,6.647593254591877,72.614,0,0,0,35
385,Norway,1986,0,parliamentary,5.937275898619743,74.158,0,0,0,36
385,Norway,1987,0,parliamentary,4.538666681498005,75.184,0,0,0,37
385,Norway,1988,0,parliamentary,2.5702066068484353,75.401,0,0,0,38
385,Norway,1989,0,parliamentary,1.7280590609923596,75.952,0,0,0,39
385,Norway,1990,0,parliamentary,1.786494682893891,76.86,0,0,0,40
385,Norway,1991,0,parliamentary,2.6983777781269813,78.425,0,0,0,41
385,Norway,1992,0,parliamentary,5.047450257086639,81.558,0,0,0,42
385,Norway,1993,0,parliamentary,5.686127190947765,83.837,0,0,0,43
385,Norway,1994,0,parliamentary,6.64826740263722,86.945,0,0,0,44
385,Norway,1995,0,parliamentary,7.668822265133879,90.773,0,0,0,45
385,Norway,1996,0,parliamentary,8.59551459013026,95.197,0,0,0,46
385,Norway,1997,0,parliamentary,8.638321306411179,99.031,0,0,0,47
385,Norway,1998,0,parliamentary,7.658520531299051,102.062,0,0,0,48
385,Norway,1999,0,parliamentary,7.236429538319156,105.68,0,0,0,49
385,Norway,2000,0,parliamentary,7.904532259574859,110.622,0,0,0,50
385,Norway,2001,0,parliamentary,7.576478375080153,114.422,0,0,0,51
385,Norway,2002,0,parliamentary,8.320029539851648,119.688,0,0,0,52
385,Norway,2003,0,parliamentary,7.828591529183937,123.842,0,0,0,53
385,Norway,2004,0,parliamentary,7.693518462702853,128.63,0,0,0,54
385,Norway,2005,0,parliamentary,7.906306608304381,133.91,0,0,0,55
385,Norway,2006,0,parliamentary,7.128772517102289,137.996,0,0,0,56
385,Norway,2007,0,parliamentary,5.55466125472579,140.325,0,0,0,57
385,Norway,2008,0,parliamentary,3.6527545518366455,141.446,0,0,0,58
385,Norway,2009,0,parliamentary,0.6553361645163625,139.555,0,0,0,59
385,Norway,2010,0,parliamentary,0.02831799680207414,139.88,0,0,0,60
385,Norway,2011,0,parliamentary,0.7117670663300713,141.552,0,0,0,61
385,Norway,2012,0,parliamentary,0.9709798624196742,142.319,0,0,0,62
385,Norway,2013,0,parliamentary,0.6853422670736631,142.035,0,0,0,63
385,Norway,2014,0,parliamentary,-0.5853874049665864,140.413,0,0,0,64
385,Norway,2015,0,parliamentary,-1.9069179890424892,138.221,0,0,0,65
385,Norway,2016,0,parliamentary,-2.7568327042657326,135.93,0,0,0,66
385,Norway,2017,0,parliamentary,-3.803713027517608,132.596,0,0,0,67
385,Norway,2018,0,parliamentary,-4.167842374836949,129.737,0,0,0,68
385,Norway,2019,0,parliamentary,-5.598867767045479,124.864,0,0,0,69
385,Norway,2020,0,parliamentary,NA,NA,0,0,0,70
390,Denmark,1950,0,parliamentary,7.541211980496865,23.159,0,0,0,0
390,Denmark,1951,0,parliamentary,6.303030303030299,23.679,0,0,0,1
390,Denmark,1952,0,parliamentary,5.3035188315875725,24.168,0,0,0,2
390,Denmark,1953,0,parliamentary,5.102524594050029,24.829,0,0,0,3
390,Denmark,1954,0,parliamentary,4.357088008719123,25.278,0,0,0,4
390,Denmark,1955,0,parliamentary,3.85492663830338,25.68,0,0,0,5
390,Denmark,1956,0,parliamentary,3.9378377950010313,26.231,0,0,0,6
390,Denmark,1957,0,parliamentary,5.382865807429882,27.244,0,0,0,7
390,Denmark,1958,0,parliamentary,6.658330257399192,28.318,0,0,0,8
390,Denmark,1959,0,parliamentary,8.861957273355902,29.912,0,0,0,9
390,Denmark,1960,0,parliamentary,11.271575723830729,31.975,0,0,0,10
390,Denmark,1961,0,parliamentary,12.374420784432782,34.049,0,0,0,11
390,Denmark,1962,0,parliamentary,11.558156547183618,35.685,0,0,0,12
390,Denmark,1963,0,parliamentary,9.405417596505373,36.867,0,0,0,13
390,Denmark,1964,0,parliamentary,9.317116903767108,38.775,0,0,0,14
390,Denmark,1965,0,parliamentary,8.442237041984946,40.262,0,0,0,15
390,Denmark,1966,0,parliamentary,7.316972080179451,41.428,0,0,0,16
390,Denmark,1967,0,parliamentary,7.031530991487833,42.852,0,0,0,17
390,Denmark,1968,0,parliamentary,7.509180397208404,44.735,0,0,0,18
390,Denmark,1969,0,parliamentary,8.71122987235735,47.03,0,0,0,19
390,Denmark,1970,0,parliamentary,6.404575271533797,47.592,0,0,0,20
390,Denmark,1971,0,parliamentary,6.2338189975234215,49.158,0,0,0,21
390,Denmark,1972,0,parliamentary,6.14778415690993,50.807,0,0,0,22
390,Denmark,1973,0,parliamentary,5.500253421186008,52.038,0,0,0,23
390,Denmark,1974,0,parliamentary,4.713846056347526,52.874,0,0,0,24
390,Denmark,1975,0,parliamentary,3.846733930691504,53.706,0,0,0,25
390,Denmark,1976,0,parliamentary,5.099901192478562,55.737,0,0,0,26
390,Denmark,1977,0,parliamentary,5.1579699680228686,57.089,0,0,0,27
390,Denmark,1978,0,parliamentary,4.800622503053065,58.183,0,0,0,28
390,Denmark,1979,0,parliamentary,4.340170789682185,59.26,0,0,0,29
390,Denmark,1980,0,parliamentary,2.617246282771668,59.463,0,0,0,30
390,Denmark,1981,0,parliamentary,1.461000252072786,59.571,0,0,0,31
390,Denmark,1982,0,parliamentary,2.091536261147575,60.673,0,0,0,32
390,Denmark,1983,0,parliamentary,3.5716655607166636,62.433,0,0,0,33
390,Denmark,1984,0,parliamentary,5.249429409846762,64.56,0,0,0,34
390,Denmark,1985,0,parliamentary,6.457148132702151,66.88,0,0,0,35
390,Denmark,1986,0,parliamentary,6.883621515100979,69.208,0,0,0,36
390,Denmark,1987,0,parliamentary,5.721128339473003,70.542,0,0,0,37
390,Denmark,1988,0,parliamentary,3.9669025623351617,71.193,0,0,0,38
390,Denmark,1989,0,parliamentary,2.9840892397303254,72.066,0,0,0,39
390,Denmark,1990,0,parliamentary,2.9247938220991365,73.358,0,0,0,40
390,Denmark,1991,0,parliamentary,2.9898908342826713,74.493,0,0,0,41
390,Denmark,1992,0,parliamentary,3.3199521438518564,75.823,0,0,0,42
390,Denmark,1993,0,parliamentary,3.1496823748218716,76.869,0,0,0,43
390,Denmark,1994,0,parliamentary,4.177861364857605,79.101,0,0,0,44
390,Denmark,1995,0,parliamentary,4.974734251790802,81.393,0,0,0,45
390,Denmark,1996,0,parliamentary,4.977107324394892,83.229,0,0,0,46
390,Denmark,1997,0,parliamentary,5.069428703767587,85.292,0,0,0,47
390,Denmark,1998,0,parliamentary,4.872219820339141,87.325,0,0,0,48
390,Denmark,1999,0,parliamentary,4.978892475788443,89.623,0,0,0,49
390,Denmark,2000,0,parliamentary,4.958868583007225,91.788,0,0,0,50
390,Denmark,2001,0,parliamentary,4.211571312303786,93.216,0,0,0,51
390,Denmark,2002,0,parliamentary,3.7571431699253477,94.778,0,0,0,52
390,Denmark,2003,0,parliamentary,2.989254846496281,95.828,0,0,0,53
390,Denmark,2004,0,parliamentary,3.3056978402070003,97.815,0,0,0,54
390,Denmark,2005,0,parliamentary,3.4923781501429607,99.611,0,0,0,55
390,Denmark,2006,0,parliamentary,3.902666086860651,101.787,0,0,0,56
390,Denmark,2007,0,parliamentary,3.127034390747685,102.651,0,0,0,57
390,Denmark,2008,0,parliamentary,1.5688825083084224,102.444,0,0,0,58
390,Denmark,2009,0,parliamentary,-0.2428083055012964,101.315,0,0,0,59
390,Denmark,2010,0,parliamentary,-0.44832491293471666,101.478,0,0,0,60
390,Denmark,2011,0,parliamentary,0.06196819619601612,102.051,0,0,0,61
390,Denmark,2012,0,parliamentary,0.25832337139479744,102.151,0,0,0,62
390,Denmark,2013,0,parliamentary,0.5239384308544537,102.416,0,0,0,63
390,Denmark,2014,0,parliamentary,0.41437464873130825,102.553,0,0,0,64
390,Denmark,2015,0,parliamentary,-0.45548678559824696,101.711,0,0,0,65
390,Denmark,2016,0,parliamentary,0.35523457799033764,102.662,0,0,0,66
390,Denmark,2017,0,parliamentary,2.0559144969775733,104.979,0,0,0,67
390,Denmark,2018,0,parliamentary,2.9509859111484626,106.803,0,0,0,68
390,Denmark,2019,0,parliamentary,3.0267475579975667,108.005,0,0,0,69
390,Denmark,2020,0,parliamentary,NA,NA,0,0,0,70
395,Iceland,1950,0,parliamentary,3.9432141337692572,18.568,0,0,0,0
395,Iceland,1951,0,parliamentary,4.276808529385834,18.935,0,0,0,1
395,Iceland,1952,0,parliamentary,6.26829058357723,19.754,0,0,0,2
395,Iceland,1953,0,parliamentary,7.392784775751515,20.564,0,0,0,3
395,Iceland,1954,0,parliamentary,8.711610788198133,21.621,0,0,0,4
395,Iceland,1955,0,parliamentary,9.756803705848283,22.746,0,0,0,5
395,Iceland,1956,0,parliamentary,8.327860360568696,23.422,0,0,0,6
395,Iceland,1957,0,parliamentary,6.301633558805442,23.856,0,0,0,7
395,Iceland,1958,0,parliamentary,5.79743808122779,24.596,0,0,0,8
395,Iceland,1959,0,parliamentary,5.134668191264713,25.193,0,0,0,9
395,Iceland,1960,0,parliamentary,4.270117332420109,25.576,0,0,0,10
395,Iceland,1961,0,parliamentary,4.161014920609585,26.109,0,0,0,11
395,Iceland,1962,0,parliamentary,6.021074537392934,27.307,0,0,0,12
395,Iceland,1963,0,parliamentary,9.416589813377719,29.186,0,0,0,13
395,Iceland,1964,0,parliamentary,12.059443719248918,31.248,0,0,0,14
395,Iceland,1965,0,parliamentary,12.57324866774201,33.081,0,0,0,15
395,Iceland,1966,0,parliamentary,10.67359249329758,34.346,0,0,0,16
395,Iceland,1967,0,parliamentary,5.42817466440364,34.164,0,0,0,17
395,Iceland,1968,0,parliamentary,0.9426763838236818,33.602,0,0,0,18
395,Iceland,1969,0,parliamentary,1.0711440290359642,34.252,0,0,0,19
395,Iceland,1970,0,parliamentary,5.023664285755669,36.259,0,0,0,20
395,Iceland,1971,0,parliamentary,10.57508167173593,39.263,0,0,0,21
395,Iceland,1972,0,parliamentary,12.403016950068935,41.579,0,0,0,22
395,Iceland,1973,0,parliamentary,12.571033635386254,43.977,0,0,0,23
395,Iceland,1974,0,parliamentary,11.116207877239814,46.025,0,0,0,24
395,Iceland,1975,0,parliamentary,8.608397632095022,47.408,0,0,0,25
395,Iceland,1976,0,parliamentary,8.546458986707272,49.632,0,0,0,26
395,Iceland,1977,0,parliamentary,10.020432842667116,52.768,0,0,0,27
395,Iceland,1978,0,parliamentary,10.18018663609146,55.351,0,0,0,28
395,Iceland,1979,0,parliamentary,9.623969159458245,57.612,0,0,0,29
395,Iceland,1980,0,parliamentary,8.751021891179933,59.862,0,0,0,30
395,Iceland,1981,0,parliamentary,7.301015896446783,61.641,0,0,0,31
395,Iceland,1982,0,parliamentary,5.290713138570635,62.545,0,0,0,32
395,Iceland,1983,0,parliamentary,2.484512917690629,62.303,0,0,0,33
395,Iceland,1984,0,parliamentary,2.833918023060855,63.785,0,0,0,34
395,Iceland,1985,0,parliamentary,3.8263303193779574,65.59,0,0,0,35
395,Iceland,1986,0,parliamentary,6.032946427187769,68.422,0,0,0,36
395,Iceland,1987,0,parliamentary,7.88629456317238,71.564,0,0,0,37
395,Iceland,1988,0,parliamentary,5.800864026974506,72.295,0,0,0,38
395,Iceland,1989,0,parliamentary,3.0675127063078733,72.152,0,0,0,39
395,Iceland,1990,0,parliamentary,1.3865765265795638,72.345,0,0,0,40
395,Iceland,1991,0,parliamentary,-0.046614484341145346,72.047,0,0,0,41
395,Iceland,1992,0,parliamentary,-1.643903429364435,70.732,0,0,0,42
395,Iceland,1993,0,parliamentary,-1.4163229260985677,70.552,0,0,0,43
395,Iceland,1994,0,parliamentary,0.07839513950134158,71.489,0,0,0,44
395,Iceland,1995,0,parliamentary,1.1829248825896643,72.261,0,0,0,45
395,Iceland,1996,0,parliamentary,3.430956521739126,74.341,0,0,0,46
395,Iceland,1997,0,parliamentary,6.104068014028585,77.752,0,0,0,47
395,Iceland,1998,0,parliamentary,8.102021730088026,81.606,0,0,0,48
395,Iceland,1999,0,parliamentary,8.211726501155026,84.506,0,0,0,49
395,Iceland,2000,0,parliamentary,6.942749430557682,86.577,0,0,0,50
395,Iceland,2001,0,parliamentary,5.396465249582039,88.259,0,0,0,51
395,Iceland,2002,0,parliamentary,3.661286797699259,89.174,0,0,0,52
395,Iceland,2003,0,parliamentary,3.385803115412278,90.848,0,0,0,53
395,Iceland,2004,0,parliamentary,5.142105579404865,94.491,0,0,0,54
395,Iceland,2005,0,parliamentary,5.996098756207013,97.594,0,0,0,55
395,Iceland,2006,0,parliamentary,5.743679938971402,99.803,0,0,0,56
395,Iceland,2007,0,parliamentary,5.76007910838261,102.674,0,0,0,57
395,Iceland,2008,0,parliamentary,3.444914138459887,102.925,0,0,0,58
395,Iceland,2009,0,parliamentary,-0.853837094566634,99.676,0,0,0,59
395,Iceland,2010,0,parliamentary,-3.2769650739796097,97.155,0,0,0,60
395,Iceland,2011,0,parliamentary,-2.8844536637327,97.006,0,0,0,61
395,Iceland,2012,0,parliamentary,-1.1643778828868023,97.751,0,0,0,62
395,Iceland,2013,0,parliamentary,1.3186616276796848,99.516,0,0,0,63
395,Iceland,2014,0,parliamentary,2.706356649574304,101.19,0,0,0,64
395,Iceland,2015,0,parliamentary,3.285763297440125,102.96,0,0,0,65
395,Iceland,2016,0,parliamentary,5.012604818760225,106.722,0,0,0,66
395,Iceland,2017,0,parliamentary,6.423237819766481,110.969,0,0,0,67
395,Iceland,2018,0,parliamentary,6.083724752308828,113.604,0,0,0,68
395,Iceland,2019,0,parliamentary,5.084147710014619,115.552,0,0,0,69
395,Iceland,2020,0,parliamentary,NA,NA,0,0,0,70
402,Cape Verde,1975,0,dominant-party,-6.651670951156808,3.486,0,0,0,0
402,Cape Verde,1976,0,dominant-party,-7.366865524601829,3.385,0,0,0,1
402,Cape Verde,1977,0,dominant-party,-6.3854946787544336,3.325,0,0,0,2
402,Cape Verde,1978,0,dominant-party,-1.909321642824191,3.401,0,0,0,3
402,Cape Verde,1979,0,dominant-party,1.891432921473335,3.48,0,0,0,4
402,Cape Verde,1980,0,dominant-party,4.061061585969816,3.572,0,0,0,5
402,Cape Verde,1981,0,dominant-party,6.702443480246623,3.738,0,0,0,6
402,Cape Verde,1982,0,dominant-party,7.6799734601349146,3.895,0,0,0,7
402,Cape Verde,1983,0,dominant-party,8.733880422039864,4.081,0,0,0,8
402,Cape Verde,1984,0,dominant-party,7.890416581161519,4.206,0,0,0,9
402,Cape Verde,1985,0,dominant-party,7.920401930844223,4.382,0,0,0,10
402,Cape Verde,1986,0,dominant-party,7.915542299862688,4.559,0,0,0,11
402,Cape Verde,1987,0,dominant-party,7.186830224816454,4.701,0,0,0,12
402,Cape Verde,1988,0,dominant-party,6.317275454385052,4.82,0,0,0,13
402,Cape Verde,1989,0,dominant-party,4.6003598046774785,4.884,0,0,0,14
402,Cape Verde,1990,0,dominant-party,0.33719704952581697,4.761,0,0,0,15
402,Cape Verde,1991,0,dominant-party,-0.1419683494091606,4.783,0,0,0,16
402,Cape Verde,1992,0,parliamentary,2.396199132410648,4.957,0,0,0,17
402,Cape Verde,1993,0,parliamentary,6.491819252161912,5.246,0,0,0,18
402,Cape Verde,1994,0,parliamentary,11.080474258478734,5.64,0,0,0,19
402,Cape Verde,1995,0,parliamentary,12.569968819264442,5.993,0,0,0,20
402,Cape Verde,1996,0,parliamentary,13.56316143418399,6.417,0,0,0,21
402,Cape Verde,1997,0,parliamentary,13.382899628252787,6.832,0,0,0,22
402,Cape Verde,1998,0,parliamentary,14.304315476190466,7.374,0,0,0,23
402,Cape Verde,1999,0,parliamentary,15.57571205731123,8.002,0,0,0,24
402,Cape Verde,2000,0,parliamentary,14.965565479393096,8.547,0,0,0,25
402,Cape Verde,2001,0,parliamentary,12.618399838774685,8.941,0,0,0,26
402,Cape Verde,2002,0,parliamentary,10.44995495709069,9.318,0,0,0,27
402,Cape Verde,2003,0,parliamentary,9.021880756615875,9.706,0,0,0,28
402,Cape Verde,2004,0,parliamentary,9.196386522241728,10.202,0,0,0,29
402,Cape Verde,2005,0,parliamentary,9.608657406460308,10.716,0,0,0,30
402,Cape Verde,2006,0,parliamentary,11.186823456117123,11.422,0,0,0,31
402,Cape Verde,2007,0,parliamentary,13.099729466109643,12.291,0,0,0,32
402,Cape Verde,2008,0,parliamentary,12.315630374732889,12.93,0,0,0,33
402,Cape Verde,2009,0,parliamentary,8.810216084054701,13.173,0,0,0,34
402,Cape Verde,2010,0,parliamentary,5.599011939069554,13.338,0,0,0,35
402,Cape Verde,2011,0,parliamentary,3.792659763494899,13.552,0,0,0,36
402,Cape Verde,2012,0,parliamentary,1.7959122332431576,13.547,0,0,0,37
402,Cape Verde,2013,0,parliamentary,0.3310073358382404,13.458,0,0,0,38
402,Cape Verde,2014,0,parliamentary,-0.12324048227119189,13.453,0,0,0,39
402,Cape Verde,2015,0,parliamentary,-0.3587736464448765,13.442,0,0,0,40
402,Cape Verde,2016,0,parliamentary,1.0244566826552948,13.648,0,0,0,41
402,Cape Verde,2017,0,parliamentary,2.413452901591784,13.91,0,0,0,42
402,Cape Verde,2018,0,parliamentary,3.2047918852745605,14.163,0,0,0,43
402,Cape Verde,2019,0,parliamentary,2.7895388692070533,14.275,0,0,0,44
402,Cape Verde,2020,0,parliamentary,NA,NA,0,0,0,45
403,Sao Tome and Principe,1975,0,personal,4.723336613428208,5.534,0,0,0,0
403,Sao Tome and Principe,1976,0,personal,5.848450142239625,5.73,0,0,0,1
403,Sao Tome and Principe,1977,0,personal,9.583912717937748,6.147,0,0,0,2
403,Sao Tome and Principe,1978,0,personal,10.044818502172493,6.433,0,0,0,3
403,Sao Tome and Principe,1979,0,personal,9.294094513993567,6.67,0,0,0,4
403,Sao Tome and Principe,1980,0,personal,2.874312422498493,6.471,0,0,0,5
403,Sao Tome and Principe,1981,0,personal,-3.7833594976452223,6.129,0,0,0,6
403,Sao Tome and Principe,1982,0,personal,-5.755690967069748,5.97,0,0,0,7
403,Sao Tome and Principe,1983,0,personal,-7.004869868094287,5.767,0,0,0,8
403,Sao Tome and Principe,1984,0,personal,-7.000468258746395,5.561,0,0,0,9
403,Sao Tome and Principe,1985,0,personal,-5.073140367258011,5.49,0,0,0,10
403,Sao Tome and Principe,1986,0,personal,-5.278508927936265,5.326,0,0,0,11
403,Sao Tome and Principe,1987,0,personal,-5.716379626236723,5.146,0,0,0,12
403,Sao Tome and Principe,1988,0,other,-5.03970793029469,5.046,0,0,0,13
403,Sao Tome and Principe,1989,0,other,-3.286493127543577,5.038,0,0,0,14
403,Sao Tome and Principe,1990,0,other,-3.122058362096003,4.94,0,0,0,15
403,Sao Tome and Principe,1991,0,other,-3.013107416879801,4.854,0,0,0,16
403,Sao Tome and Principe,1992,0,parliamentary,-3.4012501014692775,4.76,0,0,0,17
403,Sao Tome and Principe,1993,0,parliamentary,-3.4264063915657617,4.69,0,0,0,18
403,Sao Tome and Principe,1994,0,parliamentary,-2.3752770459582795,4.669,0,0,0,19
403,Sao Tome and Principe,1995,1,parliamentary,-1.188361667935367,4.673,0,1,1,0
403,Sao Tome and Principe,1996,0,parliamentary,-0.10219724067449532,4.692,0,1,1,1
403,Sao Tome and Principe,1997,0,parliamentary,1.27768313458263,4.756,0,1,1,2
403,Sao Tome and Principe,1998,0,parliamentary,2.916314454775981,4.87,0,1,1,3
403,Sao Tome and Principe,1999,0,parliamentary,2.7486089612182685,4.912,0,1,1,4
403,Sao Tome and Principe,2000,0,parliamentary,2.603843769373837,4.965,0,1,1,5
403,Sao Tome and Principe,2001,0,parliamentary,3.2265939699719137,5.074,0,1,1,6
403,Sao Tome and Principe,2002,0,parliamentary,3.3102509706600447,5.162,0,1,1,7
403,Sao Tome and Principe,2003,2,parliamentary,4.464110127826948,5.312,0,2,1,0
403,Sao Tome and Principe,2004,0,parliamentary,5.443354491248331,5.482,0,2,1,1
403,Sao Tome and Principe,2005,0,parliamentary,6.798294817141581,5.712,0,2,1,2
403,Sao Tome and Principe,2006,0,parliamentary,7.492210709368874,5.934,0,2,1,3
403,Sao Tome and Principe,2007,0,parliamentary,6.481481481481488,6.072,0,2,1,4
403,Sao Tome and Principe,2008,0,parliamentary,6.592959370548734,6.286,0,2,1,5
403,Sao Tome and Principe,2009,0,parliamentary,5.923299185710529,6.452,0,2,1,6
403,Sao Tome and Principe,2010,0,parliamentary,6.888662938485002,6.728,0,2,1,7
403,Sao Tome and Principe,2011,0,parliamentary,7.2889435645086875,6.977,0,2,1,8
403,Sao Tome and Principe,2012,0,parliamentary,6.795539033457265,7.182,0,2,1,9
403,Sao Tome and Principe,2013,0,parliamentary,6.123037026365075,7.366,0,2,1,10
403,Sao Tome and Principe,2014,0,parliamentary,5.757423532038386,7.579,0,2,1,11
403,Sao Tome and Principe,2015,0,parliamentary,4.317916088859874,7.673,0,2,1,12
403,Sao Tome and Principe,2016,0,parliamentary,3.5019558796136163,7.779,0,2,1,13
403,Sao Tome and Principe,2017,0,parliamentary,2.798975538365034,7.867,0,2,1,14
403,Sao Tome and Principe,2018,0,parliamentary,1.665635313531344,7.886,0,2,1,15
403,Sao Tome and Principe,2019,0,parliamentary,0.2843674745093949,7.829,0,2,1,16
403,Sao Tome and Principe,2020,0,parliamentary,NA,NA,0,2,1,17
404,Guinea-Bissau,1974,0,dominant-party,3.043590404952301,3.196,0,0,0,0
404,Guinea-Bissau,1975,0,dominant-party,3.6185258329617165,3.253,0,0,0,1
404,Guinea-Bissau,1976,0,dominant-party,2.2798643386509276,3.257,0,0,0,2
404,Guinea-Bissau,1977,0,dominant-party,-0.16836066595997679,3.202,0,0,0,3
404,Guinea-Bissau,1978,0,dominant-party,0.8658008658008587,3.262,0,0,0,4
404,Guinea-Bissau,1979,0,dominant-party,-0.6794317479925871,3.216,0,0,0,5
404,Guinea-Bissau,1980,2,dominant-party,-5.599448206671676,3.011,0,1,1,0
404,Guinea-Bissau,1981,0,personal,-5.281982499840332,2.966,0,1,1,1
404,Guinea-Bissau,1982,0,personal,-3.9896204995134688,2.96,0,1,1,2
404,Guinea-Bissau,1983,0,personal,-3.1380614343528235,2.92,0,1,1,3
404,Guinea-Bissau,1984,0,personal,-0.7367851831823757,2.937,0,1,1,4
404,Guinea-Bissau,1985,0,personal,0.22392617221957956,2.954,0,1,1,5
404,Guinea-Bissau,1986,0,personal,0.33274480510663285,2.955,0,1,1,6
404,Guinea-Bissau,1987,0,personal,1.7465475223395588,3.006,0,1,1,7
404,Guinea-Bissau,1988,0,personal,3.6385526051769146,3.099,0,1,1,8
404,Guinea-Bissau,1989,0,personal,4.7506250822476614,3.184,0,1,1,9
404,Guinea-Bissau,1990,0,personal,5.998197966276231,3.294,0,1,1,10
404,Guinea-Bissau,1991,0,personal,4.854917723904029,3.339,0,1,1,11
404,Guinea-Bissau,1992,0,personal,1.603948180135717,3.294,0,1,1,12
404,Guinea-Bissau,1993,0,personal,1.5862404278594866,3.343,0,1,1,13
404,Guinea-Bissau,1994,0,personal,2.1228112257136056,3.406,0,1,1,14
404,Guinea-Bissau,1995,0,personal,2.908011869436189,3.468,0,1,1,15
404,Guinea-Bissau,1996,0,personal,3.899149809440039,3.544,0,1,1,16
404,Guinea-Bissau,1997,0,personal,1.9611246095105894,3.525,0,1,1,17
404,Guinea-Bissau,1998,1,personal,-6.501457725947535,3.207,2,2,1,0
404,Guinea-Bissau,1999,2,personal,-6.266627253916646,3.171,2,3,1,0
404,Guinea-Bissau,2000,1,other,-4.591406908171869,3.171,0,4,1,0
404,Guinea-Bissau,2001,0,presidential,-2.8222824747350272,3.154,0,4,1,1
404,Guinea-Bissau,2002,0,presidential,-1.9173574637727064,3.1,0,4,1,2
404,Guinea-Bissau,2003,2,presidential,-2.1197803601072707,3.066,0,5,1,0
404,Guinea-Bissau,2004,0,other,-1.4075454720740455,3.068,0,5,1,1
404,Guinea-Bissau,2005,0,other,-0.49140049140049546,3.078,0,5,1,2
404,Guinea-Bissau,2006,0,presidential,-0.07798791187365595,3.075,0,5,1,3
404,Guinea-Bissau,2007,0,presidential,0.5526657997399154,3.093,0,5,1,4
404,Guinea-Bissau,2008,1,presidential,0.9979910569632544,3.117,0,6,1,0
404,Guinea-Bissau,2009,0,presidential,1.681809394935252,3.156,0,6,1,1
404,Guinea-Bissau,2010,1,other,2.7270404904840895,3.217,0,7,1,0
404,Guinea-Bissau,2011,0,other,3.759919385312993,3.295,0,7,1,1
404,Guinea-Bissau,2012,2,other,1.3905343892249178,3.252,0,8,1,0
404,Guinea-Bissau,2013,0,other,0.24752475247524774,3.24,0,8,1,1
404,Guinea-Bissau,2014,0,other,-0.5667816658452396,3.228,0,8,1,2
404,Guinea-Bissau,2015,0,presidential,0.1536098310291889,3.26,0,8,1,3
404,Guinea-Bissau,2016,0,presidential,2.717923604309491,3.356,0,8,1,4
404,Guinea-Bissau,2017,0,presidential,5.4758171511277265,3.498,0,8,1,5
404,Guinea-Bissau,2018,0,presidential,5.826045852044426,3.582,0,8,1,6
404,Guinea-Bissau,2019,0,presidential,4.801477377654684,3.632,0,8,1,7
404,Guinea-Bissau,2020,0,presidential,NA,NA,0,8,1,8
411,Equatorial Guinea,1963,NA,presidential,16.490458999484268,3.614,0,NA,NA,NA
411,Equatorial Guinea,1964,NA,presidential,18.77633374873895,4.003,0,NA,NA,NA
411,Equatorial Guinea,1965,NA,presidential,20.460344172411915,4.438,0,NA,NA,NA
411,Equatorial Guinea,1966,NA,presidential,17.80678591001943,4.729,0,NA,NA,NA
411,Equatorial Guinea,1967,NA,presidential,13.859108268531738,4.949,0,NA,NA,NA
411,Equatorial Guinea,1968,0,presidential,9.116796824438023,5.058,0,0,0,0
411,Equatorial Guinea,1969,1,presidential,4.2354689564068515,5.05,4,1,1,0
411,Equatorial Guinea,1970,0,presidential,1.2012738339984619,5.021,4,1,1,1
411,Equatorial Guinea,1971,0,presidential,1.6111750466288433,5.121,4,1,1,2
411,Equatorial Guinea,1972,0,personal,4.074609940171281,5.323,4,1,1,3
411,Equatorial Guinea,1973,0,personal,9.728721987596556,5.768,4,1,1,4
411,Equatorial Guinea,1974,0,personal,15.873073304870111,6.405,4,1,1,5
411,Equatorial Guinea,1975,0,personal,21.409440910612652,7.253,4,1,1,6
411,Equatorial Guinea,1976,0,personal,21.169447420786767,7.916,4,1,1,7
411,Equatorial Guinea,1977,0,personal,14.868862157365403,8.155,4,1,1,8
411,Equatorial Guinea,1978,0,personal,3.232436472346789,7.735,4,1,1,9
411,Equatorial Guinea,1979,2,personal,-7.085561497326198,7.089,4,2,1,0
411,Equatorial Guinea,1980,0,personal,-12.626545930496569,6.542,0,2,1,1
411,Equatorial Guinea,1981,0,personal,-12.25840688191263,6.283,0,2,1,2
411,Equatorial Guinea,1982,0,personal,-8.996775243335996,6.152,0,2,1,3
411,Equatorial Guinea,1983,0,personal,-4.8772910841876405,6.124,0,2,1,4
411,Equatorial Guinea,1984,0,personal,-2.4143901500577103,6.087,0,2,1,5
411,Equatorial Guinea,1985,0,personal,0.3956157986899189,6.192,0,2,1,6
411,Equatorial Guinea,1986,0,personal,-0.49256263048016447,6.101,0,2,1,7
411,Equatorial Guinea,1987,0,personal,-0.7064364207221341,6.072,0,2,1,8
411,Equatorial Guinea,1988,0,personal,-2.1578237557975055,5.949,0,2,1,9
411,Equatorial Guinea,1989,0,personal,-5.125299920021331,5.694,0,2,1,10
411,Equatorial Guinea,1990,0,personal,-9.49105914718018,5.264,0,2,1,11
411,Equatorial Guinea,1991,0,personal,-7.371294851794074,5.225,0,2,1,12
411,Equatorial Guinea,1992,0,personal,1.870840079150926,5.663,0,2,1,13
411,Equatorial Guinea,1993,0,personal,9.87892424729453,6.153,0,2,1,14
411,Equatorial Guinea,1994,0,personal,16.607652377187243,6.784,0,2,1,15
411,Equatorial Guinea,1995,0,personal,26.192418727249912,8.043,0,2,1,16
411,Equatorial Guinea,1996,0,personal,46.76636703523984,11.07,0,2,1,17
411,Equatorial Guinea,1997,0,personal,74.59946798789774,17.197,0,2,1,18
411,Equatorial Guinea,1998,0,personal,69.48905557345115,22.099,0,2,1,19
411,Equatorial Guinea,1999,0,personal,59.807564620778834,27.438,0,2,1,20
411,Equatorial Guinea,2000,0,personal,50.7523252055877,33.584,0,2,1,21
411,Equatorial Guinea,2001,0,personal,53.56696388487918,44.469,0,2,1,22
411,Equatorial Guinea,2002,0,personal,47.4907997833943,53.384,0,2,1,23
411,Equatorial Guinea,2003,0,personal,39.42198578341034,61.431,0,2,1,24
411,Equatorial Guinea,2004,0,personal,35.85901686390307,71.958,0,2,1,25
411,Equatorial Guinea,2005,0,personal,28.665300642973214,80.124,0,2,1,26
411,Equatorial Guinea,2006,0,personal,21.662040751524557,85.826,0,2,1,27
411,Equatorial Guinea,2007,0,personal,18.70946211028852,93.195,0,2,1,28
411,Equatorial Guinea,2008,0,personal,16.29041603893846,100.347,0,2,1,29
411,Equatorial Guinea,2009,0,personal,8.969854657550048,100.181,0,2,1,30
411,Equatorial Guinea,2010,0,personal,1.3827449893085708,96.533,0,2,1,31
411,Equatorial Guinea,2011,0,personal,-0.6035907490479109,96.829,0,2,1,32
411,Equatorial Guinea,2012,0,personal,-1.6326747029229427,96.471,0,2,1,33
411,Equatorial Guinea,2013,0,personal,-4.150371701370537,92.497,0,2,1,34
411,Equatorial Guinea,2014,0,personal,-7.4813807451112435,86.808,0,2,1,35
411,Equatorial Guinea,2015,0,personal,-13.483647307398671,77.963,0,2,1,36
411,Equatorial Guinea,2016,0,personal,-17.660227119772742,69.738,0,2,1,37
411,Equatorial Guinea,2017,0,personal,-18.991364067344897,63.224,0,2,1,38
411,Equatorial Guinea,2018,0,personal,-18.278294928674377,58.17,0,2,1,39
411,Equatorial Guinea,2019,0,personal,-15.72427899618718,54.551,0,2,1,40
411,Equatorial Guinea,2020,0,personal,NA,NA,0,2,1,41
420,Gambia,1965,0,dominant-party,4.0067356743103355,4.2,0,0,0,0
420,Gambia,1966,0,dominant-party,5.129076086956519,4.333,0,0,0,1
420,Gambia,1967,0,dominant-party,4.104246920625854,4.378,0,0,0,2
420,Gambia,1968,0,dominant-party,2.9404900816802693,4.411,0,0,0,3
420,Gambia,1969,0,dominant-party,1.793103448275879,4.428,0,0,0,4
420,Gambia,1970,0,dominant-party,-0.7947382844614936,4.344,0,0,0,5
420,Gambia,1971,0,dominant-party,-2.4429370244752113,4.257,0,0,0,6
420,Gambia,1972,0,dominant-party,-2.566825169659759,4.221,0,0,0,7
420,Gambia,1973,0,dominant-party,0.04637143519592435,4.315,0,0,0,8
420,Gambia,1974,0,dominant-party,2.8505214368481857,4.438,0,0,0,9
420,Gambia,1975,0,dominant-party,4.358008817046288,4.545,0,0,0,10
420,Gambia,1976,0,dominant-party,3.1037607612143248,4.551,0,0,0,11
420,Gambia,1977,0,dominant-party,1.7092872762975775,4.558,0,0,0,12
420,Gambia,1978,0,dominant-party,0.9704455227172559,4.578,0,0,0,13
420,Gambia,1979,0,dominant-party,-0.7209108092663397,4.517,0,0,0,14
420,Gambia,1980,0,dominant-party,-0.2990588442255304,4.534,0,0,0,15
420,Gambia,1981,1,dominant-party,2.817208997597742,4.708,1,1,1,0
420,Gambia,1982,0,dominant-party,3.558611147144042,4.79,0,1,1,1
420,Gambia,1983,0,dominant-party,2.055264738693885,4.757,0,1,1,2
420,Gambia,1984,0,dominant-party,0.02980245231607448,4.699,0,1,1,3
420,Gambia,1985,0,dominant-party,-1.7039674465920696,4.638,0,1,1,4
420,Gambia,1986,0,dominant-party,-2.7297931328641556,4.561,0,1,1,5
420,Gambia,1987,0,dominant-party,-2.9853970448457723,4.491,0,1,1,6
420,Gambia,1988,0,dominant-party,-2.4555720913945422,4.457,0,1,1,7
420,Gambia,1989,0,dominant-party,-1.4467746217148858,4.455,0,1,1,8
420,Gambia,1990,0,dominant-party,0.23144027060708616,4.504,0,1,1,9
420,Gambia,1991,0,dominant-party,0.9848923748830174,4.532,0,1,1,10
420,Gambia,1992,0,dominant-party,0.48081203810881323,4.514,0,1,1,11
420,Gambia,1993,0,dominant-party,-0.39583703967266404,4.479,0,1,1,12
420,Gambia,1994,2,dominant-party,-2.091975556447656,4.39,0,2,1,0
420,Gambia,1995,0,other,-2.7833985341067513,4.324,0,2,1,1
420,Gambia,1996,0,other,-2.5233007501704874,4.288,0,2,1,2
420,Gambia,1997,0,personal,-1.75124103695532,4.275,0,2,1,3
420,Gambia,1998,0,personal,-0.7097133314778903,4.281,0,2,1,4
420,Gambia,1999,0,personal,1.3930810308799613,4.367,0,2,1,5
420,Gambia,2000,0,personal,2.755850990167552,4.452,0,2,1,6
420,Gambia,2001,0,personal,2.602808654681832,4.486,0,2,1,7
420,Gambia,2002,0,personal,0.6449268780089223,4.432,0,2,1,8
420,Gambia,2003,0,personal,0.7338375652800266,4.475,0,2,1,9
420,Gambia,2004,0,personal,2.029438001784123,4.575,0,2,1,10
420,Gambia,2005,0,personal,0.5690912324382014,4.524,0,2,1,11
420,Gambia,2006,0,personal,-1.0959636460839306,4.44,0,2,1,12
420,Gambia,2007,0,personal,-1.2741691169918856,4.432,0,2,1,13
420,Gambia,2008,0,personal,-0.08459860189679036,4.488,0,2,1,14
420,Gambia,2009,0,personal,1.5329085156633004,4.557,0,2,1,15
420,Gambia,2010,0,personal,1.7736486486486402,4.579,0,2,1,16
420,Gambia,2011,0,personal,-1.440704344346122,4.433,0,2,1,17
420,Gambia,2012,0,personal,-1.5879370162797057,4.425,0,2,1,18
420,Gambia,2013,0,personal,-1.3292889642251726,4.424,0,2,1,19
420,Gambia,2014,0,personal,-1.406868033081643,4.387,0,2,1,20
420,Gambia,2015,0,personal,-0.4033720087019632,4.395,0,2,1,21
420,Gambia,2016,0,personal,-0.1407108165766391,4.4,0,2,1,22
420,Gambia,2017,0,personal,0.9519492293744269,4.454,0,2,1,23
420,Gambia,2018,0,presidential,2.5958808418585777,4.553,0,2,1,24
420,Gambia,2019,0,presidential,3.059222261862282,4.622,0,2,1,25
420,Gambia,2020,0,presidential,NA,NA,0,2,1,26
432,Mali,1960,0,dominant-party,-5.190624685645306,1.885,0,0,0,0
432,Mali,1961,0,dominant-party,-5.939070673915269,1.834,0,0,0,1
432,Mali,1962,0,dominant-party,-5.291894162116762,1.804,0,0,0,2
432,Mali,1963,0,dominant-party,-3.5710444229321348,1.793,0,0,0,3
432,Mali,1964,0,dominant-party,-2.1990104452996206,1.779,0,0,0,4
432,Mali,1965,0,dominant-party,-1.1796127309147475,1.776,0,0,0,5
432,Mali,1966,0,dominant-party,-0.1342732460557161,1.785,0,0,0,6
432,Mali,1967,0,dominant-party,1.0626398210290766,1.807,0,0,0,7
432,Mali,1968,2,dominant-party,2.060133630289518,1.833,0,1,1,0
432,Mali,1969,0,personal,1.3618246235606701,1.831,0,1,1,1
432,Mali,1970,0,personal,1.3624876387210216,1.845,0,1,1,2
432,Mali,1971,0,personal,0.6550218340611424,1.844,0,1,1,3
432,Mali,1972,0,personal,-0.7958138013735905,1.82,0,1,1,4
432,Mali,1973,0,personal,-2.015554825282073,1.789,0,1,1,5
432,Mali,1974,0,personal,-2.1822991292846927,1.775,0,1,1,6
432,Mali,1975,0,personal,2.6824978012313094,1.868,0,1,1,7
432,Mali,1976,0,personal,7.363291824580398,1.983,0,1,1,8
432,Mali,1977,0,personal,8.748417053609113,2.061,0,1,1,9
432,Mali,1978,1,personal,6.803069053708444,2.088,0,2,1,0
432,Mali,1979,0,personal,6.802319866312789,2.173,0,2,1,1
432,Mali,1980,0,personal,1.411019389518131,2.113,0,2,1,2
432,Mali,1981,0,personal,-1.8197408536585469,2.061,0,2,1,3
432,Mali,1982,0,personal,-3.7430595443231796,2.011,0,2,1,4
432,Mali,1983,0,personal,-2.562373567093723,2.023,0,2,1,5
432,Mali,1984,0,personal,0.23378141437755406,2.058,0,2,1,6
432,Mali,1985,0,personal,4.223300970873778,2.147,0,2,1,7
432,Mali,1986,0,personal,5.48745451063013,2.203,0,2,1,8
432,Mali,1987,0,personal,3.9924847346171966,2.214,0,2,1,9
432,Mali,1988,0,personal,2.4529693839911326,2.222,0,2,1,10
432,Mali,1989,0,personal,3.5198555956678756,2.294,0,2,1,11
432,Mali,1990,0,personal,5.432862190812737,2.387,1,2,1,12
432,Mali,1991,2,personal,5.563727610971703,2.44,1,3,1,0
432,Mali,1992,0,other,2.729823964622846,2.416,1,3,1,1
432,Mali,1993,0,presidential,1.895141092001995,2.441,1,3,1,2
432,Mali,1994,0,presidential,1.448678903613465,2.465,1,3,1,3
432,Mali,1995,0,presidential,2.7508749084398154,2.525,1,3,1,4
432,Mali,1996,0,presidential,5.33066132264528,2.628,0,3,1,5
432,Mali,1997,0,presidential,6.20889445662387,2.713,0,3,1,6
432,Mali,1998,0,presidential,6.258098940468004,2.788,0,3,1,7
432,Mali,1999,0,presidential,5.8453570107288355,2.861,0,3,1,8
432,Mali,2000,0,presidential,4.647816389668313,2.909,0,3,1,9
432,Mali,2001,0,presidential,7.555710306406693,3.089,0,3,1,10
432,Mali,2002,0,presidential,7.633742083277184,3.195,0,3,1,11
432,Mali,2003,0,presidential,7.5149778588174065,3.302,0,3,1,12
432,Mali,2004,0,presidential,5.636914530993553,3.347,0,3,1,13
432,Mali,2005,0,presidential,4.930351906158359,3.435,0,3,1,14
432,Mali,2006,0,presidential,4.7446124538635726,3.519,0,3,1,15
432,Mali,2007,0,presidential,4.425962545073858,3.591,0,3,1,16
432,Mali,2008,0,presidential,4.824486544916651,3.685,0,3,1,17
432,Mali,2009,0,presidential,5.204749750305182,3.792,0,3,1,18
432,Mali,2010,0,presidential,4.7097718280852074,3.864,0,3,1,19
432,Mali,2011,0,presidential,2.6821350646586195,3.859,0,3,1,20
432,Mali,2012,2,presidential,0.10523546435148301,3.805,1,4,1,0
432,Mali,2013,0,other,-0.3135615364515343,3.815,1,4,1,1
432,Mali,2014,0,presidential,1.2733887733887617,3.897,1,4,1,2
432,Mali,2015,0,presidential,2.3996690111708796,3.96,1,4,1,3
432,Mali,2016,0,presidential,4.411614354360505,4.085,1,4,1,4
432,Mali,2017,0,presidential,6.5864376310796,4.269,1,4,1,5
432,Mali,2018,0,presidential,7.0060606060605934,4.414,1,4,1,6
432,Mali,2019,0,presidential,6.603640468463379,4.533,1,4,1,7
432,Mali,2020,2,presidential,NA,NA,1,5,1,0
432,Mali,2021,2,other,NA,NA,1,6,1,0
433,Senegal,1960,0,dominant-party,1.2478946562547888,5.29,0,0,0,0
433,Senegal,1961,0,dominant-party,1.7490494296578118,5.352,0,0,0,1
433,Senegal,1962,1,dominant-party,1.4818735115109671,5.369,0,1,1,0
433,Senegal,1963,0,dominant-party,1.1425994136660789,5.382,0,1,1,1
433,Senegal,1964,0,dominant-party,0.4892806454022569,5.381,0,1,1,2
433,Senegal,1965,0,dominant-party,-0.5219985085756829,5.336,0,1,1,3
433,Senegal,1966,0,dominant-party,-1.196038123715193,5.287,0,1,1,4
433,Senegal,1967,0,dominant-party,-2.4918131516542985,5.181,0,1,1,5
433,Senegal,1968,0,dominant-party,-2.741340633436007,5.116,0,1,1,6
433,Senegal,1969,0,dominant-party,-4.7204488295608416,4.925,0,1,1,7
433,Senegal,1970,0,dominant-party,-3.450446551520636,4.908,0,1,1,8
433,Senegal,1971,0,dominant-party,-2.9384683133832357,4.849,0,1,1,9
433,Senegal,1972,0,dominant-party,-2.0551561674992835,4.823,0,1,1,10
433,Senegal,1973,0,dominant-party,-3.062489667713675,4.691,0,1,1,11
433,Senegal,1974,0,dominant-party,-1.6130376792264034,4.721,0,1,1,12
433,Senegal,1975,0,dominant-party,0.8366450533361158,4.821,0,1,1,13
433,Senegal,1976,0,dominant-party,2.735156771180791,4.928,0,1,1,14
433,Senegal,1977,0,dominant-party,0.9953771188205396,4.85,0,1,1,15
433,Senegal,1978,0,dominant-party,-1.9807748325079921,4.711,0,1,1,16
433,Senegal,1979,0,dominant-party,-2.6607723746767897,4.668,0,1,1,17
433,Senegal,1980,0,dominant-party,-3.747260158489285,4.567,0,1,1,18
433,Senegal,1981,0,dominant-party,-2.1394950791613243,4.574,0,1,1,19
433,Senegal,1982,0,dominant-party,1.6004818655078967,4.723,0,1,1,20
433,Senegal,1983,0,dominant-party,2.04432228139495,4.752,0,1,1,21
433,Senegal,1984,0,dominant-party,1.6093134737202641,4.748,0,1,1,22
433,Senegal,1985,0,dominant-party,1.6234316717531394,4.795,0,1,1,23
433,Senegal,1986,0,dominant-party,1.70059478931055,4.856,0,1,1,24
433,Senegal,1987,0,dominant-party,1.5355166243602003,4.88,0,1,1,25
433,Senegal,1988,0,dominant-party,0.7662041830606814,4.866,0,1,1,26
433,Senegal,1989,0,dominant-party,-0.615473584204218,4.812,2,1,1,27
433,Senegal,1990,0,dominant-party,-0.883786239365647,4.8,0,1,1,28
433,Senegal,1991,0,dominant-party,-1.3185172899908837,4.76,0,1,1,29
433,Senegal,1992,0,dominant-party,-1.930469664048129,4.694,1,1,1,30
433,Senegal,1993,0,dominant-party,-2.3041863605671953,4.63,1,1,1,31
433,Senegal,1994,0,dominant-party,-2.953226357118466,4.548,1,1,1,32
433,Senegal,1995,0,dominant-party,-1.742205355987747,4.557,1,1,1,33
433,Senegal,1996,0,dominant-party,-0.6652752413253249,4.569,1,1,1,34
433,Senegal,1997,0,dominant-party,0.5237887385421303,4.606,1,1,1,35
433,Senegal,1998,0,dominant-party,2.2109065587326615,4.697,1,1,1,36
433,Senegal,1999,0,dominant-party,3.3362031855359575,4.801,1,1,1,37
433,Senegal,2000,0,dominant-party,3.377230246389118,4.867,0,1,1,38
433,Senegal,2001,0,presidential,3.0673306272753997,4.926,0,1,1,39
433,Senegal,2002,0,presidential,1.869814669583536,4.936,0,1,1,40
433,Senegal,2003,0,presidential,2.4670249145090306,5.034,0,1,1,41
433,Senegal,2004,0,presidential,3.184483174042252,5.139,0,1,1,42
433,Senegal,2005,0,presidential,3.565633780521593,5.234,0,1,1,43
433,Senegal,2006,0,presidential,3.1408505657432695,5.287,0,1,1,44
433,Senegal,2007,0,presidential,2.848040532760132,5.359,0,1,1,45
433,Senegal,2008,0,presidential,2.289498580889293,5.406,0,1,1,46
433,Senegal,2009,0,presidential,1.773553842699993,5.44,0,1,1,47
433,Senegal,2010,0,presidential,1.5720588780542055,5.479,0,1,1,48
433,Senegal,2011,0,presidential,1.0743984104790494,5.494,0,1,1,49
433,Senegal,2012,0,presidential,1.3483885112913763,5.547,0,1,1,50
433,Senegal,2013,0,presidential,1.8709887958229032,5.619,0,1,1,51
433,Senegal,2014,0,presidential,2.9733510275815167,5.742,0,1,1,52
433,Senegal,2015,0,presidential,3.9950503800600945,5.883,0,1,1,53
433,Senegal,2016,0,presidential,5.432637374052129,6.09,0,1,1,54
433,Senegal,2017,0,presidential,7.1584901848547045,6.365,0,1,1,55
433,Senegal,2018,0,presidential,7.318743680897555,6.581,0,1,1,56
433,Senegal,2019,0,presidential,6.546246881611784,6.748,0,1,1,57
433,Senegal,2020,0,presidential,NA,NA,0,1,1,58
434,Benin,1959,NA,personal,-0.5530383795309124,2.985,0,NA,NA,NA
434,Benin,1960,0,personal,1.7439925447646942,3.057,0,0,0,0
434,Benin,1961,0,personal,2.310340262147492,3.091,0,0,0,1
434,Benin,1962,0,personal,1.000460738497977,3.069,0,0,0,2
434,Benin,1963,2,personal,1.7624020887728298,3.118,0,1,1,0
434,Benin,1964,0,personal,3.3251865191664676,3.213,0,1,1,1
434,Benin,1965,2,other,4.489899309733381,3.3,0,2,1,0
434,Benin,1966,0,military,4.558475526217465,3.358,0,2,1,1
434,Benin,1967,2,military,3.2681734880879665,3.381,0,3,1,0
434,Benin,1968,0,military,2.995805871779522,3.438,0,3,1,1
434,Benin,1969,2,military,2.495280792826815,3.475,0,4,1,0
434,Benin,1970,0,military,2.3766528805265974,3.515,0,4,1,1
434,Benin,1971,0,other,2.2753456221198176,3.551,0,4,1,2
434,Benin,1972,2,other,3.342602576471254,3.642,0,5,1,0
434,Benin,1973,0,personal,3.7825455358140525,3.715,0,5,1,1
434,Benin,1974,0,personal,2.847229871131174,3.735,0,5,1,2
434,Benin,1975,1,personal,-0.7389162561576401,3.627,0,6,1,0
434,Benin,1976,0,personal,-1.719432314410474,3.601,0,6,1,1
434,Benin,1977,0,personal,-1.1697824423308134,3.616,0,6,1,2
434,Benin,1978,0,personal,-0.23609509690879493,3.634,0,6,1,3
434,Benin,1979,0,personal,2.471169686985175,3.732,0,6,1,4
434,Benin,1980,0,personal,4.7967479674796865,3.867,0,6,1,5
434,Benin,1981,0,personal,6.085526315789469,3.999,0,6,1,6
434,Benin,1982,0,personal,3.1886625332152363,3.961,0,6,1,7
434,Benin,1983,0,personal,0.06683117417232154,3.893,0,6,1,8
434,Benin,1984,0,personal,0.30511060259343914,3.945,0,6,1,9
434,Benin,1985,0,personal,1.12104226632328,4.005,0,6,1,10
434,Benin,1986,0,personal,-0.38508309687880216,3.932,0,6,1,11
434,Benin,1987,0,personal,-2.793381677050355,3.807,0,6,1,12
434,Benin,1988,0,personal,-3.58594433297319,3.748,0,6,1,13
434,Benin,1989,0,personal,-3.6898061288305195,3.696,0,6,1,14
434,Benin,1990,0,personal,0.40530582166544704,3.815,0,6,1,15
434,Benin,1991,0,other,2.1653023501452484,3.869,0,6,1,16
434,Benin,1992,0,presidential,1.9575856443719397,3.875,0,6,1,17
434,Benin,1993,0,presidential,1.7595154806035573,3.898,0,6,1,18
434,Benin,1994,0,presidential,-0.2123142250530785,3.854,0,6,1,19
434,Benin,1995,0,presidential,1.2967632377913763,3.937,0,6,1,20
434,Benin,1996,0,presidential,2.5942191808804083,4.018,0,6,1,21
434,Benin,1997,0,presidential,3.698844426502501,4.11,0,6,1,22
434,Benin,1998,0,presidential,4.083764424990055,4.185,0,6,1,23
434,Benin,1999,0,presidential,4.5266488196641586,4.295,0,6,1,24
434,Benin,2000,0,presidential,4.8912784888423655,4.409,0,6,1,25
434,Benin,2001,0,presidential,4.968395612567389,4.517,0,6,1,26
434,Benin,2002,0,presidential,4.822231303637103,4.617,0,6,1,27
434,Benin,2003,0,presidential,3.881684135725716,4.678,0,6,1,28
434,Benin,2004,0,presidential,2.872586199381022,4.72,0,6,1,29
434,Benin,2005,0,presidential,1.5994496517327317,4.726,0,6,1,30
434,Benin,2006,0,presidential,1.1025499127325311,4.75,0,6,1,31
434,Benin,2007,0,presidential,1.6630788062977464,4.817,0,6,1,32
434,Benin,2008,0,presidential,1.988695834205556,4.872,0,6,1,33
434,Benin,2009,0,presidential,1.1944398202097695,4.863,0,6,1,34
434,Benin,2010,0,presidential,0.32302149335321495,4.845,0,6,1,35
434,Benin,2011,0,presidential,0.4572793935898378,4.877,0,6,1,36
434,Benin,2012,0,presidential,1.5359410198648504,4.958,0,6,1,37
434,Benin,2013,0,presidential,3.638502413499367,5.11,0,6,1,38
434,Benin,2014,0,presidential,5.005788192088145,5.261,0,6,1,39
434,Benin,2015,0,presidential,4.424432263116684,5.334,0,6,1,40
434,Benin,2016,0,presidential,4.429895091507774,5.455,0,6,1,41
434,Benin,2017,0,presidential,6.266979271333417,5.711,0,6,1,42
434,Benin,2018,0,presidential,7.046119397594719,5.928,0,6,1,43
434,Benin,2019,0,presidential,7.572788353863369,6.148,0,6,1,44
434,Benin,2020,0,presidential,NA,NA,0,6,1,45
435,Mauritania,1960,0,personal,10.137956071882371,2.427,0,0,0,0
435,Mauritania,1961,0,personal,13.995873452544716,2.652,0,0,0,1
435,Mauritania,1962,0,personal,12.888816697799065,2.78,0,0,0,2
435,Mauritania,1963,0,personal,11.490111911697065,2.909,0,0,0,3
435,Mauritania,1964,0,personal,16.960728514513377,3.288,0,0,0,4
435,Mauritania,1965,0,personal,18.44609226327185,3.61,0,0,0,5
435,Mauritania,1966,0,personal,15.194130235402014,3.768,0,0,0,6
435,Mauritania,1967,0,personal,11.83232300125816,3.911,0,0,0,7
435,Mauritania,1968,0,personal,9.258564306009752,4.076,0,0,0,8
435,Mauritania,1969,0,personal,6.247757675157617,4.146,0,0,0,9
435,Mauritania,1970,0,personal,6.215948489351142,4.289,0,0,0,10
435,Mauritania,1971,0,personal,4.517869184086298,4.34,0,0,0,11
435,Mauritania,1972,0,personal,2.8143119785037696,4.362,0,0,0,12
435,Mauritania,1973,0,personal,2.0943624036407593,4.397,0,0,0,13
435,Mauritania,1974,0,personal,3.917995444191358,4.562,0,0,0,14
435,Mauritania,1975,0,personal,5.992325539889354,4.751,3,0,0,15
435,Mauritania,1976,0,personal,6.480271753331568,4.89,3,0,0,16
435,Mauritania,1977,0,personal,3.597459613827203,4.861,3,0,0,17
435,Mauritania,1978,2,personal,-0.43690136111577127,4.74,3,1,1,0
435,Mauritania,1979,0,personal,-0.8081986335610747,4.762,3,1,1,1
435,Mauritania,1980,2,personal,-1.221189513608123,4.74,0,2,1,0
435,Mauritania,1981,0,personal,-1.138129435974966,4.708,0,2,1,1
435,Mauritania,1982,1,personal,-2.9000297657014062,4.567,0,3,1,0
435,Mauritania,1983,0,personal,-3.372717508055856,4.498,0,3,1,1
435,Mauritania,1984,2,personal,-3.7907869481766054,4.411,0,4,1,0
435,Mauritania,1985,0,personal,-2.5324301589410014,4.403,0,4,1,1
435,Mauritania,1986,0,personal,-0.4075965242318458,4.447,0,4,1,2
435,Mauritania,1987,0,personal,0.5443339781366685,4.47,0,4,1,3
435,Mauritania,1988,0,personal,1.1023622047244164,4.494,0,4,1,4
435,Mauritania,1989,0,personal,2.0640664790242624,4.569,2,4,1,5
435,Mauritania,1990,0,personal,3.7902159541648217,4.71,0,4,1,6
435,Mauritania,1991,0,personal,4.118744846143829,4.798,0,4,1,7
435,Mauritania,1992,0,personal,3.6072572038420514,4.854,0,4,1,8
435,Mauritania,1993,0,personal,4.202383441354796,4.984,0,4,1,9
435,Mauritania,1994,0,personal,3.2566342643862045,5.035,0,4,1,10
435,Mauritania,1995,0,personal,2.541824941404669,5.075,0,4,1,11
435,Mauritania,1996,0,personal,3.3090721075448526,5.195,0,4,1,12
435,Mauritania,1997,0,personal,0.704557978430298,5.117,0,4,1,13
435,Mauritania,1998,0,personal,0.19577133907595634,5.118,0,4,1,14
435,Mauritania,1999,0,personal,0.4481683554169891,5.155,0,4,1,15
435,Mauritania,2000,0,personal,-0.8919529485082123,5.089,0,4,1,16
435,Mauritania,2001,0,personal,-0.8887322840811396,5.063,0,4,1,17
435,Mauritania,2002,0,personal,0.1840034451708883,5.118,0,4,1,18
435,Mauritania,2003,1,personal,2.8273635904017436,5.288,0,5,1,0
435,Mauritania,2004,0,personal,5.760748667203619,5.515,0,5,1,1
435,Mauritania,2005,2,personal,9.134597474201843,5.859,0,6,1,0
435,Mauritania,2006,0,other,12.372748629600627,6.314,0,6,1,1
435,Mauritania,2007,0,other,9.025627063267883,6.407,0,6,1,2
435,Mauritania,2008,2,presidential,4.909323451283898,6.398,0,7,1,0
435,Mauritania,2009,0,personal,1.5505359877488578,6.366,0,7,1,1
435,Mauritania,2010,0,personal,1.360863444392324,6.48,0,7,1,2
435,Mauritania,2011,0,personal,2.7904239833999256,6.638,0,7,1,3
435,Mauritania,2012,0,personal,3.486840089469001,6.755,0,7,1,4
435,Mauritania,2013,0,personal,3.5326826025203317,6.852,0,7,1,5
435,Mauritania,2014,0,personal,3.498412510014548,6.976,0,7,1,6
435,Mauritania,2015,0,personal,2.3112435717625113,7.003,0,7,1,7
435,Mauritania,2016,0,personal,1.6116919877534386,7.036,0,7,1,8
435,Mauritania,2017,0,personal,2.0591763294682153,7.147,0,7,1,9
435,Mauritania,2018,0,personal,1.5450352301989323,7.177,0,7,1,10
435,Mauritania,2019,0,personal,0.6786056203187396,7.151,0,7,1,11
435,Mauritania,2020,0,personal,NA,NA,0,7,1,12
436,Niger,1960,0,dominant-party,5.711282410651708,3.017,0,0,0,0
436,Niger,1961,0,dominant-party,6.821895424836599,3.138,0,0,0,1
436,Niger,1962,0,dominant-party,8.588513602313053,3.305,0,0,0,2
436,Niger,1963,0,dominant-party,8.941548183254344,3.448,0,0,0,3
436,Niger,1964,0,dominant-party,6.463414634146347,3.492,0,0,0,4
436,Niger,1965,0,dominant-party,4.591384506293217,3.54,0,0,0,5
436,Niger,1966,0,dominant-party,1.4744145706851564,3.51,0,0,0,6
436,Niger,1967,0,dominant-party,-0.7677323249684953,3.464,0,0,0,7
436,Niger,1968,0,dominant-party,-2.471264367816084,3.394,0,0,0,8
436,Niger,1969,0,dominant-party,-4.513989878424763,3.283,0,0,0,9
436,Niger,1970,0,dominant-party,-4.043094772982892,3.242,0,0,0,10
436,Niger,1971,0,dominant-party,-3.832226916113468,3.187,0,0,0,11
436,Niger,1972,0,dominant-party,-6.362396130472526,3.02,0,0,0,12
436,Niger,1973,0,dominant-party,-10.444874274661508,2.778,0,0,0,13
436,Niger,1974,2,dominant-party,-8.629102332731764,2.734,0,1,1,0
436,Niger,1975,0,military,-6.909722222222214,2.681,0,1,1,1
436,Niger,1976,1,military,-2.765804597701149,2.707,0,2,1,0
436,Niger,1977,0,military,2.76967930029155,2.82,0,2,1,1
436,Niger,1978,0,military,6.770646158269256,2.971,0,2,1,2
436,Niger,1979,0,military,8.276683719952338,3.09,0,2,1,3
436,Niger,1980,0,military,6.011151910784718,3.118,0,2,1,4
436,Niger,1981,0,military,1.6003718706421477,3.06,0,2,1,5
436,Niger,1982,0,military,-2.7311615663047073,2.956,0,2,1,6
436,Niger,1983,1,military,-7.3851896287409176,2.779,0,3,1,0
436,Niger,1984,0,military,-12.90031886870927,2.513,0,3,1,1
436,Niger,1985,0,military,-11.619103086779258,2.428,0,3,1,2
436,Niger,1986,0,military,-8.260038240917778,2.399,0,3,1,3
436,Niger,1987,0,military,-5.7988450433108625,2.349,0,3,1,4
436,Niger,1988,0,military,-3.237889129349092,2.325,0,3,1,5
436,Niger,1989,0,military,-3.1655775269456066,2.282,0,3,1,6
436,Niger,1990,0,military,-3.0937607721475358,2.249,1,3,1,7
436,Niger,1991,0,military,-3.8343423707993374,2.192,1,3,1,8
436,Niger,1992,0,other,-5.412671386324941,2.111,1,3,1,9
436,Niger,1993,0,other,-5.862354130294967,2.049,1,3,1,10
436,Niger,1994,0,presidential,-5.3251649387370374,2.009,1,3,1,11
436,Niger,1995,0,presidential,-5.3621642587026175,1.952,1,3,1,12
436,Niger,1996,2,presidential,-4.51285116557083,1.917,1,4,1,0
436,Niger,1997,0,personal,-3.327566907499757,1.9,1,4,1,1
436,Niger,1998,0,personal,-0.4324546952224062,1.934,0,4,1,2
436,Niger,1999,2,personal,-0.3222118282922737,1.918,0,5,1,0
436,Niger,2000,0,presidential,-1.6444956530847432,1.878,0,5,1,1
436,Niger,2001,0,presidential,-0.27279404049941336,1.901,0,5,1,2
436,Niger,2002,0,presidential,0.554857621440541,1.921,0,5,1,3
436,Niger,2003,0,presidential,0.9429020429544188,1.927,0,5,1,4
436,Niger,2004,0,presidential,0.010488777008599293,1.907,0,5,1,5
436,Niger,2005,0,presidential,0.5426275696545968,1.927,0,5,1,6
436,Niger,2006,0,presidential,1.2664798089899287,1.951,0,5,1,7
436,Niger,2007,0,presidential,1.4470284237726005,1.963,0,5,1,8
436,Niger,2008,0,presidential,2.9924164787866303,2.01,0,5,1,9
436,Niger,2009,0,presidential,2.5615065303229656,2.026,0,5,1,10
436,Niger,2010,2,presidential,3.451715881883466,2.074,0,6,1,0
436,Niger,2011,0,other,2.941176470588247,2.093,0,6,1,1
436,Niger,2012,0,presidential,4.522225436312821,2.168,0,6,1,2
436,Niger,2013,0,presidential,4.680851063829805,2.214,0,6,1,3
436,Niger,2014,0,presidential,4.139655491757721,2.249,0,6,1,4
436,Niger,2015,0,presidential,2.7684181768509175,2.257,0,6,1,5
436,Niger,2016,0,presidential,2.4333512256217382,2.29,0,6,1,6
436,Niger,2017,0,presidential,3.502904418236219,2.352,0,6,1,7
436,Niger,2018,0,presidential,4.496325118893196,2.417,1,6,1,8
436,Niger,2019,0,presidential,4.48331493589198,2.461,1,6,1,9
436,Niger,2020,0,presidential,NA,NA,1,6,1,10
437,Cote D'Ivoire,1960,0,dominant-party,3.408009687743263,4.782,0,0,0,0
437,Cote D'Ivoire,1961,0,dominant-party,4.714261488892668,4.94,0,0,0,1
437,Cote D'Ivoire,1962,0,dominant-party,5.886248861660737,5.116,0,0,0,2
437,Cote D'Ivoire,1963,0,dominant-party,9.409365377694257,5.472,0,0,0,3
437,Cote D'Ivoire,1964,0,dominant-party,11.351372038730911,5.819,0,0,0,4
437,Cote D'Ivoire,1965,0,dominant-party,7.620763179177992,5.855,0,0,0,5
437,Cote D'Ivoire,1966,0,dominant-party,6.0241390294835995,5.991,0,0,0,6
437,Cote D'Ivoire,1967,0,dominant-party,4.617382685669358,6.122,0,0,0,7
437,Cote D'Ivoire,1968,0,dominant-party,6.188536803417111,6.414,0,0,0,8
437,Cote D'Ivoire,1969,0,dominant-party,6.741935483870964,6.618,0,0,0,9
437,Cote D'Ivoire,1970,0,dominant-party,7.011127781945503,6.847,0,0,0,10
437,Cote D'Ivoire,1971,0,dominant-party,5.627180342787819,6.964,0,0,0,11
437,Cote D'Ivoire,1972,0,dominant-party,4.038824640075522,7.053,0,0,0,12
437,Cote D'Ivoire,1973,0,dominant-party,3.5258814703675867,7.176,0,0,0,13
437,Cote D'Ivoire,1974,0,dominant-party,2.900356879850441,7.266,0,0,0,14
437,Cote D'Ivoire,1975,0,dominant-party,2.6167336907953587,7.349,0,0,0,15
437,Cote D'Ivoire,1976,0,dominant-party,4.7251000383708774,7.642,0,0,0,16
437,Cote D'Ivoire,1977,0,dominant-party,5.30762216381484,7.853,0,0,0,17
437,Cote D'Ivoire,1978,0,dominant-party,5.363181210516643,8.039,0,0,0,18
437,Cote D'Ivoire,1979,0,dominant-party,2.8114309231679346,7.994,0,0,0,19
437,Cote D'Ivoire,1980,0,dominant-party,-0.3453880536367304,7.848,0,0,0,20
437,Cote D'Ivoire,1981,0,dominant-party,-2.215518771071512,7.715,0,0,0,21
437,Cote D'Ivoire,1982,0,dominant-party,-3.824033127987525,7.525,0,0,0,22
437,Cote D'Ivoire,1983,0,dominant-party,-5.452648056352727,7.248,0,0,0,23
437,Cote D'Ivoire,1984,0,dominant-party,-5.745927293154651,7.047,0,0,0,24
437,Cote D'Ivoire,1985,0,dominant-party,-4.212514370175735,6.999,0,0,0,25
437,Cote D'Ivoire,1986,0,dominant-party,-3.3901626494219017,6.902,0,0,0,26
437,Cote D'Ivoire,1987,0,dominant-party,-4.475684980634065,6.659,0,0,0,27
437,Cote D'Ivoire,1988,0,dominant-party,-5.853988415512634,6.404,0,0,0,28
437,Cote D'Ivoire,1989,0,dominant-party,-6.844106463878319,6.174,0,0,0,29
437,Cote D'Ivoire,1990,0,dominant-party,-7.606661676646709,5.925,0,0,0,30
437,Cote D'Ivoire,1991,0,dominant-party,-7.1257523784868155,5.74,0,0,0,31
437,Cote D'Ivoire,1992,0,dominant-party,-6.20287523876547,5.598,0,0,0,32
437,Cote D'Ivoire,1993,0,dominant-party,-5.147974000829758,5.487,0,0,0,33
437,Cote D'Ivoire,1994,0,dominant-party,-3.970452446906725,5.408,0,0,0,34
437,Cote D'Ivoire,1995,0,dominant-party,-0.33491789109767467,5.535,0,0,0,35
437,Cote D'Ivoire,1996,0,dominant-party,2.8128380815001686,5.702,0,0,0,36
437,Cote D'Ivoire,1997,0,dominant-party,3.766828988828408,5.796,0,0,0,37
437,Cote D'Ivoire,1998,0,dominant-party,3.585938880056516,5.864,0,0,0,38
437,Cote D'Ivoire,1999,2,dominant-party,1.139253736543222,5.806,0,1,1,0
437,Cote D'Ivoire,2000,1,personal,-1.9988895058301037,5.648,2,2,1,0
437,Cote D'Ivoire,2001,1,personal,-3.00589322453535,5.563,2,3,1,0
437,Cote D'Ivoire,2002,1,personal,-4.15798212456282,5.426,2,4,1,0
437,Cote D'Ivoire,2003,0,personal,-4.407524866657065,5.305,2,4,1,1
437,Cote D'Ivoire,2004,0,personal,-4.058632881555679,5.21,2,4,1,2
437,Cote D'Ivoire,2005,0,personal,-3.2100802520062977,5.162,2,4,1,3
437,Cote D'Ivoire,2006,0,personal,-1.5947324351069492,5.171,0,4,1,4
437,Cote D'Ivoire,2007,0,personal,-0.16891243425850577,5.201,0,4,1,5
437,Cote D'Ivoire,2008,0,personal,1.3682309081824773,5.275,0,4,1,6
437,Cote D'Ivoire,2009,0,personal,2.745217822916257,5.382,0,4,1,7
437,Cote D'Ivoire,2010,0,personal,3.0016990749480943,5.456,0,4,1,8
437,Cote D'Ivoire,2011,0,personal,1.9199880467670294,5.457,2,4,1,9
437,Cote D'Ivoire,2012,0,presidential,5.0318611294221105,5.736,0,4,1,10
437,Cote D'Ivoire,2013,0,presidential,8.03117104935418,6.072,0,4,1,11
437,Cote D'Ivoire,2014,0,presidential,10.060410516921813,6.413,0,4,1,12
437,Cote D'Ivoire,2015,0,presidential,10.559210526315788,6.722,0,4,1,13
437,Cote D'Ivoire,2016,0,presidential,10.04627603026702,7.039,0,4,1,14
437,Cote D'Ivoire,2017,0,presidential,9.527493453939528,7.362,0,4,1,15
437,Cote D'Ivoire,2018,0,presidential,7.883344725449981,7.576,0,4,1,16
437,Cote D'Ivoire,2019,0,presidential,5.4360976682797935,7.669,0,4,1,17
437,Cote D'Ivoire,2020,0,presidential,NA,NA,0,4,1,18
438,Guinea,1958,0,dominant-party,6.081016068507639,2.205,0,0,0,0
438,Guinea,1959,0,dominant-party,8.849228481130321,2.342,0,0,0,1
438,Guinea,1960,0,dominant-party,9.307939914163077,2.445,0,0,0,2
438,Guinea,1961,0,dominant-party,8.822519739100576,2.536,0,0,0,3
438,Guinea,1962,0,dominant-party,7.060376113493905,2.596,0,0,0,4
438,Guinea,1963,0,dominant-party,3.652201710221359,2.594,0,0,0,5
438,Guinea,1964,0,dominant-party,2.3224898342195877,2.617,0,0,0,6
438,Guinea,1965,0,dominant-party,2.253499461621278,2.659,0,0,0,7
438,Guinea,1966,0,dominant-party,1.9321466605811688,2.68,0,0,0,8
438,Guinea,1967,0,dominant-party,1.6462769974324054,2.692,0,0,0,9
438,Guinea,1968,0,dominant-party,0.719964001799922,2.686,0,0,0,10
438,Guinea,1969,0,dominant-party,-0.6355140186915853,2.658,0,0,0,11
438,Guinea,1970,0,dominant-party,-0.7479431563201189,2.654,0,0,0,12
438,Guinea,1971,0,dominant-party,0.34395094960371075,2.684,0,0,0,13
438,Guinea,1972,0,dominant-party,0.851954263507948,2.699,0,0,0,14
438,Guinea,1973,0,dominant-party,0.9923891956424402,2.707,0,0,0,15
438,Guinea,1974,0,dominant-party,2.044595895992307,2.755,0,0,0,16
438,Guinea,1975,0,dominant-party,2.6308075626557237,2.801,0,0,0,17
438,Guinea,1976,0,dominant-party,3.572978446405317,2.864,0,0,0,18
438,Guinea,1977,0,dominant-party,2.2377922356473734,2.86,0,0,0,19
438,Guinea,1978,0,dominant-party,1.7792840499894158,2.883,0,0,0,20
438,Guinea,1979,0,dominant-party,0.056093114570199276,2.854,0,0,0,21
438,Guinea,1980,0,dominant-party,-0.7342657342657266,2.839,0,0,0,22
438,Guinea,1981,0,dominant-party,-0.8974269087849596,2.827,0,0,0,23
438,Guinea,1982,0,dominant-party,-1.090397467463955,2.812,0,0,0,24
438,Guinea,1983,0,dominant-party,-1.2463706536364194,2.789,0,0,0,25
438,Guinea,1984,2,dominant-party,-1.9621833749553952,2.748,0,1,1,0
438,Guinea,1985,1,personal,-2.0722406101597257,2.722,0,2,1,0
438,Guinea,1986,0,personal,-1.6470758960963727,2.711,0,2,1,1
438,Guinea,1987,0,personal,-0.6574141709276726,2.72,0,2,1,2
438,Guinea,1988,0,personal,1.046698872785834,2.761,0,2,1,3
438,Guinea,1989,0,personal,1.8532029767984737,2.792,0,2,1,4
438,Guinea,1990,0,personal,2.1443059982613644,2.82,0,2,1,5
438,Guinea,1991,0,personal,0.9425138499172592,2.806,0,2,1,6
438,Guinea,1992,0,personal,0.4646175839885691,2.811,0,2,1,7
438,Guinea,1993,0,personal,1.3561488213575723,2.855,0,2,1,8
438,Guinea,1994,0,personal,1.777401608125273,2.886,0,2,1,9
438,Guinea,1995,0,personal,2.533594624860025,2.93,0,2,1,10
438,Guinea,1996,1,personal,2.863862755949098,2.974,0,3,1,0
438,Guinea,1997,0,personal,3.1286210892236266,3.026,0,3,1,1
438,Guinea,1998,0,personal,2.6899798251512896,3.054,0,3,1,2
438,Guinea,1999,0,personal,2.0191285866099973,3.072,0,3,1,3
438,Guinea,2000,0,personal,1.3544611743046886,3.083,1,3,1,4
438,Guinea,2001,0,personal,1.4657980456026287,3.115,1,3,1,5
438,Guinea,2002,0,personal,1.8608257414227447,3.153,0,3,1,6
438,Guinea,2003,0,personal,0.8289955658376646,3.138,0,3,1,7
438,Guinea,2004,0,personal,0.12167008196719564,3.127,0,3,1,8
438,Guinea,2005,0,personal,-0.36417071300790527,3.119,0,3,1,9
438,Guinea,2006,0,personal,-0.2362405823011171,3.125,0,3,1,10
438,Guinea,2007,0,personal,1.9791268932162431,3.205,0,3,1,11
438,Guinea,2008,2,personal,3.055362666498329,3.265,0,4,1,0
438,Guinea,2009,0,military,2.0408163265306145,3.26,0,4,1,1
438,Guinea,2010,0,military,3.338681806961241,3.349,0,4,1,2
438,Guinea,2011,1,presidential,4.601245540842869,3.46,0,5,1,0
438,Guinea,2012,0,presidential,5.5496390959649755,3.568,0,5,1,1
438,Guinea,2013,0,presidential,5.616287813060317,3.652,0,5,1,2
438,Guinea,2014,0,presidential,4.638710404689439,3.713,0,5,1,3
438,Guinea,2015,0,presidential,3.6296541088345347,3.763,0,5,1,4
438,Guinea,2016,0,presidential,5.582393988191092,3.934,0,5,1,5
438,Guinea,2017,0,presidential,9.77252707394165,4.237,0,5,1,6
438,Guinea,2018,0,presidential,10.30583781629808,4.429,0,5,1,7
438,Guinea,2019,0,presidential,9.605382449778133,4.594,0,5,1,8
438,Guinea,2020,0,presidential,NA,NA,0,5,1,9
439,Burkina Faso (Upper Volta),1960,0,personal,3.067380406151754,2.426,0,0,0,0
439,Burkina Faso (Upper Volta),1961,0,personal,4.1145050909698,2.495,0,0,0,1
439,Burkina Faso (Upper Volta),1962,0,personal,4.899394732537221,2.565,0,0,0,2
439,Burkina Faso (Upper Volta),1963,0,personal,3.3831565413050546,2.573,0,0,0,3
439,Burkina Faso (Upper Volta),1964,0,personal,2.881958152388475,2.606,0,0,0,4
439,Burkina Faso (Upper Volta),1965,0,personal,2.8932671424139134,2.653,0,0,0,5
439,Burkina Faso (Upper Volta),1966,2,personal,2.8344411337764663,2.692,0,1,1,0
439,Burkina Faso (Upper Volta),1967,0,military,4.539305576431696,2.782,0,1,1,1
439,Burkina Faso (Upper Volta),1968,0,military,4.473761792452824,2.835,0,1,1,2
439,Burkina Faso (Upper Volta),1969,0,military,3.1136857349746583,2.848,0,1,1,3
439,Burkina Faso (Upper Volta),1970,0,military,1.1083303539506595,2.828,0,1,1,4
439,Burkina Faso (Upper Volta),1971,0,personal,0.2194845652789601,2.831,0,1,1,5
439,Burkina Faso (Upper Volta),1972,0,personal,0.1551152788549892,2.841,0,1,1,6
439,Burkina Faso (Upper Volta),1973,0,personal,-1.3581382188583069,2.789,0,1,1,7
439,Burkina Faso (Upper Volta),1974,2,personal,-1.6008537886872953,2.766,0,2,1,0
439,Burkina Faso (Upper Volta),1975,0,personal,-2.0267850748406535,2.736,0,2,1,1
439,Burkina Faso (Upper Volta),1976,0,personal,-0.6910949535670619,2.759,0,2,1,2
439,Burkina Faso (Upper Volta),1977,0,personal,1.9165645939909215,2.829,0,2,1,3
439,Burkina Faso (Upper Volta),1978,0,personal,4.32424718139004,2.924,0,2,1,4
439,Burkina Faso (Upper Volta),1979,0,personal,4.138804814528041,2.959,0,2,1,5
439,Burkina Faso (Upper Volta),1980,2,personal,2.9696801882874047,2.975,0,3,1,0
439,Burkina Faso (Upper Volta),1981,0,military,1.9685307540358465,2.994,0,3,1,1
439,Burkina Faso (Upper Volta),1982,2,military,1.184467326199612,3.007,0,4,1,0
439,Burkina Faso (Upper Volta),1983,2,personal,-0.12739707657234423,2.979,0,5,1,0
439,Burkina Faso (Upper Volta),1984,0,personal,0.14047762392133123,2.994,0,5,1,1
439,Burkina Faso (Upper Volta),1985,0,personal,3.2471835652750025,3.116,0,5,1,2
439,Burkina Faso (Upper Volta),1986,0,personal,5.993485342019533,3.254,0,5,1,3
439,Burkina Faso (Upper Volta),1987,2,personal,4.391025641025648,3.257,0,6,1,0
439,Burkina Faso (Upper Volta),1988,0,personal,3.1631241353288875,3.281,0,6,1,1
439,Burkina Faso (Upper Volta),1989,0,personal,0.12391573729864103,3.232,0,6,1,2
439,Burkina Faso (Upper Volta),1990,0,personal,-1.603453592352766,3.191,0,6,1,3
439,Burkina Faso (Upper Volta),1991,0,personal,-0.6491499227202491,3.214,0,6,1,4
439,Burkina Faso (Upper Volta),1992,0,personal,-1.6541259871898584,3.163,0,6,1,5
439,Burkina Faso (Upper Volta),1993,0,personal,-1.8081366147664424,3.128,0,6,1,6
439,Burkina Faso (Upper Volta),1994,0,personal,-2.2049040106443596,3.087,0,6,1,7
439,Burkina Faso (Upper Volta),1995,0,personal,-0.1779698722430556,3.141,0,6,1,8
439,Burkina Faso (Upper Volta),1996,0,personal,3.301856898409272,3.26,0,6,1,9
439,Burkina Faso (Upper Volta),1997,0,personal,5.15773660490737,3.36,0,6,1,10
439,Burkina Faso (Upper Volta),1998,0,personal,6.227779821012636,3.466,0,6,1,11
439,Burkina Faso (Upper Volta),1999,0,personal,5.611545113006122,3.542,0,6,1,12
439,Burkina Faso (Upper Volta),2000,0,personal,3.3529309040107202,3.551,0,6,1,13
439,Burkina Faso (Upper Volta),2001,0,personal,2.586797624486059,3.593,0,6,1,14
439,Burkina Faso (Upper Volta),2002,0,personal,1.935193519351941,3.624,0,6,1,15
439,Burkina Faso (Upper Volta),2003,0,personal,2.566238960173295,3.693,0,6,1,16
439,Burkina Faso (Upper Volta),2004,0,personal,2.9597496018889613,3.75,0,6,1,17
439,Burkina Faso (Upper Volta),2005,0,personal,4.08339634870909,3.854,0,6,1,18
439,Burkina Faso (Upper Volta),2006,0,personal,4.154507348649661,3.926,0,6,1,19
439,Burkina Faso (Upper Volta),2007,0,personal,3.0922459195911856,3.954,0,6,1,20
439,Burkina Faso (Upper Volta),2008,0,personal,2.8929011079195543,4.012,0,6,1,21
439,Burkina Faso (Upper Volta),2009,0,personal,2.4741226962888163,4.059,0,6,1,22
439,Burkina Faso (Upper Volta),2010,0,personal,3.6427790478083866,4.171,0,6,1,23
439,Burkina Faso (Upper Volta),2011,0,personal,4.744240531042565,4.292,0,6,1,24
439,Burkina Faso (Upper Volta),2012,0,personal,5.6573173058576565,4.43,0,6,1,25
439,Burkina Faso (Upper Volta),2013,0,personal,4.977396653772659,4.505,0,6,1,26
439,Burkina Faso (Upper Volta),2014,2,personal,3.9428155162993805,4.566,0,7,1,0
439,Burkina Faso (Upper Volta),2015,1,other,2.533172496984326,4.59,0,8,1,0
439,Burkina Faso (Upper Volta),2016,0,presidential,3.4066994037180054,4.717,0,8,1,1
439,Burkina Faso (Upper Volta),2017,0,presidential,6.635273972602751,4.982,0,8,1,2
439,Burkina Faso (Upper Volta),2018,0,presidential,8.460004983802637,5.223,0,8,1,3
439,Burkina Faso (Upper Volta),2019,0,presidential,9.744389775591046,5.487,0,8,1,4
439,Burkina Faso (Upper Volta),2020,0,presidential,NA,NA,0,8,1,5
450,Liberia,1950,0,dominant-party,3.4516444154998327,3.177,0,0,0,0
450,Liberia,1951,0,dominant-party,4.889944169928762,3.269,0,0,0,1
450,Liberia,1952,0,dominant-party,5.163727959697728,3.34,0,0,0,2
450,Liberia,1953,0,dominant-party,4.864532019704426,3.406,0,0,0,3
450,Liberia,1954,0,dominant-party,4.081632653061229,3.468,0,0,0,4
450,Liberia,1955,0,dominant-party,3.6277046095954724,3.525,0,0,0,5
450,Liberia,1956,0,dominant-party,3.2172356033038696,3.574,0,0,0,6
450,Liberia,1957,0,dominant-party,2.79151742566377,3.616,0,0,0,7
450,Liberia,1958,0,dominant-party,2.3829548640313947,3.652,0,0,0,8
450,Liberia,1959,0,dominant-party,2.814331527148073,3.719,0,0,0,9
450,Liberia,1960,0,dominant-party,2.484302484302492,3.754,0,0,0,10
450,Liberia,1961,0,dominant-party,2.2396114409066525,3.789,0,0,0,11
450,Liberia,1962,0,dominant-party,1.7836163622770407,3.812,0,0,0,12
450,Liberia,1963,0,dominant-party,2.080143603822404,3.867,0,0,0,13
450,Liberia,1964,0,dominant-party,3.86196845885598,3.991,0,0,0,14
450,Liberia,1965,0,dominant-party,5.516994998468916,4.135,0,0,0,15
450,Liberia,1966,0,dominant-party,8.593363051015345,4.385,0,0,0,16
450,Liberia,1967,0,dominant-party,7.787729297380164,4.501,0,0,0,17
450,Liberia,1968,0,dominant-party,7.167598023368571,4.641,0,0,0,18
450,Liberia,1969,0,dominant-party,6.689529238854508,4.791,0,0,0,19
450,Liberia,1970,0,dominant-party,5.81020012911555,4.917,0,0,0,20
450,Liberia,1971,0,dominant-party,5.037086703264482,5.013,0,0,0,21
450,Liberia,1972,0,dominant-party,3.838441707247209,5.075,0,0,0,22
450,Liberia,1973,0,dominant-party,2.8567989407374705,5.127,0,0,0,23
450,Liberia,1974,0,dominant-party,1.2833716232274472,5.114,0,0,0,24
450,Liberia,1975,0,dominant-party,-0.9664694280078989,5.021,0,0,0,25
450,Liberia,1976,0,dominant-party,-0.7448569401749761,5.037,0,0,0,26
450,Liberia,1977,0,dominant-party,-0.8174709738567265,5.023,0,0,0,27
450,Liberia,1978,0,dominant-party,-0.9649366636222734,4.988,0,0,0,28
450,Liberia,1979,0,dominant-party,-3.2510850345603526,4.815,0,0,0,29
450,Liberia,1980,2,dominant-party,-5.3177161980165755,4.64,0,1,1,0
450,Liberia,1981,0,personal,-7.938304203864366,4.393,0,1,1,1
450,Liberia,1982,0,personal,-7.988216946802984,4.248,0,1,1,2
450,Liberia,1983,0,personal,-7.843137254901955,4.089,0,1,1,3
450,Liberia,1984,0,personal,-7.47865252885428,3.944,0,1,1,4
450,Liberia,1985,1,personal,-7.458091002394807,3.787,2,2,1,0
450,Liberia,1986,0,personal,-7.941505026911755,3.626,0,2,1,1
450,Liberia,1987,0,personal,-8.0629821409701,3.48,0,2,1,2
450,Liberia,1988,0,personal,-9.975131251726987,3.258,0,2,1,3
450,Liberia,1989,0,personal,-15.936746810887081,2.86,0,2,1,4
450,Liberia,1990,0,personal,-29.881022040179438,2.157,4,2,1,5
450,Liberia,1991,0,other,-36.631750984325095,1.706,4,2,1,6
450,Liberia,1992,0,other,-44.78609625668448,1.239,4,2,1,7
450,Liberia,1993,0,other,-48.56338028169014,0.913,4,2,1,8
450,Liberia,1994,1,other,-44.83064635408963,0.746,4,3,1,0
450,Liberia,1995,0,other,-33.76672319577916,0.703,4,3,1,1
450,Liberia,1996,0,other,-12.769371847776256,0.761,4,3,1,2
450,Liberia,1997,0,other,20.718970123876602,0.994,4,3,1,3
450,Liberia,1998,0,personal,39.513951395139514,1.24,0,3,1,4
450,Liberia,1999,0,personal,47.07005153655277,1.541,0,3,1,5
450,Liberia,2000,0,personal,54.21558164354323,2.023,1,3,1,6
450,Liberia,2001,0,personal,41.434755720469994,2.287,1,3,1,7
450,Liberia,2002,0,personal,24.775108477087528,2.358,1,3,1,8
450,Liberia,2003,0,personal,-1.5359029544120606,2.013,1,3,1,9
450,Liberia,2004,0,other,-7.711816644749192,1.965,0,3,1,10
450,Liberia,2005,0,other,-6.170513424399449,1.992,0,3,1,11
450,Liberia,2006,0,other,0,2.082,0,3,1,12
450,Liberia,2007,0,presidential,5.950866203386518,2.165,0,3,1,13
450,Liberia,2008,0,presidential,8.587786259541975,2.276,0,3,1,14
450,Liberia,2009,0,presidential,8.433734939759052,2.358,0,3,1,15
450,Liberia,2010,0,presidential,7.556341140079548,2.434,0,3,1,16
450,Liberia,2011,0,presidential,5.831625683060104,2.479,0,3,1,17
450,Liberia,2012,0,presidential,5.202216524687775,2.544,0,3,1,18
450,Liberia,2013,0,presidential,4.998390212491954,2.609,0,3,1,19
450,Liberia,2014,0,presidential,2.887801798958489,2.608,0,3,1,20
450,Liberia,2015,0,presidential,0.21863043648004954,2.567,0,3,1,21
450,Liberia,2016,0,presidential,-0.9316770186335366,2.552,0,3,1,22
450,Liberia,2017,0,presidential,2.3391812865497075,2.66,0,3,1,23
450,Liberia,2018,0,presidential,4.063429137760144,2.73,0,3,1,24
450,Liberia,2019,0,presidential,5.073280721533258,2.796,0,3,1,25
450,Liberia,2020,0,presidential,NA,NA,0,3,1,26
451,Sierra Leone,1961,0,parliamentary,-0.17952209978951972,3.225,0,0,0,0
451,Sierra Leone,1962,0,parliamentary,0.3390875462391918,3.255,0,0,0,1
451,Sierra Leone,1963,0,parliamentary,1.0380197776549194,3.29,0,0,0,2
451,Sierra Leone,1964,0,parliamentary,2.2310513447432845,3.345,0,0,0,3
451,Sierra Leone,1965,0,parliamentary,3.680647890728883,3.431,0,0,0,4
451,Sierra Leone,1966,0,parliamentary,4.06015931518251,3.501,0,0,0,5
451,Sierra Leone,1967,2,parliamentary,3.2112774918109377,3.529,0,1,1,0
451,Sierra Leone,1968,2,military,4.5259238040676,3.649,0,2,1,0
451,Sierra Leone,1969,0,dominant-party,6.063990172538958,3.799,0,2,1,1
451,Sierra Leone,1970,0,dominant-party,6.233681462140983,3.906,0,2,1,2
451,Sierra Leone,1971,1,dominant-party,4.385964912280693,3.927,0,3,1,0
451,Sierra Leone,1972,0,dominant-party,2.2437399135821767,3.928,0,3,1,1
451,Sierra Leone,1973,0,dominant-party,1.3118786512247738,3.954,0,3,1,2
451,Sierra Leone,1974,0,dominant-party,0.8990247866720757,3.973,0,3,1,3
451,Sierra Leone,1975,0,dominant-party,-0.010138389009983761,3.945,0,3,1,4
451,Sierra Leone,1976,0,dominant-party,-1.2188928390045706,3.89,0,3,1,5
451,Sierra Leone,1977,0,dominant-party,-1.5386966933306212,3.865,0,3,1,6
451,Sierra Leone,1978,0,dominant-party,-0.6185777823219718,3.888,0,3,1,7
451,Sierra Leone,1979,0,dominant-party,0.8807865628840617,3.94,0,3,1,8
451,Sierra Leone,1980,0,dominant-party,1.4781852590660227,3.968,0,3,1,9
451,Sierra Leone,1981,0,dominant-party,1.764735798199668,4.002,0,3,1,10
451,Sierra Leone,1982,0,dominant-party,1.2217285945072653,4.01,0,3,1,11
451,Sierra Leone,1983,0,dominant-party,-0.3017349761126442,3.965,0,3,1,12
451,Sierra Leone,1984,0,dominant-party,-0.8497159233747276,3.944,0,3,1,13
451,Sierra Leone,1985,0,dominant-party,-1.9642496465360537,3.883,0,3,1,14
451,Sierra Leone,1986,0,dominant-party,-2.6808011824066003,3.819,0,3,1,15
451,Sierra Leone,1987,1,dominant-party,-1.6414531233920004,3.823,0,4,1,0
451,Sierra Leone,1988,0,dominant-party,-1.2710765239948074,3.806,0,4,1,1
451,Sierra Leone,1989,0,dominant-party,-1.3771075505288555,3.767,0,4,1,2
451,Sierra Leone,1990,0,dominant-party,-2.4280575539568416,3.689,0,4,1,3
451,Sierra Leone,1991,0,dominant-party,-4.553743831795753,3.559,3,4,1,4
451,Sierra Leone,1992,2,dominant-party,-7.663109252943112,3.357,3,5,1,0
451,Sierra Leone,1993,0,military,-5.553360799142171,3.347,3,5,1,1
451,Sierra Leone,1994,0,military,-3.5869250795487417,3.333,3,5,1,2
451,Sierra Leone,1995,1,military,-5.874977610603615,3.153,3,6,1,0
451,Sierra Leone,1996,2,military,-10.366498662186551,2.881,3,7,1,0
451,Sierra Leone,1997,2,presidential,-14.650055443219612,2.617,3,8,1,0
451,Sierra Leone,1998,0,military,-14.413168268898257,2.475,3,8,1,1
451,Sierra Leone,1999,0,presidential,-12.777324330340578,2.351,3,8,1,2
451,Sierra Leone,2000,0,presidential,-5.913344342219085,2.393,3,8,1,3
451,Sierra Leone,2001,0,presidential,1.2001297437560732,2.496,3,8,1,4
451,Sierra Leone,2002,0,presidential,9.494332341828127,2.724,0,8,1,5
451,Sierra Leone,2003,0,presidential,11.115447662165323,2.847,0,8,1,6
451,Sierra Leone,2004,0,presidential,8.82572924457743,2.91,0,8,1,7
451,Sierra Leone,2005,0,presidential,5.909384648524441,2.95,0,8,1,8
451,Sierra Leone,2006,0,presidential,4.10750155849553,3.006,0,8,1,9
451,Sierra Leone,2007,0,presidential,4.904540241516564,3.11,0,8,1,10
451,Sierra Leone,2008,0,presidential,5.9230009871668265,3.219,0,8,1,11
451,Sierra Leone,2009,0,presidential,6.451819579702711,3.323,0,8,1,12
451,Sierra Leone,2010,0,presidential,7.2359438997145364,3.456,0,8,1,13
451,Sierra Leone,2011,0,presidential,8.903210406969798,3.65,0,8,1,14
451,Sierra Leone,2012,0,presidential,12.558905353999883,3.965,0,8,1,15
451,Sierra Leone,2013,0,presidential,14.184625281440976,4.26,0,8,1,16
451,Sierra Leone,2014,0,presidential,6.8772757577311605,4.168,0,8,1,17
451,Sierra Leone,2015,0,presidential,-5.249065373345463,3.751,0,8,1,18
451,Sierra Leone,2016,0,presidential,-6.772828058859092,3.7,0,8,1,19
451,Sierra Leone,2017,0,presidential,-3.327406654813303,3.806,0,8,1,20
451,Sierra Leone,2018,0,presidential,0.7196106854421291,3.891,0,8,1,21
451,Sierra Leone,2019,0,presidential,3.0814380044020595,3.934,0,8,1,22
451,Sierra Leone,2020,0,presidential,NA,NA,0,8,1,23
452,Ghana,1957,0,parliamentary,2.1437321355655348,5.003,0,0,0,0
452,Ghana,1958,0,parliamentary,1.9130084575110784,5.061,0,0,0,1
452,Ghana,1959,0,parliamentary,5.857459262774878,5.353,0,0,0,2
452,Ghana,1960,0,parliamentary,7.771741224521267,5.594,0,0,0,3
452,Ghana,1961,0,dominant-party,6.6976152147055545,5.7,0,0,0,4
452,Ghana,1962,0,dominant-party,4.849279161205766,5.76,0,0,0,5
452,Ghana,1963,0,dominant-party,2.909902885092519,5.807,0,0,0,6
452,Ghana,1964,0,dominant-party,1.1410426407983731,5.797,0,0,0,7
452,Ghana,1965,0,dominant-party,-0.6810048295750715,5.717,0,0,0,8
452,Ghana,1966,2,dominant-party,-2.47262328241612,5.593,0,1,1,0
452,Ghana,1967,1,military,-3.1883445945946054,5.502,0,2,1,0
452,Ghana,1968,0,military,-2.409938772604292,5.483,0,2,1,1
452,Ghana,1969,0,military,-0.03947462857963879,5.571,0,2,1,2
452,Ghana,1970,0,other,3.1925185424056757,5.76,0,2,1,3
452,Ghana,1971,0,parliamentary,3.651605569764138,5.836,0,2,1,4
452,Ghana,1972,2,parliamentary,0.5291005291005346,5.7,0,3,1,0
452,Ghana,1973,0,military,-0.6412502628074801,5.671,0,3,1,1
452,Ghana,1974,0,military,-1.4086968680089518,5.641,0,3,1,2
452,Ghana,1975,0,military,-5.753862546616939,5.307,0,3,1,3
452,Ghana,1976,0,military,-7.251295525874024,5.083,0,3,1,4
452,Ghana,1977,0,military,-5.493273542600907,5.058,0,3,1,5
452,Ghana,1978,2,military,-3.0155939458798353,5.075,0,4,1,0
452,Ghana,1979,2,military,-2.727629513343799,4.957,0,5,1,0
452,Ghana,1980,0,presidential,-4.090380994351195,4.788,0,5,1,1
452,Ghana,1981,2,presidential,-6.204021579205499,4.59,1,6,1,0
452,Ghana,1982,1,personal,-9.182899064002026,4.308,0,7,1,0
452,Ghana,1983,1,personal,-9.412333099086446,4.125,0,8,1,0
452,Ghana,1984,1,personal,-5.809979494190021,4.134,0,9,1,0
452,Ghana,1985,0,personal,-1.9538937306719184,4.185,0,9,1,1
452,Ghana,1986,0,personal,1.0858694099157074,4.245,0,9,1,2
452,Ghana,1987,0,personal,2.264061010486196,4.291,0,9,1,3
452,Ghana,1988,0,personal,3.0755463451394016,4.377,0,9,1,4
452,Ghana,1989,0,personal,3.3866852238459755,4.457,0,9,1,5
452,Ghana,1990,0,personal,4.273932655943868,4.577,0,9,1,6
452,Ghana,1991,0,personal,4.866071428571428,4.698,0,9,1,7
452,Ghana,1992,0,personal,4.244066611302921,4.77,0,9,1,8
452,Ghana,1993,0,personal,3.3359060114913186,4.82,0,9,1,9
452,Ghana,1994,0,presidential,2.9591278360062256,4.892,1,9,1,10
452,Ghana,1995,0,presidential,2.9971849643980697,4.976,0,9,1,11
452,Ghana,1996,0,presidential,3.432111849345776,5.075,0,9,1,12
452,Ghana,1997,0,presidential,4.312657670283904,5.21,0,9,1,13
452,Ghana,1998,0,presidential,4.548487108041277,5.328,0,9,1,14
452,Ghana,1999,0,presidential,4.893494530800235,5.466,0,9,1,15
452,Ghana,2000,0,presidential,4.28399789742433,5.555,0,9,1,16
452,Ghana,2001,0,presidential,3.198851505558409,5.607,0,9,1,17
452,Ghana,2002,0,presidential,3.252620166245035,5.714,0,9,1,18
452,Ghana,2003,0,presidential,3.9775950085082057,5.866,0,9,1,19
452,Ghana,2004,0,presidential,5.118766495346594,6.054,0,9,1,20
452,Ghana,2005,0,presidential,5.9912521615298475,6.252,0,9,1,21
452,Ghana,2006,0,presidential,6.5816780314260415,6.471,0,9,1,22
452,Ghana,2007,0,presidential,6.881919407842263,6.7,0,9,1,23
452,Ghana,2008,0,presidential,7.997907434761209,7.019,0,9,1,24
452,Ghana,2009,0,presidential,8.092485549132956,7.293,0,9,1,25
452,Ghana,2010,0,presidential,9.738434012098484,7.728,0,9,1,26
452,Ghana,2011,0,presidential,12.856296136645295,8.378,0,9,1,27
452,Ghana,2012,0,presidential,13.729872504698527,8.956,0,9,1,28
452,Ghana,2013,0,presidential,11.56598155973876,9.293,0,9,1,29
452,Ghana,2014,0,presidential,7.721117175546377,9.434,0,9,1,30
452,Ghana,2015,0,presidential,4.238460018876622,9.498,0,9,1,31
452,Ghana,2016,0,presidential,3.3857444584302288,9.692,0,9,1,32
452,Ghana,2017,0,presidential,5.557173768308932,10.147,0,9,1,33
452,Ghana,2018,0,presidential,6.800941138290528,10.531,0,9,1,34
452,Ghana,2019,0,presidential,6.731376262626254,10.82,0,9,1,35
452,Ghana,2020,0,presidential,NA,NA,0,9,1,36
461,Togo,1960,0,parliamentary,1.9686000162694173,2.507,0,0,0,0
461,Togo,1961,0,parliamentary,3.662445904792433,2.587,0,0,0,1
461,Togo,1962,0,personal,4.892629591756448,2.667,0,0,0,2
461,Togo,1963,2,personal,6.835967469694637,2.785,0,1,1,0
461,Togo,1964,0,personal,10.733795954525327,3,0,1,1,1
461,Togo,1965,0,personal,13.453323061839084,3.24,0,1,1,2
461,Togo,1966,0,personal,13.89604385443497,3.449,0,1,1,3
461,Togo,1967,2,personal,11.90965092402465,3.597,0,2,1,0
461,Togo,1968,0,personal,9.143327841845128,3.71,0,2,1,1
461,Togo,1969,0,personal,7.691445229285798,3.842,0,2,1,2
461,Togo,1970,0,personal,4.433123780619996,3.854,0,2,1,3
461,Togo,1971,0,personal,2.6537422532973087,3.876,0,2,1,4
461,Togo,1972,0,personal,1.8031163687529217,3.907,0,2,1,5
461,Togo,1973,0,personal,0.31501755835570133,3.885,0,2,1,6
461,Togo,1974,0,personal,0.7921403219999013,3.919,0,2,1,7
461,Togo,1975,0,personal,0.14878661946537974,3.904,0,2,1,8
461,Togo,1976,0,personal,0.33273611466597686,3.92,0,2,1,9
461,Togo,1977,0,personal,2.6644971015966856,4.038,0,2,1,10
461,Togo,1978,0,personal,4.406898626291,4.165,0,2,1,11
461,Togo,1979,0,personal,3.193859866303561,4.168,0,2,1,12
461,Togo,1980,0,personal,-0.40800275278967124,4.052,0,2,1,13
461,Togo,1981,0,personal,-5.5462267878308875,3.825,0,2,1,14
461,Togo,1982,0,personal,-8.621124275270986,3.625,0,2,1,15
461,Togo,1983,0,personal,-9.994767137624283,3.44,0,2,1,16
461,Togo,1984,0,personal,-8.028399781540141,3.368,0,2,1,17
461,Togo,1985,0,personal,-5.056818181818179,3.342,0,2,1,18
461,Togo,1986,0,personal,-2.872016846045855,3.321,0,2,1,19
461,Togo,1987,0,personal,-2.1194029850746365,3.279,0,2,1,20
461,Togo,1988,0,personal,-0.34891415508633283,3.313,0,2,1,21
461,Togo,1989,0,personal,0.07844557084240034,3.317,0,2,1,22
461,Togo,1990,0,personal,-1.3956310679611783,3.25,0,2,1,23
461,Togo,1991,1,personal,-3.8733042784359406,3.132,0,3,1,0
461,Togo,1992,0,personal,-7.1084412740129,2.969,0,3,1,1
461,Togo,1993,0,personal,-10.419231516879412,2.765,0,3,1,2
461,Togo,1994,0,personal,-5.29872215160232,2.831,0,3,1,3
461,Togo,1995,0,personal,-0.30800821355236874,2.913,0,3,1,4
461,Togo,1996,0,personal,4.288767841136321,3.025,0,3,1,5
461,Togo,1997,0,personal,5.809979494190021,3.096,0,3,1,6
461,Togo,1998,0,personal,1.8723575598953213,3.036,0,3,1,7
461,Togo,1999,0,personal,-0.5442357469967463,2.997,0,3,1,8
461,Togo,2000,0,personal,-3.305017255110154,2.914,0,3,1,9
461,Togo,2001,0,personal,-4.073278754529596,2.859,0,3,1,10
461,Togo,2002,0,personal,-3.100245834471449,2.838,0,3,1,11
461,Togo,2003,0,personal,-1.9668952143500285,2.831,0,3,1,12
461,Togo,2004,0,personal,-1.6709962788738375,2.801,0,3,1,13
461,Togo,2005,2,personal,-2.3653928114788947,2.749,0,4,1,0
461,Togo,2006,0,personal,-2.2300301161623515,2.727,0,4,1,1
461,Togo,2007,0,personal,-2.0558853337194094,2.706,0,4,1,2
461,Togo,2008,0,personal,-0.6639427987742641,2.723,0,4,1,3
461,Togo,2009,0,personal,1.5128261346196048,2.778,0,4,1,4
461,Togo,2010,0,personal,3.0351437699680517,2.838,0,4,1,5
461,Togo,2011,0,personal,4.348760567416532,2.913,0,4,1,6
461,Togo,2012,0,personal,5.359147025813704,3.004,0,4,1,7
461,Togo,2013,0,personal,6.382252559726953,3.117,0,4,1,8
461,Togo,2014,0,personal,6.183241557752273,3.201,0,4,1,9
461,Togo,2015,0,personal,5.424406604747167,3.269,0,4,1,10
461,Togo,2016,0,personal,5.000627431296256,3.347,0,4,1,11
461,Togo,2017,0,personal,4.972206951316349,3.437,0,4,1,12
461,Togo,2018,0,personal,4.830053667262968,3.516,0,4,1,13
461,Togo,2019,0,personal,4.471521016731761,3.584,0,4,1,14
461,Togo,2020,0,personal,NA,NA,0,4,1,15
471,Cameroon,1959,NA,dominant-party,NA,NA,0,NA,NA,NA
471,Cameroon,1960,0,dominant-party,NA,NA,0,0,0,0
471,Cameroon,1961,0,dominant-party,NA,3.1,0,0,0,1
471,Cameroon,1962,0,dominant-party,NA,3.152,0,0,0,2
471,Cameroon,1963,0,dominant-party,NA,3.207,0,0,0,3
471,Cameroon,1964,0,dominant-party,NA,3.258,0,0,0,4
471,Cameroon,1965,0,dominant-party,2.8171653444937217,3.292,0,0,0,5
471,Cameroon,1966,0,dominant-party,2.70220361935245,3.337,0,0,0,6
471,Cameroon,1967,0,dominant-party,1.9576848249027279,3.354,0,0,0,7
471,Cameroon,1968,0,dominant-party,2.682590169837362,3.422,0,0,0,8
471,Cameroon,1969,0,dominant-party,3.6134602874208888,3.504,0,0,0,9
471,Cameroon,1970,0,dominant-party,3.673089236858962,3.562,0,0,0,10
471,Cameroon,1971,0,dominant-party,3.767103681227457,3.625,0,0,0,11
471,Cameroon,1972,0,dominant-party,4.101211849192099,3.711,0,0,0,12
471,Cameroon,1973,0,dominant-party,4.1013799549178165,3.787,0,0,0,13
471,Cameroon,1974,0,dominant-party,4.5616113744075815,3.883,0,0,0,14
471,Cameroon,1975,0,dominant-party,5.437526293647443,4.01,0,0,0,15
471,Cameroon,1976,0,dominant-party,4.872663791332932,4.085,0,0,0,16
471,Cameroon,1977,0,dominant-party,6.091649592724013,4.246,0,0,0,17
471,Cameroon,1978,0,dominant-party,8.097009517367981,4.475,0,0,0,18
471,Cameroon,1979,0,dominant-party,8.893850590752649,4.682,0,0,0,19
471,Cameroon,1980,0,dominant-party,10.49489955009133,4.961,0,0,0,20
471,Cameroon,1981,0,dominant-party,13.64975174619203,5.402,0,0,0,21
471,Cameroon,1982,0,dominant-party,14.640502230820873,5.807,0,0,0,22
471,Cameroon,1983,0,dominant-party,13.851851851851848,6.148,0,0,0,23
471,Cameroon,1984,1,personal,12.332812228591283,6.467,1,1,1,0
471,Cameroon,1985,0,personal,9.90306523447735,6.712,0,1,1,1
471,Cameroon,1986,0,personal,5.963691092089185,6.759,0,1,1,2
471,Cameroon,1987,0,personal,-0.11657156880789943,6.512,0,1,1,3
471,Cameroon,1988,0,personal,-6.110855212651611,6.115,0,1,1,4
471,Cameroon,1989,0,personal,-10.410441893379463,5.697,0,1,1,5
471,Cameroon,1990,0,personal,-11.601575319986878,5.387,0,1,1,6
471,Cameroon,1991,0,personal,-11.72078485848237,5.084,0,1,1,7
471,Cameroon,1992,0,personal,-10.98897045261722,4.826,0,1,1,8
471,Cameroon,1993,0,personal,-10.375698815434543,4.585,0,1,1,9
471,Cameroon,1994,0,personal,-8.808652383106462,4.435,0,1,1,10
471,Cameroon,1995,0,personal,-5.110426296866965,4.434,0,1,1,11
471,Cameroon,1996,0,personal,-1.070692000526574,4.509,0,1,1,12
471,Cameroon,1997,0,personal,1.7249789366325263,4.588,0,1,1,13
471,Cameroon,1998,0,personal,3.1893276791236103,4.672,0,1,1,14
471,Cameroon,1999,0,personal,3.6104699272679674,4.758,0,1,1,15
471,Cameroon,2000,0,personal,3.395127798946773,4.83,0,1,1,16
471,Cameroon,2001,0,personal,3.233411923206475,4.904,0,1,1,17
471,Cameroon,2002,0,personal,3.2955204106980274,4.99,0,1,1,18
471,Cameroon,2003,0,personal,3.41177428548165,5.08,0,1,1,19
471,Cameroon,2004,0,personal,3.189869359621711,5.15,0,1,1,20
471,Cameroon,2005,0,personal,2.3867857425116545,5.182,0,1,1,21
471,Cameroon,2006,0,personal,1.9277296495746388,5.224,0,1,1,22
471,Cameroon,2007,0,personal,1.5293118096856517,5.258,0,1,1,23
471,Cameroon,2008,0,personal,1.6154346744248205,5.309,0,1,1,24
471,Cameroon,2009,0,personal,1.4556096077835257,5.339,0,1,1,25
471,Cameroon,2010,0,personal,1.606395414608408,5.389,0,1,1,26
471,Cameroon,2011,0,personal,2.2302749551703416,5.473,0,1,1,27
471,Cameroon,2012,0,personal,2.6967122275581845,5.56,0,1,1,28
471,Cameroon,2013,0,personal,3.379141909379202,5.672,0,1,1,29
471,Cameroon,2014,0,personal,3.879804934021802,5.794,0,1,1,30
471,Cameroon,2015,0,personal,3.5278776344540796,5.875,1,1,1,31
471,Cameroon,2016,0,personal,3.514542936288101,5.979,1,1,1,32
471,Cameroon,2017,0,personal,3.6709721278042284,6.1,2,1,1,33
471,Cameroon,2018,0,personal,3.048841640758204,6.165,2,1,1,34
471,Cameroon,2019,0,personal,1.9310117181053021,6.176,2,1,1,35
471,Cameroon,2020,0,personal,NA,NA,2,1,1,36
475,Nigeria,1960,0,parliamentary,7.438426086525607,4.336,0,0,0,0
475,Nigeria,1961,0,parliamentary,8.037904661118866,4.492,0,0,0,1
475,Nigeria,1962,0,parliamentary,7.736988847583626,4.637,0,0,0,2
475,Nigeria,1963,0,parliamentary,7.42231164766376,4.805,0,0,0,3
475,Nigeria,1964,0,parliamentary,6.2160531080265535,4.928,0,0,0,4
475,Nigeria,1965,0,parliamentary,4.702825048201853,4.996,0,0,0,5
475,Nigeria,1966,2,parliamentary,-0.22319583367776952,4.828,9,1,1,0
475,Nigeria,1967,0,military,-5.393640396335153,4.564,6,1,1,1
475,Nigeria,1968,0,military,-3.0716581110972085,4.645,6,1,1,2
475,Nigeria,1969,0,military,8.310009878169232,5.263,6,1,1,3
475,Nigeria,1970,0,military,19.494499428255985,6.061,6,1,1,4
475,Nigeria,1971,0,military,22.970987881013592,6.697,0,1,1,5
475,Nigeria,1972,0,military,19.74902697624481,7.138,0,1,1,6
475,Nigeria,1973,0,military,16.127555691180937,7.611,0,1,1,7
475,Nigeria,1974,0,military,13.676582118479818,8.094,0,1,1,8
475,Nigeria,1975,2,military,9.10414185523356,8.245,0,2,1,0
475,Nigeria,1976,1,other,7.742195977490085,8.539,0,3,1,0
475,Nigeria,1977,0,other,5.13138384501326,8.65,0,3,1,1
475,Nigeria,1978,0,other,0.8761487548212044,8.474,0,3,1,2
475,Nigeria,1979,0,other,-0.6143667296786393,8.412,0,3,1,3
475,Nigeria,1980,0,presidential,-3.168555810596574,8.184,2,3,1,4
475,Nigeria,1981,0,presidential,-7.65994487160887,7.638,2,3,1,5
475,Nigeria,1982,0,presidential,-10.172807303553954,7.163,2,3,1,6
475,Nigeria,1983,2,presidential,-12.499671545313607,6.66,2,4,1,0
475,Nigeria,1984,0,military,-12.239959951051294,6.311,2,4,1,1
475,Nigeria,1985,2,military,-8.543940686692753,6.217,2,5,1,0
475,Nigeria,1986,0,military,-7.6704105943872,5.968,2,5,1,1
475,Nigeria,1987,0,military,-6.213667484821084,5.808,2,5,1,2
475,Nigeria,1988,0,military,-3.546640985620819,5.809,2,5,1,3
475,Nigeria,1989,0,military,-1.4775832405626965,5.841,2,5,1,4
475,Nigeria,1990,1,military,0.647800886464367,5.904,2,6,1,0
475,Nigeria,1991,0,military,-0.2535635964912353,5.822,2,6,1,1
475,Nigeria,1992,0,military,-1.3736263736263798,5.744,2,6,1,2
475,Nigeria,1993,2,military,-3.5558479329686365,5.571,2,7,1,0
475,Nigeria,1994,0,military,-4.796205200281111,5.419,0,7,1,1
475,Nigeria,1995,0,military,-3.7662895603608804,5.376,0,7,1,2
475,Nigeria,1996,0,military,-2.0584812336339797,5.386,0,7,1,3
475,Nigeria,1997,0,military,-0.5893186003683271,5.398,1,7,1,4
475,Nigeria,1998,0,military,0.09266123054114672,5.401,1,7,1,5
475,Nigeria,1999,0,other,0.8552704654004373,5.448,1,7,1,6
475,Nigeria,2000,0,presidential,3.384423584628937,5.639,1,7,1,7
475,Nigeria,2001,0,presidential,6.791232482932097,5.944,4,7,1,8
475,Nigeria,2002,0,presidential,11.634349030470915,6.448,4,7,1,9
475,Nigeria,2003,0,presidential,13.870341742591187,6.924,4,7,1,10
475,Nigeria,2004,0,presidential,14.737394633649314,7.432,4,7,1,11
475,Nigeria,2005,0,presidential,14.037112926033867,7.903,1,7,1,12
475,Nigeria,2006,0,presidential,12.559721434934001,8.34,1,7,1,13
475,Nigeria,2007,0,presidential,12.46485473289598,8.88,1,7,1,14
475,Nigeria,2008,0,presidential,11.682332172336473,9.363,2,7,1,15
475,Nigeria,2009,0,presidential,11.85395281829642,9.938,5,7,1,16
475,Nigeria,2010,0,presidential,12.443491733344647,10.596,5,7,1,17
475,Nigeria,2011,0,presidential,10.594496886925086,11.013,4,7,1,18
475,Nigeria,2012,0,presidential,8.216816701781271,11.3,4,7,1,19
475,Nigeria,2013,0,presidential,6.323159190723815,11.572,4,7,1,20
475,Nigeria,2014,0,presidential,4.148868005125994,11.703,4,7,1,21
475,Nigeria,2015,0,presidential,0.6937145259617417,11.496,4,7,1,22
475,Nigeria,2016,0,presidential,-2.535560759095523,11.155,4,7,1,23
475,Nigeria,2017,0,presidential,-4.363597943227438,10.862,4,7,1,24
475,Nigeria,2018,0,presidential,-4.501619223130737,10.675,4,7,1,25
475,Nigeria,2019,0,presidential,-4.244808343243989,10.467,4,7,1,26
475,Nigeria,2020,0,presidential,NA,NA,4,7,1,27
481,Gabon,1960,0,dominant-party,3.2597578890603884,11.106,0,0,0,0
481,Gabon,1961,0,dominant-party,4.703369118525624,11.567,0,0,0,1
481,Gabon,1962,0,dominant-party,5.982815504860706,12.014,0,0,0,2
481,Gabon,1963,0,dominant-party,7.2617168736704985,12.505,0,0,0,3
481,Gabon,1964,1,dominant-party,7.021517553793877,12.852,0,1,1,0
481,Gabon,1965,0,dominant-party,5.898080144311302,13.15,0,1,1,1
481,Gabon,1966,0,dominant-party,4.835429572617489,13.403,0,1,1,2
481,Gabon,1967,0,dominant-party,4.428932849696721,13.704,0,1,1,3
481,Gabon,1968,0,dominant-party,4.9848268475544355,14.115,0,1,1,4
481,Gabon,1969,0,dominant-party,6.951291801003356,14.795,0,1,1,5
481,Gabon,1970,0,dominant-party,10.148377039140355,15.827,0,1,1,6
481,Gabon,1971,0,dominant-party,12.8966019739021,17.044,0,1,1,7
481,Gabon,1972,0,dominant-party,15.282586494632234,18.513,0,1,1,8
481,Gabon,1973,0,dominant-party,20.09758897818599,20.921,0,1,1,9
481,Gabon,1974,0,dominant-party,28.55366848524077,25.024,0,1,1,10
481,Gabon,1975,0,dominant-party,29.064263608228647,28.358,0,1,1,11
481,Gabon,1976,0,dominant-party,26.170031093425262,31.326,0,1,1,12
481,Gabon,1977,0,dominant-party,11.440952296871787,30.295,0,1,1,13
481,Gabon,1978,0,dominant-party,-2.31376856717066,27.924,0,1,1,14
481,Gabon,1979,0,dominant-party,-5.552383376559056,27.458,0,1,1,15
481,Gabon,1980,0,dominant-party,-4.147064309547998,27.75,0,1,1,16
481,Gabon,1981,0,dominant-party,-2.271905123312734,27.556,0,1,1,17
481,Gabon,1982,0,dominant-party,-2.3964634713820487,26.848,0,1,1,18
481,Gabon,1983,0,dominant-party,-1.703387718603866,26.822,0,1,1,19
481,Gabon,1984,0,dominant-party,-1.5564661144356284,26.716,0,1,1,20
481,Gabon,1985,0,dominant-party,-4.171191073501335,25.593,0,1,1,21
481,Gabon,1986,0,dominant-party,-8.69615518105743,23.676,0,1,1,22
481,Gabon,1987,0,dominant-party,-12.048801212014338,21.944,0,1,1,23
481,Gabon,1988,0,dominant-party,-8.578866998773382,21.912,0,1,1,24
481,Gabon,1989,0,dominant-party,-0.9239008765434154,23.013,0,1,1,25
481,Gabon,1990,0,dominant-party,4.6069868995633145,23.955,0,1,1,26
481,Gabon,1991,0,dominant-party,5.8396694788737324,24.388,0,1,1,27
481,Gabon,1992,0,dominant-party,4.061775668401535,24.513,0,1,1,28
481,Gabon,1993,0,dominant-party,1.5784092892586754,24.442,0,1,1,29
481,Gabon,1994,0,dominant-party,0.7632021665093802,24.557,0,1,1,30
481,Gabon,1995,0,dominant-party,1.8836312767376295,25.054,0,1,1,31
481,Gabon,1996,0,dominant-party,2.7646798049409504,25.499,0,1,1,32
481,Gabon,1997,0,dominant-party,1.6071457156120461,25.39,0,1,1,33
481,Gabon,1998,0,dominant-party,-0.4239314059860222,24.992,0,1,1,34
481,Gabon,1999,0,dominant-party,-2.9309147232357446,24.316,0,1,1,35
481,Gabon,2000,0,dominant-party,-2.8182037468842958,24.173,0,1,1,36
481,Gabon,2001,0,dominant-party,-2.559383728410558,23.932,0,1,1,37
481,Gabon,2002,0,dominant-party,-1.4580791929049486,23.911,0,1,1,38
481,Gabon,2003,0,dominant-party,1.0006875585045982,24.385,0,1,1,39
481,Gabon,2004,0,dominant-party,3.163952511896717,25.061,0,1,1,40
481,Gabon,2005,0,dominant-party,4.7476274050962,25.783,0,1,1,41
481,Gabon,2006,0,dominant-party,2.597506714234177,25.595,0,1,1,42
481,Gabon,2007,0,dominant-party,1.6121384542437278,25.716,0,1,1,43
481,Gabon,2008,0,dominant-party,-0.2876130468174476,25.447,0,1,1,44
481,Gabon,2009,0,dominant-party,-3.580790151055979,24.498,0,1,1,45
481,Gabon,2010,0,dominant-party,-0.9471691837397378,25.015,0,1,1,46
481,Gabon,2011,0,dominant-party,3.653399472461727,26.329,0,1,1,47
481,Gabon,2012,0,dominant-party,4.352207743508019,26.715,0,1,1,48
481,Gabon,2013,0,dominant-party,4.469898569169661,27.088,0,1,1,49
481,Gabon,2014,0,dominant-party,2.4958603951337865,27.112,0,1,1,50
481,Gabon,2015,0,dominant-party,0.11335416464692827,26.849,0,1,1,51
481,Gabon,2016,0,dominant-party,-1.5979846313231794,26.405,0,1,1,52
481,Gabon,2017,0,dominant-party,-3.922924826896612,25.559,0,1,1,53
481,Gabon,2018,0,dominant-party,-5.479378641371335,24.692,0,1,1,54
481,Gabon,2019,1,dominant-party,-7.326805925039759,23.549,0,2,1,0
481,Gabon,2020,0,dominant-party,NA,NA,0,2,1,1
482,Central African Republic,1960,0,personal,-1.7915600261889209,3.3,0,0,0,0
482,Central African Republic,1961,0,personal,-2.286840219727726,3.273,0,0,0,1
482,Central African Republic,1962,0,personal,-3.3717353278243434,3.204,0,0,0,2
482,Central African Republic,1963,0,personal,-3.98650720637842,3.131,0,0,0,3
482,Central African Republic,1964,0,personal,-3.1986006122321387,3.099,0,0,0,4
482,Central African Republic,1965,0,personal,-2.885225110970191,3.063,0,0,0,5
482,Central African Republic,1966,2,personal,-2.091377091377089,3.043,0,1,1,0
482,Central African Republic,1967,0,personal,-0.6235385814497341,3.06,0,1,1,1
482,Central African Republic,1968,0,personal,0.8786202408070265,3.1,0,1,1,2
482,Central African Republic,1969,0,personal,1.6239038648911963,3.129,0,1,1,3
482,Central African Republic,1970,0,personal,1.4736297828334965,3.14,0,1,1,4
482,Central African Republic,1971,0,personal,-0.3414288475165894,3.094,0,1,1,5
482,Central African Republic,1972,0,personal,-1.980389627144885,3.039,0,1,1,6
482,Central African Republic,1973,0,personal,-1.4631619836850907,3.044,0,1,1,7
482,Central African Republic,1974,0,personal,-1.6762327158883372,3.015,0,1,1,8
482,Central African Republic,1975,0,personal,-0.6045869750936461,3.025,0,1,1,9
482,Central African Republic,1976,1,personal,0.7443024634435469,3.059,0,2,1,0
482,Central African Republic,1977,0,personal,1.5030191651351998,3.093,0,2,1,1
482,Central African Republic,1978,0,personal,0.41950707918196883,3.064,0,2,1,2
482,Central African Republic,1979,0,personal,-2.4261950161088786,2.968,0,2,1,3
482,Central African Republic,1980,0,personal,-4.999335194787924,2.858,0,2,1,4
482,Central African Republic,1981,2,personal,-4.639697440399814,2.824,0,3,1,0
482,Central African Republic,1982,0,military,-3.791795932437092,2.791,0,3,1,1
482,Central African Republic,1983,0,military,-4.075722257540426,2.716,0,3,1,2
482,Central African Republic,1984,0,military,-1.7594254937163378,2.736,0,3,1,3
482,Central African Republic,1985,0,military,0.0650477016478801,2.769,0,3,1,4
482,Central African Republic,1986,0,military,0.11620306485584653,2.757,0,3,1,5
482,Central African Republic,1987,0,military,-2.183470105509966,2.67,0,3,1,6
482,Central African Republic,1988,0,military,-2.9190623617868283,2.634,0,3,1,7
482,Central African Republic,1989,0,military,-3.1717668081304384,2.601,0,3,1,8
482,Central African Republic,1990,0,military,-4.0779201091487804,2.531,0,3,1,9
482,Central African Republic,1991,0,military,-4.809930178432886,2.454,0,3,1,10
482,Central African Republic,1992,0,military,-6.4264694185954045,2.353,0,3,1,11
482,Central African Republic,1993,0,military,-6.004901960784304,2.301,0,3,1,12
482,Central African Republic,1994,0,presidential,-3.4067129823386777,2.308,0,3,1,13
482,Central African Republic,1995,0,presidential,-1.398243669537047,2.313,0,3,1,14
482,Central African Republic,1996,0,presidential,-3.120653685674546,2.229,0,3,1,15
482,Central African Republic,1997,0,presidential,-1.9943770866280186,2.231,0,3,1,16
482,Central African Republic,1998,0,presidential,-0.6794917049064653,2.251,0,3,1,17
482,Central African Republic,1999,0,presidential,0.07090941322460687,2.258,0,3,1,18
482,Central African Republic,2000,0,presidential,0.06242753946312796,2.244,0,3,1,19
482,Central African Republic,2001,1,presidential,-0.5349977708426268,2.231,1,4,1,0
482,Central African Republic,2002,0,presidential,-1.7529737948305257,2.197,1,4,1,1
482,Central African Republic,2003,2,presidential,-3.9627250520220647,2.123,1,5,1,0
482,Central African Republic,2004,0,personal,-3.0705774518789974,2.115,0,5,1,1
482,Central African Republic,2005,0,personal,-1.6872160934458091,2.121,3,5,1,2
482,Central African Republic,2006,0,personal,0.33632286995515237,2.148,3,5,1,3
482,Central African Republic,2007,0,personal,2.030314371257491,2.181,3,5,1,4
482,Central African Republic,2008,0,personal,2.4784182678919464,2.208,3,5,1,5
482,Central African Republic,2009,0,personal,2.8440366972477094,2.242,3,5,1,6
482,Central African Republic,2010,0,personal,2.364344596430823,2.26,3,5,1,7
482,Central African Republic,2011,0,personal,0.36857245595109944,2.233,3,5,1,8
482,Central African Republic,2012,0,personal,-4.953812715087846,2.099,3,5,1,9
482,Central African Republic,2013,0,personal,-18.831784562867437,1.712,3,5,1,10
482,Central African Republic,2014,0,other,-19.478682562133763,1.594,3,5,1,11
482,Central African Republic,2015,0,other,-14.973378246224057,1.565,3,5,1,12
482,Central African Republic,2016,0,other,-6.6985645933014375,1.599,3,5,1,13
482,Central African Republic,2017,0,presidential,3.40811572882187,1.687,3,5,1,14
482,Central African Republic,2018,0,presidential,6.820400195217169,1.751,3,5,1,15
482,Central African Republic,2019,0,presidential,7.7243018419489,1.813,3,5,1,16
482,Central African Republic,2020,0,presidential,NA,NA,3,5,1,17
483,Chad,1960,0,dominant-party,1.3015804905957218,2.833,0,0,0,0
483,Chad,1961,0,dominant-party,0.8013047794638961,2.843,0,0,0,1
483,Chad,1962,0,dominant-party,0.6273791061609968,2.855,0,0,0,2
483,Chad,1963,0,dominant-party,-1.213660739486322,2.8,0,0,0,3
483,Chad,1964,0,dominant-party,-2.9229784510347745,2.73,0,0,0,4
483,Chad,1965,0,dominant-party,-3.768699654775609,2.676,4,0,0,5
483,Chad,1966,0,dominant-party,-4.512873025160902,2.611,4,0,0,6
483,Chad,1967,0,dominant-party,-3.9811771735882795,2.571,4,0,0,7
483,Chad,1968,0,dominant-party,-3.106677834462812,2.545,4,0,0,8
483,Chad,1969,0,dominant-party,-1.1645842973931786,2.563,4,0,0,9
483,Chad,1970,0,dominant-party,-0.7009345794392607,2.55,4,0,0,10
483,Chad,1971,0,dominant-party,-1.5466750412185037,2.508,4,0,0,11
483,Chad,1972,0,dominant-party,-3.6369411577860777,2.427,4,0,0,12
483,Chad,1973,0,dominant-party,-4.41117282459953,2.375,4,0,0,13
483,Chad,1974,0,dominant-party,-0.25980352358530023,2.457,4,0,0,14
483,Chad,1975,2,dominant-party,4.4467843836060394,2.579,4,1,1,0
483,Chad,1976,0,military,3.434376007739437,2.566,4,1,1,1
483,Chad,1977,1,military,-1.3274336283185861,2.453,4,2,1,0
483,Chad,1978,0,military,-7.150955620343358,2.293,4,2,1,1
483,Chad,1979,0,military,-15.41369172616548,2.014,4,2,1,2
483,Chad,1980,0,other,-17.420105630650795,1.845,4,2,1,3
483,Chad,1981,0,other,-15.620170015455937,1.747,4,2,1,4
483,Chad,1982,0,other,-9.147415311302186,1.754,4,2,1,5
483,Chad,1983,0,personal,0.17383746197305872,1.844,4,2,1,6
483,Chad,1984,0,personal,5.89782942337207,1.932,4,2,1,7
483,Chad,1985,0,personal,9.141690836824568,2.032,4,2,1,8
483,Chad,1986,0,personal,7.820765480759251,2.079,4,2,1,9
483,Chad,1987,0,personal,5.255255255255276,2.103,4,2,1,10
483,Chad,1988,0,personal,4.908332524978176,2.163,4,2,1,11
483,Chad,1989,1,personal,3.5494557501183133,2.188,4,3,1,0
483,Chad,1990,0,personal,2.7837259100642386,2.208,4,3,1,1
483,Chad,1991,1,personal,2.5876307579372426,2.236,4,4,1,0
483,Chad,1992,0,personal,0.8803775639861788,2.223,4,4,1,1
483,Chad,1993,1,personal,-2.6098026734564073,2.142,4,5,1,0
483,Chad,1994,0,personal,-2.127271067287495,2.144,4,5,1,1
483,Chad,1995,0,personal,-2.2169073682273943,2.126,0,5,1,2
483,Chad,1996,0,personal,-1.4038676087764879,2.121,0,5,1,3
483,Chad,1997,0,personal,0.5149812734082326,2.147,0,5,1,4
483,Chad,1998,0,personal,1.5121814617754081,2.175,0,5,1,5
483,Chad,1999,0,personal,0.4755688176053541,2.155,0,5,1,6
483,Chad,2000,0,personal,-0.018609844607797577,2.149,0,5,1,7
483,Chad,2001,0,personal,3.4752229475039087,2.251,0,5,1,8
483,Chad,2002,0,personal,7.7462257368799525,2.398,0,5,1,9
483,Chad,2003,0,personal,14.526823387582887,2.66,0,5,1,10
483,Chad,2004,0,personal,23.427297340340814,3.1,0,5,1,11
483,Chad,2005,0,personal,22.83498804261177,3.39,1,5,1,12
483,Chad,2006,1,personal,15.962753574991684,3.487,3,6,1,0
483,Chad,2007,0,personal,11.264919404454288,3.617,3,6,1,1
483,Chad,2008,0,personal,6.791623278954062,3.692,3,6,1,2
483,Chad,2009,0,personal,5.528057393915797,3.795,3,6,1,3
483,Chad,2010,0,personal,8.105930382466697,4.025,3,6,1,4
483,Chad,2011,0,personal,6.3846394005619755,4.089,0,6,1,5
483,Chad,2012,0,personal,7.3046717680225415,4.263,0,6,1,6
483,Chad,2013,0,personal,7.513833608387532,4.43,0,6,1,7
483,Chad,2014,0,personal,8.429243744466696,4.654,0,6,1,8
483,Chad,2015,0,personal,5.216682515962523,4.647,0,6,1,9
483,Chad,2016,0,personal,-1.7952840300107242,4.398,0,6,1,10
483,Chad,2017,0,personal,-7.961654439893772,4.09,0,6,1,11
483,Chad,2018,0,personal,-9.35659057437408,3.939,0,6,1,12
483,Chad,2019,0,personal,-8.54709035222051,3.822,0,6,1,13
483,Chad,2020,0,personal,NA,NA,0,6,1,14
483,Chad,2021,2,personal,NA,NA,0,7,1,0
484,Congo,1960,0,personal,2.8210266687220598,4.002,0,0,0,0
484,Congo,1961,0,personal,2.873359347286275,4.06,0,0,0,1
484,Congo,1962,0,personal,4.218547664109962,4.185,0,0,0,2
484,Congo,1963,2,personal,4.1524014477159366,4.259,0,1,1,0
484,Congo,1964,0,dominant-party,3.8686762023615318,4.328,0,1,1,1
484,Congo,1965,0,dominant-party,3.280852267370604,4.382,0,1,1,2
484,Congo,1966,1,dominant-party,2.4933957454696953,4.423,0,2,1,0
484,Congo,1967,0,dominant-party,2.43222237461711,4.481,0,2,1,1
484,Congo,1968,2,dominant-party,3.7345331833520623,4.611,0,3,1,0
484,Congo,1969,1,dominant-party,4.730774327487963,4.742,0,4,1,0
484,Congo,1970,1,dominant-party,5.509939498703531,4.883,0,5,1,0
484,Congo,1971,0,dominant-party,7.247775726036587,5.111,0,5,1,1
484,Congo,1972,1,dominant-party,8.407885681900984,5.356,0,6,1,0
484,Congo,1973,0,dominant-party,10.650337183164083,5.71,0,6,1,1
484,Congo,1974,0,dominant-party,10.158824182740368,5.951,0,6,1,2
484,Congo,1975,0,dominant-party,6.543385490753928,5.992,0,6,1,3
484,Congo,1976,0,dominant-party,3.169949294608676,5.982,0,6,1,4
484,Congo,1977,0,dominant-party,-0.22691096284755963,5.892,0,6,1,5
484,Congo,1978,0,dominant-party,1.322397053900226,6.053,0,6,1,6
484,Congo,1979,0,dominant-party,7.047806801379997,6.516,0,6,1,7
484,Congo,1980,0,dominant-party,13.818055423894847,7.204,0,6,1,8
484,Congo,1981,0,dominant-party,19.71017069701282,8.079,0,6,1,9
484,Congo,1982,0,dominant-party,22.171577405176635,9.006,0,6,1,10
484,Congo,1983,0,dominant-party,19.324781888732367,9.656,0,6,1,11
484,Congo,1984,0,dominant-party,13.435521341046774,9.961,0,6,1,12
484,Congo,1985,0,dominant-party,4.495786547123859,9.697,0,6,1,13
484,Congo,1986,0,dominant-party,-5.57989881670583,8.921,0,6,1,14
484,Congo,1987,0,dominant-party,-9.079237369738735,8.498,0,6,1,15
484,Congo,1988,0,dominant-party,-9.355885795040509,8.21,0,6,1,16
484,Congo,1989,0,dominant-party,-7.047219597630949,8.067,0,6,1,17
484,Congo,1990,0,dominant-party,-5.077899596076174,7.896,0,6,1,18
484,Congo,1991,0,dominant-party,-3.8043209571364978,7.783,0,6,1,19
484,Congo,1992,0,other,-3.372800484713845,7.655,0,6,1,20
484,Congo,1993,0,presidential,-5.582392601586128,7.31,1,6,1,21
484,Congo,1994,0,presidential,-7.999147893699732,6.91,0,6,1,22
484,Congo,1995,0,presidential,-6.184945765311712,6.85,0,6,1,23
484,Congo,1996,0,presidential,-2.818679007151881,6.93,0,6,1,24
484,Congo,1997,0,presidential,-2.2526146419951654,6.804,3,6,1,25
484,Congo,1998,0,personal,-1.7006603938986675,6.728,3,6,1,26
484,Congo,1999,0,personal,0.5265467310223926,6.873,3,6,1,27
484,Congo,2000,0,personal,5.2251523641720254,7.286,0,6,1,28
484,Congo,2001,0,personal,5.597493234581963,7.414,0,6,1,29
484,Congo,2002,0,personal,5.3189412322539376,7.552,1,6,1,30
484,Congo,2003,0,personal,4.0647090810223,7.655,1,6,1,31
484,Congo,2004,0,personal,4.958655852904648,7.946,0,6,1,32
484,Congo,2005,0,personal,7.481315971954694,8.37,0,6,1,33
484,Congo,2006,0,personal,7.19003115264798,8.602,0,6,1,34
484,Congo,2007,0,personal,2.913568206753636,8.442,0,6,1,35
484,Congo,2008,0,personal,3.4236804564907297,8.7,0,6,1,36
484,Congo,2009,0,personal,4.677034324518492,9.033,0,6,1,37
484,Congo,2010,0,personal,8.9835844389476,9.693,0,6,1,38
484,Congo,2011,0,personal,9.65523245690405,10.076,0,6,1,39
484,Congo,2012,0,personal,7.103195390256678,10.223,0,6,1,40
484,Congo,2013,0,personal,3.2512555661739384,10.156,0,6,1,41
484,Congo,2014,0,personal,-0.43885896668661717,9.982,0,6,1,42
484,Congo,2015,0,personal,-5.018028846153843,9.483,0,6,1,43
484,Congo,2016,0,personal,-9.286081150487934,8.831,0,6,1,44
484,Congo,2017,0,personal,-11.903333618990485,8.224,0,6,1,45
484,Congo,2018,0,personal,-13.04741223307998,7.688,0,6,1,46
484,Congo,2019,0,personal,-14.197889437506051,7.09,0,6,1,47
484,Congo,2020,0,personal,NA,NA,0,6,1,48
490,"Congo, Democratic Republic of (Zaire)",1960,2,parliamentary,-1.6657153235431488,3.79,4,1,1,0
490,"Congo, Democratic Republic of (Zaire)",1961,0,military,-3.5069298614027744,3.676,4,1,1,1
490,"Congo, Democratic Republic of (Zaire)",1962,0,military,1.531256577562612,3.859,4,1,1,2
490,"Congo, Democratic Republic of (Zaire)",1963,0,military,2.7321831244428108,3.918,4,1,1,3
490,"Congo, Democratic Republic of (Zaire)",1964,0,military,0.80138277812698,3.849,4,1,1,4
490,"Congo, Democratic Republic of (Zaire)",1965,2,military,0.990873533246428,3.873,4,2,1,0
490,"Congo, Democratic Republic of (Zaire)",1966,0,personal,0.9937184635979701,3.923,0,2,1,1
490,"Congo, Democratic Republic of (Zaire)",1967,0,personal,-0.17999485728980025,3.882,1,2,1,2
490,"Congo, Democratic Republic of (Zaire)",1968,0,personal,1.0124370438894026,3.931,0,2,1,3
490,"Congo, Democratic Republic of (Zaire)",1969,0,personal,2.7233392720793947,4.036,0,2,1,4
490,"Congo, Democratic Republic of (Zaire)",1970,0,personal,2.1190716448032276,4.048,0,2,1,5
490,"Congo, Democratic Republic of (Zaire)",1971,0,personal,1.8782870022539422,4.068,0,2,1,6
490,"Congo, Democratic Republic of (Zaire)",1972,0,personal,0.7596067917784,4.059,0,2,1,7
490,"Congo, Democratic Republic of (Zaire)",1973,0,personal,1.3427109974424756,4.121,0,2,1,8
490,"Congo, Democratic Republic of (Zaire)",1974,0,personal,0.11778563015312216,4.08,0,2,1,9
490,"Congo, Democratic Republic of (Zaire)",1975,0,personal,-4.538922749120456,3.853,0,2,1,10
490,"Congo, Democratic Republic of (Zaire)",1976,0,personal,-8.048014586709895,3.631,0,2,1,11
490,"Congo, Democratic Republic of (Zaire)",1977,0,personal,-8.78290330987751,3.5,3,2,1,12
490,"Congo, Democratic Republic of (Zaire)",1978,0,personal,-8.725851964401999,3.364,3,2,1,13
490,"Congo, Democratic Republic of (Zaire)",1979,0,personal,-6.021846171260393,3.321,2,2,1,14
490,"Congo, Democratic Republic of (Zaire)",1980,0,personal,-4.094764551038321,3.279,2,2,1,15
490,"Congo, Democratic Republic of (Zaire)",1981,0,personal,-3.1620553359683723,3.234,2,2,1,16
490,"Congo, Democratic Republic of (Zaire)",1982,0,personal,-2.5989872491001154,3.193,2,2,1,17
490,"Congo, Democratic Republic of (Zaire)",1983,0,personal,-1.795077416568991,3.184,2,2,1,18
490,"Congo, Democratic Republic of (Zaire)",1984,0,personal,-0.3851649375660071,3.207,1,2,1,19
490,"Congo, Democratic Republic of (Zaire)",1985,0,personal,-1.1391375101708734,3.159,0,2,1,20
490,"Congo, Democratic Republic of (Zaire)",1986,0,personal,-1.9873817034700259,3.107,0,2,1,21
490,"Congo, Democratic Republic of (Zaire)",1987,0,personal,-3.0891719745222868,3.043,0,2,1,22
490,"Congo, Democratic Republic of (Zaire)",1988,0,personal,-4.263565891472876,2.964,0,2,1,23
490,"Congo, Democratic Republic of (Zaire)",1989,0,personal,-6.041156620128374,2.84,0,2,1,24
490,"Congo, Democratic Republic of (Zaire)",1990,0,personal,-9.664153529814945,2.636,0,2,1,25
490,"Congo, Democratic Republic of (Zaire)",1991,0,personal,-14.070387999423051,2.383,0,2,1,26
490,"Congo, Democratic Republic of (Zaire)",1992,0,personal,-16.878514752330332,2.158,2,2,1,27
490,"Congo, Democratic Republic of (Zaire)",1993,0,personal,-20.42306723747167,1.896,2,2,1,28
490,"Congo, Democratic Republic of (Zaire)",1994,0,personal,-20.747542199962897,1.709,2,2,1,29
490,"Congo, Democratic Republic of (Zaire)",1995,0,personal,-17.23007580413849,1.616,2,2,1,30
490,"Congo, Democratic Republic of (Zaire)",1996,0,personal,-14.271277790253766,1.527,7,2,1,31
490,"Congo, Democratic Republic of (Zaire)",1997,0,personal,-12.167114585878336,1.438,5,2,1,32
490,"Congo, Democratic Republic of (Zaire)",1998,0,personal,-11.487635745126257,1.353,5,2,1,33
490,"Congo, Democratic Republic of (Zaire)",1999,0,personal,-11.454721952572456,1.277,5,2,1,34
490,"Congo, Democratic Republic of (Zaire)",2000,0,personal,-11.578637634250398,1.202,5,2,1,35
490,"Congo, Democratic Republic of (Zaire)",2001,0,personal,-10.180572851805735,1.154,5,2,1,36
490,"Congo, Democratic Republic of (Zaire)",2002,0,personal,-6.4232148679491345,1.148,5,2,1,37
490,"Congo, Democratic Republic of (Zaire)",2003,0,personal,-1.629704301075252,1.171,5,2,1,38
490,"Congo, Democratic Republic of (Zaire)",2004,1,personal,2.8037383177569986,1.21,5,3,1,0
490,"Congo, Democratic Republic of (Zaire)",2005,0,personal,5.608893380495195,1.254,5,3,1,1
490,"Congo, Democratic Republic of (Zaire)",2006,0,personal,6.467006746750048,1.294,5,3,1,2
490,"Congo, Democratic Republic of (Zaire)",2007,0,personal,6.686881583147142,1.337,5,3,1,3
490,"Congo, Democratic Republic of (Zaire)",2008,0,personal,6.442144291673091,1.378,5,3,1,4
490,"Congo, Democratic Republic of (Zaire)",2009,0,personal,5.8858768908192305,1.414,5,3,1,5
490,"Congo, Democratic Republic of (Zaire)",2010,0,personal,6.344367015098729,1.465,5,3,1,6
490,"Congo, Democratic Republic of (Zaire)",2011,0,personal,7.052542849114918,1.524,5,3,1,7
490,"Congo, Democratic Republic of (Zaire)",2012,0,personal,7.535641547861505,1.584,5,3,1,8
490,"Congo, Democratic Republic of (Zaire)",2013,0,personal,8.436886854153048,1.658,6,3,1,9
490,"Congo, Democratic Republic of (Zaire)",2014,0,personal,8.70384325546345,1.731,6,3,1,10
490,"Congo, Democratic Republic of (Zaire)",2015,0,personal,6.909486931268138,1.767,6,3,1,11
490,"Congo, Democratic Republic of (Zaire)",2016,0,personal,4.78480121965521,1.787,6,3,1,12
490,"Congo, Democratic Republic of (Zaire)",2017,0,personal,3.664801918027183,1.816,6,3,1,13
490,"Congo, Democratic Republic of (Zaire)",2018,0,personal,2.9855753102985716,1.842,5,3,1,14
490,"Congo, Democratic Republic of (Zaire)",2019,0,personal,2.030680940293572,1.849,5,3,1,15
490,"Congo, Democratic Republic of (Zaire)",2020,0,personal,NA,NA,5,3,1,16
500,Uganda,1962,0,parliamentary,1.5824808184143224,2.542,0,0,0,0
500,Uganda,1963,0,parliamentary,4.086140254003312,2.639,0,0,0,1
500,Uganda,1964,0,parliamentary,5.788577619563529,2.734,0,0,0,2
500,Uganda,1965,0,parliamentary,6.073211314475868,2.805,0,0,0,3
500,Uganda,1966,0,parliamentary,5.6213670811566585,2.871,1,0,0,4
500,Uganda,1967,0,personal,4.7717842323651505,2.929,0,0,0,5
500,Uganda,1968,0,personal,4.306253489670575,2.989,0,0,0,6
500,Uganda,1969,0,personal,4.785928551949836,3.074,0,0,0,7
500,Uganda,1970,0,personal,3.668314846986509,3.103,0,0,0,8
500,Uganda,1971,2,personal,2.164331293993804,3.106,5,1,1,0
500,Uganda,1972,0,personal,0.5208333333333259,3.088,5,1,1,1
500,Uganda,1973,0,personal,-1.0568631264993855,3.052,5,1,1,2
500,Uganda,1974,1,personal,-2.142764100560124,3.005,5,2,1,0
500,Uganda,1975,0,personal,-3.2587228439762916,2.939,5,2,1,1
500,Uganda,1976,0,personal,-3.904004278360851,2.875,5,2,1,2
500,Uganda,1977,0,personal,-5.0429916746280945,2.783,5,2,1,3
500,Uganda,1978,0,personal,-8.377331925378384,2.603,7,2,1,4
500,Uganda,1979,0,personal,-11.94644696189494,2.394,2,2,1,5
500,Uganda,1980,2,other,-12.345201238390091,2.265,0,3,1,0
500,Uganda,1981,0,personal,-8.732096354166686,2.243,4,3,1,1
500,Uganda,1982,0,personal,-3.0274762550882017,2.287,4,3,1,2
500,Uganda,1983,0,personal,0.47826086956521685,2.311,4,3,1,3
500,Uganda,1984,0,personal,-0.9687362395420451,2.249,4,3,1,4
500,Uganda,1985,2,personal,-2.7113237639553422,2.196,4,4,1,0
500,Uganda,1986,0,other,-3.381211526451966,2.166,6,4,1,1
500,Uganda,1987,0,personal,-1.710941017559664,2.183,2,4,1,2
500,Uganda,1988,0,personal,0.6720552175097705,2.217,2,4,1,3
500,Uganda,1989,0,personal,1.6910628238930858,2.237,2,4,1,4
500,Uganda,1990,0,personal,1.0966104767083484,2.231,2,4,1,5
500,Uganda,1991,0,personal,0.6125022518465029,2.234,2,4,1,6
500,Uganda,1992,0,personal,1.2250737726906769,2.264,2,4,1,7
500,Uganda,1993,0,personal,3.3094416423325557,2.335,2,4,1,8
500,Uganda,1994,0,personal,5.981568422882999,2.438,2,4,1,9
500,Uganda,1995,0,personal,8.2234617985125,2.561,2,4,1,10
500,Uganda,1996,0,personal,8.34081449440951,2.655,3,4,1,11
500,Uganda,1997,0,personal,6.948925788935245,2.718,3,4,1,12
500,Uganda,1998,0,personal,5.927051671732508,2.788,3,4,1,13
500,Uganda,1999,0,personal,5.286408481814164,2.86,3,4,1,14
500,Uganda,2000,0,personal,4.812105565117619,2.923,3,4,1,15
500,Uganda,2001,0,personal,5.307321166352019,3.012,3,4,1,16
500,Uganda,2002,0,personal,5.644831812610662,3.103,3,4,1,17
500,Uganda,2003,0,personal,5.817651736019069,3.194,2,4,1,18
500,Uganda,2004,0,personal,6.206940956796081,3.299,2,4,1,19
500,Uganda,2005,0,personal,7.05603690082901,3.435,2,4,1,20
500,Uganda,2006,0,personal,7.925141412925751,3.587,2,4,1,21
500,Uganda,2007,0,personal,9.031474195788025,3.769,0,4,1,22
500,Uganda,2008,0,personal,9.695290858725759,3.96,0,4,1,23
500,Uganda,2009,0,personal,10.11259713485224,4.166,0,4,1,24
500,Uganda,2010,0,personal,9.099631368984484,4.321,0,4,1,25
500,Uganda,2011,0,personal,7.702728856202823,4.452,0,4,1,26
500,Uganda,2012,0,personal,5.200448556209691,4.503,0,4,1,27
500,Uganda,2013,0,personal,3.1399317406143323,4.533,0,4,1,28
500,Uganda,2014,0,personal,2.033519553072627,4.566,0,4,1,29
500,Uganda,2015,0,personal,1.2809187279151812,4.586,0,4,1,30
500,Uganda,2016,0,personal,1.192825505415951,4.615,0,4,1,31
500,Uganda,2017,0,personal,1.9142919295192407,4.685,0,4,1,32
500,Uganda,2018,0,personal,2.6872227724904274,4.769,0,4,1,33
500,Uganda,2019,0,personal,2.780853419640583,4.827,0,4,1,34
500,Uganda,2020,0,personal,NA,NA,0,4,1,35
501,Kenya,1963,0,dominant-party,1.947496545825378,3.099,0,0,0,0
501,Kenya,1964,0,dominant-party,4.077113455776993,3.196,1,0,0,1
501,Kenya,1965,0,dominant-party,4.690708418891165,3.263,1,0,0,2
501,Kenya,1966,0,dominant-party,6.506656666041621,3.408,1,0,0,3
501,Kenya,1967,0,dominant-party,6.614077669902918,3.514,0,0,0,4
501,Kenya,1968,0,dominant-party,6.556895030873289,3.624,0,0,0,5
501,Kenya,1969,0,dominant-party,6.154811476812516,3.722,0,0,0,6
501,Kenya,1970,0,dominant-party,5.136436597110761,3.799,0,0,0,7
501,Kenya,1971,0,dominant-party,6.067935074707087,3.947,0,0,0,8
501,Kenya,1972,0,dominant-party,6.8972702646384665,4.104,0,0,0,9
501,Kenya,1973,0,dominant-party,6.250632143218371,4.202,0,0,0,10
501,Kenya,1974,0,dominant-party,4.980805197361948,4.266,0,0,0,11
501,Kenya,1975,0,dominant-party,2.6794304406388303,4.269,0,0,0,12
501,Kenya,1976,0,dominant-party,2.168572238495714,4.325,0,0,0,13
501,Kenya,1977,0,dominant-party,3.9093694864889894,4.476,0,0,0,14
501,Kenya,1978,0,dominant-party,4.634190841087382,4.588,0,0,0,15
501,Kenya,1979,0,dominant-party,3.991926440906024,4.637,0,0,0,16
501,Kenya,1980,0,dominant-party,3.0040082808439506,4.677,0,0,0,17
501,Kenya,1981,0,dominant-party,1.3449023861171527,4.672,0,0,0,18
501,Kenya,1982,1,dominant-party,0.4388418018328011,4.669,0,1,1,0
501,Kenya,1983,0,dominant-party,-0.3047079524483909,4.646,0,1,1,1
501,Kenya,1984,0,dominant-party,-0.3775527715805693,4.644,0,1,1,2
501,Kenya,1985,0,dominant-party,0.3303586751330023,4.677,0,1,1,3
501,Kenya,1986,0,dominant-party,1.6586867305061537,4.756,0,1,1,4
501,Kenya,1987,0,dominant-party,2.450314251741137,4.825,0,1,1,5
501,Kenya,1988,0,dominant-party,2.899159663865536,4.898,0,1,1,6
501,Kenya,1989,0,dominant-party,2.655050819332083,4.949,0,1,1,7
501,Kenya,1990,0,dominant-party,2.7968596663395573,5.028,0,1,1,8
501,Kenya,1991,0,dominant-party,1.053057918185507,4.99,1,1,1,9
501,Kenya,1992,0,dominant-party,-1.2320743284184976,4.89,1,1,1,10
501,Kenya,1993,0,dominant-party,-2.044948370115407,4.838,1,1,1,11
501,Kenya,1994,0,dominant-party,-0.8851713496833002,4.882,0,1,1,12
501,Kenya,1995,0,dominant-party,0.3588614305521487,4.922,0,1,1,13
501,Kenya,1996,0,dominant-party,1.3389394619749417,4.965,0,1,1,14
501,Kenya,1997,0,dominant-party,0.9159373091797152,4.958,0,1,1,15
501,Kenya,1998,0,dominant-party,0.3606012722337182,4.954,0,1,1,16
501,Kenya,1999,0,dominant-party,-0.3194629786890002,4.93,0,1,1,17
501,Kenya,2000,0,dominant-party,-1.2600786029739464,4.874,0,1,1,18
501,Kenya,2001,0,dominant-party,-1.0088272383354302,4.867,0,1,1,19
501,Kenya,2002,0,dominant-party,-1.4606006055150944,4.817,0,1,1,20
501,Kenya,2003,0,presidential,-1.0866880711286608,4.806,0,1,1,21
501,Kenya,2004,0,presidential,0.5610792524443964,4.875,0,1,1,22
501,Kenya,2005,0,presidential,2.6714268127538965,5.004,0,1,1,23
501,Kenya,2006,0,presidential,4.918763421255212,5.179,1,1,1,24
501,Kenya,2007,0,presidential,5.794800555665813,5.331,1,1,1,25
501,Kenya,2008,0,presidential,4.7417803970223105,5.403,4,1,1,26
501,Kenya,2009,0,presidential,4.503857207684159,5.527,4,1,1,27
501,Kenya,2010,0,presidential,5.766401882906735,5.752,0,1,1,28
501,Kenya,2011,0,presidential,6.249776410403185,5.94,0,1,1,29
501,Kenya,2012,0,presidential,6.40963184633585,6.116,0,1,1,30
501,Kenya,2013,0,presidential,6.253374730021588,6.297,0,1,1,31
501,Kenya,2014,0,presidential,5.7280251234911095,6.464,0,1,1,32
501,Kenya,2015,0,presidential,5.2271570374140985,6.615,0,1,1,33
501,Kenya,2016,0,presidential,5.277012170573858,6.799,0,1,1,34
501,Kenya,2017,0,presidential,5.821938437443519,7.027,0,1,1,35
501,Kenya,2018,0,presidential,5.741332317341219,7.216,0,1,1,36
501,Kenya,2019,0,presidential,4.187537567621713,7.28,0,1,1,37
501,Kenya,2020,0,presidential,NA,NA,0,1,1,38
510,Tanzania/Tanganyika,1961,0,parliamentary,2.4501768613579555,2.375,0,0,0,0
510,Tanzania/Tanganyika,1962,0,parliamentary,4.70848206697263,2.464,0,0,0,1
510,Tanzania/Tanganyika,1963,0,parliamentary,6.032906764168189,2.552,0,0,0,2
510,Tanzania/Tanganyika,1964,0,parliamentary,6.4638783269961975,2.632,1,0,0,3
510,Tanzania/Tanganyika,1965,0,dominant-party,6.107050224003774,2.7,0,0,0,4
510,Tanzania/Tanganyika,1966,0,dominant-party,7.018076864651368,2.818,0,0,0,5
510,Tanzania/Tanganyika,1967,0,dominant-party,6.5441176470588225,2.898,0,0,0,6
510,Tanzania/Tanganyika,1968,0,dominant-party,6.103822019395322,2.976,0,0,0,7
510,Tanzania/Tanganyika,1969,0,dominant-party,5.239448333217811,3.037,0,0,0,8
510,Tanzania/Tanganyika,1970,0,dominant-party,5.004377988819297,3.118,0,0,0,9
510,Tanzania/Tanganyika,1971,0,dominant-party,4.64734108985736,3.184,0,0,0,10
510,Tanzania/Tanganyika,1972,0,dominant-party,4.65489566613162,3.26,0,0,0,11
510,Tanzania/Tanganyika,1973,0,dominant-party,4.600803414511678,3.333,0,0,0,12
510,Tanzania/Tanganyika,1974,0,dominant-party,4.180735465651675,3.394,0,0,0,13
510,Tanzania/Tanganyika,1975,0,dominant-party,4.6881565520139334,3.488,0,0,0,14
510,Tanzania/Tanganyika,1976,0,dominant-party,5.047189167008614,3.584,0,0,0,15
510,Tanzania/Tanganyika,1977,0,dominant-party,3.727528573890071,3.612,0,0,0,16
510,Tanzania/Tanganyika,1978,0,dominant-party,1.8439957011143093,3.601,2,0,0,17
510,Tanzania/Tanganyika,1979,0,dominant-party,-0.7012622720897643,3.54,2,0,0,18
510,Tanzania/Tanganyika,1980,0,dominant-party,-3.0870445344129527,3.447,0,0,0,19
510,Tanzania/Tanganyika,1981,0,dominant-party,-4.973762263289993,3.332,0,0,0,20
510,Tanzania/Tanganyika,1982,0,dominant-party,-4.674690388976099,3.279,0,0,0,21
510,Tanzania/Tanganyika,1983,0,dominant-party,-3.645214913322248,3.246,0,0,0,22
510,Tanzania/Tanganyika,1984,0,dominant-party,-2.834130684914915,3.209,0,0,0,23
510,Tanzania/Tanganyika,1985,0,dominant-party,-3.545617394527145,3.123,0,0,0,24
510,Tanzania/Tanganyika,1986,0,dominant-party,-7.5118858954041245,2.918,0,0,0,25
510,Tanzania/Tanganyika,1987,0,dominant-party,-8.980820841788306,2.781,0,0,0,26
510,Tanzania/Tanganyika,1988,0,dominant-party,-5.794657312466278,2.793,0,0,0,27
510,Tanzania/Tanganyika,1989,0,dominant-party,-3.3546325878594296,2.783,0,0,0,28
510,Tanzania/Tanganyika,1990,0,dominant-party,-1.7602622576966875,2.757,0,0,0,29
510,Tanzania/Tanganyika,1991,0,dominant-party,-1.720523386105688,2.719,0,0,0,30
510,Tanzania/Tanganyika,1992,0,dominant-party,-3.4460100751989464,2.645,0,0,0,31
510,Tanzania/Tanganyika,1993,0,dominant-party,-4.181184668989546,2.585,0,0,0,32
510,Tanzania/Tanganyika,1994,0,dominant-party,-3.756222658017805,2.552,0,0,0,33
510,Tanzania/Tanganyika,1995,0,dominant-party,-1.445064607385893,2.578,0,0,0,34
510,Tanzania/Tanganyika,1996,0,dominant-party,1.3851481338976512,2.635,0,0,0,35
510,Tanzania/Tanganyika,1997,0,dominant-party,3.539416226154901,2.703,0,0,0,36
510,Tanzania/Tanganyika,1998,0,dominant-party,4.802174569616424,2.776,0,0,0,37
510,Tanzania/Tanganyika,1999,0,dominant-party,5.432135212930844,2.857,0,0,0,38
510,Tanzania/Tanganyika,2000,0,dominant-party,5.955031966094415,2.95,0,0,0,39
510,Tanzania/Tanganyika,2001,0,dominant-party,6.677354150693526,3.061,0,0,0,40
510,Tanzania/Tanganyika,2002,0,dominant-party,7.681940700808632,3.196,0,0,0,41
510,Tanzania/Tanganyika,2003,0,dominant-party,8.031710962375715,3.325,0,0,0,42
510,Tanzania/Tanganyika,2004,0,dominant-party,8.448415922014618,3.471,0,0,0,43
510,Tanzania/Tanganyika,2005,0,dominant-party,8.957459556620728,3.637,0,0,0,44
510,Tanzania/Tanganyika,2006,0,dominant-party,8.879067898754522,3.794,0,0,0,45
510,Tanzania/Tanganyika,2007,0,dominant-party,9.062431303583196,3.969,0,0,0,46
510,Tanzania/Tanganyika,2008,0,dominant-party,8.843179546530578,4.138,0,0,0,47
510,Tanzania/Tanganyika,2009,0,dominant-party,8.318628686664976,4.297,0,0,0,48
510,Tanzania/Tanganyika,2010,0,dominant-party,8.34663184873543,4.481,0,0,0,49
510,Tanzania/Tanganyika,2011,0,dominant-party,8.363872524006123,4.672,0,0,0,50
510,Tanzania/Tanganyika,2012,0,dominant-party,7.2704537334762565,4.804,0,0,0,51
510,Tanzania/Tanganyika,2013,0,dominant-party,6.526987411622698,4.942,0,0,0,52
510,Tanzania/Tanganyika,2014,0,dominant-party,5.84383081671811,5.075,0,0,0,53
510,Tanzania/Tanganyika,2015,0,dominant-party,4.7648012976480025,5.167,0,0,0,54
510,Tanzania/Tanganyika,2016,0,dominant-party,4.808414725770094,5.301,0,0,0,55
510,Tanzania/Tanganyika,2017,0,dominant-party,4.047471779805156,5.383,0,0,0,56
510,Tanzania/Tanganyika,2018,0,dominant-party,3.1180062967037347,5.437,0,0,0,57
510,Tanzania/Tanganyika,2019,0,dominant-party,1.2885825591849143,5.408,0,0,0,58
510,Tanzania/Tanganyika,2020,0,dominant-party,NA,NA,0,0,0,59
516,Burundi,1962,0,other,-5.090992858788301,1.648,1,0,0,0
516,Burundi,1963,0,other,-2.134396622493251,1.669,1,0,0,1
516,Burundi,1964,0,other,0.8798002615622469,1.697,1,0,0,2
516,Burundi,1965,1,other,3.1093638313080874,1.731,2,1,1,0
516,Burundi,1966,2,other,3.9807421324565384,1.771,0,2,1,0
516,Burundi,1967,0,dominant-party,5.287356321839076,1.832,0,2,1,1
516,Burundi,1968,0,dominant-party,4.422189715314495,1.856,0,2,1,2
516,Burundi,1969,0,dominant-party,4.2056589232632335,1.893,0,2,1,3
516,Burundi,1970,0,dominant-party,8.977768322518864,2.049,0,2,1,4
516,Burundi,1971,0,dominant-party,8.35643157786674,2.111,0,2,1,5
516,Burundi,1972,0,dominant-party,5.3393213572854314,2.111,6,2,1,6
516,Burundi,1973,0,dominant-party,4.80201374770064,2.165,4,2,1,7
516,Burundi,1974,0,dominant-party,2.899642251929957,2.186,0,2,1,8
516,Burundi,1975,0,dominant-party,3.1018518518518334,2.227,0,2,1,9
516,Burundi,1976,2,dominant-party,6.298142274580898,2.346,0,3,1,0
516,Burundi,1977,0,dominant-party,8.287244315687836,2.467,0,3,1,1
516,Burundi,1978,0,dominant-party,6.667803547066842,2.502,0,3,1,2
516,Burundi,1979,0,dominant-party,3.605849119308746,2.494,0,3,1,3
516,Burundi,1980,0,dominant-party,0.7408010420058675,2.475,0,3,1,4
516,Burundi,1981,0,dominant-party,1.1718436471626958,2.521,0,3,1,5
516,Burundi,1982,0,dominant-party,1.1177644710578916,2.533,0,3,1,6
516,Burundi,1983,0,dominant-party,1.5345471893138063,2.554,0,3,1,7
516,Burundi,1984,0,dominant-party,2.1229579354431483,2.588,0,3,1,8
516,Burundi,1985,0,dominant-party,3.977316864755709,2.677,0,3,1,9
516,Burundi,1986,0,dominant-party,4.49300832887598,2.735,0,3,1,10
516,Burundi,1987,2,dominant-party,3.7098227696004793,2.762,0,4,1,0
516,Burundi,1988,0,military,3.20035395619791,2.799,3,4,1,1
516,Burundi,1989,0,military,1.763809247296222,2.804,0,4,1,2
516,Burundi,1990,0,military,1.6079247720910184,2.831,0,4,1,3
516,Burundi,1991,0,military,1.338840620994164,2.846,1,4,1,4
516,Burundi,1992,0,military,-0.7674269878490625,2.793,0,4,1,5
516,Burundi,1993,1,military,-3.999139969898957,2.679,4,5,1,0
516,Burundi,1994,0,presidential,-6.512068839787055,2.564,4,5,1,1
516,Burundi,1995,0,presidential,-10.300882286403745,2.379,4,5,1,2
516,Burundi,1996,2,presidential,-12.475247524752476,2.21,4,6,1,0
516,Burundi,1997,0,military,-10.830686946347978,2.134,4,6,1,1
516,Burundi,1998,0,military,-7.181690634864967,2.117,4,6,1,2
516,Burundi,1999,0,military,-5.095774906058093,2.071,4,6,1,3
516,Burundi,2000,0,military,-4.321865226044908,2.019,4,6,1,4
516,Burundi,2001,1,military,-3.414586960727417,1.997,4,7,1,0
516,Burundi,2002,0,military,-2.3540951446787695,1.991,4,7,1,1
516,Burundi,2003,0,military,-2.330909453132779,1.961,4,7,1,2
516,Burundi,2004,0,other,-1.45102781136639,1.956,4,7,1,3
516,Burundi,2005,0,other,-1.6768292682926789,1.935,4,7,1,4
516,Burundi,2006,0,presidential,-1.4228682567304807,1.926,0,7,1,5
516,Burundi,2007,0,presidential,-1.5902519619991784,1.906,0,7,1,6
516,Burundi,2008,0,presidential,-0.9865005192107978,1.907,0,7,1,7
516,Burundi,2009,0,presidential,-0.6055543954896714,1.904,0,7,1,8
516,Burundi,2010,0,presidential,-0.11517118626321876,1.908,0,7,1,9
516,Burundi,2011,0,presidential,0.324981654261447,1.914,0,7,1,10
516,Burundi,2012,0,presidential,0.7845188284518967,1.927,0,7,1,11
516,Burundi,2013,0,presidential,0.990615224191882,1.937,0,7,1,12
516,Burundi,2014,0,presidential,-0.02081815342979132,1.921,0,7,1,13
516,Burundi,2015,1,presidential,-4.27431211930267,1.823,1,8,1,0
516,Burundi,2016,0,personal,-5.8465806038621615,1.765,1,8,1,1
516,Burundi,2017,0,personal,-5.026109660574418,1.746,1,8,1,2
516,Burundi,2018,0,personal,-3.5936804628393437,1.733,1,8,1,3
516,Burundi,2019,0,personal,-1.0783200908058954,1.743,1,8,1,4
516,Burundi,2020,0,personal,NA,NA,1,8,1,5
517,Rwanda,1961,NA,dominant-party,-1.0756819054936528,2.06,3,NA,NA,NA
517,Rwanda,1962,0,dominant-party,-0.48963133640553824,2.073,4,0,0,0
517,Rwanda,1963,0,dominant-party,-4.724868753645728,1.96,4,0,0,1
517,Rwanda,1964,0,dominant-party,-8.1296758104738025,1.842,4,0,0,2
517,Rwanda,1965,0,dominant-party,-5.674846625766872,1.845,3,0,0,3
517,Rwanda,1966,0,dominant-party,-1.4560582423296942,1.895,0,0,0,4
517,Rwanda,1967,0,dominant-party,3.344903755127815,1.965,0,0,0,5
517,Rwanda,1968,0,dominant-party,7.0498802457565235,2.056,0,0,0,6
517,Rwanda,1969,0,dominant-party,8.781127129750988,2.158,0,0,0,7
517,Rwanda,1970,0,dominant-party,8.704080643597933,2.243,0,0,0,8
517,Rwanda,1971,0,dominant-party,5.748525418968242,2.259,0,0,0,9
517,Rwanda,1972,0,dominant-party,2.8795334426827024,2.258,0,0,0,10
517,Rwanda,1973,2,dominant-party,1.3054363376251654,2.266,0,1,1,0
517,Rwanda,1974,0,military,0.7607926397735332,2.278,0,1,1,1
517,Rwanda,1975,0,military,1.8193004042889926,2.317,0,1,1,2
517,Rwanda,1976,0,military,6.362773029439683,2.464,0,1,1,3
517,Rwanda,1977,0,military,7.797779273216698,2.563,0,1,1,4
517,Rwanda,1978,0,military,8.925377987319138,2.68,0,1,1,5
517,Rwanda,1979,0,military,9.687719024998053,2.817,0,1,1,6
517,Rwanda,1980,0,military,8.656849620705053,2.922,0,1,1,7
517,Rwanda,1981,0,military,7.645587709896384,3.013,0,1,1,8
517,Rwanda,1982,0,military,4.757294979947457,3.03,0,1,1,9
517,Rwanda,1983,0,military,2.4161436188162355,3.035,0,1,1,10
517,Rwanda,1984,0,military,-0.9355162044771159,2.965,0,1,1,11
517,Rwanda,1985,0,military,-1.5939709217020148,2.951,0,1,1,12
517,Rwanda,1986,0,military,-1.6965064038087618,2.932,0,1,1,13
517,Rwanda,1987,0,military,-3.1688946189862177,2.854,0,1,1,14
517,Rwanda,1988,0,military,-3.7678559105651765,2.789,0,1,1,15
517,Rwanda,1989,0,military,-4.4778214486243755,2.722,0,1,1,16
517,Rwanda,1990,0,military,-5.987206210019402,2.616,3,1,1,17
517,Rwanda,1991,0,military,-7.095721806183741,2.506,3,1,1,18
517,Rwanda,1992,0,military,-6.646779868441177,2.441,3,1,1,19
517,Rwanda,1993,0,military,-11.498759702328554,2.212,3,1,1,20
517,Rwanda,1994,2,military,-22.027458768672815,1.806,10,2,1,0
517,Rwanda,1995,0,dominant-party,-11.200807265388502,1.936,3,2,1,1
517,Rwanda,1996,0,dominant-party,-3.101891865936812,2.018,5,2,1,2
517,Rwanda,1997,0,dominant-party,3.383084577114426,2.078,5,2,1,3
517,Rwanda,1998,0,dominant-party,6.802448078659595,2.129,5,2,1,4
517,Rwanda,1999,0,dominant-party,5.061943476577624,2.171,2,2,1,5
517,Rwanda,2000,0,dominant-party,6.006569685593632,2.259,2,2,1,6
517,Rwanda,2001,0,dominant-party,7.979302832244017,2.379,3,2,1,7
517,Rwanda,2002,0,dominant-party,10.30694105336587,2.53,2,2,1,8
517,Rwanda,2003,0,dominant-party,9.377614187719608,2.615,0,2,1,9
517,Rwanda,2004,0,dominant-party,9.33631499081542,2.738,0,2,1,10
517,Rwanda,2005,0,dominant-party,9.958190801976441,2.893,0,2,1,11
517,Rwanda,2006,0,dominant-party,10.581092801387681,3.06,0,2,1,12
517,Rwanda,2007,0,dominant-party,10.487149452215249,3.207,0,2,1,13
517,Rwanda,2008,0,dominant-party,11.278097229482498,3.406,0,2,1,14
517,Rwanda,2009,0,dominant-party,10.598078710876969,3.569,0,2,1,15
517,Rwanda,2010,0,dominant-party,10.047705989752043,3.737,0,2,1,16
517,Rwanda,2011,0,dominant-party,9.433750491048865,3.9,0,2,1,17
517,Rwanda,2012,0,dominant-party,9.074856867676173,4.077,0,2,1,18
517,Rwanda,2013,0,dominant-party,7.806405255594329,4.201,0,2,1,19
517,Rwanda,2014,0,dominant-party,6.93998518152632,4.33,0,2,1,20
517,Rwanda,2015,0,dominant-party,6.427617776082406,4.464,0,2,1,21
517,Rwanda,2016,0,dominant-party,6.454587367450437,4.618,0,2,1,22
517,Rwanda,2017,0,dominant-party,7.220908969269857,4.808,0,2,1,23
517,Rwanda,2018,0,dominant-party,8.054037774813905,5.023,0,2,1,24
517,Rwanda,2019,0,dominant-party,7.988227003274884,5.21,0,2,1,25
517,Rwanda,2020,0,dominant-party,NA,NA,0,2,1,26
520,Somalia,1960,0,presidential,NA,1.456,0,0,0,0
520,Somalia,1961,1,presidential,NA,1.465,0,1,1,0
520,Somalia,1962,0,presidential,NA,1.494,0,1,1,1
520,Somalia,1963,0,presidential,NA,1.522,1,1,1,2
520,Somalia,1964,0,presidential,4.094425180048011,1.561,2,1,1,3
520,Somalia,1965,0,presidential,5.355976485956893,1.613,0,1,1,4
520,Somalia,1966,0,presidential,5.73248407643312,1.66,0,1,1,5
520,Somalia,1967,0,presidential,7.072205736894177,1.732,0,1,1,6
520,Somalia,1968,0,presidential,8.233890214797146,1.814,0,1,1,7
520,Somalia,1969,2,presidential,8.64325068870524,1.893,0,2,1,0
520,Somalia,1970,0,personal,9.085903083700453,1.981,0,2,1,1
520,Somalia,1971,0,personal,9.350321154048636,2.077,0,2,1,2
520,Somalia,1972,0,personal,9.602815485168437,2.18,0,2,1,3
520,Somalia,1973,0,personal,10.248298341482132,2.3,0,2,1,4
520,Somalia,1974,0,personal,10.136986301369856,2.412,0,2,1,5
520,Somalia,1975,0,personal,9.670119244494725,2.52,0,2,1,6
520,Somalia,1976,0,personal,8.355525965379496,2.604,0,2,1,7
520,Somalia,1977,0,personal,6.244995996797442,2.654,0,2,1,8
520,Somalia,1978,1,personal,4.763012954774659,2.701,1,3,1,0
520,Somalia,1979,0,personal,4.357018802386148,2.764,0,3,1,1
520,Somalia,1980,0,personal,4.57998377461466,2.836,0,3,1,2
520,Somalia,1981,0,personal,5.537951893993953,2.931,0,3,1,3
520,Somalia,1982,0,personal,6.695146718957923,3.047,0,3,1,4
520,Somalia,1983,0,personal,7.072558202674251,3.155,0,3,1,5
520,Somalia,1984,0,personal,7.1873974401050145,3.266,0,3,1,6
520,Somalia,1985,0,personal,6.530845392231521,3.357,0,3,1,7
520,Somalia,1986,0,personal,5.505998154414038,3.43,0,3,1,8
520,Somalia,1987,0,personal,4.242823755018876,3.479,0,3,1,9
520,Somalia,1988,0,personal,3.330011139121769,3.525,5,3,1,10
520,Somalia,1989,0,personal,2.702235538142417,3.565,5,3,1,11
520,Somalia,1990,0,personal,2.2107297112980095,3.597,5,3,1,12
520,Somalia,1991,0,personal,2.257412398921832,3.642,5,3,1,13
520,Somalia,1992,0,other,2.8327512611563854,3.71,5,3,1,14
520,Somalia,1993,0,other,4.005238459019966,3.812,5,3,1,15
520,Somalia,1994,0,other,4.813664596273304,3.915,5,3,1,16
520,Somalia,1995,0,other,5.323771135423772,4.024,5,3,1,17
520,Somalia,1996,0,other,5.324960432940218,4.126,5,3,1,18
520,Somalia,1997,0,other,5.638350720317931,4.253,5,3,1,19
520,Somalia,1998,0,other,5.426056678595614,4.36,5,3,1,20
520,Somalia,1999,0,other,5.502212181116439,4.483,5,3,1,21
520,Somalia,2000,0,other,5.307787505156525,4.595,5,3,1,22
520,Somalia,2001,0,other,5.323041227913605,4.721,5,3,1,23
520,Somalia,2002,0,other,5.204800417427613,4.839,5,3,1,24
520,Somalia,2003,0,other,5.4447690418730765,4.981,5,3,1,25
520,Somalia,2004,0,other,5.166508480171661,5.097,5,3,1,26
520,Somalia,2005,0,other,5.0599308181159985,5.224,5,3,1,27
520,Somalia,2006,0,other,5.04745470232959,5.357,5,3,1,28
520,Somalia,2007,0,other,5.126342750105128,5.5,5,3,1,29
520,Somalia,2008,0,other,5.462200529080818,5.661,5,3,1,30
520,Somalia,2009,0,other,5.479949192524036,5.813,5,3,1,31
520,Somalia,2010,0,other,5.2361759298543475,5.953,5,3,1,32
520,Somalia,2011,0,other,5.455171226983313,6.128,5,3,1,33
520,Somalia,2012,0,other,5.5099648300117154,6.3,5,3,1,34
520,Somalia,2013,0,other,5.202180085506347,6.447,5,3,1,35
520,Somalia,2014,0,other,4.397705544933084,6.552,5,3,1,36
520,Somalia,2015,0,other,2.591353818261388,6.564,5,3,1,37
520,Somalia,2016,0,other,1.5437234239230824,6.591,5,3,1,38
520,Somalia,2017,0,other,0.8119905980036091,6.605,5,3,1,39
520,Somalia,2018,0,other,0.158040300276574,6.591,5,3,1,40
520,Somalia,2019,0,other,-0.11843663639952151,6.578,5,3,1,41
520,Somalia,2020,0,other,NA,NA,5,3,1,42
522,Djibouti,1977,0,personal,-10.115846090194447,10.428,0,0,0,0
522,Djibouti,1978,0,personal,-14.544169098852489,9.428,0,0,0,1
522,Djibouti,1979,0,personal,-15.398672694046367,8.796,0,0,0,2
522,Djibouti,1980,0,personal,-13.282231975438386,8.417,0,0,0,3
522,Djibouti,1981,0,personal,-9.719919534894006,8.168,0,0,0,4
522,Djibouti,1982,0,personal,-6.428788267986841,8.014,0,0,0,5
522,Djibouti,1983,0,personal,-4.630931032811503,7.871,0,0,0,6
522,Djibouti,1984,0,personal,-4.157331341797343,7.7,0,0,0,7
522,Djibouti,1985,0,personal,-4.414386876560183,7.505,0,0,0,8
522,Djibouti,1986,0,personal,-5.313795530988452,7.263,0,0,0,9
522,Djibouti,1987,0,personal,-6.242468064593886,7.002,0,0,0,10
522,Djibouti,1988,0,personal,-7.0104687456840615,6.733,0,0,0,11
522,Djibouti,1989,0,personal,-8.844454644557908,6.355,0,0,0,12
522,Djibouti,1990,0,personal,-10.262179025677954,5.983,0,0,0,13
522,Djibouti,1991,0,personal,-10.792500393886872,5.662,1,0,0,14
522,Djibouti,1992,0,personal,-5.8315830926752525,5.739,1,0,0,15
522,Djibouti,1993,0,personal,-0.32040472175379753,5.911,1,0,0,16
522,Djibouti,1994,0,personal,-0.9328422429520478,5.756,1,0,0,17
522,Djibouti,1995,0,personal,-0.5556520229206496,5.727,0,0,0,18
522,Djibouti,1996,0,personal,-3.4356470177886345,5.537,0,0,0,19
522,Djibouti,1997,0,personal,-3.8996723852467663,5.456,0,0,0,20
522,Djibouti,1998,0,personal,-3.8814016172506793,5.349,0,0,0,21
522,Djibouti,1999,0,personal,-3.189856767027177,5.299,0,0,0,22
522,Djibouti,2000,1,personal,-2.9681215551914164,5.211,0,1,1,0
522,Djibouti,2001,0,personal,-2.777777777777779,5.145,0,1,1,1
522,Djibouti,2002,0,personal,-1.4986428107198857,5.153,0,1,1,2
522,Djibouti,2003,0,personal,2.080624187256186,5.338,0,1,1,3
522,Djibouti,2004,0,personal,5.797594735647826,5.595,0,1,1,4
522,Djibouti,2005,0,personal,7.690602017812953,5.828,0,1,1,5
522,Djibouti,2006,0,personal,8.846208767670994,6.098,0,1,1,6
522,Djibouti,2007,0,personal,7.718973091707859,6.277,0,1,1,7
522,Djibouti,2008,0,personal,6.384386371154482,6.432,0,1,1,8
522,Djibouti,2009,0,personal,4.269742337595583,6.491,0,1,1,9
522,Djibouti,2010,0,personal,2.9194788887144885,6.557,0,1,1,10
522,Djibouti,2011,0,personal,4.432226556500907,6.8,0,1,1,11
522,Djibouti,2012,0,personal,7.010407943533914,7.156,0,1,1,12
522,Djibouti,2013,0,personal,10.96064081138708,7.702,0,1,1,13
522,Djibouti,2014,0,personal,12.463258522649244,8.188,0,1,1,14
522,Djibouti,2015,0,personal,12.097424033687698,8.625,0,1,1,15
522,Djibouti,2016,0,personal,11.93206881340978,9.135,0,1,1,16
522,Djibouti,2017,0,personal,13.760014692041045,9.911,0,1,1,17
522,Djibouti,2018,0,personal,14.949317068980328,10.705,0,1,1,18
522,Djibouti,2019,0,personal,14.644628763079147,11.417,0,1,1,19
522,Djibouti,2020,0,personal,NA,NA,0,1,1,20
530,Ethiopia,1950,0,other,2.6592455163883644,1.328,0,0,0,0
530,Ethiopia,1951,0,other,4.370415647921777,1.366,0,0,0,1
530,Ethiopia,1952,0,other,4.974451457769757,1.397,0,0,0,2
530,Ethiopia,1953,0,other,5.07352941176471,1.429,0,0,0,3
530,Ethiopia,1954,0,other,3.676048248133257,1.444,0,0,0,4
530,Ethiopia,1955,0,other,3.210363277949857,1.466,0,0,0,5
530,Ethiopia,1956,0,other,2.7150574871865896,1.483,0,0,0,6
530,Ethiopia,1957,0,other,1.8873085339168538,1.49,0,0,0,7
530,Ethiopia,1958,0,other,1.9082419813235996,1.506,0,0,0,8
530,Ethiopia,1959,0,other,2.341137123745818,1.53,0,0,0,9
530,Ethiopia,1960,1,other,3.7847817486482915,1.574,0,1,1,0
530,Ethiopia,1961,1,other,4.871097292395388,1.619,0,2,1,0
530,Ethiopia,1962,0,other,5.809391216301729,1.672,1,2,1,1
530,Ethiopia,1963,0,other,7.716844558949809,1.756,2,2,1,2
530,Ethiopia,1964,0,other,8.039308548425295,1.825,2,2,1,3
530,Ethiopia,1965,0,other,7.717776001826682,1.887,1,2,1,4
530,Ethiopia,1966,0,other,6.741573033707859,1.938,1,2,1,5
530,Ethiopia,1967,0,other,5.308036665956073,1.976,1,2,1,6
530,Ethiopia,1968,0,other,4.173154780442223,2.007,1,2,1,7
530,Ethiopia,1969,0,other,3.735282176207888,2.044,1,2,1,8
530,Ethiopia,1970,0,other,3.6524681528662617,2.083,1,2,1,9
530,Ethiopia,1971,0,other,3.8491598280578243,2.126,1,2,1,10
530,Ethiopia,1972,0,other,3.8749280644542416,2.166,1,2,1,11
530,Ethiopia,1973,0,other,3.1020177258155757,2.187,1,2,1,12
530,Ethiopia,1974,2,other,1.8415178571428603,2.19,6,3,1,0
530,Ethiopia,1975,0,military,0.8747697974217372,2.191,6,3,1,1
530,Ethiopia,1976,0,military,0.6036217303823088,2.2,6,3,1,2
530,Ethiopia,1977,2,military,0.8739985433357633,2.216,8,4,1,0
530,Ethiopia,1978,0,military,0.68088969586928,2.218,8,4,1,1
530,Ethiopia,1979,0,military,1.65207186061207,2.252,8,4,1,2
530,Ethiopia,1980,0,military,2.095647501343345,2.28,6,4,1,3
530,Ethiopia,1981,0,military,1.1210961829344335,2.273,6,4,1,4
530,Ethiopia,1982,0,military,0.25695552011339995,2.263,6,4,1,5
530,Ethiopia,1983,0,military,0.0705654053100524,2.269,6,4,1,6
530,Ethiopia,1984,0,military,-1.9911504424778736,2.215,6,4,1,7
530,Ethiopia,1985,0,military,-3.76007162041182,2.15,6,4,1,8
530,Ethiopia,1986,0,military,-2.2151898734177222,2.163,6,4,1,9
530,Ethiopia,1987,0,military,0.10000909173562,2.202,6,4,1,10
530,Ethiopia,1988,0,military,-0.05499037668407203,2.181,6,4,1,11
530,Ethiopia,1989,1,military,-1.8484288354898348,2.124,6,5,1,0
530,Ethiopia,1990,0,military,-5.367495792032906,2.024,6,5,1,1
530,Ethiopia,1991,0,military,-9.828977709454257,1.877,6,5,1,2
530,Ethiopia,1992,0,dominant-party,-12.320369812079178,1.745,0,5,1,3
530,Ethiopia,1993,0,dominant-party,-9.292035398230091,1.722,0,5,1,4
530,Ethiopia,1994,0,dominant-party,-5.280528052805289,1.722,0,5,1,5
530,Ethiopia,1995,0,dominant-party,-0.43069250821716754,1.757,0,5,1,6
530,Ethiopia,1996,0,dominant-party,2.9949702789209054,1.802,0,5,1,7
530,Ethiopia,1997,0,dominant-party,3.3193610513198024,1.824,0,5,1,8
530,Ethiopia,1998,0,dominant-party,0.7081038552321006,1.792,0,5,1,9
530,Ethiopia,1999,0,dominant-party,-0.793207462853307,1.776,0,5,1,10
530,Ethiopia,2000,0,dominant-party,-0.5121924061908478,1.787,0,5,1,11
530,Ethiopia,2001,0,dominant-party,1.1223469274363795,1.82,0,5,1,12
530,Ethiopia,2002,0,dominant-party,0.8566978193146335,1.813,0,5,1,13
530,Ethiopia,2003,0,dominant-party,0.9316770186335477,1.82,0,5,1,14
530,Ethiopia,2004,0,dominant-party,3.982058855705062,1.901,0,5,1,15
530,Ethiopia,2005,0,dominant-party,8.32978270132083,2.034,0,5,1,16
530,Ethiopia,2006,0,dominant-party,11.419182583692745,2.17,0,5,1,17
530,Ethiopia,2007,0,dominant-party,13.97954213346322,2.34,0,5,1,18
530,Ethiopia,2008,0,dominant-party,14.594742606790811,2.511,0,5,1,19
530,Ethiopia,2009,0,dominant-party,14.023870417732297,2.675,0,5,1,20
530,Ethiopia,2010,0,dominant-party,13.951266125179163,2.862,0,5,1,21
530,Ethiopia,2011,0,dominant-party,14.37374712302324,3.081,0,5,1,22
530,Ethiopia,2012,0,dominant-party,14.433203991130817,3.303,0,5,1,23
530,Ethiopia,2013,0,dominant-party,13.932249498024474,3.518,0,5,1,24
530,Ethiopia,2014,0,dominant-party,13.540026644059576,3.75,0,5,1,25
530,Ethiopia,2015,0,dominant-party,12.137053241661455,3.947,0,5,1,26
530,Ethiopia,2016,0,dominant-party,11.921946003742324,4.187,0,5,1,27
530,Ethiopia,2017,0,dominant-party,12.274695398247903,4.46,0,5,1,28
530,Ethiopia,2018,0,dominant-party,11.393789528746012,4.685,0,5,1,29
530,Ethiopia,2019,0,dominant-party,9.88440350401878,4.867,0,5,1,30
530,Ethiopia,2020,0,dominant-party,NA,NA,0,5,1,31
531,Eritrea,1993,0,dominant-party,3.90498694192265,3.342,0,0,0,0
531,Eritrea,1994,0,dominant-party,8.43190779496512,3.575,0,0,0,1
531,Eritrea,1995,0,dominant-party,10.96162845109967,3.794,0,0,0,2
531,Eritrea,1996,0,dominant-party,11.938633193863325,4.013,0,0,0,3
531,Eritrea,1997,0,dominant-party,10.97019657577678,4.2,0,0,0,4
531,Eritrea,1998,0,dominant-party,8.413751507840761,4.314,5,0,0,5
531,Eritrea,1999,0,dominant-party,5.04791404510696,4.341,5,0,0,6
531,Eritrea,2000,0,dominant-party,2.0571859960365924,4.326,5,0,0,7
531,Eritrea,2001,0,dominant-party,0.44186046511627275,4.319,0,0,0,8
531,Eritrea,2002,0,dominant-party,-1.0385275163428909,4.269,0,0,0,9
531,Eritrea,2003,0,dominant-party,-2.420821866691536,4.184,0,0,0,10
531,Eritrea,2004,0,dominant-party,-2.9506033182503666,4.118,0,0,0,11
531,Eritrea,2005,0,dominant-party,-3.584229390681015,4.035,0,0,0,12
531,Eritrea,2006,0,dominant-party,-3.606844254326258,3.966,0,0,0,13
531,Eritrea,2007,0,dominant-party,-3.6195286195286225,3.893,0,0,0,14
531,Eritrea,2008,0,dominant-party,-3.4672176586201697,3.831,0,0,0,15
531,Eritrea,2009,0,dominant-party,-1.7218475372981823,3.847,0,0,0,16
531,Eritrea,2010,0,dominant-party,-0.16998918250656914,3.876,0,0,0,17
531,Eritrea,2011,0,dominant-party,1.5117118976369914,3.935,0,0,0,18
531,Eritrea,2012,0,dominant-party,1.497375733250994,3.945,0,0,0,19
531,Eritrea,2013,0,dominant-party,1.1706967946424118,3.958,0,0,0,20
531,Eritrea,2014,0,dominant-party,0.8838768668089081,3.972,0,0,0,21
531,Eritrea,2015,0,dominant-party,0.43469470279013933,3.974,0,0,0,22
531,Eritrea,2016,0,dominant-party,0.5393688879927305,3.989,0,0,0,23
531,Eritrea,2017,0,dominant-party,0.5780346820809079,4.002,0,0,0,24
531,Eritrea,2018,0,dominant-party,0.5363946260276808,4.011,0,0,0,25
531,Eritrea,2019,0,dominant-party,0.5400810121518163,4.021,0,0,0,26
531,Eritrea,2020,0,dominant-party,NA,NA,0,0,0,27
540,Angola,1975,0,dominant-party,-6.843611761644541,6.444,7,0,0,0
540,Angola,1976,0,dominant-party,-9.39017487413233,6.083,7,0,0,1
540,Angola,1977,1,dominant-party,-8.3987150182245,5.931,8,1,1,0
540,Angola,1978,0,dominant-party,-5.851029704240707,5.87,8,1,1,1
540,Angola,1979,0,dominant-party,-2.7947945296201815,5.871,7,1,1,2
540,Angola,1980,0,dominant-party,0.28605081608614746,5.96,7,1,1,3
540,Angola,1981,0,dominant-party,-0.8549038233198858,5.845,7,1,1,4
540,Angola,1982,0,dominant-party,-3.7379972565157793,5.614,7,1,1,5
540,Angola,1983,0,dominant-party,-5.791546154650307,5.407,7,1,1,6
540,Angola,1984,0,dominant-party,-6.677594070695547,5.238,7,1,1,7
540,Angola,1985,0,dominant-party,-5.980237299342472,5.119,7,1,1,8
540,Angola,1986,0,dominant-party,-6.394950954300038,4.924,7,1,1,9
540,Angola,1987,0,dominant-party,-2.3493718153175913,5.021,7,1,1,10
540,Angola,1988,0,dominant-party,1.8591151553184915,5.194,7,1,1,11
540,Angola,1989,0,dominant-party,4.4132005467682145,5.347,7,1,1,12
540,Angola,1990,0,dominant-party,5.9172052939366,5.506,7,1,1,13
540,Angola,1991,0,dominant-party,1.4377601210745272,5.362,7,1,1,14
540,Angola,1992,0,dominant-party,-4.156913086158731,5.077,7,1,1,15
540,Angola,1993,0,dominant-party,-12.443824577715802,4.52,7,1,1,16
540,Angola,1994,0,dominant-party,-11.803766902768832,4.383,7,1,1,17
540,Angola,1995,0,dominant-party,-5.764873709826301,4.492,7,1,1,18
540,Angola,1996,0,dominant-party,3.5370879120879106,4.824,7,1,1,19
540,Angola,1997,0,dominant-party,8.345156713530244,5.04,7,1,1,20
540,Angola,1998,0,dominant-party,8.59303199933159,5.199,7,1,1,21
540,Angola,1999,0,dominant-party,5.714170497620774,5.243,7,1,1,22
540,Angola,2000,0,dominant-party,3.8472043388349197,5.323,7,1,1,23
540,Angola,2001,0,dominant-party,5.54755043227666,5.567,7,1,1,24
540,Angola,2002,0,dominant-party,9.861370203738229,6.007,7,1,1,25
540,Angola,2003,0,dominant-party,12.164103282766359,6.403,1,1,1,26
540,Angola,2004,0,dominant-party,16.700664604856218,7.094,1,1,1,27
540,Angola,2005,0,dominant-party,22.776925160241944,8.16,1,1,1,28
540,Angola,2006,0,dominant-party,27.19995687680241,9.439,0,1,1,29
540,Angola,2007,0,dominant-party,28.28727168403937,10.732,0,1,1,30
540,Angola,2008,0,dominant-party,24.76696890094061,11.779,0,1,1,31
540,Angola,2009,0,dominant-party,16.297089942028432,12.157,0,1,1,32
540,Angola,2010,0,dominant-party,12.177965356546206,12.758,0,1,1,33
540,Angola,2011,0,dominant-party,10.291217459900093,13.422,0,1,1,34
540,Angola,2012,0,dominant-party,8.536032869350585,13.895,0,1,1,35
540,Angola,2013,0,dominant-party,6.95903440387684,14.214,0,1,1,36
540,Angola,2014,0,dominant-party,3.978524429919905,14.254,0,1,1,37
540,Angola,2015,0,dominant-party,-0.4436213282797863,13.869,0,1,1,38
540,Angola,2016,0,dominant-party,-4.808869051904107,13.223,0,1,1,39
540,Angola,2017,0,dominant-party,-8.908253234614417,12.377,0,1,1,40
540,Angola,2018,0,dominant-party,-11.009104123632474,11.632,0,1,1,41
540,Angola,2019,0,dominant-party,-12.31764781822876,10.867,0,1,1,42
540,Angola,2020,0,dominant-party,NA,NA,0,1,1,43
541,Mozambique,1975,1,dominant-party,-11.024433323520743,2.418,1,1,1,0
541,Mozambique,1976,0,dominant-party,-12.445230225228688,2.278,1,1,1,1
541,Mozambique,1977,0,dominant-party,-11.147142278070532,2.192,1,1,1,2
541,Mozambique,1978,0,dominant-party,-8.618765559275477,2.129,1,1,1,3
541,Mozambique,1979,0,dominant-party,-6.647424912059174,2.07,1,1,1,4
541,Mozambique,1980,0,dominant-party,-5.966095345134404,2.008,0,1,1,5
541,Mozambique,1981,0,dominant-party,-5.239795426034933,1.964,6,1,1,6
541,Mozambique,1982,0,dominant-party,-6.315266036797629,1.884,6,1,1,7
541,Mozambique,1983,0,dominant-party,-8.767405879319234,1.769,6,1,1,8
541,Mozambique,1984,0,dominant-party,-8.847184986595181,1.7,6,1,1,9
541,Mozambique,1985,0,dominant-party,-8.405894172806427,1.641,6,1,1,10
541,Mozambique,1986,0,dominant-party,-4.324199329402245,1.655,6,1,1,11
541,Mozambique,1987,0,dominant-party,0.03547357218871561,1.692,6,1,1,12
541,Mozambique,1988,0,dominant-party,4.072933933222833,1.758,6,1,1,13
541,Mozambique,1989,0,dominant-party,6.463656516159144,1.825,6,1,1,14
541,Mozambique,1990,0,dominant-party,5.667463298053943,1.857,6,1,1,15
541,Mozambique,1991,0,dominant-party,3.6897088241831577,1.866,6,1,1,16
541,Mozambique,1992,0,dominant-party,-1.2521968365553526,1.798,6,1,1,17
541,Mozambique,1993,0,dominant-party,-1.3768986995956745,1.805,0,1,1,18
541,Mozambique,1994,0,dominant-party,-1.029121961900592,1.808,0,1,1,19
541,Mozambique,1995,0,dominant-party,-0.4512436715826573,1.809,0,1,1,20
541,Mozambique,1996,0,dominant-party,5.464480874316924,1.93,0,1,1,21
541,Mozambique,1997,0,dominant-party,9.227171255448074,2.055,0,1,1,22
541,Mozambique,1998,0,dominant-party,10.593176928593383,2.159,0,1,1,23
541,Mozambique,1999,0,dominant-party,9.802767147483094,2.238,0,1,1,24
541,Mozambique,2000,0,dominant-party,7.474009553245309,2.295,0,1,1,25
541,Mozambique,2001,0,dominant-party,8.074200197150283,2.412,0,1,1,26
541,Mozambique,2002,0,dominant-party,9.169743281531728,2.543,0,1,1,27
541,Mozambique,2003,0,dominant-party,9.000247259540096,2.645,0,1,1,28
541,Mozambique,2004,0,dominant-party,8.242932932140313,2.734,0,1,1,29
541,Mozambique,2005,0,dominant-party,7.370820668693012,2.826,0,1,1,30
541,Mozambique,2006,0,dominant-party,7.048844691430256,2.928,0,1,1,31
541,Mozambique,2007,0,dominant-party,6.357400466727969,3.008,0,1,1,32
541,Mozambique,2008,0,dominant-party,5.896468974974289,3.089,0,1,1,33
541,Mozambique,2009,0,dominant-party,5.019330755899198,3.151,0,1,1,34
541,Mozambique,2010,0,dominant-party,4.135509460953246,3.203,0,1,1,35
541,Mozambique,2011,0,dominant-party,4.026205317389642,3.271,0,1,1,36
541,Mozambique,2012,0,dominant-party,5.4003724394785735,3.396,0,1,1,37
541,Mozambique,2013,0,dominant-party,7.162251855427515,3.552,0,1,1,38
541,Mozambique,2014,0,dominant-party,7.7961545204839,3.689,0,1,1,39
541,Mozambique,2015,0,dominant-party,6.7631757520922875,3.776,0,1,1,40
541,Mozambique,2016,0,dominant-party,5.036720377068948,3.833,0,1,1,41
541,Mozambique,2017,0,dominant-party,4.063349864021748,3.903,0,1,1,42
541,Mozambique,2018,0,dominant-party,3.7485011209009045,3.98,0,1,1,43
541,Mozambique,2019,0,dominant-party,5.279249898083971,4.132,0,1,1,44
541,Mozambique,2020,0,dominant-party,NA,NA,0,1,1,45
551,Zambia,1964,0,dominant-party,7.542819499341236,4.571,1,0,0,0
551,Zambia,1965,0,dominant-party,11.244398171200952,4.915,0,0,0,1
551,Zambia,1966,0,dominant-party,8.34642919504105,4.964,0,0,0,2
551,Zambia,1967,0,dominant-party,6.76799059534805,5.086,0,0,0,3
551,Zambia,1968,0,dominant-party,3.8286826735885793,5.12,0,0,0,4
551,Zambia,1969,0,dominant-party,0.9338366779256813,5.08,0,0,0,5
551,Zambia,1970,0,dominant-party,-1.1807591726761157,4.988,0,0,0,6
551,Zambia,1971,0,dominant-party,-2.5654263134903266,4.907,0,0,0,7
551,Zambia,1972,0,dominant-party,-1.0817931419903393,4.956,0,0,0,8
551,Zambia,1973,0,dominant-party,-0.6392216772533654,4.943,0,0,0,9
551,Zambia,1974,0,dominant-party,-0.13746260208620242,4.94,0,0,0,10
551,Zambia,1975,0,dominant-party,-1.5863331299572736,4.839,0,0,0,11
551,Zambia,1976,0,dominant-party,-2.2979106186367892,4.779,0,0,0,12
551,Zambia,1977,0,dominant-party,-5.696097195639505,4.533,0,0,0,13
551,Zambia,1978,0,dominant-party,-7.352878419323194,4.342,0,0,0,14
551,Zambia,1979,0,dominant-party,-7.783902976846746,4.182,0,0,0,15
551,Zambia,1980,1,dominant-party,-6.583386523205981,4.098,0,1,1,0
551,Zambia,1981,0,dominant-party,-3.4382202154179087,4.106,0,1,1,1
551,Zambia,1982,0,dominant-party,-3.414845897844021,4.005,0,1,1,2
551,Zambia,1983,0,dominant-party,-4.296778649301958,3.88,0,1,1,3
551,Zambia,1984,0,dominant-party,-4.388478359221837,3.804,0,1,1,4
551,Zambia,1985,0,dominant-party,-4.56431535269709,3.726,0,1,1,5
551,Zambia,1986,0,dominant-party,-5.636545444976582,3.586,0,1,1,6
551,Zambia,1987,0,dominant-party,-4.510142425550279,3.54,0,1,1,7
551,Zambia,1988,0,dominant-party,-2.394157377409245,3.555,0,1,1,8
551,Zambia,1989,0,dominant-party,-2.812727171056306,3.476,0,1,1,9
551,Zambia,1990,1,dominant-party,-2.370395634379263,3.435,0,2,1,0
551,Zambia,1991,0,dominant-party,-2.9807802969271546,3.372,0,2,1,1
551,Zambia,1992,0,presidential,-4.1471962616822395,3.282,0,2,1,2
551,Zambia,1993,0,presidential,-4.973728206353001,3.183,0,2,1,3
551,Zambia,1994,0,presidential,-7.6167076167076075,3.008,0,2,1,4
551,Zambia,1995,0,presidential,-6.076125442589775,2.971,0,2,1,5
551,Zambia,1996,0,presidential,-2.5881591717890617,3.011,0,2,1,6
551,Zambia,1997,1,dominant-party,0.3348873859084778,3.056,0,3,1,0
551,Zambia,1998,0,dominant-party,0.649781196127841,3.036,0,3,1,1
551,Zambia,1999,0,dominant-party,1.2022724270048801,3.064,0,3,1,2
551,Zambia,2000,0,dominant-party,3.189615811101687,3.164,0,3,1,3
551,Zambia,2001,0,dominant-party,5.305311719100403,3.287,0,3,1,4
551,Zambia,2002,0,dominant-party,6.89676772738661,3.413,0,3,1,5
551,Zambia,2003,0,dominant-party,8.503421961116842,3.583,0,3,1,6
551,Zambia,2004,0,dominant-party,9.711499390491674,3.78,0,3,1,7
551,Zambia,2005,0,dominant-party,11.089601769911518,4.017,0,3,1,8
551,Zambia,2006,0,dominant-party,13.012086014754365,4.32,0,3,1,9
551,Zambia,2007,0,dominant-party,14.78064579448426,4.678,0,3,1,10
551,Zambia,2008,0,dominant-party,14.61679669573197,4.995,0,3,1,11
551,Zambia,2009,0,dominant-party,14.297340129352797,5.337,0,3,1,12
551,Zambia,2010,0,dominant-party,13.786213786213786,5.695,0,3,1,13
551,Zambia,2011,0,dominant-party,12.033428271623436,5.979,0,3,1,14
551,Zambia,2012,0,presidential,9.988657308946557,6.206,0,3,1,15
551,Zambia,2013,0,presidential,7.037676449680097,6.324,0,3,1,16
551,Zambia,2014,0,presidential,4.21231644700264,6.373,0,3,1,17
551,Zambia,2015,0,presidential,1.0837849103793262,6.305,0,3,1,18
551,Zambia,2016,0,presidential,-0.49569444885767533,6.263,0,3,1,19
551,Zambia,2017,0,presidential,-1.9632799821809321,6.162,0,3,1,20
551,Zambia,2018,0,presidential,-2.5109835487284737,6.08,0,3,1,21
551,Zambia,2019,0,presidential,-3.848032034378357,5.907,0,3,1,22
551,Zambia,2020,0,presidential,NA,NA,0,3,1,23
552,Zimbabwe (Rhodesia),1965,0,other,0.5786474667609065,4.554,0,0,0,0
552,Zimbabwe (Rhodesia),1966,0,other,1.2959534514678683,4.596,0,0,0,1
552,Zimbabwe (Rhodesia),1967,0,other,3.2810520337279936,4.728,0,0,0,2
552,Zimbabwe (Rhodesia),1968,0,other,4.781544013403782,4.878,0,0,0,3
552,Zimbabwe (Rhodesia),1969,0,other,9.021929458851009,5.23,0,0,0,4
552,Zimbabwe (Rhodesia),1970,0,other,14.107554213996343,5.746,0,0,0,5
552,Zimbabwe (Rhodesia),1971,0,other,14.828954263043626,6.136,0,0,0,6
552,Zimbabwe (Rhodesia),1972,0,other,13.32864427641991,6.445,3,0,0,7
552,Zimbabwe (Rhodesia),1973,0,other,9.67325026511132,6.619,3,0,0,8
552,Zimbabwe (Rhodesia),1974,0,other,5.833649349007719,6.698,3,0,0,9
552,Zimbabwe (Rhodesia),1975,0,other,1.789777969124784,6.62,4,0,0,10
552,Zimbabwe (Rhodesia),1976,0,other,-1.980801462745696,6.433,4,0,0,11
552,Zimbabwe (Rhodesia),1977,0,other,-5.4802103515084415,6.147,4,0,0,12
552,Zimbabwe (Rhodesia),1978,0,other,-4.833364597011192,6.088,4,0,0,13
552,Zimbabwe (Rhodesia),1979,0,other,-2.2780057904616458,6.143,4,0,0,14
552,Zimbabwe (Rhodesia),1980,0,other,2.209324696979409,6.375,0,0,0,15
552,Zimbabwe (Rhodesia),1981,0,dominant-party,6.132450752633423,6.67,1,0,0,16
552,Zimbabwe (Rhodesia),1982,0,dominant-party,5.333832989819509,6.746,1,0,0,17
552,Zimbabwe (Rhodesia),1983,0,dominant-party,2.4709525123394416,6.685,1,0,0,18
552,Zimbabwe (Rhodesia),1984,0,dominant-party,-1.2244650542522884,6.518,1,0,0,19
552,Zimbabwe (Rhodesia),1985,0,dominant-party,-2.1604471974618455,6.476,1,0,0,20
552,Zimbabwe (Rhodesia),1986,0,dominant-party,-2.7096223597183666,6.384,1,0,0,21
552,Zimbabwe (Rhodesia),1987,0,dominant-party,-2.5795489650911274,6.307,1,0,0,22
552,Zimbabwe (Rhodesia),1988,0,dominant-party,-0.10281014393419552,6.413,0,0,0,23
552,Zimbabwe (Rhodesia),1989,0,dominant-party,1.8181252140344384,6.541,0,0,0,24
552,Zimbabwe (Rhodesia),1990,0,dominant-party,3.6321483771251772,6.705,0,0,0,25
552,Zimbabwe (Rhodesia),1991,0,dominant-party,2.8934972777879597,6.728,0,0,0,26
552,Zimbabwe (Rhodesia),1992,0,dominant-party,-1.9957343083485735,6.433,0,0,0,27
552,Zimbabwe (Rhodesia),1993,0,dominant-party,-2.729906969650764,6.378,0,0,0,28
552,Zimbabwe (Rhodesia),1994,0,dominant-party,-0.14637270149117088,6.549,0,0,0,29
552,Zimbabwe (Rhodesia),1995,0,dominant-party,1.612607659886378,6.654,0,0,0,30
552,Zimbabwe (Rhodesia),1996,0,dominant-party,4.950645406226273,6.911,0,0,0,31
552,Zimbabwe (Rhodesia),1997,0,dominant-party,4.431702801170645,6.994,0,0,0,32
552,Zimbabwe (Rhodesia),1998,0,dominant-party,2.405397477266069,6.982,0,0,0,33
552,Zimbabwe (Rhodesia),1999,0,dominant-party,-0.5264535644687429,6.84,0,0,0,34
552,Zimbabwe (Rhodesia),2000,0,dominant-party,-4.160107282374204,6.575,0,0,0,35
552,Zimbabwe (Rhodesia),2001,0,dominant-party,-6.322316501513081,6.315,0,0,0,36
552,Zimbabwe (Rhodesia),2002,0,dominant-party,-10.701107011070121,5.808,0,0,0,37
552,Zimbabwe (Rhodesia),2003,0,dominant-party,-16.090980187695514,5.15,0,0,0,38
552,Zimbabwe (Rhodesia),2004,0,dominant-party,-17.41930966883709,4.718,0,0,0,39
552,Zimbabwe (Rhodesia),2005,0,dominant-party,-17.001668689320393,4.377,0,0,0,40
552,Zimbabwe (Rhodesia),2006,0,dominant-party,-14.69517743403095,4.125,0,0,0,41
552,Zimbabwe (Rhodesia),2007,0,dominant-party,-12.29015171918486,3.908,0,0,0,42
552,Zimbabwe (Rhodesia),2008,0,dominant-party,-12.047729022324848,3.656,0,0,0,43
552,Zimbabwe (Rhodesia),2009,0,dominant-party,-3.3845535803957105,3.848,0,0,0,44
552,Zimbabwe (Rhodesia),2010,0,dominant-party,5.819971585143091,4.171,0,0,0,45
552,Zimbabwe (Rhodesia),2011,0,dominant-party,12.189537603902245,4.508,0,0,0,46
552,Zimbabwe (Rhodesia),2012,0,dominant-party,14.910527317723199,4.829,0,0,0,47
552,Zimbabwe (Rhodesia),2013,0,dominant-party,11.72259507829978,4.994,0,0,0,48
552,Zimbabwe (Rhodesia),2014,0,dominant-party,6.975953776871435,5.036,0,0,0,49
552,Zimbabwe (Rhodesia),2015,0,dominant-party,2.7445027896291663,5.009,0,0,0,50
552,Zimbabwe (Rhodesia),2016,0,dominant-party,2.098854442041187,5.098,0,0,0,51
552,Zimbabwe (Rhodesia),2017,2,dominant-party,6.237778646851777,5.433,0,1,1,0
552,Zimbabwe (Rhodesia),2018,0,dominant-party,8.03139406408353,5.671,0,1,1,1
552,Zimbabwe (Rhodesia),2019,0,dominant-party,7.62514336453437,5.818,0,1,1,2
552,Zimbabwe (Rhodesia),2020,0,dominant-party,NA,NA,0,1,1,3
553,Malawi,1964,0,personal,-0.6769374416433327,1.702,0,0,0,0
553,Malawi,1965,0,personal,3.246376811594187,1.781,0,0,0,1
553,Malawi,1966,0,personal,6.8376068376068355,1.875,0,0,0,2
553,Malawi,1967,0,personal,8.292628774422738,1.951,0,0,0,3
553,Malawi,1968,0,personal,5.7713052858684,1.961,0,0,0,4
553,Malawi,1969,0,personal,4.142692750287691,1.991,0,0,0,5
553,Malawi,1970,0,personal,2.9606942317508933,2.017,0,0,0,6
553,Malawi,1971,0,personal,6.00935230325339,2.131,0,0,0,7
553,Malawi,1972,0,personal,8.165634674922595,2.236,0,0,0,8
553,Malawi,1973,0,personal,8.132135504398285,2.311,0,0,0,9
553,Malawi,1974,0,personal,7.626353790613716,2.385,0,0,0,10
553,Malawi,1975,0,personal,5.92225410905296,2.436,0,0,0,11
553,Malawi,1976,0,personal,4.425301917067825,2.473,0,0,0,12
553,Malawi,1977,0,personal,3.7541254125412538,2.515,0,0,0,13
553,Malawi,1978,0,personal,3.676767676767656,2.566,0,0,0,14
553,Malawi,1979,0,personal,2.0871504819565123,2.563,0,0,0,15
553,Malawi,1980,0,personal,-0.13447239360860896,2.525,0,0,0,16
553,Malawi,1981,0,personal,-1.8097044412833996,2.485,0,0,0,17
553,Malawi,1982,0,personal,-1.6718168132477507,2.482,0,0,0,18
553,Malawi,1983,0,personal,-0.2467956372900315,2.506,0,0,0,19
553,Malawi,1984,0,personal,1.1966493817311408,2.537,0,0,0,20
553,Malawi,1985,0,personal,1.7663908338637846,2.558,0,0,0,21
553,Malawi,1986,0,personal,-1.4572384137601535,2.475,0,0,0,22
553,Malawi,1987,0,personal,-4.4312434775628295,2.381,0,0,0,23
553,Malawi,1988,0,personal,-6.329113924050622,2.294,0,0,0,24
553,Malawi,1989,0,personal,-5.988624958179988,2.248,0,0,0,25
553,Malawi,1990,0,personal,-5.225939979303207,2.198,0,0,0,26
553,Malawi,1991,0,personal,-2.7287177675733076,2.203,0,0,0,27
553,Malawi,1992,0,personal,-3.6014080693203443,2.136,0,0,0,28
553,Malawi,1993,0,personal,-0.5197410413057435,2.182,0,0,0,29
553,Malawi,1994,0,personal,0.4857038123167179,2.193,0,0,0,30
553,Malawi,1995,0,presidential,4.878933526797868,2.313,0,0,0,31
553,Malawi,1996,0,presidential,7.263663877514692,2.41,0,0,0,32
553,Malawi,1997,0,presidential,6.589985297933043,2.465,0,0,0,33
553,Malawi,1998,0,presidential,2.87020574041148,2.43,0,0,0,34
553,Malawi,1999,0,presidential,0.01663478333193691,2.405,0,0,0,35
553,Malawi,2000,0,presidential,-2.2702792277736417,2.359,0,0,0,36
553,Malawi,2001,0,presidential,-4.412996148048897,2.283,0,0,0,37
553,Malawi,2002,0,presidential,-2.2495755517826788,2.303,0,0,0,38
553,Malawi,2003,0,presidential,0.0855431993156408,2.34,0,0,0,39
553,Malawi,2004,0,presidential,2.7637545991272328,2.402,0,0,0,40
553,Malawi,2005,0,presidential,3.738317757009346,2.442,0,0,0,41
553,Malawi,2006,0,presidential,3.783828934179745,2.485,0,0,0,42
553,Malawi,2007,0,presidential,5.925986305836317,2.599,0,0,0,43
553,Malawi,2008,0,presidential,6.87415854914073,2.699,0,0,0,44
553,Malawi,2009,0,presidential,5.6995218263149905,2.741,0,0,0,45
553,Malawi,2010,0,presidential,4.717548076923084,2.788,0,0,0,46
553,Malawi,2011,0,presidential,3.58084358523727,2.829,0,0,0,47
553,Malawi,2012,0,presidential,1.1183261183261184,2.803,0,0,0,48
553,Malawi,2013,0,presidential,0.6512093888650483,2.813,0,0,0,49
553,Malawi,2014,0,presidential,0.021364477994589848,2.809,0,0,0,50
553,Malawi,2015,0,presidential,-0.9262557890986733,2.781,0,0,0,51
553,Malawi,2016,0,presidential,-0.7295093691889742,2.776,0,0,0,52
553,Malawi,2017,0,presidential,0.978012564249009,2.829,0,0,0,53
553,Malawi,2018,0,presidential,1.8564620527775855,2.864,0,0,0,54
553,Malawi,2019,0,presidential,2.8944581715495854,2.915,0,0,0,55
553,Malawi,2020,0,presidential,NA,NA,0,0,0,56
560,South Africa,1950,0,other,3.5109885902442795,10.814,0,0,0,0
560,South Africa,1951,0,other,3.60538827258321,10.983,0,0,0,1
560,South Africa,1952,0,other,2.7960984672549927,11.066,0,0,0,2
560,South Africa,1953,0,other,3.466549714014211,11.324,0,0,0,3
560,South Africa,1954,0,other,4.037851497392331,11.61,0,0,0,4
560,South Africa,1955,0,other,4.329392723946235,11.861,0,0,0,5
560,South Africa,1956,0,other,4.632918376495732,12.137,0,0,0,6
560,South Africa,1957,0,other,4.1230852284229735,12.344,0,0,0,7
560,South Africa,1958,0,other,3.184323331292105,12.469,0,0,0,8
560,South Africa,1959,0,other,3.504297109807797,12.742,0,0,0,9
560,South Africa,1960,0,other,5.312068116471558,13.259,0,0,0,10
560,South Africa,1961,0,other,5.885272857009882,13.652,0,0,0,11
560,South Africa,1962,0,other,6.382818045885008,14.087,0,0,0,12
560,South Africa,1963,0,other,6.95687788894741,14.624,0,0,0,13
560,South Africa,1964,0,other,6.856092733955332,15.118,0,0,0,14
560,South Africa,1965,0,other,6.488580973766345,15.555,0,0,0,15
560,South Africa,1966,0,other,5.851430998778739,15.948,0,0,0,16
560,South Africa,1967,0,other,5.872813622147577,16.452,0,0,0,17
560,South Africa,1968,0,other,5.660660472909607,16.9,0,0,0,18
560,South Africa,1969,0,other,5.610420568704244,17.367,0,0,0,19
560,South Africa,1970,0,other,5.357248564494155,17.798,0,0,0,20
560,South Africa,1971,0,other,4.231648991474324,18.045,0,0,0,21
560,South Africa,1972,0,other,3.4457403364291483,18.289,0,0,0,22
560,South Africa,1973,0,other,4.067912993399192,18.793,0,0,0,23
560,South Africa,1974,0,other,4.287853794061491,19.219,0,0,0,24
560,South Africa,1975,0,other,3.0137337405754083,19.292,0,0,0,25
560,South Africa,1976,0,other,1.3658176448874126,19.222,1,0,0,26
560,South Africa,1977,0,other,-0.01881801929893845,19.127,0,0,0,27
560,South Africa,1978,0,other,-0.04580279813458654,19.204,0,0,0,28
560,South Africa,1979,0,other,1.2402054901146764,19.51,0,0,0,29
560,South Africa,1980,0,other,3.483406225881147,20.112,0,0,0,30
560,South Africa,1981,0,other,3.732246159477004,20.406,0,0,0,31
560,South Africa,1982,0,other,1.7371722695833869,20.24,0,0,0,32
560,South Africa,1983,0,other,-0.6908807731475064,19.894,3,0,0,33
560,South Africa,1984,0,other,-1.7734382783700209,19.718,3,0,0,34
560,South Africa,1985,0,other,-3.306532663316575,19.242,3,0,0,35
560,South Africa,1986,0,other,-3.64790658746198,18.88,3,0,0,36
560,South Africa,1987,0,other,-2.5457520739904593,18.819,3,0,0,37
560,South Africa,1988,0,other,-1.2593825570805017,18.864,3,0,0,38
560,South Africa,1989,0,other,-0.8132058711560419,18.759,3,0,0,39
560,South Africa,1990,0,other,-1.683056379188974,18.436,3,0,0,40
560,South Africa,1991,0,other,-2.959853621784525,18.032,3,0,0,41
560,South Africa,1992,0,other,-3.3787756702018723,17.747,3,0,0,42
560,South Africa,1993,0,other,-2.5085770389083106,17.675,3,0,0,43
560,South Africa,1994,0,other,-0.6174490660247001,17.834,3,0,0,44
560,South Africa,1995,0,parliamentary,1.3421317526003618,18.122,3,0,0,45
560,South Africa,1996,0,parliamentary,2.629908810528536,18.435,3,0,0,46
560,South Africa,1997,0,parliamentary,2.8108465608465805,18.654,0,0,0,47
560,South Africa,1998,0,parliamentary,2.2337424716017296,18.774,0,0,0,48
560,South Africa,1999,0,parliamentary,2.261120130742844,19.022,0,0,0,49
560,South Africa,2000,0,parliamentary,2.8500816733490364,19.393,0,0,0,50
560,South Africa,2001,0,parliamentary,3.5762447861675373,19.816,0,0,0,51
560,South Africa,2002,0,parliamentary,4.412822356930013,20.325,0,0,0,52
560,South Africa,2003,0,parliamentary,5.178774262939401,20.927,0,0,0,53
560,South Africa,2004,0,parliamentary,6.085381376676802,21.669,0,0,0,54
560,South Africa,2005,0,parliamentary,7.035992134735403,22.536,0,0,0,55
560,South Africa,2006,0,parliamentary,7.473244223967668,23.398,0,0,0,56
560,South Africa,2007,0,parliamentary,7.064233213791149,24.122,0,0,0,57
560,South Africa,2008,0,parliamentary,5.4635077939506616,24.519,0,0,0,58
560,South Africa,2009,0,parliamentary,3.1429650455289337,24.58,0,0,0,59
560,South Africa,2010,0,parliamentary,2.753862726233658,24.992,0,0,0,60
560,South Africa,2011,0,parliamentary,2.8106927649937274,25.422,0,0,0,61
560,South Africa,2012,0,parliamentary,2.3297634271099765,25.607,0,0,0,62
560,South Africa,2013,0,parliamentary,1.79152449789024,25.716,0,0,0,63
560,South Africa,2014,0,parliamentary,0.555171655620823,25.611,0,0,0,64
560,South Africa,2015,0,parliamentary,-1.0155068523205468,25.265,0,0,0,65
560,South Africa,2016,0,parliamentary,-1.6687890078448064,25.019,0,0,0,66
560,South Africa,2017,0,parliamentary,-1.7928460145357428,24.836,0,0,0,67
560,South Africa,2018,0,parliamentary,-2.07481798441691,24.533,0,0,0,68
560,South Africa,2019,0,parliamentary,-2.6156096220819824,24.104,0,0,0,69
560,South Africa,2020,0,parliamentary,NA,NA,0,0,0,70
565,Namibia,1990,0,dominant-party,-1.803770630830448,12.042,0,0,0,0
565,Namibia,1991,0,dominant-party,-0.12416069007205044,12.227,0,0,0,1
565,Namibia,1992,0,dominant-party,1.6583612449963425,12.444,0,0,0,2
565,Namibia,1993,0,dominant-party,0.8329250367467012,12.348,0,0,0,3
565,Namibia,1994,0,dominant-party,1.3958174225313202,12.48,0,0,0,4
565,Namibia,1995,0,dominant-party,2.046887059428859,12.693,0,0,0,5
565,Namibia,1996,0,dominant-party,2.6324160967074794,12.905,0,0,0,6
565,Namibia,1997,0,dominant-party,2.9323758228605445,13.072,0,0,0,7
565,Namibia,1998,0,dominant-party,2.940491530949685,13.261,0,0,0,8
565,Namibia,1999,0,dominant-party,2.633753672869732,13.413,0,0,0,9
565,Namibia,2000,0,dominant-party,2.537971434610631,13.583,0,0,0,10
565,Namibia,2001,0,dominant-party,2.0639634665035045,13.678,0,0,0,11
565,Namibia,2002,0,dominant-party,3.0571992110453694,14.003,0,0,0,12
565,Namibia,2003,0,dominant-party,4.489164086687314,14.445,0,0,0,13
565,Namibia,2004,0,dominant-party,7.495138517036315,15.257,0,0,0,14
565,Namibia,2005,0,dominant-party,8.41942924212853,15.888,0,0,0,15
565,Namibia,2006,0,dominant-party,9.108321198525449,16.634,0,0,0,16
565,Namibia,2007,0,dominant-party,8.121725110842393,17.168,0,0,0,17
565,Namibia,2008,0,dominant-party,6.462910672952238,17.57,0,0,0,18
565,Namibia,2009,0,dominant-party,4.855007754852658,17.848,0,0,0,19
565,Namibia,2010,0,dominant-party,5.048441761477118,18.411,0,0,0,20
565,Namibia,2011,0,dominant-party,6.014361660802869,19.104,0,0,0,21
565,Namibia,2012,0,dominant-party,7.232484247940119,19.912,0,0,0,22
565,Namibia,2013,0,dominant-party,7.685251779813829,20.662,0,0,0,23
565,Namibia,2014,0,dominant-party,7.691534790253707,21.436,0,0,0,24
565,Namibia,2015,0,dominant-party,5.499679007061853,21.692,0,0,0,25
565,Namibia,2016,0,dominant-party,2.0444064089763625,21.463,0,0,0,26
565,Namibia,2017,0,dominant-party,-1.4248314310468357,20.935,0,0,0,27
565,Namibia,2018,0,dominant-party,-2.8354764259808762,20.629,0,0,0,28
565,Namibia,2019,0,dominant-party,-3.204926849234224,20.338,0,0,0,29
565,Namibia,2020,0,dominant-party,NA,NA,0,0,0,30
570,Lesotho,1966,0,parliamentary,6.337953655697803,2.01,0,0,0,0
570,Lesotho,1967,0,parliamentary,5.405405405405417,2.067,0,0,0,1
570,Lesotho,1968,0,parliamentary,3.72763419483102,2.087,0,0,0,2
570,Lesotho,1969,0,parliamentary,2.0937285979845566,2.087,0,0,0,3
570,Lesotho,1970,0,parliamentary,1.131199845306008,2.092,0,0,0,4
570,Lesotho,1971,0,dominant-party,0.7569950172479967,2.103,0,0,0,5
570,Lesotho,1972,0,dominant-party,5.979284369114857,2.251,0,0,0,6
570,Lesotho,1973,0,dominant-party,13.05097043352077,2.493,0,0,0,7
570,Lesotho,1974,0,dominant-party,13.498789346246953,2.625,0,0,0,8
570,Lesotho,1975,0,dominant-party,9.62743158588857,2.66,0,0,0,9
570,Lesotho,1976,0,dominant-party,10.735910572892404,2.853,0,0,0,10
570,Lesotho,1977,0,dominant-party,13.530609277301163,3.123,0,0,0,11
570,Lesotho,1978,0,dominant-party,14.454943850999724,3.343,0,0,0,12
570,Lesotho,1979,0,dominant-party,7.9913606911447,3.3,0,0,0,13
570,Lesotho,1980,0,dominant-party,1.5975247837342943,3.218,0,0,0,14
570,Lesotho,1981,0,dominant-party,-1.6084132384781902,3.181,0,0,0,15
570,Lesotho,1982,0,dominant-party,-2.0097404598976576,3.179,0,0,0,16
570,Lesotho,1983,0,dominant-party,-0.9339975093399677,3.182,0,0,0,17
570,Lesotho,1984,0,dominant-party,0.2756719503790528,3.201,0,0,0,18
570,Lesotho,1985,0,dominant-party,1.4574341652592748,3.244,0,0,0,19
570,Lesotho,1986,2,dominant-party,2.89010171173405,3.318,0,1,1,0
570,Lesotho,1987,0,military,3.9104093996695344,3.396,0,1,1,1
570,Lesotho,1988,0,military,6.418615780343351,3.558,0,1,1,2
570,Lesotho,1989,0,military,7.663280116110305,3.709,0,1,1,3
570,Lesotho,1990,0,military,7.78207933568984,3.842,0,1,1,4
570,Lesotho,1991,2,military,7.2511643019603556,3.961,0,2,1,0
570,Lesotho,1992,0,military,6.342406352855123,4.071,0,2,1,1
570,Lesotho,1993,0,military,6.052179188997875,4.195,0,2,1,2
570,Lesotho,1994,2,parliamentary,5.6493570236576085,4.305,0,3,1,0
570,Lesotho,1995,0,parliamentary,5.026758409785925,4.396,0,3,1,1
570,Lesotho,1996,0,parliamentary,4.977649469174894,4.509,0,3,1,2
570,Lesotho,1997,0,parliamentary,4.197935143493869,4.582,0,3,1,3
570,Lesotho,1998,0,parliamentary,3.1406138472519496,4.624,0,3,1,4
570,Lesotho,1999,0,parliamentary,2.672107410820046,4.68,0,3,1,5
570,Lesotho,2000,0,parliamentary,3.076989470050062,4.777,0,3,1,6
570,Lesotho,2001,0,parliamentary,3.942956580790269,4.898,0,3,1,7
570,Lesotho,2002,0,parliamentary,4.158845367705322,4.994,0,3,1,8
570,Lesotho,2003,0,parliamentary,4.848262059388153,5.134,0,3,1,9
570,Lesotho,2004,0,parliamentary,4.88826815642458,5.257,0,3,1,10
570,Lesotho,2005,0,parliamentary,5.14327986294969,5.401,0,3,1,11
570,Lesotho,2006,0,parliamentary,5.7732428024124705,5.577,0,3,1,12
570,Lesotho,2007,0,parliamentary,6.159460356076529,5.76,0,3,1,13
570,Lesotho,2008,0,parliamentary,7.2040860061433065,6.003,0,3,1,14
570,Lesotho,2009,0,parliamentary,6.52986365838466,6.157,0,3,1,15
570,Lesotho,2010,0,parliamentary,5.715340470517161,6.3,0,3,1,16
570,Lesotho,2011,0,parliamentary,5.986660159427348,6.515,0,3,1,17
570,Lesotho,2012,0,parliamentary,6.928137492524167,6.794,0,3,1,18
570,Lesotho,2013,0,parliamentary,7.0818592167866345,7.022,0,3,1,19
570,Lesotho,2014,1,parliamentary,6.376374600922308,7.197,0,4,1,0
570,Lesotho,2015,0,parliamentary,4.732640284877387,7.294,0,4,1,1
570,Lesotho,2016,0,parliamentary,3.343422453898315,7.375,0,4,1,2
570,Lesotho,2017,0,parliamentary,1.3908819958052598,7.348,0,4,1,3
570,Lesotho,2018,0,parliamentary,0.18065363770733978,7.32,0,4,1,4
570,Lesotho,2019,0,parliamentary,0.43311269101904415,7.374,0,4,1,5
570,Lesotho,2020,0,parliamentary,NA,NA,0,4,1,6
571,Botswana,1966,0,dominant-party,7.480106100795747,2.026,0,0,0,0
571,Botswana,1967,0,dominant-party,10.31737932442085,2.162,0,0,0,1
571,Botswana,1968,0,dominant-party,13.051916545366327,2.33,0,0,0,2
571,Botswana,1969,0,dominant-party,15.605356654823721,2.538,0,0,0,3
571,Botswana,1970,0,dominant-party,19.1757779646762,2.834,0,0,0,4
571,Botswana,1971,0,dominant-party,25.455650060753342,3.304,0,0,0,5
571,Botswana,1972,0,dominant-party,29.577275175013472,3.85,0,0,0,6
571,Botswana,1973,0,dominant-party,29.210822331419095,4.365,0,0,0,7
571,Botswana,1974,0,dominant-party,23.280839895013127,4.697,0,0,0,8
571,Botswana,1975,0,dominant-party,17.45694739325314,4.979,0,0,0,9
571,Botswana,1976,0,dominant-party,13.602004233078468,5.26,0,0,0,10
571,Botswana,1977,0,dominant-party,11.66552653816748,5.55,0,0,0,11
571,Botswana,1978,0,dominant-party,11.669257307502745,5.891,0,0,0,12
571,Botswana,1979,0,dominant-party,12.358746960377642,6.284,0,0,0,13
571,Botswana,1980,0,dominant-party,12.78638814016173,6.695,0,0,0,14
571,Botswana,1981,0,dominant-party,13.093351923442542,7.138,0,0,0,15
571,Botswana,1982,0,dominant-party,13.516806847564421,7.639,0,0,0,16
571,Botswana,1983,0,dominant-party,15.023995117756384,8.293,0,0,0,17
571,Botswana,1984,0,dominant-party,16.51936406503647,9.044,0,0,0,18
571,Botswana,1985,0,dominant-party,16.081675592960988,9.71,0,0,0,19
571,Botswana,1986,0,dominant-party,15.249800337208285,10.39,0,0,0,20
571,Botswana,1987,0,dominant-party,15.257337827838535,11.215,0,0,0,21
571,Botswana,1988,0,dominant-party,17.479243280130397,12.395,0,0,0,22
571,Botswana,1989,0,dominant-party,21.16484659386375,13.98,0,0,0,23
571,Botswana,1990,0,dominant-party,19.74956411475668,15.11,0,0,0,24
571,Botswana,1991,0,dominant-party,15.732368896925863,15.872,0,0,0,25
571,Botswana,1992,0,dominant-party,10.59513625809605,16.29,0,0,0,26
571,Botswana,1993,0,dominant-party,6.2585173947700135,16.53,0,0,0,27
571,Botswana,1994,0,dominant-party,4.720897094355991,16.903,0,0,0,28
571,Botswana,1995,0,dominant-party,5.524283755502646,17.547,0,0,0,29
571,Botswana,1996,0,dominant-party,7.0034818778772046,18.316,0,0,0,30
571,Botswana,1997,0,dominant-party,7.983345401882702,19.088,0,0,0,31
571,Botswana,1998,0,dominant-party,6.942803378407958,19.55,0,0,0,32
571,Botswana,1999,0,dominant-party,7.558997050147487,20.419,0,0,0,33
571,Botswana,2000,0,dominant-party,6.500600117989297,20.941,0,0,0,34
571,Botswana,2001,0,dominant-party,4.9793596555334,21.26,0,0,0,35
571,Botswana,2002,0,dominant-party,5.660974977684363,22.017,0,0,0,36
571,Botswana,2003,0,dominant-party,5.675602642588906,22.682,0,0,0,37
571,Botswana,2004,0,dominant-party,5.884967391402962,23.347,0,0,0,38
571,Botswana,2005,0,dominant-party,6.965874783251613,24.305,0,0,0,39
571,Botswana,2006,0,dominant-party,7.638121781690277,25.335,0,0,0,40
571,Botswana,2007,0,dominant-party,7.650223920996058,26.249,0,0,0,41
571,Botswana,2008,0,dominant-party,6.08755021355647,26.726,0,0,0,42
571,Botswana,2009,0,dominant-party,2.387650245274675,26.424,0,0,0,43
571,Botswana,2010,0,dominant-party,3.5686167635658794,27.362,0,0,0,44
571,Botswana,2011,0,dominant-party,5.1621349744075395,28.435,0,0,0,45
571,Botswana,2012,0,dominant-party,6.166314815350349,29.369,0,0,0,46
571,Botswana,2013,0,dominant-party,7.701826670229073,30.636,0,0,0,47
571,Botswana,2014,0,dominant-party,6.853798310654824,31.474,0,0,0,48
571,Botswana,2015,0,dominant-party,3.6686938127974633,31.366,0,0,0,49
571,Botswana,2016,0,dominant-party,2.6465431915072557,31.734,0,0,0,50
571,Botswana,2017,0,dominant-party,2.0581991075628414,32.112,0,0,0,51
571,Botswana,2018,0,dominant-party,1.7315745130339621,32.36,0,0,0,52
571,Botswana,2019,0,dominant-party,0.6161128538422656,32.139,0,0,0,53
571,Botswana,2020,0,dominant-party,NA,NA,0,0,0,54
572,Swaziland,1968,0,other,8.631459398069264,3.826,0,0,0,0
572,Swaziland,1969,0,other,9.67063770147163,4.069,0,0,0,1
572,Swaziland,1970,0,other,15.678824721377914,4.567,0,0,0,2
572,Swaziland,1971,0,other,15.71347140414212,4.872,0,0,0,3
572,Swaziland,1972,0,other,15.994683207797955,5.236,0,0,0,4
572,Swaziland,1973,0,other,14.178090650858334,5.547,0,0,0,5
572,Swaziland,1974,0,other,15.156244052829916,6.051,0,0,0,6
572,Swaziland,1975,0,other,19.553405545623438,6.821,0,0,0,7
572,Swaziland,1976,0,other,17.82667700659171,7.293,0,0,0,8
572,Swaziland,1977,0,other,11.859187247146918,7.41,0,0,0,9
572,Swaziland,1978,0,other,5.157650562730898,7.344,0,0,0,10
572,Swaziland,1979,0,other,1.2597033067211827,7.331,0,0,0,11
572,Swaziland,1980,0,other,1.5245639258877564,7.485,0,0,0,12
572,Swaziland,1981,0,other,4.39354614293741,7.803,0,0,0,13
572,Swaziland,1982,0,other,4.553253266464297,7.922,0,0,0,14
572,Swaziland,1983,2,other,3.528403780247169,7.975,0,1,1,0
572,Swaziland,1984,0,other,2.5464556090846413,8.046,0,1,1,1
572,Swaziland,1985,0,other,3.1948402579871082,8.256,0,1,1,2
572,Swaziland,1986,0,other,8.33231966914001,8.906,0,1,1,3
572,Swaziland,1987,0,other,12.067151441464596,9.586,0,1,1,4
572,Swaziland,1988,0,other,12.357672853673218,10.085,0,1,1,5
572,Swaziland,1989,0,other,11.662871120107955,10.591,0,1,1,6
572,Swaziland,1990,0,other,10.772135546059825,11.147,0,1,1,7
572,Swaziland,1991,0,other,7.5199514719542115,11.344,0,1,1,8
572,Swaziland,1992,0,other,5.55027596037867,11.551,0,1,1,9
572,Swaziland,1993,0,other,4.716864162105683,11.824,0,1,1,10
572,Swaziland,1994,0,other,4.4056511014127775,12.105,0,1,1,11
572,Swaziland,1995,0,other,5.825406178971293,12.571,0,1,1,12
572,Swaziland,1996,0,other,5.563855461246736,12.86,0,1,1,13
572,Swaziland,1997,0,other,4.189052651837133,12.993,0,1,1,14
572,Swaziland,1998,0,other,2.409354148306697,13.015,0,1,1,15
572,Swaziland,1999,0,other,1.3036940581934386,13.07,0,1,1,16
572,Swaziland,2000,0,other,1.0722460328432826,13.159,0,1,1,17
572,Swaziland,2001,0,other,1.1651167407271679,13.25,0,1,1,18
572,Swaziland,2002,0,other,1.2548614487117193,13.33,0,1,1,19
572,Swaziland,2003,0,other,2.377797187001174,13.597,0,1,1,20
572,Swaziland,2004,0,other,3.9268687528775548,13.995,0,1,1,21
572,Swaziland,2005,0,other,5.930107370442572,14.562,0,1,1,22
572,Swaziland,2006,0,other,6.635944700460827,15.041,0,1,1,23
572,Swaziland,2007,0,other,6.284848902044482,15.44,0,1,1,24
572,Swaziland,2008,0,other,5.31347354628231,15.753,0,1,1,25
572,Swaziland,2009,0,other,4.933458099396959,16.148,0,1,1,26
572,Swaziland,2010,0,other,4.616671737146327,16.506,0,1,1,27
572,Swaziland,2011,0,other,4.530307347348339,16.876,0,1,1,28
572,Swaziland,2012,0,other,4.977490560557651,17.349,0,1,1,29
572,Swaziland,2013,0,other,4.21474984909278,17.61,0,1,1,30
572,Swaziland,2014,0,other,2.608533848139838,17.646,0,1,1,31
572,Swaziland,2015,0,other,1.0324314392025302,17.595,0,1,1,32
572,Swaziland,2016,0,other,0.16403526758252962,17.586,0,1,1,33
572,Swaziland,2017,0,other,1.257868755944025,17.887,0,1,1,34
572,Swaziland,2018,0,other,1.5798429171878459,18.029,0,1,1,35
572,Swaziland,2019,0,other,1.1791235667646394,18.037,0,1,1,36
572,Swaziland,2020,0,other,NA,NA,0,1,1,37
580,Madagascar (Malagasy),1960,0,dominant-party,4.224617524339358,3.597,0,0,0,0
580,Madagascar (Malagasy),1961,0,dominant-party,2.8811252268602594,3.628,0,0,0,1
580,Madagascar (Malagasy),1962,0,dominant-party,2.10008936550492,3.656,0,0,0,2
580,Madagascar (Malagasy),1963,0,dominant-party,0.8907823392718894,3.647,0,0,0,3
580,Madagascar (Malagasy),1964,0,dominant-party,0.35211267605632646,3.648,0,0,0,4
580,Madagascar (Malagasy),1965,0,dominant-party,-0.499972528981929,3.622,0,0,0,5
580,Madagascar (Malagasy),1966,0,dominant-party,-0.159261903454333,3.636,0,0,0,6
580,Madagascar (Malagasy),1967,0,dominant-party,1.5496659730588114,3.709,0,0,0,7
580,Madagascar (Malagasy),1968,0,dominant-party,3.757726927665117,3.827,0,0,0,8
580,Madagascar (Malagasy),1969,0,dominant-party,4.353872486093291,3.902,0,0,0,9
580,Madagascar (Malagasy),1970,0,dominant-party,4.25308479915989,3.971,0,0,0,10
580,Madagascar (Malagasy),1971,0,dominant-party,2.594522102439778,3.978,0,0,0,11
580,Madagascar (Malagasy),1972,0,dominant-party,-0.21442793689693262,3.909,0,0,0,12
580,Madagascar (Malagasy),1973,0,military,-2.718863392446469,3.807,0,0,0,13
580,Madagascar (Malagasy),1974,1,military,-3.4875334844426176,3.747,0,1,1,0
580,Madagascar (Malagasy),1975,0,military,-3.580763199163617,3.689,0,1,1,1
580,Madagascar (Malagasy),1976,0,personal,-3.9886951421105987,3.601,0,1,1,2
580,Madagascar (Malagasy),1977,0,personal,-3.5450195737277035,3.548,0,1,1,3
580,Madagascar (Malagasy),1978,0,personal,-3.7482006422323133,3.477,0,1,1,4
580,Madagascar (Malagasy),1979,0,personal,-2.0615661161667242,3.487,0,1,1,5
580,Madagascar (Malagasy),1980,0,personal,-2.4925849874515182,3.419,0,1,1,6
580,Madagascar (Malagasy),1981,0,personal,-5.1358110859070605,3.262,0,1,1,7
580,Madagascar (Malagasy),1982,0,personal,-5.642428206195371,3.174,0,1,1,8
580,Madagascar (Malagasy),1983,0,personal,-4.867390908539182,3.135,0,1,1,9
580,Madagascar (Malagasy),1984,0,personal,-4.370564064251026,3.072,0,1,1,10
580,Madagascar (Malagasy),1985,0,personal,-3.028371055148238,3.042,0,1,1,11
580,Madagascar (Malagasy),1986,0,personal,-2.742657070608834,3,0,1,1,12
580,Madagascar (Malagasy),1987,0,personal,-3.7510712637616184,2.92,0,1,1,13
580,Madagascar (Malagasy),1988,0,personal,-4.015309205667094,2.859,0,1,1,14
580,Madagascar (Malagasy),1989,0,personal,-3.4470989761092086,2.829,0,1,1,15
580,Madagascar (Malagasy),1990,0,personal,-2.7199555925617624,2.804,0,1,1,16
580,Madagascar (Malagasy),1991,0,personal,-4.709553869068728,2.687,0,1,1,17
580,Madagascar (Malagasy),1992,1,personal,-4.977539487030869,2.623,0,2,1,0
580,Madagascar (Malagasy),1993,0,personal,-4.33786579958616,2.589,0,2,1,1
580,Madagascar (Malagasy),1994,0,presidential,-3.978259228504566,2.544,0,2,1,2
580,Madagascar (Malagasy),1995,0,presidential,-2.5828835774864944,2.527,0,2,1,3
580,Madagascar (Malagasy),1996,0,presidential,-1.2721454772496865,2.53,0,2,1,4
580,Madagascar (Malagasy),1997,0,presidential,-0.39292730844793233,2.535,0,2,1,5
580,Madagascar (Malagasy),1998,0,presidential,0.9134577525789389,2.563,0,2,1,6
580,Madagascar (Malagasy),1999,0,presidential,1.8583862620559666,2.598,0,2,1,7
580,Madagascar (Malagasy),2000,0,presidential,1.9772691888525706,2.62,0,2,1,8
580,Madagascar (Malagasy),2001,0,presidential,1.391035548686248,2.624,0,2,1,9
580,Madagascar (Malagasy),2002,0,presidential,-2.857364100975701,2.509,0,2,1,10
580,Madagascar (Malagasy),2003,0,presidential,-1.0150317681698384,2.555,0,2,1,11
580,Madagascar (Malagasy),2004,0,presidential,0.7436672089240037,2.601,0,2,1,12
580,Madagascar (Malagasy),2005,0,presidential,2.6799505715168426,2.659,0,2,1,13
580,Madagascar (Malagasy),2006,0,presidential,4.141104294478537,2.716,0,2,1,14
580,Madagascar (Malagasy),2007,0,presidential,4.3654669772334564,2.778,0,2,1,15
580,Madagascar (Malagasy),2008,0,presidential,4.370539327496137,2.837,0,2,1,16
580,Madagascar (Malagasy),2009,2,presidential,1.37830975698221,2.795,0,3,1,0
580,Madagascar (Malagasy),2010,1,personal,-0.014381246854100471,2.781,0,4,1,0
580,Madagascar (Malagasy),2011,0,personal,-0.7089659123460379,2.773,0,4,1,1
580,Madagascar (Malagasy),2012,0,personal,-0.9606423399526887,2.763,0,4,1,2
580,Madagascar (Malagasy),2013,0,personal,-0.7790521532135997,2.751,0,4,1,3
580,Madagascar (Malagasy),2014,0,personal,-0.840214399536432,2.738,0,4,1,4
580,Madagascar (Malagasy),2015,0,presidential,-1.2008733624454093,2.715,0,4,1,5
580,Madagascar (Malagasy),2016,0,presidential,-0.34314083375921456,2.73,0,4,1,6
580,Madagascar (Malagasy),2017,0,presidential,0.9197751660705356,2.765,0,4,1,7
580,Madagascar (Malagasy),2018,0,presidential,1.1366948411541733,2.776,0,4,1,8
580,Madagascar (Malagasy),2019,0,presidential,0.18924230293326794,2.753,0,4,1,9
580,Madagascar (Malagasy),2020,0,presidential,NA,NA,0,4,1,10
581,Comoros,1975,2,military,2.503301716892792,3.415,0,1,1,0
581,Comoros,1976,0,military,0.9638267491670627,3.394,0,1,1,1
581,Comoros,1977,0,military,-0.2189737823282245,3.372,0,1,1,2
581,Comoros,1978,2,military,0.35377358490567,3.404,0,2,1,0
581,Comoros,1979,0,military,2.77777777777779,3.515,0,2,1,1
581,Comoros,1980,0,military,5.346637443765134,3.653,0,2,1,2
581,Comoros,1981,0,military,5.834464043419274,3.744,0,2,1,3
581,Comoros,1982,0,military,6.162310866574949,3.859,0,2,1,4
581,Comoros,1983,0,military,5.580774365821095,3.954,0,2,1,5
581,Comoros,1984,0,military,4.380169588513749,4.013,0,2,1,6
581,Comoros,1985,1,military,2.5627935470696306,4.018,0,3,1,0
581,Comoros,1986,0,military,1.1479206525022656,4.018,0,3,1,1
581,Comoros,1987,1,military,-0.13502025303795406,3.994,0,4,1,0
581,Comoros,1988,0,military,-1.0148477728340821,3.96,0,4,1,1
581,Comoros,1989,2,military,-1.415875884922424,3.927,0,5,1,0
581,Comoros,1990,0,other,0.44732609569761994,3.997,0,5,1,1
581,Comoros,1991,1,other,0.37249572133293274,3.988,0,6,1,0
581,Comoros,1992,1,other,1.6064257028112428,4.048,0,7,1,0
581,Comoros,1993,0,other,0.6605614772556612,4.023,0,7,1,1
581,Comoros,1994,0,other,-2.6482094492928043,3.882,0,7,1,2
581,Comoros,1995,0,other,-1.9415027735753876,3.889,0,7,1,3
581,Comoros,1996,0,other,-2.633050373608503,3.831,0,7,1,4
581,Comoros,1997,0,other,-1.8569003652075478,3.816,0,7,1,5
581,Comoros,1998,0,other,-1.8871859034511496,3.764,0,7,1,6
581,Comoros,1999,2,other,-1.3220018885741203,3.762,0,8,1,0
581,Comoros,2000,1,military,0.24765517968174944,3.805,0,9,1,0
581,Comoros,2001,0,military,1.3947368421052708,3.853,0,9,1,1
581,Comoros,2002,0,military,1.7207008708425064,3.878,0,9,1,2
581,Comoros,2003,0,military,0.7412047186553972,3.86,0,9,1,3
581,Comoros,2004,0,military,-0.14554527497659953,3.842,0,9,1,4
581,Comoros,2005,0,military,0.036282589540248544,3.86,0,9,1,5
581,Comoros,2006,0,military,0.8892105671302275,3.903,0,9,1,6
581,Comoros,2007,0,presidential,0.32563188091176976,3.882,0,9,1,7
581,Comoros,2008,0,presidential,0.9533625354290143,3.918,0,9,1,8
581,Comoros,2009,0,presidential,0.9077854138886066,3.935,0,9,1,9
581,Comoros,2010,0,presidential,0.7455065359477153,3.946,0,9,1,10
581,Comoros,2011,0,presidential,1.7018034036067942,4.004,0,9,1,11
581,Comoros,2012,0,presidential,2.6401810409856674,4.082,0,9,1,12
581,Comoros,2013,0,presidential,3.8555053838138287,4.186,0,9,1,13
581,Comoros,2014,0,presidential,3.781882145998261,4.248,0,9,1,14
581,Comoros,2015,0,presidential,3.1517248006149634,4.294,0,9,1,15
581,Comoros,2016,0,presidential,3.444208539749938,4.385,0,9,1,16
581,Comoros,2017,0,presidential,5.7820778622437174,4.592,0,9,1,17
581,Comoros,2018,0,presidential,6.208415752562502,4.725,0,9,1,18
581,Comoros,2019,0,presidential,5.921254324880665,4.837,0,9,1,19
581,Comoros,2020,0,presidential,NA,NA,0,9,1,20
590,Mauritius,1968,0,parliamentary,-4.506499759268179,9.917,0,0,0,0
590,Mauritius,1969,0,parliamentary,-2.688108932973343,9.948,0,0,0,1
590,Mauritius,1970,0,parliamentary,0.5541422627147075,10.198,0,0,0,2
590,Mauritius,1971,0,parliamentary,3.977998232000779,10.586,0,0,0,3
590,Mauritius,1972,0,parliamentary,7.506324469420478,11.134,0,0,0,4
590,Mauritius,1973,0,parliamentary,10.295075863352876,11.849,0,0,0,5
590,Mauritius,1974,0,parliamentary,11.609044441289207,12.577,0,0,0,6
590,Mauritius,1975,0,parliamentary,12.277134551076308,13.363,0,0,0,7
590,Mauritius,1976,0,parliamentary,15.976953750510226,14.775,0,0,0,8
590,Mauritius,1977,0,parliamentary,14.768996247654776,15.66,0,0,0,9
590,Mauritius,1978,0,parliamentary,10.766660222596602,16.043,0,0,0,10
590,Mauritius,1979,0,parliamentary,5.530652603823327,16.009,0,0,0,11
590,Mauritius,1980,0,parliamentary,-0.13191091530806442,15.596,0,0,0,12
590,Mauritius,1981,0,parliamentary,-0.263014807227846,15.775,0,0,0,13
590,Mauritius,1982,0,parliamentary,1.40400713944544,16.135,0,0,0,14
590,Mauritius,1983,0,parliamentary,3.526841448189777,16.585,0,0,0,15
590,Mauritius,1984,0,parliamentary,6.3399832932042655,17.313,0,0,0,16
590,Mauritius,1985,0,parliamentary,8.495448866678545,18.237,0,0,0,17
590,Mauritius,1986,0,parliamentary,11.528394218732219,19.6,0,0,0,18
590,Mauritius,1987,0,parliamentary,13.900341238145476,21.162,0,0,0,19
590,Mauritius,1988,0,parliamentary,13.625777183709031,22.442,0,0,0,20
590,Mauritius,1989,0,parliamentary,11.867815544159965,23.473,0,0,0,21
590,Mauritius,1990,0,parliamentary,10.244257783693357,24.517,0,0,0,22
590,Mauritius,1991,0,parliamentary,8.90023740798307,25.504,0,0,0,23
590,Mauritius,1992,0,parliamentary,8.22300448393869,26.501,0,0,0,24
590,Mauritius,1993,0,parliamentary,8.225328715384972,27.623,0,0,0,25
590,Mauritius,1994,0,parliamentary,7.802155591205917,28.626,0,0,0,26
590,Mauritius,1995,0,parliamentary,7.72135293989753,29.727,0,0,0,27
590,Mauritius,1996,0,parliamentary,7.864533943214158,30.939,0,0,0,28
590,Mauritius,1997,0,parliamentary,6.997835235905492,31.831,0,0,0,29
590,Mauritius,1998,0,parliamentary,6.582562996550534,32.814,0,0,0,30
590,Mauritius,1999,0,parliamentary,5.54828068143185,33.531,0,0,0,31
590,Mauritius,2000,0,parliamentary,5.411137665258803,34.492,0,0,0,32
590,Mauritius,2001,0,parliamentary,4.712416275355769,35.144,0,0,0,33
590,Mauritius,2002,0,parliamentary,3.6694841154182534,35.569,0,0,0,34
590,Mauritius,2003,0,parliamentary,3.7767102865661872,36.337,0,0,0,35
590,Mauritius,2004,0,parliamentary,3.430499052998459,36.916,0,0,0,36
590,Mauritius,2005,0,parliamentary,2.9838398323313697,37.344,0,0,0,37
590,Mauritius,2006,0,parliamentary,4.31724787629737,38.535,0,0,0,38
590,Mauritius,2007,0,parliamentary,5.760842554946377,40.007,0,0,0,39
590,Mauritius,2008,0,parliamentary,6.754064946495575,41.481,0,0,0,40
590,Mauritius,2009,0,parliamentary,6.653302405567008,42.669,0,0,0,41
590,Mauritius,2010,0,parliamentary,6.1222315834326135,43.834,0,0,0,42
590,Mauritius,2011,0,parliamentary,5.930593153146391,45.158,0,0,0,43
590,Mauritius,2012,0,parliamentary,5.498441515830899,46.302,0,0,0,44
590,Mauritius,2013,0,parliamentary,5.235488278823808,47.441,0,0,0,45
590,Mauritius,2014,0,parliamentary,5.216538410020877,48.702,0,0,0,46
590,Mauritius,2015,0,parliamentary,4.369996710165602,49.491,0,0,0,47
590,Mauritius,2016,0,parliamentary,4.89435633944304,50.956,0,0,0,48
590,Mauritius,2017,0,parliamentary,6.3460406329220564,53.109,0,0,0,49
590,Mauritius,2018,0,parliamentary,6.95158068202133,55.036,0,0,0,50
590,Mauritius,2019,0,parliamentary,6.863380727651047,56.7,0,0,0,51
590,Mauritius,2020,0,parliamentary,NA,NA,0,0,0,52
591,Seychelles,1976,0,parliamentary,12.093753775522554,18.556,0,0,0,0
591,Seychelles,1977,2,parliamentary,12.058026681299093,19.605,0,1,1,0
591,Seychelles,1978,0,personal,14.122129189177546,21.208,0,1,1,1
591,Seychelles,1979,0,personal,13.717555403059766,22.537,0,1,1,2
591,Seychelles,1980,0,personal,5.443422130160402,21.889,0,1,1,3
591,Seychelles,1981,0,personal,-1.3324544470078692,20.956,0,1,1,4
591,Seychelles,1982,0,personal,-4.482520226461617,20.448,0,1,1,5
591,Seychelles,1983,0,personal,-3.222775533214317,20.6,0,1,1,6
591,Seychelles,1984,0,personal,1.53793542381091,21.378,0,1,1,7
591,Seychelles,1985,0,personal,5.736495687698584,22.362,0,1,1,8
591,Seychelles,1986,0,personal,7.102807202898953,23.113,0,1,1,9
591,Seychelles,1987,0,personal,8.406544692512297,24.21,0,1,1,10
591,Seychelles,1988,0,personal,9.097855389000497,25.415,0,1,1,11
591,Seychelles,1989,0,personal,10.447064220935086,26.963,0,1,1,12
591,Seychelles,1990,0,personal,10.795343644355615,28.382,0,1,1,13
591,Seychelles,1991,0,personal,9.747936649565014,29.52,0,1,1,14
591,Seychelles,1992,0,personal,9.40156409384565,30.888,0,1,1,15
591,Seychelles,1993,0,personal,8.728425692439767,32.166,0,1,1,16
591,Seychelles,1994,0,dominant-party,5.65712944367649,32.408,0,1,1,17
591,Seychelles,1995,0,dominant-party,2.9317389011380035,32.399,0,1,1,18
591,Seychelles,1996,0,dominant-party,2.9506750965754502,33.153,0,1,1,19
591,Seychelles,1997,0,dominant-party,7.22370796080869,35.523,0,1,1,20
591,Seychelles,1998,0,dominant-party,10.163898039765407,37.721,0,1,1,21
591,Seychelles,1999,0,dominant-party,9.298293023465298,38.828,0,1,1,22
591,Seychelles,2000,0,dominant-party,5.838128324828995,38.995,0,1,1,23
591,Seychelles,2001,0,dominant-party,1.294821242880606,38.38,0,1,1,24
591,Seychelles,2002,0,dominant-party,-0.7310443937642463,38.13,0,1,1,25
591,Seychelles,2003,0,dominant-party,-2.3048730260516903,37.478,0,1,1,26
591,Seychelles,2004,0,dominant-party,-1.4943548344767188,37.534,0,1,1,27
591,Seychelles,2005,0,dominant-party,3.301933720461414,39.457,0,1,1,28
591,Seychelles,2006,0,dominant-party,8.039103878023845,42.062,0,1,1,29
591,Seychelles,2007,0,dominant-party,10.530270609194137,44.423,0,1,1,30
591,Seychelles,2008,0,dominant-party,6.665768401601491,44.332,0,1,1,31
591,Seychelles,2009,0,dominant-party,4.784164813688663,45.145,0,1,1,32
591,Seychelles,2010,0,dominant-party,3.9104284093569364,46.162,0,1,1,33
591,Seychelles,2011,0,dominant-party,5.709981299570366,48.275,0,1,1,34
591,Seychelles,2012,0,dominant-party,6.417538017728042,49.727,0,1,1,35
591,Seychelles,2013,0,dominant-party,6.6420924897769185,51.323,0,1,1,36
591,Seychelles,2014,0,dominant-party,6.456950975971143,52.881,0,1,1,37
591,Seychelles,2015,0,dominant-party,5.402430742570785,54.012,0,1,1,38
591,Seychelles,2016,0,dominant-party,5.6846281041884605,55.733,0,1,1,39
591,Seychelles,2017,0,dominant-party,5.599244929636149,57.284,0,1,1,40
591,Seychelles,2018,0,dominant-party,5.11619722103509,58.539,0,1,1,41
591,Seychelles,2019,0,dominant-party,3.466643227564381,58.857,0,1,1,42
591,Seychelles,2020,0,dominant-party,NA,NA,0,1,1,43
600,Morocco,1956,0,other,-1.5385180289344103,5.363,0,0,0,0
600,Morocco,1957,0,other,-2.1417474291632765,5.291,1,0,0,1
600,Morocco,1958,0,other,-2.867611320895813,5.196,1,0,0,2
600,Morocco,1959,0,other,-2.7483343428225337,5.138,0,0,0,3
600,Morocco,1960,0,other,-2.0227560050568916,5.115,0,0,0,4
600,Morocco,1961,0,other,0.030855864542744804,5.187,0,0,0,5
600,Morocco,1962,0,other,1.7753763025858627,5.274,0,0,0,6
600,Morocco,1963,0,other,2.8300801472562087,5.363,1,0,0,7
600,Morocco,1964,0,other,3.1875379017586303,5.445,1,0,0,8
600,Morocco,1965,0,other,2.9087786117023118,5.512,0,0,0,9
600,Morocco,1966,0,other,2.6570492768557052,5.579,0,0,0,10
600,Morocco,1967,0,other,3.7527593818984517,5.734,0,0,0,11
600,Morocco,1968,0,other,5.463628955107547,5.953,0,0,0,12
600,Morocco,1969,0,other,6.33922090491168,6.153,0,0,0,13
600,Morocco,1970,0,other,6.178320384757674,6.314,0,0,0,14
600,Morocco,1971,1,other,5.816306547424754,6.484,0,1,1,0
600,Morocco,1972,1,other,4.7611490239644505,6.601,0,2,1,0
600,Morocco,1973,0,other,4.7518871426803555,6.772,0,2,1,1
600,Morocco,1974,0,other,6.060149923232094,7.046,0,2,1,2
600,Morocco,1975,0,other,7.862286097425897,7.4,3,2,1,3
600,Morocco,1976,0,other,9.809807001795324,7.829,3,2,1,4
600,Morocco,1977,0,other,9.236688460193164,8.12,3,2,1,5
600,Morocco,1978,0,other,7.532990729024092,8.328,3,2,1,6
600,Morocco,1979,0,other,6.242541766109788,8.547,3,2,1,7
600,Morocco,1980,0,other,5.566103487226326,8.785,3,2,1,8
600,Morocco,1981,0,other,3.68858228917357,8.838,3,2,1,9
600,Morocco,1982,0,other,4.126503258973657,9.074,3,2,1,10
600,Morocco,1983,0,other,3.3582425497433954,9.184,3,2,1,11
600,Morocco,1984,0,other,3.5511457803902635,9.372,3,2,1,12
600,Morocco,1985,0,other,4.537173592435151,9.64,3,2,1,13
600,Morocco,1986,0,other,5.249221513758551,9.937,3,2,1,14
600,Morocco,1987,0,other,4.199534999584831,10.039,3,2,1,15
600,Morocco,1988,0,other,4.928763958413551,10.355,3,2,1,16
600,Morocco,1989,0,other,4.012284525460674,10.499,3,2,1,17
600,Morocco,1990,0,other,2.735994084337112,10.559,0,2,1,18
600,Morocco,1991,0,other,3.0186366335306136,10.757,0,2,1,19
600,Morocco,1992,0,other,1.1312473988876803,10.692,0,2,1,20
600,Morocco,1993,0,other,0.6257398951462934,10.71,0,2,1,21
600,Morocco,1994,0,other,2.689782176007749,11.041,0,2,1,22
600,Morocco,1995,0,other,1.5127755742090132,11.005,0,2,1,23
600,Morocco,1996,0,other,4.053512193343778,11.418,0,2,1,24
600,Morocco,1997,0,other,2.8375170826440366,11.438,0,2,1,25
600,Morocco,1998,0,other,2.8620958041463362,11.63,0,2,1,26
600,Morocco,1999,0,other,2.1148934681453957,11.675,0,2,1,27
600,Morocco,2000,0,other,1.4900633665417606,11.756,0,2,1,28
600,Morocco,2001,0,other,2.9934086950582195,12.063,0,2,1,29
600,Morocco,2002,0,other,3.5469107551487467,12.308,0,2,1,30
600,Morocco,2003,0,other,4.837643013028248,12.682,0,2,1,31
600,Morocco,2004,0,other,5.328697339694344,13.026,0,2,1,32
600,Morocco,2005,0,other,5.316667192080948,13.363,0,2,1,33
600,Morocco,2006,0,other,6.640840325840625,13.929,0,2,1,34
600,Morocco,2007,0,other,7.250307530419575,14.473,0,2,1,35
600,Morocco,2008,0,other,8.501486223848186,15.185,0,2,1,36
600,Morocco,2009,0,other,8.677129428579278,15.816,0,2,1,37
600,Morocco,2010,0,other,8.014833975611047,16.369,0,2,1,38
600,Morocco,2011,0,other,7.301151877674905,16.898,0,2,1,39
600,Morocco,2012,0,other,5.925707908710742,17.275,0,2,1,40
600,Morocco,2013,0,other,4.8331388008861165,17.604,0,2,1,41
600,Morocco,2014,0,other,3.599516031457961,17.81,0,2,1,42
600,Morocco,2015,0,other,2.587093089663073,17.963,0,2,1,43
600,Morocco,2016,0,other,2.023342796629257,18.112,0,2,1,44
600,Morocco,2017,0,other,1.9366118758073814,18.307,0,2,1,45
600,Morocco,2018,0,other,1.8311179747394046,18.463,0,2,1,46
600,Morocco,2019,0,other,1.2426100284650854,18.495,0,2,1,47
600,Morocco,2020,0,other,NA,NA,0,2,1,48
615,Algeria,1962,0,dominant-party,2.3912804744124827,7.459,1,0,0,0
615,Algeria,1963,0,dominant-party,3.5990671048446776,7.818,2,0,0,1
615,Algeria,1964,1,dominant-party,4.344012794717034,8.09,1,1,1,0
615,Algeria,1965,2,dominant-party,5.656878683194488,8.319,0,2,1,0
615,Algeria,1966,0,dominant-party,5.0309134423613955,8.426,0,2,1,1
615,Algeria,1967,1,dominant-party,6.334241554746445,8.82,0,3,1,0
615,Algeria,1968,0,dominant-party,9.416707285936464,9.428,0,3,1,1
615,Algeria,1969,0,dominant-party,13.114717848929768,10.231,0,3,1,2
615,Algeria,1970,0,dominant-party,17.770734940757315,11.371,0,3,1,3
615,Algeria,1971,0,dominant-party,14.09590951348001,11.782,0,3,1,4
615,Algeria,1972,0,dominant-party,14.903033137840449,12.774,0,3,1,5
615,Algeria,1973,0,dominant-party,14.044182818536033,13.639,0,3,1,6
615,Algeria,1974,0,dominant-party,14.368406311268789,14.7,0,3,1,7
615,Algeria,1975,0,dominant-party,13.481914504932412,15.53,0,3,1,8
615,Algeria,1976,0,dominant-party,11.965144477783717,16.344,0,3,1,9
615,Algeria,1977,0,dominant-party,11.579151077280358,17.297,0,3,1,10
615,Algeria,1978,0,dominant-party,11.759485514910573,18.386,0,3,1,11
615,Algeria,1979,0,dominant-party,11.034983072706739,19.285,0,3,1,12
615,Algeria,1980,0,dominant-party,8.494191536552687,19.762,0,3,1,13
615,Algeria,1981,0,dominant-party,6.265608699775549,20.169,0,3,1,14
615,Algeria,1982,0,dominant-party,4.9582569741396965,20.618,0,3,1,15
615,Algeria,1983,0,dominant-party,4.064790660305317,20.983,0,3,1,16
615,Algeria,1984,0,dominant-party,3.2119914346895095,21.208,0,3,1,17
615,Algeria,1985,0,dominant-party,1.6380378112127891,21.171,0,3,1,18
615,Algeria,1986,0,dominant-party,-2.615707669738143,20.313,0,3,1,19
615,Algeria,1987,0,dominant-party,-5.893766674751399,19.4,0,3,1,20
615,Algeria,1988,0,dominant-party,-8.141754832551108,18.476,0,3,1,21
615,Algeria,1989,0,dominant-party,-7.467499127148757,18.022,0,3,1,22
615,Algeria,1990,0,dominant-party,-6.983947281291059,17.418,0,3,1,23
615,Algeria,1991,0,dominant-party,-6.493607300872684,16.865,4,3,1,24
615,Algeria,1992,2,dominant-party,-5.143498219866505,16.572,4,4,1,0
615,Algeria,1993,0,military,-4.896831461995166,16.178,4,4,1,1
615,Algeria,1994,0,military,-3.9690000964227035,15.935,4,4,1,2
615,Algeria,1995,0,military,-1.5904328967198955,16.063,4,4,1,3
615,Algeria,1996,0,military,0.8777877775449028,16.365,4,4,1,4
615,Algeria,1997,0,military,2.090012330456248,16.559,4,4,1,5
615,Algeria,1998,0,military,4.027909927053597,17.056,4,4,1,6
615,Algeria,1999,0,military,5.3270067409284305,17.625,4,4,1,7
615,Algeria,2000,0,military,6.833381797034033,18.37,4,4,1,8
615,Algeria,2001,0,military,7.184777210961135,18.994,4,4,1,9
615,Algeria,2002,0,military,7.858612468838788,19.816,4,4,1,10
615,Algeria,2003,0,military,9.034463294552975,20.862,4,4,1,11
615,Algeria,2004,0,military,9.418948000600569,21.863,4,4,1,12
615,Algeria,2005,0,military,9.936372769458934,22.98,0,4,1,13
615,Algeria,2006,0,military,8.674762745833764,23.75,0,4,1,14
615,Algeria,2007,0,military,6.988146599066858,24.352,0,4,1,15
615,Algeria,2008,0,military,5.449713887898389,24.841,0,4,1,16
615,Algeria,2009,0,military,3.5682699222204795,25.06,0,4,1,17
615,Algeria,2010,0,military,3.887442807947883,25.703,0,4,1,18
615,Algeria,2011,0,military,3.9338753902968593,26.23,0,4,1,19
615,Algeria,2012,0,military,3.342032485490587,26.531,0,4,1,20
615,Algeria,2013,0,military,2.2377106498736143,26.609,0,4,1,21
615,Algeria,2014,0,military,1.1229130444685653,26.638,0,4,1,22
615,Algeria,2015,0,military,-0.223504183152623,26.428,0,4,1,23
615,Algeria,2016,0,military,-0.8076081213676534,26.284,0,4,1,24
615,Algeria,2017,0,military,-2.558374554544973,25.648,0,4,1,25
615,Algeria,2018,0,military,-3.50634477775984,25.109,0,4,1,26
615,Algeria,2019,0,military,-4.836803843776172,24.322,0,4,1,27
615,Algeria,2020,0,other,NA,NA,0,4,1,28
615,Algeria,2021,0,presidential,NA,NA,0,4,1,29
616,Tunisia,1950,NA,other,0.973527719163636,4.211,0,NA,NA,NA
616,Tunisia,1951,NA,other,1.66301343752977,4.267,0,NA,NA,NA
616,Tunisia,1952,NA,other,3.831309422950202,4.412,0,NA,NA,NA
616,Tunisia,1953,NA,other,4.185981828295948,4.495,0,NA,NA,NA
616,Tunisia,1954,NA,other,2.8827264836219113,4.504,0,NA,NA,NA
616,Tunisia,1955,NA,other,0.6956993133357514,4.458,0,NA,NA,NA
616,Tunisia,1956,0,other,0.3176165339536796,4.485,0,0,0,0
616,Tunisia,1957,0,other,0.2228163992869847,4.498,0,0,0,1
616,Tunisia,1958,0,dominant-party,2.5470653377630104,4.63,0,0,0,2
616,Tunisia,1959,0,dominant-party,2.6954533462316466,4.671,0,0,0,3
616,Tunisia,1960,0,dominant-party,3.8308198994626563,4.792,0,0,0,4
616,Tunisia,1961,0,dominant-party,5.286624203821644,4.959,1,0,0,5
616,Tunisia,1962,0,dominant-party,5.254433946626902,5.08,0,0,0,6
616,Tunisia,1963,0,dominant-party,7.368632977652512,5.333,0,0,0,7
616,Tunisia,1964,0,dominant-party,7.582126732056671,5.528,0,0,0,8
616,Tunisia,1965,0,dominant-party,7.393770898298091,5.717,0,0,0,9
616,Tunisia,1966,0,dominant-party,6.031942372758037,5.829,0,0,0,10
616,Tunisia,1967,0,dominant-party,4.25644648534087,5.903,0,0,0,11
616,Tunisia,1968,0,dominant-party,5.775169857937001,6.165,0,0,0,12
616,Tunisia,1969,0,dominant-party,6.761032472939221,6.411,0,0,0,13
616,Tunisia,1970,0,dominant-party,8.969821761791398,6.774,0,0,0,14
616,Tunisia,1971,0,dominant-party,11.934105787257575,7.284,0,0,0,15
616,Tunisia,1972,0,dominant-party,14.491662806855032,7.91,0,0,0,16
616,Tunisia,1973,0,dominant-party,12.509899232638787,8.24,0,0,0,17
616,Tunisia,1974,0,dominant-party,11.472668810289388,8.667,0,0,0,18
616,Tunisia,1975,0,dominant-party,10.330177227482418,9.089,0,0,0,19
616,Tunisia,1976,0,dominant-party,9.35087678871811,9.491,0,0,0,20
616,Tunisia,1977,0,dominant-party,8.475473863059646,9.832,0,0,0,21
616,Tunisia,1978,0,dominant-party,7.853713222074155,10.198,0,0,0,22
616,Tunisia,1979,0,dominant-party,7.749512353706112,10.606,0,0,0,23
616,Tunisia,1980,0,dominant-party,7.651993664078849,11.01,0,0,0,24
616,Tunisia,1981,0,dominant-party,6.8090409562113985,11.313,0,0,0,25
616,Tunisia,1982,0,dominant-party,4.709354548954181,11.424,0,0,0,26
616,Tunisia,1983,0,dominant-party,3.8000464509674314,11.62,0,0,0,27
616,Tunisia,1984,0,dominant-party,3.3798433347321355,11.825,0,0,0,28
616,Tunisia,1985,0,dominant-party,3.247422680412382,12.018,0,0,0,29
616,Tunisia,1986,0,dominant-party,1.863016490328273,11.996,0,0,0,30
616,Tunisia,1987,2,dominant-party,2.007614511178568,12.164,0,1,1,0
616,Tunisia,1988,0,dominant-party,1.7604406909024428,12.266,0,1,1,1
616,Tunisia,1989,0,dominant-party,2.429216249487065,12.481,0,1,1,2
616,Tunisia,1990,0,dominant-party,4.126531867704908,12.864,0,1,1,3
616,Tunisia,1991,0,dominant-party,5.442554338348371,13.302,0,1,1,4
616,Tunisia,1992,0,dominant-party,7.201271447969382,13.895,0,1,1,5
616,Tunisia,1993,0,dominant-party,7.285936378856728,14.354,0,1,1,6
616,Tunisia,1994,0,dominant-party,7.049495226678615,14.824,0,1,1,7
616,Tunisia,1995,0,dominant-party,7.044275915909215,15.357,0,1,1,8
616,Tunisia,1996,0,dominant-party,7.910241440861077,16.081,0,1,1,9
616,Tunisia,1997,0,dominant-party,7.800509854161031,16.661,0,1,1,10
616,Tunisia,1998,0,dominant-party,7.246738655514617,17.182,0,1,1,11
616,Tunisia,1999,0,dominant-party,6.807285518105388,17.733,0,1,1,12
616,Tunisia,2000,0,dominant-party,6.173673120132239,18.24,0,1,1,13
616,Tunisia,2001,0,dominant-party,5.501373083051764,18.671,0,1,1,14
616,Tunisia,2002,0,dominant-party,4.6695947954162875,19.017,0,1,1,15
616,Tunisia,2003,0,dominant-party,4.83144138537801,19.541,0,1,1,16
616,Tunisia,2004,0,dominant-party,5.71658446877874,20.235,0,1,1,17
616,Tunisia,2005,0,dominant-party,6.230048189341408,20.898,0,1,1,18
616,Tunisia,2006,0,dominant-party,7.057976588463855,21.712,0,1,1,19
616,Tunisia,2007,0,dominant-party,7.711866827925751,22.621,0,1,1,20
616,Tunisia,2008,0,dominant-party,7.496808207728267,23.407,0,1,1,21
616,Tunisia,2009,0,dominant-party,6.549954723815277,24.004,0,1,1,22
616,Tunisia,2010,0,dominant-party,4.766376881521239,24.319,0,1,1,23
616,Tunisia,2011,0,dominant-party,2.149676157063829,24.225,0,1,1,24
616,Tunisia,2012,0,other,1.5058514747045226,24.442,0,1,1,25
616,Tunisia,2013,0,other,1.3104672958663466,24.646,0,1,1,26
616,Tunisia,2014,0,other,1.0819556921165985,24.739,0,1,1,27
616,Tunisia,2015,0,other,0.16311218040205855,24.563,0,1,1,28
616,Tunisia,2016,0,presidential,-0.26198670539513413,24.517,0,1,1,29
616,Tunisia,2017,0,presidential,-0.1015847216578547,24.585,0,1,1,30
616,Tunisia,2018,0,presidential,0.09753322225383165,24.631,0,1,1,31
616,Tunisia,2019,0,presidential,-0.1400343572667273,24.531,0,1,1,32
616,Tunisia,2020,0,presidential,NA,NA,0,1,1,33
620,Libya,1951,0,other,NA,3.861,0,0,0,0
620,Libya,1952,0,other,NA,3.969,0,0,0,1
620,Libya,1953,0,other,4.056753572709115,4.063,0,0,0,2
620,Libya,1954,0,other,5.916892502258353,4.221,0,0,0,3
620,Libya,1955,0,other,11.935266351989204,4.648,0,0,0,4
620,Libya,1956,0,other,16.844253003854014,5.154,0,0,0,5
620,Libya,1957,0,other,17.43802352144852,5.552,0,0,0,6
620,Libya,1958,0,other,17.13738069159756,5.989,0,0,0,7
620,Libya,1959,0,other,17.16591928251121,6.532,0,0,0,8
620,Libya,1960,0,other,20.610238149684747,7.384,0,0,0,9
620,Libya,1961,0,other,24.52802359882005,8.443,0,0,0,10
620,Libya,1962,0,other,32.72180762852403,10.244,0,0,0,11
620,Libya,1963,0,other,40.857016964089034,12.787,0,0,0,12
620,Libya,1964,0,other,46.37897457364906,16.085,0,0,0,13
620,Libya,1965,0,other,45.71662693682956,19.561,0,0,0,14
620,Libya,1966,0,other,40.39786237834922,22.909,0,0,0,15
620,Libya,1967,0,other,34.16985447198662,26.165,0,0,0,16
620,Libya,1968,0,other,31.161458287983134,30.127,0,0,0,17
620,Libya,1969,2,other,24.59613352490859,32.779,0,1,1,0
620,Libya,1970,0,personal,16.175603603109522,33.894,0,1,1,1
620,Libya,1971,0,personal,8.30938987175649,34.002,0,1,1,2
620,Libya,1972,0,personal,5.140342085720673,34.829,0,1,1,3
620,Libya,1973,0,personal,4.910050441729585,35.981,0,1,1,4
620,Libya,1974,0,personal,8.968250835875246,38.653,0,1,1,5
620,Libya,1975,1,personal,11.241782599977235,41.052,0,2,1,0
620,Libya,1976,0,personal,14.597736467455324,44.755,0,2,1,1
620,Libya,1977,0,personal,14.294849603815663,47.543,0,2,1,2
620,Libya,1978,0,personal,10.1826670292811,48.617,0,2,1,3
620,Libya,1979,0,personal,5.669421702516808,48.762,0,2,1,4
620,Libya,1980,0,personal,-0.9287794814561101,46.87,0,2,1,5
620,Libya,1981,0,personal,-8.774307953315086,42.802,0,2,1,6
620,Libya,1982,0,personal,-11.372333406641744,40.299,0,2,1,7
620,Libya,1983,0,personal,-12.083554284923803,38.132,0,2,1,8
620,Libya,1984,0,personal,-11.724509539787897,36.042,0,2,1,9
620,Libya,1985,0,personal,-9.516989975263645,34.75,0,2,1,10
620,Libya,1986,0,personal,-11.121151843423348,32.26,0,2,1,11
620,Libya,1987,0,personal,-12.608789680104271,29.903,0,2,1,12
620,Libya,1988,0,personal,-9.324048076449444,29.453,0,2,1,13
620,Libya,1989,0,personal,-4.441087419906154,29.857,0,2,1,14
620,Libya,1990,0,personal,1.0005124095071594,30.749,0,2,1,15
620,Libya,1991,0,personal,5.976600734429516,32.265,0,2,1,16
620,Libya,1992,0,personal,5.597291633080759,32.751,0,2,1,17
620,Libya,1993,1,personal,3.36825354727488,32.739,0,3,1,0
620,Libya,1994,0,personal,1.7627261514432169,32.837,0,3,1,1
620,Libya,1995,0,personal,0.6922573582921032,32.931,0,3,1,2
620,Libya,1996,0,personal,1.2552479205779399,33.331,0,3,1,3
620,Libya,1997,0,personal,2.116204111689224,33.836,0,3,1,4
620,Libya,1998,0,personal,0.12573621864866436,33.286,0,3,1,5
620,Libya,1999,0,personal,-2.8584027496723063,32.163,0,3,1,6
620,Libya,2000,0,personal,-2.552225304913225,32.103,0,3,1,7
620,Libya,2001,0,personal,-1.9678029260054686,32.043,0,3,1,8
620,Libya,2002,0,personal,-0.13276522168704785,32.345,0,3,1,9
620,Libya,2003,0,personal,5.2565369203296575,34.305,0,3,1,10
620,Libya,2004,0,personal,8.652983065046982,36.314,0,3,1,11
620,Libya,2005,0,personal,12.158070428442569,39.042,0,3,1,12
620,Libya,2006,0,personal,13.026819923371647,41.477,0,3,1,13
620,Libya,2007,0,personal,11.945280325360219,43.6,0,3,1,14
620,Libya,2008,0,personal,10.16615558071836,45.338,0,3,1,15
620,Libya,2009,0,personal,3.7354198430440855,44.361,0,3,1,16
620,Libya,2010,0,personal,-5.927164622816794,40.504,0,3,1,17
620,Libya,2011,0,personal,-26.138146796908714,30.125,3,3,1,18
620,Libya,2012,0,other,-13.924861102505314,33.34,0,3,1,19
620,Libya,2013,0,other,-22.662434248394327,27.141,0,3,1,20
620,Libya,2014,0,other,-28.37165840047572,21.923,2,3,1,21
620,Libya,2015,0,other,-26.57583890582117,19.369,2,3,1,22
620,Libya,2016,0,other,-20.82085972775839,19.149,2,3,1,23
620,Libya,2017,0,other,0.2099785456703307,21.953,2,3,1,24
620,Libya,2018,0,other,12.6244722564387,23.955,2,3,1,25
620,Libya,2019,0,other,11.165866823871863,24.137,2,3,1,26
620,Libya,2020,0,other,NA,NA,2,3,1,27
620,Libya,2021,0,other,NA,NA,2,3,1,28
625,Sudan,1955,NA,parliamentary,1.031034661416519,3.9,2,NA,NA,NA
625,Sudan,1956,0,parliamentary,1.7562779232783932,3.963,5,0,0,0
625,Sudan,1957,0,parliamentary,1.3361893104855138,3.974,5,0,0,1
625,Sudan,1958,2,parliamentary,2.099140111279718,4.037,5,1,1,0
625,Sudan,1959,1,military,3.605853268740944,4.149,5,2,1,0
625,Sudan,1960,0,military,3.682218180030472,4.218,5,2,1,1
625,Sudan,1961,0,military,2.398523985239853,4.218,5,2,1,2
625,Sudan,1962,0,military,1.4291195089200182,4.23,5,2,1,3
625,Sudan,1963,0,military,-1.274341351660957,4.137,5,2,1,4
625,Sudan,1964,0,military,-2.7371650448204887,4.058,5,2,1,5
625,Sudan,1965,0,other,-2.374159856873448,4.038,5,2,1,6
625,Sudan,1966,1,parliamentary,-3.1294382682795496,3.956,5,3,1,0
625,Sudan,1967,0,parliamentary,-3.3736981113270503,3.878,5,3,1,1
625,Sudan,1968,0,parliamentary,-2.191476469400111,3.874,5,3,1,2
625,Sudan,1969,2,parliamentary,-1.0902236486830752,3.883,5,4,1,0
625,Sudan,1970,0,personal,-1.292082775661496,3.835,5,4,1,1
625,Sudan,1971,1,personal,-1.047337584901742,3.817,5,5,1,0
625,Sudan,1972,0,personal,-2.7654346803282936,3.72,5,5,1,1
625,Sudan,1973,0,personal,-3.6141390623346425,3.643,0,5,1,2
625,Sudan,1974,0,personal,1.3011152416356753,3.815,0,5,1,3
625,Sudan,1975,1,personal,7.850829018254091,4.124,0,6,1,0
625,Sudan,1976,1,personal,13.624886375113633,4.5,1,7,1,0
625,Sudan,1977,1,personal,14.136954748308451,4.757,0,8,1,0
625,Sudan,1978,0,personal,6.750823271130635,4.668,0,8,1,1
625,Sudan,1979,0,personal,-1.552905579781072,4.425,0,8,1,2
625,Sudan,1980,0,personal,-4.773459213835096,4.317,0,8,1,3
625,Sudan,1981,0,personal,-3.98043139871026,4.318,0,8,1,4
625,Sudan,1982,0,personal,-0.4517732098486493,4.407,0,8,1,5
625,Sudan,1983,0,personal,-1.1344846591953006,4.305,6,8,1,6
625,Sudan,1984,0,personal,-3.68146700176859,4.139,6,8,1,7
625,Sudan,1985,2,personal,-6.193810920791143,3.965,6,9,1,0
625,Sudan,1986,0,other,-5.595754944524833,3.914,6,9,1,1
625,Sudan,1987,0,parliamentary,-3.0171349562984617,3.928,6,9,1,2
625,Sudan,1988,0,parliamentary,-2.047299682315573,3.885,6,9,1,3
625,Sudan,1989,2,parliamentary,-1.2067907547555823,3.864,6,10,1,0
625,Sudan,1990,0,personal,-4.058466801430571,3.702,6,10,1,1
625,Sudan,1991,0,personal,-2.697041110238274,3.716,6,10,1,2
625,Sudan,1992,0,personal,-1.1372652737371092,3.738,6,10,1,3
625,Sudan,1993,0,personal,0.44690359650989553,3.776,6,10,1,4
625,Sudan,1994,0,personal,1.8982617041697791,3.822,6,10,1,5
625,Sudan,1995,0,personal,2.849604221635893,3.898,6,10,1,6
625,Sudan,1996,0,personal,4.044289650153354,4.003,6,10,1,7
625,Sudan,1997,0,personal,6.70422249289484,4.205,6,10,1,8
625,Sudan,1998,0,personal,6.929569122945556,4.333,6,10,1,9
625,Sudan,1999,0,personal,6.797742058936085,4.465,6,10,1,10
625,Sudan,2000,0,personal,6.870405474131958,4.623,6,10,1,11
625,Sudan,2001,0,personal,6.632744152829839,4.778,6,10,1,12
625,Sudan,2002,0,personal,7.390947922509383,4.978,6,10,1,13
625,Sudan,2003,0,personal,8.232848232848244,5.206,5,10,1,14
625,Sudan,2004,0,personal,8.691308691308697,5.44,5,10,1,15
625,Sudan,2005,0,personal,10.901323568676812,5.815,5,10,1,16
625,Sudan,2006,0,personal,13.363390441839496,6.286,5,10,1,17
625,Sudan,2007,0,personal,14.444557442625161,6.752,5,10,1,18
625,Sudan,2008,0,personal,13.402718100512434,7.126,5,10,1,19
625,Sudan,2009,0,personal,10.77817397297216,7.394,5,10,1,20
625,Sudan,2010,0,personal,8.139237266444832,7.605,5,10,1,21
625,Sudan,2011,0,personal,6.312201772324477,7.798,5,10,1,22
625,Sudan,2012,1,personal,2.8798938287989406,7.752,5,11,1,0
625,Sudan,2013,0,personal,3.032901917979114,7.929,5,11,1,1
625,Sudan,2014,0,personal,3.5709730901670733,8.121,5,11,1,2
625,Sudan,2015,0,personal,3.3340028118096,8.232,5,11,1,3
625,Sudan,2016,0,personal,4.01987688199954,8.415,5,11,1,4
625,Sudan,2017,0,personal,4.257945825567044,8.614,5,11,1,5
625,Sudan,2018,0,personal,2.3964363133947897,8.597,5,11,1,6
625,Sudan,2019,2,personal,0.8441007262095734,8.554,5,12,1,0
625,Sudan,2020,0,other,NA,NA,5,12,1,1
626,South Sudan,2011,0,personal,NA,4.312,6,0,0,0
626,South Sudan,2012,0,personal,NA,3.982,6,0,0,1
626,South Sudan,2013,0,personal,NA,3.833,6,0,0,2
626,South Sudan,2014,0,personal,NA,3.709,6,0,0,3
626,South Sudan,2015,0,personal,-7.786990781274139,3.581,6,0,0,4
626,South Sudan,2016,0,personal,-4.071478251564931,3.586,6,0,0,5
626,South Sudan,2017,0,personal,-1.578027738342247,3.605,6,0,0,6
626,South Sudan,2018,0,personal,-0.04972650422675473,3.618,6,0,0,7
626,South Sudan,2019,0,personal,0.47753900827365303,3.619,6,0,0,8
626,South Sudan,2020,0,personal,NA,NA,6,0,0,9
630,Iran (Persia),1950,0,other,5.9490289509782635,5.87,0,0,0,0
630,Iran (Persia),1951,0,other,5.258507969042658,5.957,0,0,0,1
630,Iran (Persia),1952,0,other,3.143759325445017,5.945,0,0,0,2
630,Iran (Persia),1953,2,other,1.0467264144489397,5.908,1,1,1,0
630,Iran (Persia),1954,0,other,-0.4735328936242289,5.885,0,1,1,1
630,Iran (Persia),1955,0,other,0.2598016060462838,5.943,0,1,1,2
630,Iran (Persia),1956,0,other,3.6785379568884835,6.195,0,1,1,3
630,Iran (Persia),1957,0,other,8.650858544562556,6.644,0,1,1,4
630,Iran (Persia),1958,0,other,12.373499277138734,7.151,0,1,1,5
630,Iran (Persia),1959,0,other,14.115231236235948,7.669,0,1,1,6
630,Iran (Persia),1960,0,other,15.291532213196835,8.289,0,1,1,7
630,Iran (Persia),1961,0,other,14.098573281452676,8.797,0,1,1,8
630,Iran (Persia),1962,0,other,11.622358554873902,9.17,0,1,1,9
630,Iran (Persia),1963,0,other,10.925063651168653,9.672,1,1,1,10
630,Iran (Persia),1964,0,other,10.924606354638211,10.243,0,1,1,11
630,Iran (Persia),1965,0,other,12.769350288261027,11.032,0,1,1,12
630,Iran (Persia),1966,0,other,14.348611858801807,11.895,0,1,1,13
630,Iran (Persia),1967,0,other,15.849503245938102,12.92,0,1,1,14
630,Iran (Persia),1968,0,other,17.64998672683835,14.182,0,1,1,15
630,Iran (Persia),1969,0,other,18.046754515887663,15.462,0,1,1,16
630,Iran (Persia),1970,0,other,17.643754826932522,16.756,0,1,1,17
630,Iran (Persia),1971,0,other,18.00010303436197,18.324,0,1,1,18
630,Iran (Persia),1972,0,other,18.50760344217848,20.106,0,1,1,19
630,Iran (Persia),1973,0,other,17.88345250586847,21.795,0,1,1,20
630,Iran (Persia),1974,0,other,16.031882207413915,23.263,1,1,1,21
630,Iran (Persia),1975,0,other,12.487583895732568,24.235,1,1,1,22
630,Iran (Persia),1976,0,other,10.166313457697761,25.264,0,1,1,23
630,Iran (Persia),1977,0,other,2.531336959537289,24.392,0,1,1,24
630,Iran (Persia),1978,0,other,-7.768049761183249,21.975,4,1,1,25
630,Iran (Persia),1979,0,other,-15.5115769034059,19.493,7,1,1,26
630,Iran (Persia),1980,0,dominant-party,-21.102248676026125,17.073,13,1,1,27
630,Iran (Persia),1981,0,dominant-party,-18.650553267102822,16.115,13,1,1,28
630,Iran (Persia),1982,0,dominant-party,-9.100872386129488,16.588,13,1,1,29
630,Iran (Persia),1983,0,dominant-party,-1.3360680432918381,17.029,13,1,1,30
630,Iran (Persia),1984,0,dominant-party,0.13288002490003947,16.729,13,1,1,31
630,Iran (Persia),1985,0,dominant-party,-2.36962233765603,16.126,13,1,1,32
630,Iran (Persia),1986,0,dominant-party,-7.97888663843368,14.993,10,1,1,33
630,Iran (Persia),1987,0,dominant-party,-10.686703972855948,14.109,10,1,1,34
630,Iran (Persia),1988,0,dominant-party,-10.920836207353968,13.431,10,1,1,35
630,Iran (Persia),1989,0,dominant-party,-6.918989414098819,13.418,4,1,1,36
630,Iran (Persia),1990,0,dominant-party,-0.3191047894337662,13.932,4,1,1,37
630,Iran (Persia),1991,0,dominant-party,5.896121426212342,14.749,4,1,1,38
630,Iran (Persia),1992,0,dominant-party,8.093611495356123,15.316,4,1,1,39
630,Iran (Persia),1993,0,dominant-party,5.666208791208782,15.385,4,1,1,40
630,Iran (Persia),1994,0,dominant-party,3.0243471982672077,15.411,0,1,1,41
630,Iran (Persia),1995,0,dominant-party,2.496277137706704,15.693,0,1,1,42
630,Iran (Persia),1996,0,dominant-party,4.138911662225864,16.259,0,1,1,43
630,Iran (Persia),1997,0,dominant-party,4.936095196121637,16.667,0,1,1,44
630,Iran (Persia),1998,0,dominant-party,5.298846040043403,17.082,0,1,1,45
630,Iran (Persia),1999,0,dominant-party,5.5889062312402205,17.589,0,1,1,46
630,Iran (Persia),2000,0,dominant-party,6.939340373075287,18.391,0,1,1,47
630,Iran (Persia),2001,0,dominant-party,8.787127324139643,19.39,0,1,1,48
630,Iran (Persia),2002,0,dominant-party,11.325694176215606,20.752,0,1,1,49
630,Iran (Persia),2003,0,dominant-party,13.047854332509834,22.239,0,1,1,50
630,Iran (Persia),2004,0,dominant-party,13.24612393821285,23.651,0,1,1,51
630,Iran (Persia),2005,0,dominant-party,12.848644124238362,25.077,0,1,1,52
630,Iran (Persia),2006,0,dominant-party,11.945539778977476,26.459,0,1,1,53
630,Iran (Persia),2007,0,dominant-party,11.14525875487935,27.847,0,1,1,54
630,Iran (Persia),2008,0,dominant-party,8.664276381756864,28.61,0,1,1,55
630,Iran (Persia),2009,0,dominant-party,6.614406131384731,29.268,0,1,1,56
630,Iran (Persia),2010,0,dominant-party,5.311116896641499,29.933,0,1,1,57
630,Iran (Persia),2011,0,dominant-party,2.8500789780921743,29.952,0,1,1,58
630,Iran (Persia),2012,0,dominant-party,-2.036761392344555,28.695,0,1,1,59
630,Iran (Persia),2013,0,dominant-party,-4.2313813731408745,27.92,0,1,1,60
630,Iran (Persia),2014,0,dominant-party,-4.443672973442114,27.525,0,1,1,61
630,Iran (Persia),2015,0,dominant-party,-4.1544750582717676,27.057,0,1,1,62
630,Iran (Persia),2016,0,dominant-party,-1.4564018138231716,27.295,0,1,1,63
630,Iran (Persia),2017,0,dominant-party,-2.3430342917030167,26.65,0,1,1,64
630,Iran (Persia),2018,0,dominant-party,-5.638656530092023,25.246,0,1,1,65
630,Iran (Persia),2019,0,dominant-party,-9.31995746844806,23.538,0,1,1,66
630,Iran (Persia),2020,0,dominant-party,NA,NA,0,1,1,67
640,Turkey (Ottoman Empire),1950,0,dominant-party,11.781134949854,5.283,0,0,0,0
640,Turkey (Ottoman Empire),1951,0,parliamentary,14.658434574785906,5.757,0,0,0,1
640,Turkey (Ottoman Empire),1952,0,parliamentary,16.13528009535161,6.236,0,0,0,2
640,Turkey (Ottoman Empire),1953,0,parliamentary,15.05395057431258,6.611,0,0,0,3
640,Turkey (Ottoman Empire),1954,0,parliamentary,9.944480731548012,6.733,0,0,0,4
640,Turkey (Ottoman Empire),1955,0,parliamentary,7.458246831716919,6.936,0,0,0,5
640,Turkey (Ottoman Empire),1956,0,parliamentary,5.7803811959204365,7.115,0,0,0,6
640,Turkey (Ottoman Empire),1957,0,parliamentary,5.736572448333432,7.347,0,0,0,7
640,Turkey (Ottoman Empire),1958,0,dominant-party,5.721253574031504,7.543,0,0,0,8
640,Turkey (Ottoman Empire),1959,0,dominant-party,4.965739401053759,7.69,0,0,0,9
640,Turkey (Ottoman Empire),1960,2,dominant-party,5.560278412411668,7.947,0,1,1,0
640,Turkey (Ottoman Empire),1961,0,military,5.022771969775386,8.117,0,1,1,1
640,Turkey (Ottoman Empire),1962,1,parliamentary,5.81137588795404,8.401,0,2,1,0
640,Turkey (Ottoman Empire),1963,1,parliamentary,7.444574665494685,8.801,0,3,1,0
640,Turkey (Ottoman Empire),1964,0,parliamentary,7.2954786920080394,9.089,0,3,1,1
640,Turkey (Ottoman Empire),1965,0,parliamentary,7.2863403944485094,9.4,0,3,1,2
640,Turkey (Ottoman Empire),1966,0,parliamentary,8.994303242769508,9.949,0,3,1,3
640,Turkey (Ottoman Empire),1967,0,parliamentary,8.875118159857154,10.366,0,3,1,4
640,Turkey (Ottoman Empire),1968,0,parliamentary,8.625489167708889,10.77,0,3,1,5
640,Turkey (Ottoman Empire),1969,0,parliamentary,7.787099649299556,11.126,0,3,1,6
640,Turkey (Ottoman Empire),1970,0,parliamentary,7.06905218475975,11.502,0,3,1,7
640,Turkey (Ottoman Empire),1971,2,parliamentary,7.701823266820851,12.015,0,4,1,0
640,Turkey (Ottoman Empire),1972,0,parliamentary,8.54911560873013,12.593,0,4,1,1
640,Turkey (Ottoman Empire),1973,0,parliamentary,8.992930814694633,13.167,0,4,1,2
640,Turkey (Ottoman Empire),1974,0,parliamentary,10.230490563649886,13.936,2,4,1,3
640,Turkey (Ottoman Empire),1975,0,parliamentary,11.014156975432154,14.758,2,4,1,4
640,Turkey (Ottoman Empire),1976,0,parliamentary,11.215033342376945,15.577,2,4,1,5
640,Turkey (Ottoman Empire),1977,0,parliamentary,8.29002823356111,15.879,4,4,1,6
640,Turkey (Ottoman Empire),1978,0,parliamentary,4.635265351194318,15.919,4,4,1,7
640,Turkey (Ottoman Empire),1979,0,parliamentary,1.174658193722311,15.762,4,4,1,8
640,Turkey (Ottoman Empire),1980,2,parliamentary,-1.1296204526105913,15.562,4,5,1,0
640,Turkey (Ottoman Empire),1981,0,military,0.3419019880967378,15.848,2,5,1,1
640,Turkey (Ottoman Empire),1982,0,military,1.9043172095253524,16.15,2,5,1,2
640,Turkey (Ottoman Empire),1983,0,military,3.4493555942435528,16.519,2,5,1,3
640,Turkey (Ottoman Empire),1984,0,presidential,5.157434222687773,17.066,5,5,1,4
640,Turkey (Ottoman Empire),1985,0,presidential,6.207443167489268,17.688,5,5,1,5
640,Turkey (Ottoman Empire),1986,0,presidential,7.672792021134245,18.504,3,5,1,6
640,Turkey (Ottoman Empire),1987,0,presidential,8.5397872626902,19.347,3,5,1,7
640,Turkey (Ottoman Empire),1988,0,presidential,7.226321597818819,19.821,3,5,1,8
640,Turkey (Ottoman Empire),1989,0,presidential,5.812384270156601,20.229,3,5,1,9
640,Turkey (Ottoman Empire),1990,0,presidential,6.497009617715976,21.083,3,5,1,10
640,Turkey (Ottoman Empire),1991,0,presidential,5.347037650912578,21.483,3,5,1,11
640,Turkey (Ottoman Empire),1992,0,presidential,5.78703261886131,22.17,3,5,1,12
640,Turkey (Ottoman Empire),1993,0,presidential,6.238819527477313,22.924,3,5,1,13
640,Turkey (Ottoman Empire),1994,0,presidential,3.02149281308588,22.749,3,5,1,14
640,Turkey (Ottoman Empire),1995,0,presidential,4.47569539766739,23.595,3,5,1,15
640,Turkey (Ottoman Empire),1996,0,presidential,6.4576106324188975,24.735,3,5,1,16
640,Turkey (Ottoman Empire),1997,0,presidential,7.424452499874712,25.723,3,5,1,17
640,Turkey (Ottoman Empire),1998,0,presidential,6.143705753112538,26.088,3,5,1,18
640,Turkey (Ottoman Empire),1999,0,presidential,2.0212698311766752,25.671,3,5,1,19
640,Turkey (Ottoman Empire),2000,0,presidential,1.5615255082948698,26.055,0,5,1,20
640,Turkey (Ottoman Empire),2001,0,presidential,-0.8121772389070858,25.622,0,5,1,21
640,Turkey (Ottoman Empire),2002,0,presidential,2.636896575568759,26.717,0,5,1,22
640,Turkey (Ottoman Empire),2003,0,presidential,5.733748569783215,27.908,0,5,1,23
640,Turkey (Ottoman Empire),2004,0,presidential,9.04871536486873,29.651,2,5,1,24
640,Turkey (Ottoman Empire),2005,0,presidential,11.673333239106153,31.604,2,5,1,25
640,Turkey (Ottoman Empire),2006,0,presidential,11.737664931079062,33.349,2,5,1,26
640,Turkey (Ottoman Empire),2007,0,presidential,10.380358732985616,34.708,2,5,1,27
640,Turkey (Ottoman Empire),2008,0,presidential,7.1812631003371985,35.283,2,5,1,28
640,Turkey (Ottoman Empire),2009,0,presidential,3.725934713918244,35.322,2,5,1,29
640,Turkey (Ottoman Empire),2010,0,presidential,5.059584842891973,36.886,2,5,1,30
640,Turkey (Ottoman Empire),2011,0,presidential,7.668452679847482,39.024,2,5,1,31
640,Turkey (Ottoman Empire),2012,0,presidential,8.426650987519047,40.57,2,5,1,32
640,Turkey (Ottoman Empire),2013,0,presidential,8.479227491720899,42.06,2,5,1,33
640,Turkey (Ottoman Empire),2014,0,presidential,7.056817393200943,43.194,2,5,1,34
640,Turkey (Ottoman Empire),2015,0,presidential,5.120441523101382,43.884,2,5,1,35
640,Turkey (Ottoman Empire),2016,1,presidential,2.9980770760327013,44.029,2,6,1,0
640,Turkey (Ottoman Empire),2017,0,presidential,5.15899255313812,46.12,2,6,1,1
640,Turkey (Ottoman Empire),2018,0,presidential,5.411627451329637,47.345,2,6,1,2
640,Turkey (Ottoman Empire),2019,0,presidential,4.610099142854662,47.988,2,6,1,3
640,Turkey (Ottoman Empire),2020,0,dominant-party,NA,NA,2,6,1,4
645,Iraq,1950,0,other,6.632606234894611,6.971,0,0,0,0
645,Iraq,1951,0,other,10.712916261097828,7.507,0,0,0,1
645,Iraq,1952,0,other,16.19993305812788,8.332,0,0,0,2
645,Iraq,1953,0,other,23.776958147635874,9.665,0,0,0,3
645,Iraq,1954,0,other,24.201536752453244,10.733,0,0,0,4
645,Iraq,1955,0,other,17.559523809523814,11.139,0,0,0,5
645,Iraq,1956,0,other,12.071146398894662,11.518,0,0,0,6
645,Iraq,1957,0,other,7.205415465459986,11.751,0,0,0,7
645,Iraq,1958,2,other,6.730903261778631,12.251,1,1,1,0
645,Iraq,1959,1,personal,7.174729326979734,12.73,1,2,1,0
645,Iraq,1960,0,personal,8.81127272137634,13.421,0,2,1,1
645,Iraq,1961,0,personal,9.661753031458687,14.09,5,2,1,2
645,Iraq,1962,0,personal,8.403085507959961,14.531,5,2,1,3
645,Iraq,1963,2,personal,6.177828269028884,14.767,5,3,1,0
645,Iraq,1964,0,personal,6.193156610470285,15.319,5,3,1,1
645,Iraq,1965,1,personal,6.083175651193695,15.81,5,4,1,0
645,Iraq,1966,1,personal,4.581920977895271,15.982,5,5,1,0
645,Iraq,1967,0,personal,1.7224067351510053,15.804,5,5,1,1
645,Iraq,1968,2,personal,-0.4417174790279699,15.642,5,6,1,0
645,Iraq,1969,0,dominant-party,-1.5162097296473664,15.511,5,6,1,1
645,Iraq,1970,1,dominant-party,-2.0993317404137346,15.324,5,7,1,0
645,Iraq,1971,0,dominant-party,-0.19662524256871539,15.532,5,7,1,1
645,Iraq,1972,0,dominant-party,2.771229436785716,16.043,5,7,1,2
645,Iraq,1973,1,dominant-party,8.631306987069355,17.323,5,8,1,0
645,Iraq,1974,0,dominant-party,14.22204067902495,19.015,6,8,1,1
645,Iraq,1975,0,dominant-party,18.380534951674534,21.067,6,8,1,2
645,Iraq,1976,0,dominant-party,19.81075429115682,23.146,5,8,1,3
645,Iraq,1977,0,dominant-party,15.886049993800832,24.302,5,8,1,4
645,Iraq,1978,0,dominant-party,15.79317004652796,26.38,5,8,1,5
645,Iraq,1979,0,dominant-party,16.201284519437653,28.731,8,8,1,6
645,Iraq,1980,0,personal,10.086301942744157,28.956,14,8,1,7
645,Iraq,1981,0,personal,0.12914652595845677,27.136,14,8,1,8
645,Iraq,1982,0,personal,-6.666666666666665,25.522,14,8,1,9
645,Iraq,1983,0,personal,-11.8457197456033,23.619,14,8,1,10
645,Iraq,1984,0,personal,-12.090192822794121,22.449,14,8,1,11
645,Iraq,1985,0,personal,-10.677293488298577,21.473,14,8,1,12
645,Iraq,1986,0,personal,-9.864439922839097,20.466,14,8,1,13
645,Iraq,1987,0,personal,-9.925939727048306,19.338,14,8,1,14
645,Iraq,1988,0,personal,-15.752989313947484,16.966,14,8,1,15
645,Iraq,1989,0,personal,-22.172941823950275,14.424,8,8,1,16
645,Iraq,1990,0,personal,-30.430103626316484,11.507,13,8,1,17
645,Iraq,1991,1,personal,-46.84013268427174,7.404,13,9,1,0
645,Iraq,1992,1,personal,-39.41749947585437,6.935,8,10,1,0
645,Iraq,1993,0,personal,-26.76077234479981,6.911,8,10,1,1
645,Iraq,1994,0,personal,-14.37281789202044,6.769,3,10,1,2
645,Iraq,1995,1,personal,-4.058029533917862,6.653,3,11,1,0
645,Iraq,1996,0,personal,1.8805115925947469,6.978,4,11,1,1
645,Iraq,1997,0,personal,5.5147908481627095,7.305,4,11,1,2
645,Iraq,1998,0,personal,13.609104348553736,8.146,5,11,1,3
645,Iraq,1999,0,personal,18.196140212682167,9.003,1,11,1,4
645,Iraq,2000,0,personal,18.608488848981963,9.775,1,11,1,5
645,Iraq,2001,0,personal,14.859238922519523,10.208,1,11,1,6
645,Iraq,2002,0,personal,7.243341583634777,10.139,1,11,1,7
645,Iraq,2003,0,personal,-1.6775491766251815,9.577,6,11,1,8
645,Iraq,2004,0,other,9.745787704225073,11.164,6,11,1,9
645,Iraq,2005,0,other,14.522938361947645,12.207,6,11,1,10
645,Iraq,2006,0,other,17.38535857635064,13.219,6,11,1,11
645,Iraq,2007,0,other,17.3730709940493,14.162,6,11,1,12
645,Iraq,2008,0,other,16.294190582756208,15.382,6,11,1,13
645,Iraq,2009,0,other,15.266171139013696,16.469,6,11,1,14
645,Iraq,2010,0,other,15.231710644268626,17.739,6,11,1,15
645,Iraq,2011,0,other,15.636907345777251,19.18,5,11,1,16
645,Iraq,2012,0,parliamentary,15.083229785852614,20.561,5,11,1,17
645,Iraq,2013,0,parliamentary,11.563432365424209,21.239,5,11,1,18
645,Iraq,2014,0,parliamentary,5.505552660064961,21.053,5,11,1,19
645,Iraq,2015,0,parliamentary,0.8864540863489978,20.736,5,11,1,20
645,Iraq,2016,0,parliamentary,0.5915463346107153,21.052,5,11,1,21
645,Iraq,2017,0,parliamentary,-1.367168852991163,20.662,5,11,1,22
645,Iraq,2018,0,parliamentary,-2.9134177410638396,20.121,5,11,1,23
645,Iraq,2019,0,parliamentary,-4.910652988368214,19.391,5,11,1,24
645,Iraq,2020,0,parliamentary,NA,NA,5,11,1,25
651,Egypt,1950,0,other,10.449445245408384,3.524,5,0,0,0
651,Egypt,1951,0,other,3.720986606872323,3.423,0,0,0,1
651,Egypt,1952,2,other,-0.06529739997626072,3.367,1,1,1,0
651,Egypt,1953,0,dominant-party,-2.1246542287093217,3.326,0,1,1,1
651,Egypt,1954,2,dominant-party,-2.359882005899705,3.31,0,2,1,0
651,Egypt,1955,0,dominant-party,-0.7043514594401001,3.327,0,2,1,1
651,Egypt,1956,0,dominant-party,0.9937739463601547,3.374,2,2,1,2
651,Egypt,1957,0,dominant-party,2.781748868239209,3.451,0,2,1,3
651,Egypt,1958,0,dominant-party,4.19851817005763,3.544,0,2,1,4
651,Egypt,1959,0,dominant-party,5.370829251426268,3.657,0,2,1,5
651,Egypt,1960,0,dominant-party,6.674144699943918,3.804,0,2,1,6
651,Egypt,1961,0,dominant-party,6.853413108512374,3.929,0,2,1,7
651,Egypt,1962,0,dominant-party,6.917245735944411,4.062,0,2,1,8
651,Egypt,1963,0,dominant-party,7.298973264206565,4.222,0,2,1,9
651,Egypt,1964,0,dominant-party,7.7533428025664985,4.4,0,2,1,10
651,Egypt,1965,0,dominant-party,6.960348253998294,4.521,0,2,1,11
651,Egypt,1966,0,dominant-party,4.755341144038594,4.56,0,2,1,12
651,Egypt,1967,0,dominant-party,2.3406262635338404,4.556,4,2,1,13
651,Egypt,1968,0,dominant-party,1.603569377567693,4.6,4,2,1,14
651,Egypt,1969,0,dominant-party,2.783585990590698,4.719,4,2,1,15
651,Egypt,1970,0,dominant-party,4.433095871598991,4.867,4,2,1,16
651,Egypt,1971,0,dominant-party,4.882573681325608,4.975,0,2,1,17
651,Egypt,1972,0,dominant-party,4.3894784655407415,5.056,0,2,1,18
651,Egypt,1973,0,dominant-party,4.128829156072156,5.16,3,2,1,19
651,Egypt,1974,0,dominant-party,4.970852371198986,5.33,0,2,1,20
651,Egypt,1975,0,dominant-party,8.452585384468625,5.684,0,2,1,21
651,Egypt,1976,0,dominant-party,12.718450144113259,6.179,0,2,1,22
651,Egypt,1977,0,dominant-party,14.576867370163459,6.645,0,2,1,23
651,Egypt,1978,0,dominant-party,13.734322844087243,7.019,0,2,1,24
651,Egypt,1979,0,dominant-party,11.86291205449459,7.357,0,2,1,25
651,Egypt,1980,0,dominant-party,11.03961103961102,7.765,0,2,1,26
651,Egypt,1981,0,dominant-party,9.935228596980949,8.113,0,2,1,27
651,Egypt,1982,0,dominant-party,10.269490390065439,8.56,0,2,1,28
651,Egypt,1983,0,dominant-party,10.31718795960388,9.001,0,2,1,29
651,Egypt,1984,0,dominant-party,9.40310711365495,9.366,0,2,1,30
651,Egypt,1985,0,dominant-party,8.071227238154899,9.662,0,2,1,31
651,Egypt,1986,0,dominant-party,5.492420158281774,9.784,0,2,1,32
651,Egypt,1987,0,dominant-party,3.5708294892225156,9.879,0,2,1,33
651,Egypt,1988,0,dominant-party,2.402581387701419,9.965,0,2,1,34
651,Egypt,1989,0,dominant-party,2.126582278481015,10.085,0,2,1,35
651,Egypt,1990,0,dominant-party,2.0103423394532083,10.179,0,2,1,36
651,Egypt,1991,0,dominant-party,2.2767839435167136,10.314,0,2,1,37
651,Egypt,1992,0,dominant-party,3.3440300551794477,10.563,1,2,1,38
651,Egypt,1993,0,dominant-party,4.550347956476597,10.877,1,2,1,39
651,Egypt,1994,0,dominant-party,5.551792903638475,11.221,1,2,1,40
651,Egypt,1995,0,dominant-party,6.412792614573015,11.619,1,2,1,41
651,Egypt,1996,0,dominant-party,6.868263579380995,12.037,1,2,1,42
651,Egypt,1997,0,dominant-party,7.160642225465774,12.481,1,2,1,43
651,Egypt,1998,0,dominant-party,6.81787991498406,12.866,1,2,1,44
651,Egypt,1999,0,dominant-party,6.749057058021024,13.302,1,2,1,45
651,Egypt,2000,0,dominant-party,6.554577492121161,13.727,0,2,1,46
651,Egypt,2001,0,dominant-party,5.881379144280396,14.071,0,2,1,47
651,Egypt,2002,0,dominant-party,4.6273096253315105,14.281,0,2,1,48
651,Egypt,2003,0,dominant-party,3.691087861916964,14.49,0,2,1,49
651,Egypt,2004,0,dominant-party,3.547600358824843,14.775,0,2,1,50
651,Egypt,2005,0,dominant-party,4.783724088732799,15.276,0,2,1,51
651,Egypt,2006,0,dominant-party,6.857372009089691,15.988,0,2,1,52
651,Egypt,2007,0,dominant-party,9.394561247273536,16.952,0,2,1,53
651,Egypt,2008,0,dominant-party,10.873620874979938,17.948,0,2,1,54
651,Egypt,2009,0,dominant-party,10.548001648125238,18.781,0,2,1,55
651,Egypt,2010,0,dominant-party,9.653742716270752,19.571,0,2,1,56
651,Egypt,2011,2,dominant-party,7.3205249163736275,20.02,1,3,1,0
651,Egypt,2012,0,other,4.964854708640876,20.279,0,3,1,1
651,Egypt,2013,2,presidential,2.8449372841301557,20.367,1,4,1,0
651,Egypt,2014,0,other,1.758008318526083,20.502,1,4,1,1
651,Egypt,2015,0,presidential,0.9949563969207542,20.545,1,4,1,2
651,Egypt,2016,0,presidential,0.7184750733137735,20.607,1,4,1,3
651,Egypt,2017,0,presidential,0.3342688964253604,20.591,1,4,1,4
651,Egypt,2018,0,presidential,0.3916157307083168,20.662,1,4,1,5
651,Egypt,2019,0,presidential,-0.9936642952380059,20.346,1,4,1,6
651,Egypt,2020,0,military,NA,NA,1,4,1,7
652,Syria,1950,0,military,4.192892417933569,6.456,0,0,0,0
652,Syria,1951,2,military,5.831567629107237,6.693,0,1,1,0
652,Syria,1952,0,military,11.050128064398091,7.284,0,1,1,1
652,Syria,1953,0,military,13.62515591912512,7.834,0,1,1,2
652,Syria,1954,2,military,13.33169183628804,8.285,0,2,1,0
652,Syria,1955,0,presidential,8.58369098712446,8.349,0,2,1,1
652,Syria,1956,0,presidential,6.922676966500796,8.637,0,2,1,2
652,Syria,1957,0,presidential,3.6468559934869083,8.657,0,2,1,3
652,Syria,1958,0,personal,-1.6478833222843159,8.308,0,2,1,4
652,Syria,1959,0,other,-3.2472622752214964,8.146,0,2,1,5
652,Syria,1960,0,other,-3.6648964164394005,8.054,0,2,1,6
652,Syria,1961,2,other,-0.17616680341715485,8.273,0,3,1,0
652,Syria,1962,2,other,4.905387489454016,8.704,0,4,1,0
652,Syria,1963,2,military,4.310283138134197,8.746,0,5,1,0
652,Syria,1964,0,dominant-party,3.043835938418149,8.768,0,5,1,1
652,Syria,1965,0,dominant-party,-0.2854954390362763,8.592,0,5,1,2
652,Syria,1966,2,dominant-party,-3.491283382789312,8.326,0,6,1,0
652,Syria,1967,0,dominant-party,-1.473811855790308,8.45,4,6,1,1
652,Syria,1968,1,dominant-party,1.6151996825619186,8.707,4,7,1,0
652,Syria,1969,2,dominant-party,6.533336412554003,9.226,4,8,1,0
652,Syria,1970,2,dominant-party,7.852220088125628,9.546,4,9,1,0
652,Syria,1971,0,dominant-party,9.781262897234843,10.108,0,9,1,1
652,Syria,1972,0,dominant-party,12.776610211398198,10.947,0,9,1,2
652,Syria,1973,0,dominant-party,10.92006799398213,11.354,3,9,1,3
652,Syria,1974,0,dominant-party,14.964575456113938,12.527,0,9,1,4
652,Syria,1975,0,dominant-party,17.10322261797237,13.743,0,9,1,5
652,Syria,1976,0,dominant-party,15.163375907203758,14.535,0,9,1,6
652,Syria,1977,0,dominant-party,10.329164612189402,14.768,0,9,1,7
652,Syria,1978,0,dominant-party,6.9301608408425475,15.118,0,9,1,8
652,Syria,1979,0,dominant-party,4.654640366498541,15.397,3,9,1,9
652,Syria,1980,0,dominant-party,5.2763553819352715,15.954,3,9,1,10
652,Syria,1981,0,dominant-party,5.61974316369771,16.4,4,9,1,11
652,Syria,1982,1,dominant-party,3.4502333795887408,16.401,3,10,1,0
652,Syria,1983,0,dominant-party,0.44345345607195163,16.127,0,10,1,1
652,Syria,1984,0,dominant-party,-3.1640692963487704,15.584,0,10,1,2
652,Syria,1985,0,dominant-party,-5.0734647745824475,15.118,0,10,1,3
652,Syria,1986,0,dominant-party,-7.1107562743860875,14.427,0,10,1,4
652,Syria,1987,0,dominant-party,-6.994977011188775,13.998,0,10,1,5
652,Syria,1988,0,dominant-party,-4.6690210249671456,13.929,0,10,1,6
652,Syria,1989,0,dominant-party,-4.795109101410078,13.517,0,10,1,7
652,Syria,1990,0,dominant-party,-2.036410736130101,13.614,0,10,1,8
652,Syria,1991,0,dominant-party,1.300563384361375,13.989,0,10,1,9
652,Syria,1992,0,dominant-party,4.618257559434036,14.566,0,10,1,10
652,Syria,1993,0,dominant-party,5.550597135449875,14.901,0,10,1,11
652,Syria,1994,0,dominant-party,4.41677988188649,15.064,0,10,1,12
652,Syria,1995,0,dominant-party,2.791051259774102,15.144,0,10,1,13
652,Syria,1996,0,dominant-party,0.921541877323917,15.091,0,10,1,14
652,Syria,1997,0,dominant-party,-0.7082284968782049,14.917,0,10,1,15
652,Syria,1998,0,dominant-party,-1.2794882047181155,14.814,0,10,1,16
652,Syria,1999,0,dominant-party,-2.3807606624258515,14.548,0,10,1,17
652,Syria,2000,0,dominant-party,-1.517610777471201,14.562,0,10,1,18
652,Syria,2001,0,dominant-party,0.04214304164005256,14.718,0,10,1,19
652,Syria,2002,0,dominant-party,1.340602863397189,14.907,0,10,1,20
652,Syria,2003,0,dominant-party,1.4182953311617785,14.945,0,10,1,21
652,Syria,2004,0,dominant-party,2.4525688776539267,15.239,0,10,1,22
652,Syria,2005,0,dominant-party,3.2991523287743796,15.574,0,10,1,23
652,Syria,2006,0,dominant-party,2.2801772742768733,15.601,0,10,1,24
652,Syria,2007,0,dominant-party,1.3215859030836885,15.594,0,10,1,25
652,Syria,2008,0,dominant-party,-1.045169969472759,15.3,0,10,1,26
652,Syria,2009,0,dominant-party,-2.2357591860540538,15.086,0,10,1,27
652,Syria,2010,0,dominant-party,-3.3284866585452155,14.76,0,10,1,28
652,Syria,2011,0,dominant-party,-7.017261713305456,13.876,6,10,1,29
652,Syria,2012,0,dominant-party,-14.317403268377603,12.206,6,10,1,30
652,Syria,2013,0,dominant-party,-20.625131614572368,10.554,6,10,1,31
652,Syria,2014,0,dominant-party,-25.893700591657144,8.943,6,10,1,32
652,Syria,2015,0,dominant-party,-31.227293369663933,7.269,6,10,1,33
652,Syria,2016,0,dominant-party,-15.754549915722539,7.897,6,10,1,34
652,Syria,2017,0,dominant-party,-4.459639214954136,8.188,6,10,1,35
652,Syria,2018,0,dominant-party,3.5037320762129065,8.431,6,10,1,36
652,Syria,2019,0,dominant-party,6.73809759477384,8.627,6,10,1,37
652,Syria,2020,0,dominant-party,NA,NA,6,10,1,38
660,Lebanon,1950,0,parliamentary,7.710038659092144,11.869,0,0,0,0
660,Lebanon,1951,0,parliamentary,15.700624848966061,13.406,0,0,0,1
660,Lebanon,1952,0,parliamentary,18.288699139659737,14.629,0,0,0,2
660,Lebanon,1953,0,parliamentary,19.528041221716073,16.006,0,0,0,3
660,Lebanon,1954,0,parliamentary,17.47400109469077,17.17,0,0,0,4
660,Lebanon,1955,0,parliamentary,12.823853860945245,17.837,0,0,0,5
660,Lebanon,1956,0,parliamentary,6.816412099430957,17.833,0,0,0,6
660,Lebanon,1957,0,parliamentary,1.4241880391362205,17.519,0,0,0,7
660,Lebanon,1958,0,parliamentary,-3.693885981823186,16.785,1,0,0,8
660,Lebanon,1959,0,parliamentary,-2.848622321500527,16.875,0,0,0,9
660,Lebanon,1960,0,parliamentary,-0.859665427509293,17.068,0,0,0,10
660,Lebanon,1961,1,parliamentary,1.9701158274136654,17.484,0,1,1,0
660,Lebanon,1962,0,parliamentary,3.552290506689615,17.817,0,1,1,1
660,Lebanon,1963,0,parliamentary,3.522513856442666,18.08,0,1,1,2
660,Lebanon,1964,0,parliamentary,4.268011818763995,18.562,0,1,1,3
660,Lebanon,1965,0,parliamentary,5.307336127630635,19.195,0,1,1,4
660,Lebanon,1966,0,parliamentary,5.372852841268316,19.667,0,1,1,5
660,Lebanon,1967,0,parliamentary,3.607765726225609,19.735,0,1,1,6
660,Lebanon,1968,0,parliamentary,4.612909176624913,20.415,0,1,1,7
660,Lebanon,1969,0,parliamentary,4.27518230627455,20.82,0,1,1,8
660,Lebanon,1970,0,parliamentary,4.821320055672085,21.389,0,1,1,9
660,Lebanon,1971,0,parliamentary,6.156391667782479,22.199,0,1,1,10
660,Lebanon,1972,0,parliamentary,6.35691148216555,22.918,0,1,1,11
660,Lebanon,1973,0,parliamentary,2.890352153667064,22.626,0,1,1,12
660,Lebanon,1974,0,parliamentary,-5.079168863276918,20.886,0,1,1,13
660,Lebanon,1975,0,parliamentary,-20.186035045133888,16.835,5,1,1,14
660,Lebanon,1976,1,parliamentary,-32.43762594262209,13.009,5,2,1,0
660,Lebanon,1977,0,other,-21.348895449689266,13.693,5,2,1,1
660,Lebanon,1978,0,other,-10.719522613385701,14.004,7,2,1,2
660,Lebanon,1979,0,other,-0.06813694134660819,14.373,5,2,1,3
660,Lebanon,1980,0,other,3.6968816105682922,14.412,5,2,1,4
660,Lebanon,1981,0,other,-1.2816687269988858,13.895,5,2,1,5
660,Lebanon,1982,0,other,-9.193941931478566,12.579,9,2,1,6
660,Lebanon,1983,0,other,-2.141006607865392,13.447,9,2,1,7
660,Lebanon,1984,0,other,9.788853777650107,15.287,9,2,1,8
660,Lebanon,1985,0,other,16.839942811931774,16.835,9,2,1,9
660,Lebanon,1986,0,other,12.733932733932729,16.927,9,2,1,10
660,Lebanon,1987,0,other,5.32498042286611,16.678,9,2,1,11
660,Lebanon,1988,0,other,-8.419809855216553,14.738,9,2,1,12
660,Lebanon,1989,0,other,-21.286002378613155,12.178,9,2,1,13
660,Lebanon,1990,0,other,-12.864627391055205,12.773,9,2,1,14
660,Lebanon,1991,0,other,5.328385380198841,15.043,5,2,1,15
660,Lebanon,1992,0,other,16.20666442275327,16.572,0,2,1,16
660,Lebanon,1993,0,other,19.938992434524373,17.851,0,2,1,17
660,Lebanon,1994,0,other,17.080313526683,19.03,0,2,1,18
660,Lebanon,1995,0,other,13.148085394781429,20.034,0,2,1,19
660,Lebanon,1996,0,other,11.12228266621511,20.999,0,2,1,20
660,Lebanon,1997,0,other,7.6363709612440545,21.374,0,2,1,21
660,Lebanon,1998,0,other,5.815214234544719,21.861,0,2,1,22
660,Lebanon,1999,0,other,3.7393373397662133,22.061,0,2,1,23
660,Lebanon,2000,0,other,2.583586626139822,22.275,0,2,1,24
660,Lebanon,2001,0,other,2.830993069917631,22.673,0,2,1,25
660,Lebanon,2002,0,other,2.961149433503696,23.046,0,2,1,26
660,Lebanon,2003,0,other,3.260965337374677,23.439,0,2,1,27
660,Lebanon,2004,0,other,4.3334516154159175,24.11,0,2,1,28
660,Lebanon,2005,0,other,4.454698128891077,24.63,0,2,1,29
660,Lebanon,2006,0,parliamentary,4.4652128764278265,25.15,2,2,1,30
660,Lebanon,2007,0,parliamentary,7.363868875208768,26.614,1,2,1,31
660,Lebanon,2008,0,parliamentary,10.751355538342366,28.596,1,2,1,32
660,Lebanon,2009,0,parliamentary,13.29080354775025,30.758,0,2,1,33
660,Lebanon,2010,0,parliamentary,12.164407276585653,32.136,0,2,1,34
660,Lebanon,2011,0,parliamentary,6.893934855111539,32.115,0,2,1,35
660,Lebanon,2012,0,parliamentary,1.3436369148599914,31.422,0,2,1,36
660,Lebanon,2013,0,parliamentary,-4.056835323294051,30.021,0,2,1,37
660,Lebanon,2014,0,parliamentary,-7.761132053436459,28.433,0,2,1,38
660,Lebanon,2015,0,parliamentary,-9.187267299500224,27.074,0,2,1,39
660,Lebanon,2016,0,parliamentary,-7.443020687444701,26.567,0,2,1,40
660,Lebanon,2017,0,parliamentary,-4.762764497725136,26.375,0,2,1,41
660,Lebanon,2018,0,parliamentary,-3.7505025986210194,25.853,0,2,1,42
660,Lebanon,2019,0,parliamentary,-4.234440626193214,25.081,0,2,1,43
660,Lebanon,2020,0,parliamentary,NA,NA,0,2,1,44
663,Jordan,1950,0,other,1.7733230531996824,5.544,0,0,0,0
663,Jordan,1951,0,other,1.5622155056261633,5.578,0,0,0,1
663,Jordan,1952,0,other,1.0018807870370239,5.585,0,0,0,2
663,Jordan,1953,0,other,1.2067231719580462,5.636,0,0,0,3
663,Jordan,1954,0,other,1.9561034703912128,5.723,0,0,0,4
663,Jordan,1955,0,other,2.576319040056463,5.813,0,0,0,5
663,Jordan,1956,0,other,9.415762735136624,6.375,0,0,0,6
663,Jordan,1957,1,other,10.960578924759613,6.716,0,1,1,0
663,Jordan,1958,1,other,11.377623481142507,7.058,0,2,1,0
663,Jordan,1959,0,other,10.238702897462847,7.343,0,2,1,1
663,Jordan,1960,0,other,8.933143669985766,7.658,0,2,1,2
663,Jordan,1961,0,other,10.611924544642616,8.174,0,2,1,3
663,Jordan,1962,0,other,9.281707979012111,8.456,0,2,1,4
663,Jordan,1963,0,other,8.449693008516522,8.761,0,2,1,5
663,Jordan,1964,0,other,9.580626107501477,9.276,0,2,1,6
663,Jordan,1965,0,other,9.059948576841537,9.671,0,2,1,7
663,Jordan,1966,0,other,5.824777101999001,9.709,0,2,1,8
663,Jordan,1967,0,other,1.1065862135135607,9.484,4,2,1,9
663,Jordan,1968,0,other,-4.359534361018625,9.021,4,2,1,10
663,Jordan,1969,0,other,-6.8668513864724945,8.672,4,2,1,11
663,Jordan,1970,0,other,-9.544112095574365,8.147,7,2,1,12
663,Jordan,1971,0,other,-8.530520667083008,7.909,0,2,1,13
663,Jordan,1972,0,other,-5.315494919895281,7.884,0,2,1,14
663,Jordan,1973,0,other,-1.5464933018124571,7.996,0,2,1,15
663,Jordan,1974,0,other,3.13160183919472,8.299,0,2,1,16
663,Jordan,1975,0,other,7.284476428256714,8.766,0,2,1,17
663,Jordan,1976,0,other,13.85639607116904,9.714,0,2,1,18
663,Jordan,1977,0,other,16.39015134801216,10.551,0,2,1,19
663,Jordan,1978,0,other,19.485444018592514,11.722,0,2,1,20
663,Jordan,1979,0,other,19.379844961240302,12.782,0,2,1,21
663,Jordan,1980,0,other,18.213914140983434,13.862,0,2,1,22
663,Jordan,1981,0,other,13.993971245048375,14.446,0,2,1,23
663,Jordan,1982,0,other,9.67317556281504,14.839,0,2,1,24
663,Jordan,1983,0,other,6.03947424031106,15.054,0,2,1,25
663,Jordan,1984,0,other,4.5482959178126725,15.387,0,2,1,26
663,Jordan,1985,0,other,2.9173204265617203,15.48,0,2,1,27
663,Jordan,1986,0,other,2.5277040021979946,15.673,0,2,1,28
663,Jordan,1987,0,other,1.142294691308443,15.619,0,2,1,29
663,Jordan,1988,0,other,-2.8451069345430957,14.991,0,2,1,30
663,Jordan,1989,0,other,-8.2964236134065,13.872,0,2,1,31
663,Jordan,1990,0,other,-12.404705753304446,12.777,0,2,1,32
663,Jordan,1991,0,other,-12.000460504540289,12.23,0,2,1,33
663,Jordan,1992,0,other,-6.523084353351338,12.387,0,2,1,34
663,Jordan,1993,0,other,-2.3766168529448684,12.438,0,2,1,35
663,Jordan,1994,0,other,0.43619102601109017,12.526,0,2,1,36
663,Jordan,1995,0,other,1.6566507054021962,12.653,0,2,1,37
663,Jordan,1996,0,other,1.1613253146585345,12.683,0,2,1,38
663,Jordan,1997,0,other,1.6094029685247646,12.829,0,2,1,39
663,Jordan,1998,0,other,2.329959990586028,13.044,0,2,1,40
663,Jordan,1999,0,other,3.363075874461696,13.345,0,2,1,41
663,Jordan,2000,0,other,4.5638095238095255,13.724,0,2,1,42
663,Jordan,2001,0,other,5.992498213860453,14.242,0,2,1,43
663,Jordan,2002,0,other,7.1820888619084755,14.831,0,2,1,44
663,Jordan,2003,0,other,7.656505513858014,15.405,0,2,1,45
663,Jordan,2004,0,other,9.261919787316874,16.275,0,2,1,46
663,Jordan,2005,0,other,10.537719883070928,17.243,0,2,1,47
663,Jordan,2006,0,other,11.213425863814308,18.237,0,2,1,48
663,Jordan,2007,0,other,11.37857605777246,19.248,0,2,1,49
663,Jordan,2008,0,other,11.121456425535658,20.289,0,2,1,50
663,Jordan,2009,0,other,9.225399802052415,20.968,0,2,1,51
663,Jordan,2010,0,other,5.580044079342827,21.078,0,2,1,52
663,Jordan,2011,0,other,2.6118130717298627,21.066,0,2,1,53
663,Jordan,2012,0,other,0.27893869100110713,20.923,0,2,1,54
663,Jordan,2013,0,other,-1.4244633183976507,20.636,0,2,1,55
663,Jordan,2014,0,other,-2.136000691822071,20.37,0,2,1,56
663,Jordan,2015,0,other,-3.264207416621323,19.909,0,2,1,57
663,Jordan,2016,0,other,-3.906897777075846,19.47,0,2,1,58
663,Jordan,2017,0,other,-5.419717968891846,18.753,0,2,1,59
663,Jordan,2018,0,other,-5.787362501033833,18.226,0,2,1,60
663,Jordan,2019,0,other,-6.687402799377917,17.52,0,2,1,61
663,Jordan,2020,0,other,NA,NA,0,2,1,62
666,Israel,1950,0,parliamentary,NA,10.7,0,0,0,0
666,Israel,1951,0,parliamentary,NA,11.206,0,0,0,1
666,Israel,1952,0,parliamentary,5.039989608268858,11.321,0,0,0,2
666,Israel,1953,0,parliamentary,3.5840273484380347,11.393,0,0,0,3
666,Israel,1954,0,parliamentary,6.310328398242415,12.049,0,0,0,4
666,Israel,1955,0,parliamentary,9.067251760383721,12.825,0,0,0,5
666,Israel,1956,0,parliamentary,10.948511257541815,13.571,0,0,0,6
666,Israel,1957,0,parliamentary,11.363246463606735,14.281,0,0,0,7
666,Israel,1958,0,parliamentary,11.274126719650823,15.093,0,0,0,8
666,Israel,1959,0,parliamentary,12.719091136357319,16.232,0,0,0,9
666,Israel,1960,0,parliamentary,14.029480824419505,17.483,0,0,0,10
666,Israel,1961,0,parliamentary,14.276106627537288,18.691,0,0,0,11
666,Israel,1962,0,parliamentary,12.880100021793739,19.682,0,0,0,12
666,Israel,1963,0,parliamentary,12.046325397167102,20.82,0,0,0,13
666,Israel,1964,0,parliamentary,10.975250890419996,21.873,0,0,0,14
666,Israel,1965,0,parliamentary,9.726742282732204,22.792,2,0,0,15
666,Israel,1966,0,parliamentary,7.767553676531547,23.4,2,0,0,16
666,Israel,1967,0,parliamentary,6.985258354630752,24.196,6,0,0,17
666,Israel,1968,0,parliamentary,10.14062843331136,26.065,6,0,0,18
666,Israel,1969,0,parliamentary,12.514060742407217,28.007,6,0,0,19
666,Israel,1970,0,parliamentary,13.050064321653942,29.703,6,0,0,20
666,Israel,1971,0,parliamentary,13.32870158148063,31.645,2,0,0,21
666,Israel,1972,0,parliamentary,12.913178793732571,33.668,2,0,0,22
666,Israel,1973,0,parliamentary,11.132184017043766,35.158,5,0,0,23
666,Israel,1974,0,parliamentary,8.831006484725744,36.217,2,0,0,24
666,Israel,1975,0,parliamentary,6.4471176270737285,36.971,2,0,0,25
666,Israel,1976,0,parliamentary,3.8395875874535523,37.224,2,0,0,26
666,Israel,1977,0,parliamentary,2.0633549473500157,37.336,2,0,0,27
666,Israel,1978,0,parliamentary,1.9634043837151616,37.848,4,0,0,28
666,Israel,1979,0,parliamentary,3.196655120385916,38.849,2,0,0,29
666,Israel,1980,0,parliamentary,4.552727348782737,39.991,2,0,0,30
666,Israel,1981,0,parliamentary,5.6147610244224655,41.247,2,0,0,31
666,Israel,1982,0,parliamentary,5.472204319609109,42.222,7,0,0,32
666,Israel,1983,0,parliamentary,4.831837637010805,43.058,6,0,0,33
666,Israel,1984,0,parliamentary,3.6361559005412714,43.539,6,0,0,34
666,Israel,1985,0,parliamentary,3.28168665817552,44.275,6,0,0,35
666,Israel,1986,0,parliamentary,4.30773169716947,45.629,6,0,0,36
666,Israel,1987,0,parliamentary,5.489145983835209,47.195,6,0,0,37
666,Israel,1988,0,parliamentary,5.0937868916969276,48.072,6,0,0,38
666,Israel,1989,0,parliamentary,4.354068825824431,48.84,6,0,0,39
666,Israel,1990,0,parliamentary,4.925726802900132,50.391,6,0,0,40
666,Israel,1991,0,parliamentary,5.275761856055072,51.874,2,0,0,41
666,Israel,1992,0,parliamentary,5.782133851628712,53.446,2,0,0,42
666,Israel,1993,0,parliamentary,5.8033632295637405,54.902,2,0,0,43
666,Israel,1994,0,parliamentary,6.338199285994661,56.892,2,0,0,44
666,Israel,1995,0,parliamentary,7.458352769310328,59.435,2,0,0,45
666,Israel,1996,0,parliamentary,7.15659532801789,61.285,2,0,0,46
666,Israel,1997,0,parliamentary,6.195484646782856,62.701,2,0,0,47
666,Israel,1998,0,parliamentary,5.003024365869391,63.883,2,0,0,48
666,Israel,1999,0,parliamentary,4.020892243546426,64.965,2,0,0,49
666,Israel,2000,0,parliamentary,4.2629919830206475,66.613,2,0,0,50
666,Israel,2001,0,parliamentary,2.45950865262905,66.537,2,0,0,51
666,Israel,2002,0,parliamentary,0.42641842078774417,65.849,2,0,0,52
666,Israel,2003,0,parliamentary,-0.8321438333282694,65.306,2,0,0,53
666,Israel,2004,0,parliamentary,-0.5932244492136918,65.587,2,0,0,54
666,Israel,2005,0,parliamentary,0.735505982620821,66.426,2,0,0,55
666,Israel,2006,0,parliamentary,2.4148079212467977,67.79,4,0,0,56
666,Israel,2007,0,parliamentary,3.540942616331577,69.237,2,0,0,57
666,Israel,2008,0,parliamentary,3.683866291916349,70.386,2,0,0,58
666,Israel,2009,0,parliamentary,3.2215904809927087,71.239,2,0,0,59
666,Israel,2010,0,parliamentary,3.2723213777236193,72.536,2,0,0,60
666,Israel,2011,0,parliamentary,3.4283955109009057,73.912,2,0,0,61
666,Israel,2012,0,parliamentary,3.2150718026275005,74.936,2,0,0,62
666,Israel,2013,0,parliamentary,3.3069615105143724,76.205,2,0,0,63
666,Israel,2014,0,parliamentary,2.69233952903416,76.918,2,0,0,64
666,Israel,2015,0,parliamentary,1.7611234052430147,77.162,2,0,0,65
666,Israel,2016,0,parliamentary,2.135441922549486,78.353,2,0,0,66
666,Israel,2017,0,parliamentary,3.2216594245751073,80.292,2,0,0,67
666,Israel,2018,0,parliamentary,3.5544140503180888,81.686,2,0,0,68
666,Israel,2019,0,parliamentary,3.572793131606744,82.95,2,0,0,69
666,Israel,2020,0,parliamentary,NA,NA,2,0,0,70
670,Saudi Arabia,1950,0,other,9.054916701883942,9.806,0,0,0,0
670,Saudi Arabia,1951,0,other,10.583677466047936,10.39,0,0,0,1
670,Saudi Arabia,1952,0,other,11.339808975320897,10.981,0,0,0,2
670,Saudi Arabia,1953,0,other,11.78392925797771,11.63,0,0,0,3
670,Saudi Arabia,1954,0,other,11.664489440452863,12.309,0,0,0,4
670,Saudi Arabia,1955,0,other,10.03528702986487,12.785,0,0,0,5
670,Saudi Arabia,1956,0,other,9.231651376146788,13.335,0,0,0,6
670,Saudi Arabia,1957,0,other,8.259120717449475,13.834,0,0,0,7
670,Saudi Arabia,1958,0,other,8.264499977513617,14.444,0,0,0,8
670,Saudi Arabia,1959,0,other,10.072540642830518,15.356,0,0,0,9
670,Saudi Arabia,1960,0,other,12.065208509247416,16.457,0,0,0,10
670,Saudi Arabia,1961,0,other,14.425594168677168,17.833,0,0,0,11
670,Saudi Arabia,1962,0,other,16.452620617841006,19.459,0,0,0,12
670,Saudi Arabia,1963,0,other,16.3178057853534,20.95,0,0,0,13
670,Saudi Arabia,1964,0,other,15.868395881971797,22.532,0,0,0,14
670,Saudi Arabia,1965,0,other,16.319279512074637,24.488,0,0,0,15
670,Saudi Arabia,1966,0,other,17.36515939288903,26.817,0,0,0,16
670,Saudi Arabia,1967,0,other,18.10233682514102,29.313,0,0,0,17
670,Saudi Arabia,1968,0,other,20.294635166275256,32.679,0,0,0,18
670,Saudi Arabia,1969,0,other,20.526922200935125,35.985,0,0,0,19
670,Saudi Arabia,1970,0,other,23.440734325872192,40.909,0,0,0,20
670,Saudi Arabia,1971,0,other,25.047919872573644,46.319,0,0,0,21
670,Saudi Arabia,1972,0,other,26.05963203722803,52.553,0,0,0,22
670,Saudi Arabia,1973,0,other,26.029787234042566,59.234,0,0,0,23
670,Saudi Arabia,1974,0,other,26.070503883688502,67.098,0,0,0,24
670,Saudi Arabia,1975,0,other,18.048418117615928,69.603,0,0,0,25
670,Saudi Arabia,1976,0,other,12.618792247636623,72.24,0,0,0,26
670,Saudi Arabia,1977,0,other,8.112334067886762,73.983,0,0,0,27
670,Saudi Arabia,1978,0,other,3.1765623334436555,73.562,0,0,0,28
670,Saudi Arabia,1979,0,other,1.9422283356258507,74.112,0,0,0,29
670,Saudi Arabia,1980,0,other,0.9425943476926602,74.342,0,0,0,30
670,Saudi Arabia,1981,0,other,-1.8482366133854011,72.298,0,0,0,31
670,Saudi Arabia,1982,0,other,-8.666142725033389,65.777,0,0,0,32
670,Saudi Arabia,1983,0,other,-15.78366926414464,58.036,0,0,0,33
670,Saudi Arabia,1984,0,other,-18.265528003142563,52.85,0,0,0,34
670,Saudi Arabia,1985,0,other,-18.437320371509536,48.528,0,0,0,35
670,Saudi Arabia,1986,0,other,-17.22434671765456,44.677,0,0,0,36
670,Saudi Arabia,1987,0,other,-13.412494885288673,42.746,0,0,0,37
670,Saudi Arabia,1988,0,other,-8.677864842633875,42.189,0,0,0,38
670,Saudi Arabia,1989,0,other,-2.916815568412623,42.923,0,0,0,39
670,Saudi Arabia,1990,0,other,4.3991066965657355,45.532,0,0,0,40
670,Saudi Arabia,1991,0,other,8.810616418267392,48.229,0,0,0,41
670,Saudi Arabia,1992,0,other,9.246249158955266,50.009,0,0,0,42
670,Saudi Arabia,1993,0,other,5.340261453383177,49.831,0,0,0,43
670,Saudi Arabia,1994,0,other,1.2518485259164214,49.16,0,0,0,44
670,Saudi Arabia,1995,0,other,-0.8246995272914948,48.8,0,0,0,45
670,Saudi Arabia,1996,0,other,-0.7520685938424365,48.986,0,0,0,46
670,Saudi Arabia,1997,0,other,-0.3829312758407255,48.959,0,0,0,47
670,Saudi Arabia,1998,0,other,-0.3699086468700763,48.75,0,0,0,48
670,Saudi Arabia,1999,0,other,0.16730000695379665,48.976,0,0,0,49
670,Saudi Arabia,2000,0,other,2.037495779792642,50.17,0,0,0,50
670,Saudi Arabia,2001,0,other,1.3289372957077772,50.034,0,0,0,51
670,Saudi Arabia,2002,0,other,1.6030079546552445,50.478,0,0,0,52
670,Saudi Arabia,2003,0,other,4.5828134592913905,52.807,1,0,0,53
670,Saudi Arabia,2004,0,other,7.8167219800255205,55.942,1,0,0,54
670,Saudi Arabia,2005,0,other,10.050387972480411,59.057,1,0,0,55
670,Saudi Arabia,2006,0,other,9.555937939348835,61.249,1,0,0,56
670,Saudi Arabia,2007,0,other,8.009405515301072,63.114,1,0,0,57
670,Saudi Arabia,2008,0,other,7.340647515059251,65.434,0,0,0,58
670,Saudi Arabia,2009,0,other,4.48513167723581,65.741,0,0,0,59
670,Saudi Arabia,2010,0,other,5.766827627701754,68.557,0,0,0,60
670,Saudi Arabia,2011,0,other,8.279533355985947,72.656,0,0,0,61
670,Saudi Arabia,2012,0,other,7.754250956177122,74.828,0,0,0,62
670,Saudi Arabia,2013,0,other,5.415866152096838,75.28,0,0,0,63
670,Saudi Arabia,2014,0,other,2.246537486892697,74.887,0,0,0,64
670,Saudi Arabia,2015,0,other,-0.5692599620493399,73.884,0,0,0,65
670,Saudi Arabia,2016,0,other,-2.513292356423702,72.387,0,0,0,66
670,Saudi Arabia,2017,0,other,-5.027490244515609,69.51,0,0,0,67
670,Saudi Arabia,2018,0,other,-6.120846478641018,67.191,0,0,0,68
670,Saudi Arabia,2019,0,other,-8.41622741942002,63.454,0,0,0,69
670,Saudi Arabia,2020,0,other,NA,NA,0,0,0,70
678,Yemen (Arab Republic of Yemen),1950,0,other,-0.08832721837206403,2.941,0,0,0,0
678,Yemen (Arab Republic of Yemen),1951,0,other,0.13582342954159277,2.949,0,0,0,1
678,Yemen (Arab Republic of Yemen),1952,0,other,0.42735042735042583,2.961,0,0,0,2
678,Yemen (Arab Republic of Yemen),1953,0,other,0.6297826234170856,2.972,0,0,0,3
678,Yemen (Arab Republic of Yemen),1954,0,other,0.9518023491291938,2.991,0,0,0,4
678,Yemen (Arab Republic of Yemen),1955,1,other,0.9880360263476273,3.005,0,1,1,0
678,Yemen (Arab Republic of Yemen),1956,0,other,1.0367892976588688,3.021,0,1,1,1
678,Yemen (Arab Republic of Yemen),1957,0,other,1.0050585729499462,3.035,0,1,1,2
678,Yemen (Arab Republic of Yemen),1958,0,other,1.0856613266251758,3.054,0,1,1,3
678,Yemen (Arab Republic of Yemen),1959,0,other,1.19165185331489,3.074,0,1,1,4
678,Yemen (Arab Republic of Yemen),1960,0,other,1.204503796805434,3.092,0,1,1,5
678,Yemen (Arab Republic of Yemen),1961,0,other,1.2559380490661631,3.112,0,1,1,6
678,Yemen (Arab Republic of Yemen),1962,2,other,1.4221073044602406,3.138,0,2,1,0
678,Yemen (Arab Republic of Yemen),1963,0,military,1.4125200642054692,3.159,0,2,1,1
678,Yemen (Arab Republic of Yemen),1964,0,military,1.447427150417635,3.182,0,2,1,2
678,Yemen (Arab Republic of Yemen),1965,0,military,1.6766845934830688,3.214,0,2,1,3
678,Yemen (Arab Republic of Yemen),1966,0,military,2.000501693214596,3.253,0,2,1,4
678,Yemen (Arab Republic of Yemen),1967,2,military,2.8280823616968487,3.316,0,3,1,0
678,Yemen (Arab Republic of Yemen),1968,0,personal,4.460308743669539,3.424,0,3,1,1
678,Yemen (Arab Republic of Yemen),1969,0,personal,7.144981854958643,3.602,0,3,1,2
678,Yemen (Arab Republic of Yemen),1970,0,personal,12.678062678062663,3.955,0,3,1,3
678,Yemen (Arab Republic of Yemen),1971,0,personal,16.907824222936775,4.363,0,3,1,4
678,Yemen (Arab Republic of Yemen),1972,0,personal,17.890228110369556,4.734,0,3,1,5
678,Yemen (Arab Republic of Yemen),1973,0,personal,17.219821641996845,5.1,0,3,1,6
678,Yemen (Arab Republic of Yemen),1974,2,personal,15.195454930891206,5.434,0,4,1,0
678,Yemen (Arab Republic of Yemen),1975,0,military,14.458541183864249,5.828,0,4,1,1
678,Yemen (Arab Republic of Yemen),1976,0,military,14.867825324959828,6.292,0,4,1,2
678,Yemen (Arab Republic of Yemen),1977,0,military,14.465622872702522,6.726,0,4,1,3
678,Yemen (Arab Republic of Yemen),1978,1,military,12.759170653907482,7.07,1,5,1,0
678,Yemen (Arab Republic of Yemen),1979,0,personal,9.698795180722875,7.284,1,5,1,1
678,Yemen (Arab Republic of Yemen),1980,0,personal,6.305554756493992,7.391,0,5,1,2
678,Yemen (Arab Republic of Yemen),1981,0,personal,4.4375903078804235,7.517,0,5,1,3
678,Yemen (Arab Republic of Yemen),1982,0,personal,2.828600901243261,7.576,0,5,1,4
678,Yemen (Arab Republic of Yemen),1983,0,personal,2.2979291917167854,7.657,0,5,1,5
678,Yemen (Arab Republic of Yemen),1984,0,personal,1.4571322790500885,7.673,0,5,1,6
678,Yemen (Arab Republic of Yemen),1985,0,personal,-0.22890520167337947,7.584,0,5,1,7
678,Yemen (Arab Republic of Yemen),1986,0,personal,-1.342635250756874,7.495,0,5,1,8
678,Yemen (Arab Republic of Yemen),1987,0,personal,-1.8952209769507289,7.423,0,5,1,9
678,Yemen (Arab Republic of Yemen),1988,0,personal,-2.902769247202719,7.272,0,5,1,10
678,Yemen (Arab Republic of Yemen),1989,0,personal,-5.607171075933848,6.929,0,5,1,11
678,Yemen (Arab Republic of Yemen),1990,0,personal,NA,NA,0,5,1,12
678,Yemen (Arab Republic of Yemen),1991,0,personal,NA,NA,0,5,1,13
678,Yemen (Arab Republic of Yemen),1992,0,personal,NA,NA,0,5,1,14
678,Yemen (Arab Republic of Yemen),1993,0,personal,NA,NA,0,5,1,15
678,Yemen (Arab Republic of Yemen),1994,0,personal,NA,NA,0,5,1,16
678,Yemen (Arab Republic of Yemen),1995,0,personal,NA,NA,0,5,1,17
678,Yemen (Arab Republic of Yemen),1996,0,personal,NA,NA,0,5,1,18
678,Yemen (Arab Republic of Yemen),1997,0,personal,NA,NA,0,5,1,19
678,Yemen (Arab Republic of Yemen),1998,0,personal,NA,NA,0,5,1,20
678,Yemen (Arab Republic of Yemen),1999,0,personal,NA,NA,0,5,1,21
678,Yemen (Arab Republic of Yemen),2000,0,personal,NA,NA,0,5,1,22
678,Yemen (Arab Republic of Yemen),2001,0,personal,NA,NA,0,5,1,23
678,Yemen (Arab Republic of Yemen),2002,0,personal,NA,NA,0,5,1,24
678,Yemen (Arab Republic of Yemen),2003,0,personal,NA,NA,0,5,1,25
678,Yemen (Arab Republic of Yemen),2004,0,personal,NA,NA,0,5,1,26
678,Yemen (Arab Republic of Yemen),2005,0,personal,NA,NA,0,5,1,27
678,Yemen (Arab Republic of Yemen),2006,0,personal,NA,NA,0,5,1,28
678,Yemen (Arab Republic of Yemen),2007,0,personal,NA,NA,0,5,1,29
678,Yemen (Arab Republic of Yemen),2008,0,personal,NA,NA,0,5,1,30
678,Yemen (Arab Republic of Yemen),2009,0,personal,NA,NA,0,5,1,31
678,Yemen (Arab Republic of Yemen),2010,0,personal,NA,NA,0,5,1,32
678,Yemen (Arab Republic of Yemen),2011,0,personal,NA,NA,0,5,1,33
678,Yemen (Arab Republic of Yemen),2012,0,personal,NA,NA,0,5,1,34
678,Yemen (Arab Republic of Yemen),2013,0,personal,NA,NA,0,5,1,35
678,Yemen (Arab Republic of Yemen),2014,0,personal,NA,NA,0,5,1,36
678,Yemen (Arab Republic of Yemen),2015,0,personal,NA,NA,0,5,1,37
678,Yemen (Arab Republic of Yemen),2016,0,other,NA,NA,0,5,1,38
678,Yemen (Arab Republic of Yemen),2017,0,other,NA,NA,0,5,1,39
678,Yemen (Arab Republic of Yemen),2018,0,other,NA,NA,0,5,1,40
678,Yemen (Arab Republic of Yemen),2019,0,other,NA,NA,0,5,1,41
678,Yemen (Arab Republic of Yemen),2020,0,other,NA,NA,0,5,1,42
680,"Yemen, People's Republic of",1967,0,dominant-party,NA,1.577,0,0,0,0
680,"Yemen, People's Republic of",1968,1,dominant-party,NA,1.581,0,1,1,0
680,"Yemen, People's Republic of",1969,0,dominant-party,NA,1.58,0,1,1,1
680,"Yemen, People's Republic of",1970,0,dominant-party,NA,1.58,0,1,1,2
680,"Yemen, People's Republic of",1971,0,dominant-party,0.025322866548482814,1.58,0,1,1,3
680,"Yemen, People's Republic of",1972,0,dominant-party,-0.164598632565216,1.577,0,1,1,4
680,"Yemen, People's Republic of",1973,0,dominant-party,0.1392581339410004,1.582,0,1,1,5
680,"Yemen, People's Republic of",1974,0,dominant-party,0.3162555344718543,1.586,0,1,1,6
680,"Yemen, People's Republic of",1975,0,dominant-party,0.4926730672056623,1.591,0,1,1,7
680,"Yemen, People's Republic of",1976,0,dominant-party,0.605143721633894,1.596,0,1,1,8
680,"Yemen, People's Republic of",1977,0,dominant-party,0.8165829145728498,1.605,0,1,1,9
680,"Yemen, People's Republic of",1978,2,dominant-party,0.5761523046092343,1.606,2,2,1,0
680,"Yemen, People's Republic of",1979,0,dominant-party,0.32483758120940287,1.606,1,2,1,1
680,"Yemen, People's Republic of",1980,0,dominant-party,0.3863409770687998,1.611,0,2,1,2
680,"Yemen, People's Republic of",1981,0,dominant-party,0.49720323182100845,1.617,0,2,1,3
680,"Yemen, People's Republic of",1982,0,dominant-party,0.1986590514030384,1.614,0,2,1,4
680,"Yemen, People's Republic of",1983,0,dominant-party,0.14882797966018213,1.615,0,2,1,5
680,"Yemen, People's Republic of",1984,0,dominant-party,0.13623978201635634,1.617,0,2,1,6
680,"Yemen, People's Republic of",1985,0,dominant-party,0.5562422744128437,1.627,0,2,1,7
680,"Yemen, People's Republic of",1986,2,dominant-party,0.38276330411162185,1.626,2,3,1,0
680,"Yemen, People's Republic of",1987,0,dominant-party,0.4313000616142926,1.63,2,3,1,1
680,"Yemen, People's Republic of",1988,0,dominant-party,0.6880452143998017,1.639,0,3,1,2
680,"Yemen, People's Republic of",1989,0,dominant-party,0.41661561083201626,1.639,0,3,1,3
680,"Yemen, People's Republic of",1990,0,dominant-party,0.5135730007336692,1.644,0,3,1,4
690,Kuwait,1950,NA,other,NA,108.96,0,NA,NA,NA
690,Kuwait,1951,NA,other,NA,111.1,0,NA,NA,NA
690,Kuwait,1952,NA,other,NA,113.041,0,NA,NA,NA
690,Kuwait,1953,NA,other,NA,114.907,0,NA,NA,NA
690,Kuwait,1954,NA,other,3.1400979021722453,116.433,0,NA,NA,NA
690,Kuwait,1955,NA,other,1.7548001259049428,116.379,0,NA,NA,NA
690,Kuwait,1956,NA,other,0.10276029425548838,115.338,0,NA,NA,NA
690,Kuwait,1957,NA,other,-1.9543165274033214,112.95,0,NA,NA,NA
690,Kuwait,1958,NA,other,-3.867882386945909,109.755,0,NA,NA,NA
690,Kuwait,1959,NA,other,-5.238958129712989,106.262,0,NA,NA,NA
690,Kuwait,1960,NA,other,-6.607596512164227,102.051,0,NA,NA,NA
690,Kuwait,1961,0,other,-8.387609033042963,96.689,0,0,0,0
690,Kuwait,1962,0,other,-9.573438561564828,91.571,0,0,0,1
690,Kuwait,1963,0,other,-9.666769279718357,87.446,0,0,0,2
690,Kuwait,1964,0,other,-8.507835851562184,84.605,0,0,0,3
690,Kuwait,1965,0,other,-7.1237130176177494,82.197,0,0,0,4
690,Kuwait,1966,0,other,-4.852104810895986,81.274,0,0,0,5
690,Kuwait,1967,0,other,-2.8697333189246277,80.893,0,0,0,6
690,Kuwait,1968,0,other,0.11547905574600392,82.361,0,0,0,7
690,Kuwait,1969,0,other,4.164496017717334,85.978,0,0,0,8
690,Kuwait,1970,0,other,11.00099807916839,94.31,0,0,0,9
690,Kuwait,1971,0,other,14.282923411679915,101.787,0,0,0,10
690,Kuwait,1972,0,other,14.84904081097762,108.672,0,0,0,11
690,Kuwait,1973,0,other,15.506403847819072,117.385,0,0,0,12
690,Kuwait,1974,0,other,20.932345842192966,134.678,0,0,0,13
690,Kuwait,1975,0,other,12.844740128638254,134.812,0,0,0,14
690,Kuwait,1976,0,other,5.993890502928334,133.31,0,0,0,15
690,Kuwait,1977,0,other,-0.9182386834828193,128.557,0,0,0,16
690,Kuwait,1978,0,other,-5.010678695507009,124.622,0,0,0,17
690,Kuwait,1979,0,other,-5.7960296986388276,121.018,0,0,0,18
690,Kuwait,1980,0,other,-13.191159540879715,106.624,0,0,0,19
690,Kuwait,1981,0,other,-19.818808248625263,91.832,0,0,0,20
690,Kuwait,1982,0,other,-22.86319333620258,81.01,0,0,0,21
690,Kuwait,1983,0,other,-20.498023947820453,75.718,0,0,0,22
690,Kuwait,1984,0,other,-15.658096452937942,72.071,0,0,0,23
690,Kuwait,1985,0,other,-13.200252587084549,67.354,0,0,0,24
690,Kuwait,1986,0,other,-12.306274398427375,62.989,0,0,0,25
690,Kuwait,1987,0,other,-11.602267177718906,59.733,0,0,0,26
690,Kuwait,1988,0,other,-10.993073476337257,56.772,0,0,0,27
690,Kuwait,1989,0,other,-10.77799669843974,53.616,0,0,0,28
690,Kuwait,1990,0,other,-14.904599174142097,47.81,5,0,0,29
690,Kuwait,1991,0,other,-15.294933703278812,44.45,5,0,0,30
690,Kuwait,1992,0,other,9.591073196857437,56.885,0,0,0,31
690,Kuwait,1993,0,other,32.04876473086122,72.766,0,0,0,32
690,Kuwait,1994,0,other,39.82269572612949,86.147,0,0,0,33
690,Kuwait,1995,0,other,34.83190211595666,96.092,0,0,0,34
690,Kuwait,1996,0,other,22.069704262182242,100.739,0,0,0,35
690,Kuwait,1997,0,other,11.262274266057348,101.819,0,0,0,36
690,Kuwait,1998,0,other,4.0392835607106825,101.106,0,0,0,37
690,Kuwait,1999,0,other,-0.7852164358071567,98.96,0,0,0,38
690,Kuwait,2000,0,other,-0.8689955375366654,99.565,0,0,0,39
690,Kuwait,2001,0,other,-0.37619105558890364,99.891,0,0,0,40
690,Kuwait,2002,0,other,3.5024830592242484,104.292,0,0,0,41
690,Kuwait,2003,0,other,11.391493821179942,115.433,0,0,0,42
690,Kuwait,2004,0,other,16.64645555659203,127.548,0,0,0,43
690,Kuwait,2005,0,other,18.77951883237565,139.326,0,0,0,44
690,Kuwait,2006,0,other,15.922742377242649,146.866,0,0,0,45
690,Kuwait,2007,0,other,10.06269379959206,149.363,0,0,0,46
690,Kuwait,2008,0,other,3.5172779926857967,147.02,0,0,0,47
690,Kuwait,2009,0,other,-5.3688277059843585,135.999,0,0,0,48
690,Kuwait,2010,0,other,-7.67078244908761,131.188,0,0,0,49
690,Kuwait,2011,0,other,-4.071618265353527,133.794,0,0,0,50
690,Kuwait,2012,0,other,-1.53771077027689,134.377,0,0,0,51
690,Kuwait,2013,0,other,-2.2967430494291174,130.019,0,0,0,52
690,Kuwait,2014,0,other,-4.8910175317295135,124.351,0,0,0,53
690,Kuwait,2015,0,other,-7.922840325375891,117.949,0,0,0,54
690,Kuwait,2016,0,other,-8.55727426367191,113.408,0,0,0,55
690,Kuwait,2017,0,other,-10.216067211901937,106.311,0,0,0,56
690,Kuwait,2018,0,other,-9.63634300224493,101.919,0,0,0,57
690,Kuwait,2019,0,other,-9.692553738788112,96.897,0,0,0,58
690,Kuwait,2020,0,other,NA,NA,0,0,0,59
692,Bahrain,1971,0,other,29.240439273853426,25.373,0,0,0,0
692,Bahrain,1972,0,other,23.47338228131257,27.378,0,0,0,1
692,Bahrain,1973,0,other,18.96950595290876,29.518,0,0,0,2
692,Bahrain,1974,0,other,15.297730014255961,31.542,0,0,0,3
692,Bahrain,1975,0,other,8.34239541894366,31.483,0,0,0,4
692,Bahrain,1976,0,other,6.829284285761128,32.584,0,0,0,5
692,Bahrain,1977,0,other,4.686502846527607,33.136,0,0,0,6
692,Bahrain,1978,0,other,1.8598121014577806,32.938,0,0,0,7
692,Bahrain,1979,0,other,0.370331701744786,32.686,0,0,0,8
692,Bahrain,1980,0,other,2.686187912154381,33.946,0,0,0,9
692,Bahrain,1981,0,other,1.708344838349496,33.888,0,0,0,10
692,Bahrain,1982,0,other,0.42514970059881474,33.542,0,0,0,11
692,Bahrain,1983,0,other,0.017901363487182742,33.523,0,0,0,12
692,Bahrain,1984,0,other,-1.7936391634052251,32.972,0,0,0,13
692,Bahrain,1985,0,other,-5.609633474871433,31.166,0,0,0,14
692,Bahrain,1986,0,other,-4.87005573007634,30.828,0,0,0,15
692,Bahrain,1987,0,other,-2.9207197375930694,30.958,0,0,0,16
692,Bahrain,1988,0,other,0.28187612686965124,31.592,0,0,0,17
692,Bahrain,1989,0,other,2.644273718063239,32.172,0,0,0,18
692,Bahrain,1990,0,other,4.920323238426105,33.342,0,0,0,19
692,Bahrain,1991,0,other,6.663718118826489,34.728,0,0,0,20
692,Bahrain,1992,0,other,8.487512250170749,36.531,0,0,0,21
692,Bahrain,1993,0,other,10.075605528440445,38.611,0,0,0,22
692,Bahrain,1994,0,other,8.92835687212592,39.89,0,0,0,23
692,Bahrain,1995,0,other,7.036399512993841,40.792,0,0,0,24
692,Bahrain,1996,0,other,5.223022238886887,41.533,0,0,0,25
692,Bahrain,1997,0,other,5.269100119774595,42.89,0,0,0,26
692,Bahrain,1998,0,other,5.800361000487064,44.313,0,0,0,27
692,Bahrain,1999,0,other,7.944348855710359,46.676,0,0,0,28
692,Bahrain,2000,0,other,10.055175418706286,49.507,0,0,0,29
692,Bahrain,2001,0,other,7.878103644403378,50.452,0,0,0,30
692,Bahrain,2002,0,other,5.753030953718086,51.22,0,0,0,31
692,Bahrain,2003,0,other,5.736159765978388,53.062,0,0,0,32
692,Bahrain,2004,0,other,5.897993995106554,54.881,0,0,0,33
692,Bahrain,2005,0,other,7.02394432737663,57.087,0,0,0,34
692,Bahrain,2006,0,other,6.269823062665458,58.367,0,0,0,35
692,Bahrain,2007,0,other,4.998585472805717,59.383,0,0,0,36
692,Bahrain,2008,0,other,3.9276539250676645,60.277,0,0,0,37
692,Bahrain,2009,0,other,0.6420600275168553,59.251,0,0,0,38
692,Bahrain,2010,0,other,0.1044914468694591,59.397,0,0,0,39
692,Bahrain,2011,0,other,0.45871098190304327,59.919,0,0,0,40
692,Bahrain,2012,0,other,1.9266666666666543,61.156,0,0,0,41
692,Bahrain,2013,0,other,3.0695000513294213,62.248,0,0,0,42
692,Bahrain,2014,0,other,2.702773485582588,62.744,0,0,0,43
692,Bahrain,2015,0,other,1.2177374134181296,62.456,0,0,0,44
692,Bahrain,2016,0,other,-0.1596749841451639,62.027,0,0,0,45
692,Bahrain,2017,0,other,-1.9045256245851738,60.891,0,0,0,46
692,Bahrain,2018,0,other,-3.812915216832302,59.101,0,0,0,47
692,Bahrain,2019,0,other,-6.831812342326149,55.987,0,0,0,48
692,Bahrain,2020,0,other,NA,NA,0,0,0,49
694,Qatar,1971,0,other,9.574196933359369,147.026,0,0,0,0
694,Qatar,1972,2,other,15.148303890511027,163.424,0,1,1,0
694,Qatar,1973,0,other,23.733686405510813,190.831,0,1,1,1
694,Qatar,1974,0,other,36.061486380905784,238.583,0,1,1,2
694,Qatar,1975,0,other,29.43990063157049,258.441,0,1,1,3
694,Qatar,1976,0,other,18.0306713726377,263.05,0,1,1,4
694,Qatar,1977,0,other,4.3777417572542054,250.879,0,1,1,5
694,Qatar,1978,0,other,-2.4385486380145704,245.081,0,1,1,6
694,Qatar,1979,0,other,-4.86538323796486,239.079,0,1,1,7
694,Qatar,1980,0,other,-7.9273904947497424,225.277,0,1,1,8
694,Qatar,1981,0,other,-15.92323197674369,194.123,0,1,1,9
694,Qatar,1982,0,other,-25.12428237105263,159.141,0,1,1,10
694,Qatar,1983,0,other,-31.309246862586846,130.215,0,1,1,11
694,Qatar,1984,0,other,-33.0317156769901,109.609,0,1,1,12
694,Qatar,1985,0,other,-33.70427950689363,90.659,0,1,1,13
694,Qatar,1986,0,other,-33.41294191170352,75.223,0,1,1,14
694,Qatar,1987,0,other,-27.209145109964982,69.127,0,1,1,15
694,Qatar,1988,0,other,-19.79179609367958,65.845,0,1,1,16
694,Qatar,1989,0,other,-11.710288993926731,64.517,0,1,1,17
694,Qatar,1990,0,other,-5.028204772843203,64.415,0,1,1,18
694,Qatar,1991,0,other,-2.4043255903314686,64.005,0,1,1,19
694,Qatar,1992,0,other,3.0658698799911788,67.194,0,1,1,20
694,Qatar,1993,0,other,4.5787996801741615,68.798,0,1,1,21
694,Qatar,1994,0,other,6.4594868131213845,71.528,0,1,1,22
694,Qatar,1995,2,other,9.081433149721697,75.766,0,2,1,0
694,Qatar,1996,1,other,12.434980805485552,82.183,0,3,1,0
694,Qatar,1997,0,other,19.748959735650473,93.933,0,3,1,1
694,Qatar,1998,0,other,22.067137685308747,104.457,0,3,1,2
694,Qatar,1999,0,other,23.894393758364618,117.383,0,3,1,3
694,Qatar,2000,0,other,24.403273149415305,131.809,0,3,1,4
694,Qatar,2001,0,other,19.167955727770725,140.055,0,3,1,5
694,Qatar,2002,0,other,15.165040400717732,147.745,0,3,1,6
694,Qatar,2003,0,other,13.055709278730854,156.896,0,3,1,7
694,Qatar,2004,0,other,13.034548029614523,168.4,0,3,1,8
694,Qatar,2005,0,other,11.41069423000378,175.778,0,3,1,9
694,Qatar,2006,0,other,11.405582946427284,186.009,0,3,1,10
694,Qatar,2007,0,other,9.08108169616697,191.722,0,3,1,11
694,Qatar,2008,0,other,7.217125315707751,197.058,0,3,1,12
694,Qatar,2009,0,other,4.291198808920016,197.816,0,3,1,13
694,Qatar,2010,0,other,5.854396638713766,207.496,0,3,1,14
694,Qatar,2011,0,other,8.067155884332976,218.954,0,3,1,15
694,Qatar,2012,0,other,5.9303045278546795,220.781,0,3,1,16
694,Qatar,2013,0,other,2.882116591085304,218.928,0,3,1,17
694,Qatar,2014,0,other,-0.6059787560554031,214.902,0,3,1,18
694,Qatar,2015,0,other,-3.4159654939919237,209.145,0,3,1,19
694,Qatar,2016,0,other,-4.986871717929475,202.644,0,3,1,20
694,Qatar,2017,0,other,-8.071192732094934,190.498,0,3,1,21
694,Qatar,2018,0,other,-9.537254760458591,180.509,0,3,1,22
694,Qatar,2019,0,other,-11.86393057416062,167.513,0,3,1,23
694,Qatar,2020,0,other,NA,NA,0,3,1,24
696,United Arab Emirates,1971,0,other,NA,134.65,0,0,0,0
696,United Arab Emirates,1972,1,other,NA,138.845,0,1,1,0
696,United Arab Emirates,1973,0,other,NA,144.28,0,1,1,1
696,United Arab Emirates,1974,0,other,NA,155.265,0,1,1,2
696,United Arab Emirates,1975,0,other,13.406373964433161,168.1,0,1,1,3
696,United Arab Emirates,1976,0,other,12.33814131450539,175.751,0,1,1,4
696,United Arab Emirates,1977,0,other,9.052727776508519,179.472,0,1,1,5
696,United Arab Emirates,1978,0,other,3.2720984155158117,176.643,0,1,1,6
696,United Arab Emirates,1979,0,other,2.181289108899631,179.789,0,1,1,7
696,United Arab Emirates,1980,0,other,2.755822001920216,184.085,0,1,1,8
696,United Arab Emirates,1981,0,other,0.12784996567711815,180.285,0,1,1,9
696,United Arab Emirates,1982,0,other,-4.956318997724651,169.173,0,1,1,10
696,United Arab Emirates,1983,0,other,-9.745685312427831,157.125,0,1,1,11
696,United Arab Emirates,1984,0,other,-12.153081952265122,147.21,0,1,1,12
696,United Arab Emirates,1985,0,other,-14.537631517878314,134.788,0,1,1,13
696,United Arab Emirates,1986,0,other,-17.102193795058373,120.897,0,1,1,14
696,United Arab Emirates,1987,1,other,-15.199310793758603,114.379,0,2,1,0
696,United Arab Emirates,1988,0,other,-11.044485306387763,111.945,0,2,1,1
696,United Arab Emirates,1989,0,other,-2.2567685531211024,117.122,0,2,1,2
696,United Arab Emirates,1990,0,other,9.246115964810997,129.82,0,2,1,3
696,United Arab Emirates,1991,0,other,17.053470717414854,144.661,0,2,1,4
696,United Arab Emirates,1992,0,other,14.682156472340125,149.871,0,2,1,5
696,United Arab Emirates,1993,0,other,7.464264121453423,148.239,0,2,1,6
696,United Arab Emirates,1994,0,other,4.118039115909644,150.593,0,2,1,7
696,United Arab Emirates,1995,0,other,3.0038123045508014,153.953,0,2,1,8
696,United Arab Emirates,1996,0,other,3.3858461522261907,157.095,0,2,1,9
696,United Arab Emirates,1997,0,other,3.9925406084910353,160.156,0,2,1,10
696,United Arab Emirates,1998,0,other,1.9072435560905099,159.173,0,2,1,11
696,United Arab Emirates,1999,0,other,1.9342005556958641,161.423,0,2,1,12
696,United Arab Emirates,2000,0,other,4.2651587910192745,168.055,0,2,1,13
696,United Arab Emirates,2001,0,other,2.847250873200191,168.016,0,2,1,14
696,United Arab Emirates,2002,0,other,1.7342141269856892,167.741,0,2,1,15
696,United Arab Emirates,2003,0,other,1.3649476084953038,169.156,0,2,1,16
696,United Arab Emirates,2004,0,other,0.11171258965232411,168.477,0,2,1,17
696,United Arab Emirates,2005,0,other,-2.1568924886201213,163.833,0,2,1,18
696,United Arab Emirates,2006,0,other,-5.040437042049439,156.892,0,2,1,19
696,United Arab Emirates,2007,0,other,-9.299347217904874,145.892,0,2,1,20
696,United Arab Emirates,2008,0,other,-12.909207227637276,133.954,0,2,1,21
696,United Arab Emirates,2009,0,other,-16.167278774859682,120.979,0,2,1,22
696,United Arab Emirates,2010,0,other,-14.390818740563738,115.219,0,2,1,23
696,United Arab Emirates,2011,0,other,-8.221319360064804,116.02,0,2,1,24
696,United Arab Emirates,2012,0,other,-2.2125445917415054,118.2,0,2,1,25
696,United Arab Emirates,2013,0,other,2.533078729911953,121.352,0,2,1,26
696,United Arab Emirates,2014,0,other,3.7666454014001483,123.292,0,2,1,27
696,United Arab Emirates,2015,0,other,2.858242326933036,124.024,0,2,1,28
696,United Arab Emirates,2016,0,other,1.6194835523247297,124.191,0,2,1,29
696,United Arab Emirates,2017,0,other,-1.0798890001057937,121.556,0,2,1,30
696,United Arab Emirates,2018,0,other,-2.9589590113157427,118.74,0,2,1,31
696,United Arab Emirates,2019,0,other,-5.139726518182364,114.381,0,2,1,32
696,United Arab Emirates,2020,0,other,NA,NA,0,2,1,33
698,Oman,1950,0,other,0.3112356053532439,3.223,0,0,0,0
698,Oman,1951,0,other,1.7778603729170506,3.286,0,0,0,1
698,Oman,1952,0,other,3.8539305189633,3.39,0,0,0,2
698,Oman,1953,0,other,5.723561594420734,3.517,0,0,0,3
698,Oman,1954,0,other,7.167955024595929,3.66,0,0,0,4
698,Oman,1955,0,other,7.430287916572209,3.791,0,0,0,5
698,Oman,1956,0,other,7.72635375116113,3.943,0,0,0,6
698,Oman,1957,0,other,7.873560195655616,4.102,0,0,0,7
698,Oman,1958,0,other,8.132712927372033,4.276,0,0,0,8
698,Oman,1959,0,other,8.304565566198274,4.455,0,0,0,9
698,Oman,1960,0,other,8.257052120306362,4.636,0,0,0,10
698,Oman,1961,0,other,8.05474534440207,4.816,0,0,0,11
698,Oman,1962,0,other,9.97425997425998,5.127,0,0,0,12
698,Oman,1963,0,other,9.045721562666898,5.309,0,0,0,13
698,Oman,1964,0,other,6.940985809715783,5.411,0,0,0,14
698,Oman,1965,0,other,5.938668090624755,5.555,0,0,0,15
698,Oman,1966,0,other,13.919255330663493,6.315,0,0,0,16
698,Oman,1967,0,other,37.69045709703289,8.585,0,0,0,17
698,Oman,1968,0,other,60.2033577677938,12.195,0,0,0,18
698,Oman,1969,0,other,59.01495530119476,15.226,0,0,0,19
698,Oman,1970,2,other,43.41444508105556,17.021,0,1,1,0
698,Oman,1971,0,other,24.885046900864438,17.654,1,1,1,1
698,Oman,1972,0,other,12.640824423290443,18.057,1,1,1,2
698,Oman,1973,0,other,4.015895768509137,17.851,1,1,1,3
698,Oman,1974,0,other,7.641166464695881,19.364,1,1,1,4
698,Oman,1975,0,other,13.890741976132226,21.511,1,1,1,5
698,Oman,1976,0,other,15.535215357961896,23.074,0,1,1,6
698,Oman,1977,0,other,10.876431860562462,23.308,0,1,1,7
698,Oman,1978,0,other,4.35559344167149,23.015,0,1,1,8
698,Oman,1979,0,other,2.4524209347887016,23.428,0,1,1,9
698,Oman,1980,0,other,4.2016663397661524,24.438,0,1,1,10
698,Oman,1981,0,other,8.687162442874952,26.161,0,1,1,11
698,Oman,1982,0,other,10.888794437717042,27.655,0,1,1,12
698,Oman,1983,0,other,12.976157851466152,29.682,0,1,1,13
698,Oman,1984,0,other,13.857844049169298,31.826,0,1,1,14
698,Oman,1985,0,other,12.00678258061043,33.292,0,1,1,15
698,Oman,1986,0,other,5.340337759443092,32.685,0,1,1,16
698,Oman,1987,0,other,1.9054578157495339,32.634,0,1,1,17
698,Oman,1988,0,other,-1.1495949661395222,32.142,0,1,1,18
698,Oman,1989,0,other,-0.3018650730476913,32.565,0,1,1,19
698,Oman,1990,0,other,0.2373500421203989,32.603,0,1,1,20
698,Oman,1991,0,other,0.649071262615708,32.75,0,1,1,21
698,Oman,1992,0,other,3.683434296649324,34.026,0,1,1,22
698,Oman,1993,0,other,3.8835884164830192,34.603,0,1,1,23
698,Oman,1994,0,other,4.088483336977777,35.225,0,1,1,24
698,Oman,1995,0,other,5.41883304448294,36.496,0,1,1,25
698,Oman,1996,0,other,6.4041011374599055,37.942,0,1,1,26
698,Oman,1997,0,other,7.91742311413568,39.708,0,1,1,27
698,Oman,1998,0,other,8.233930276230339,41.267,0,1,1,28
698,Oman,1999,0,other,9.638657108553561,43.65,0,1,1,29
698,Oman,2000,0,other,12.376428847336873,47.13,0,1,1,30
698,Oman,2001,0,other,11.965352395239348,49.559,0,1,1,31
698,Oman,2002,0,other,8.83537596657118,50.529,0,1,1,32
698,Oman,2003,0,other,6.035336856010565,51.372,0,1,1,33
698,Oman,2004,0,other,5.541761843281368,53.135,0,1,1,34
698,Oman,2005,0,other,6.46028729485808,55.347,0,1,1,35
698,Oman,2006,0,other,9.492113107944068,58.988,0,1,1,36
698,Oman,2007,0,other,10.647148199677625,62.191,0,1,1,37
698,Oman,2008,0,other,10.779691350283183,65.366,0,1,1,38
698,Oman,2009,0,other,7.105151169627688,65.941,0,1,1,39
698,Oman,2010,0,other,3.061859754372054,65.556,0,1,1,40
698,Oman,2011,0,other,-0.48171463200464837,64.374,0,1,1,41
698,Oman,2012,0,other,-2.4590896346028845,63.314,0,1,1,42
698,Oman,2013,0,other,-4.7944050177420205,60.959,0,1,1,43
698,Oman,2014,0,other,-7.287834702693008,57.865,0,1,1,44
698,Oman,2015,0,other,-8.558595886437848,55.173,0,1,1,45
698,Oman,2016,0,other,-8.628497632371934,53.064,0,1,1,46
698,Oman,2017,0,other,-9.935836098603701,49.886,0,1,1,47
698,Oman,2018,0,other,-10.467502850627142,47.112,0,1,1,48
698,Oman,2019,0,other,-12.22111529778499,43.703,0,1,1,49
698,Oman,2020,0,other,NA,NA,0,1,1,50
700,Afghanistan,1950,0,other,0.2063636799923385,4.176,0,0,0,0
700,Afghanistan,1951,0,other,0.6608562398237705,4.204,0,0,0,1
700,Afghanistan,1952,0,other,1.5539348872682268,4.261,0,0,0,2
700,Afghanistan,1953,0,other,2.2431498745918432,4.321,0,0,0,3
700,Afghanistan,1954,0,other,1.6065388951521875,4.326,0,0,0,4
700,Afghanistan,1955,0,other,0.09347978499649745,4.283,0,0,0,5
700,Afghanistan,1956,0,other,-2.203921201628367,4.18,0,0,0,6
700,Afghanistan,1957,0,other,-2.5314073307297735,4.143,0,0,0,7
700,Afghanistan,1958,0,other,-1.1561789234268427,4.172,0,0,0,8
700,Afghanistan,1959,0,other,0.4667333428585163,4.219,0,0,0,9
700,Afghanistan,1960,0,other,2.0476190476190315,4.286,0,0,0,10
700,Afghanistan,1961,0,other,1.723811327903002,4.296,0,0,0,11
700,Afghanistan,1962,0,other,1.2545223887609813,4.31,0,0,0,12
700,Afghanistan,1963,0,other,0.8630744110100341,4.324,0,0,0,13
700,Afghanistan,1964,0,other,0.5568445475637951,4.334,0,0,0,14
700,Afghanistan,1965,0,other,0.5737818703438258,4.347,0,0,0,15
700,Afghanistan,1966,0,other,0.7608946276227879,4.37,0,0,0,16
700,Afghanistan,1967,0,other,0.6665134451850019,4.38,0,0,0,17
700,Afghanistan,1968,0,other,0.37140630015133347,4.378,0,0,0,18
700,Afghanistan,1969,0,other,-0.7843676895555318,4.326,0,0,0,19
700,Afghanistan,1970,0,other,-2.1473664808073445,4.247,0,0,0,20
700,Afghanistan,1971,0,other,-4.873148624024659,4.072,0,0,0,21
700,Afghanistan,1972,0,other,-8.794006051582537,3.798,0,0,0,22
700,Afghanistan,1973,2,other,-8.075644016478877,3.704,0,1,1,0
700,Afghanistan,1974,0,personal,-4.629156010230185,3.729,0,1,1,1
700,Afghanistan,1975,0,personal,-0.8119434258774261,3.787,0,1,1,2
700,Afghanistan,1976,0,personal,1.7079509892324873,3.835,0,1,1,3
700,Afghanistan,1977,0,personal,1.022950124556088,3.812,0,1,1,4
700,Afghanistan,1978,2,personal,1.2465155419975726,3.85,7,2,1,0
700,Afghanistan,1979,0,dominant-party,0.9607853375802833,3.867,7,2,1,1
700,Afghanistan,1980,0,dominant-party,2.566092400020681,3.965,7,2,1,2
700,Afghanistan,1981,0,dominant-party,6.811145510835903,4.209,7,2,1,3
700,Afghanistan,1982,0,dominant-party,10.41922039715617,4.504,7,2,1,4
700,Afghanistan,1983,0,dominant-party,10.595932969308963,4.699,7,2,1,5
700,Afghanistan,1984,0,dominant-party,7.015242661359622,4.732,7,2,1,6
700,Afghanistan,1985,0,dominant-party,2.4365660195451166,4.675,7,2,1,7
700,Afghanistan,1986,0,dominant-party,-1.6835743578674789,4.555,7,2,1,8
700,Afghanistan,1987,0,dominant-party,-7.0543582584416615,4.261,7,2,1,9
700,Afghanistan,1988,0,dominant-party,-11.224443742383894,3.934,7,2,1,10
700,Afghanistan,1989,0,dominant-party,-13.777545592705165,3.631,7,2,1,11
700,Afghanistan,1990,1,dominant-party,-15.4872419215746,3.332,7,3,1,0
700,Afghanistan,1991,0,dominant-party,-17.59876577221885,2.991,7,3,1,1
700,Afghanistan,1992,2,dominant-party,-20.695504664970322,2.618,7,4,1,0
700,Afghanistan,1993,0,other,-26.63227908239446,2.162,7,4,1,1
700,Afghanistan,1994,0,other,-27.663508204298594,1.878,7,4,1,2
700,Afghanistan,1995,0,other,-17.814150861695687,1.898,7,4,1,3
700,Afghanistan,1996,0,other,-11.425274091171378,1.842,7,4,1,4
700,Afghanistan,1997,0,dominant-party,-7.671347725843636,1.762,7,4,1,5
700,Afghanistan,1998,0,dominant-party,-6.970331973089216,1.687,7,4,1,6
700,Afghanistan,1999,0,dominant-party,-7.493481464686546,1.632,7,4,1,7
700,Afghanistan,2000,0,dominant-party,-4.475344706707174,1.635,7,4,1,8
700,Afghanistan,2001,0,dominant-party,3.0732860520094496,1.744,7,4,1,9
700,Afghanistan,2002,0,other,18.217054263565878,2.074,4,4,1,10
700,Afghanistan,2003,0,other,20.757948827748642,2.256,4,4,1,11
700,Afghanistan,2004,0,other,17.19137948157712,2.36,4,4,1,12
700,Afghanistan,2005,0,other,14.674707602339199,2.51,4,4,1,13
700,Afghanistan,2006,0,other,12.631578947368416,2.675,4,4,1,14
700,Afghanistan,2007,0,other,14.801131897500387,2.921,4,4,1,15
700,Afghanistan,2008,0,other,15.107384524860246,3.13,4,4,1,16
700,Afghanistan,2009,0,other,17.45880430341824,3.45,4,4,1,17
700,Afghanistan,2010,0,other,16.407283725033082,3.695,4,4,1,18
700,Afghanistan,2011,0,other,13.858488909697432,3.891,4,4,1,19
700,Afghanistan,2012,0,other,12.357705779334506,4.106,4,4,1,20
700,Afghanistan,2013,0,other,8.774286895411333,4.21,4,4,1,21
700,Afghanistan,2014,0,other,4.467217192319173,4.2,4,4,1,22
700,Afghanistan,2015,0,presidential,-0.3464935825484572,4.084,4,4,1,23
700,Afghanistan,2016,0,presidential,-2.053865529936072,4.044,4,4,1,24
700,Afghanistan,2017,0,presidential,-1.7978620019436287,4.042,4,4,1,25
700,Afghanistan,2018,0,presidential,-1.5995289730631468,4.011,4,4,1,26
700,Afghanistan,2019,0,presidential,-1.3941258186147998,3.975,4,4,1,27
700,Afghanistan,2020,0,presidential,NA,NA,4,4,1,28
701,Turkmenistan,1990,NA,dominant-party,NA,16.109,4,NA,NA,NA
701,Turkmenistan,1991,0,dominant-party,NA,15.145,0,0,0,0
701,Turkmenistan,1992,0,dominant-party,NA,13.642,0,0,0,1
701,Turkmenistan,1993,0,dominant-party,NA,12.641,0,0,0,2
701,Turkmenistan,1994,0,dominant-party,-20.008759763486385,10.958,0,0,0,3
701,Turkmenistan,1995,0,dominant-party,-20.359166118341854,9.925,0,0,0,4
701,Turkmenistan,1996,0,dominant-party,-16.852264291017082,9.408,0,0,0,5
701,Turkmenistan,1997,0,dominant-party,-12.982415637385058,9.046,0,0,0,6
701,Turkmenistan,1998,0,dominant-party,-3.779433803453014,9.374,0,0,0,7
701,Turkmenistan,1999,0,dominant-party,6.682224491071631,10.24,0,0,0,8
701,Turkmenistan,2000,0,dominant-party,15.031450356976727,11.375,0,0,0,9
701,Turkmenistan,2001,0,dominant-party,19.178525226390676,12.529,0,0,0,10
701,Turkmenistan,2002,0,dominant-party,20.096027935399373,13.757,0,0,0,11
701,Turkmenistan,2003,0,dominant-party,20.309453225320627,15.178,0,0,0,12
701,Turkmenistan,2004,0,dominant-party,20.344024831867547,16.749,0,0,0,13
701,Turkmenistan,2005,0,dominant-party,21.265549367615666,18.639,0,0,0,14
701,Turkmenistan,2006,0,dominant-party,21.103414151410217,20.559,0,0,0,15
701,Turkmenistan,2007,0,dominant-party,20.88503688542065,22.679,0,0,0,16
701,Turkmenistan,2008,0,dominant-party,21.47719504327985,25.233,0,0,0,17
701,Turkmenistan,2009,0,dominant-party,21.921684707598033,28.091,0,0,0,18
701,Turkmenistan,2010,0,dominant-party,20.703741819924403,30.729,0,0,0,19
701,Turkmenistan,2011,0,dominant-party,19.98689757320269,33.7,0,0,0,20
701,Turkmenistan,2012,0,dominant-party,18.705152449291496,36.659,0,0,0,21
701,Turkmenistan,2013,0,dominant-party,17.546570978553078,39.703,0,0,0,22
701,Turkmenistan,2014,0,dominant-party,15.665367270503694,42.371,0,0,0,23
701,Turkmenistan,2015,0,dominant-party,12.297479461810411,44.152,0,0,0,24
701,Turkmenistan,2016,0,dominant-party,9.302292112408495,45.569,0,0,0,25
701,Turkmenistan,2017,0,dominant-party,5.614758426269839,46.006,0,0,0,26
701,Turkmenistan,2018,0,dominant-party,4.140457255135566,46.853,0,0,0,27
701,Turkmenistan,2019,0,dominant-party,3.5041391231834362,47.662,0,0,0,28
701,Turkmenistan,2020,0,dominant-party,NA,NA,0,0,0,29
702,Tajikistan,1991,0,personal,NA,9.23,0,0,0,0
702,Tajikistan,1992,0,personal,NA,7.039,3,0,0,1
702,Tajikistan,1993,0,personal,NA,5.722,3,0,0,2
702,Tajikistan,1994,0,personal,-38.10211946050096,4.626,3,0,0,3
702,Tajikistan,1995,0,personal,-34.59164680142376,4.006,3,0,0,4
702,Tajikistan,1996,0,personal,-27.483814243465755,3.629,3,0,0,5
702,Tajikistan,1997,0,personal,-17.548992291260323,3.551,3,0,0,6
702,Tajikistan,1998,0,personal,-8.621046102956376,3.536,3,0,0,7
702,Tajikistan,1999,0,personal,-2.702554844356919,3.557,0,0,0,8
702,Tajikistan,2000,0,personal,2.910082350322729,3.699,0,0,0,9
702,Tajikistan,2001,0,personal,7.8790529826671785,3.946,0,0,0,10
702,Tajikistan,2002,0,personal,11.749209694415175,4.242,0,0,0,11
702,Tajikistan,2003,0,personal,15.054835493519448,4.616,0,0,0,12
702,Tajikistan,2004,0,personal,15.99497393894267,4.985,0,0,0,13
702,Tajikistan,2005,0,personal,14.472714663430274,5.282,0,0,0,14
702,Tajikistan,2006,0,personal,13.073561544064095,5.589,0,0,0,15
702,Tajikistan,2007,0,personal,11.684370257966602,5.888,0,0,0,16
702,Tajikistan,2008,0,personal,11.228321115680306,6.221,0,0,0,17
702,Tajikistan,2009,0,personal,9.621853022118021,6.453,0,0,0,18
702,Tajikistan,2010,0,personal,9.396732977519019,6.764,0,0,0,19
702,Tajikistan,2011,0,personal,9.371625998704381,7.091,0,0,0,20
702,Tajikistan,2012,0,personal,9.51161352998322,7.44,0,0,0,21
702,Tajikistan,2013,0,personal,9.194107208247647,7.753,0,0,0,22
702,Tajikistan,2014,0,personal,8.052677029360966,8.008,0,0,0,23
702,Tajikistan,2015,0,personal,6.259911092624848,8.175,0,0,0,24
702,Tajikistan,2016,0,personal,5.621056336257824,8.403,0,0,0,25
702,Tajikistan,2017,0,personal,5.150057385656015,8.612,0,0,0,26
702,Tajikistan,2018,0,personal,4.65393226313533,8.788,0,0,0,27
702,Tajikistan,2019,0,personal,3.2554120641741235,8.843,0,0,0,28
702,Tajikistan,2020,0,personal,NA,NA,0,0,0,29
703,Kyrgyz Republic,1990,NA,personal,NA,12.538,0,NA,NA,NA
703,Kyrgyz Republic,1991,0,personal,NA,11.502,0,0,0,0
703,Kyrgyz Republic,1992,0,personal,NA,10.055,0,0,0,1
703,Kyrgyz Republic,1993,0,personal,NA,8.682,0,0,0,2
703,Kyrgyz Republic,1994,0,personal,-26.210071139628965,7.406,0,0,0,3
703,Kyrgyz Republic,1995,0,personal,-23.853810124301933,6.763,0,0,0,4
703,Kyrgyz Republic,1996,0,personal,-16.07869913764762,6.637,0,0,0,5
703,Kyrgyz Republic,1997,0,personal,-8.364492452568895,6.617,0,0,0,6
703,Kyrgyz Republic,1998,0,personal,-3.3505912808142635,6.571,0,0,0,7
703,Kyrgyz Republic,1999,0,personal,-0.5061308107131013,6.605,0,0,0,8
703,Kyrgyz Republic,2000,0,personal,1.501718834810939,6.732,0,0,0,9
703,Kyrgyz Republic,2001,0,personal,3.073653967018819,6.888,0,0,0,10
703,Kyrgyz Republic,2002,0,personal,3.63292112892728,7.006,0,0,0,11
703,Kyrgyz Republic,2003,0,personal,5.58790301555574,7.29,0,0,0,12
703,Kyrgyz Republic,2004,0,personal,6.417775772614487,7.548,0,0,0,13
703,Kyrgyz Republic,2005,0,personal,5.676328502415462,7.7,0,0,0,14
703,Kyrgyz Republic,2006,0,personal,6.667376717435292,8.012,0,0,0,15
703,Kyrgyz Republic,2007,0,personal,9.015050680864146,8.518,0,0,0,16
703,Kyrgyz Republic,2008,0,personal,10.764067514269593,9.043,0,0,0,17
703,Kyrgyz Republic,2009,0,personal,9.288398309065293,9.307,0,0,0,18
703,Kyrgyz Republic,2010,0,personal,6.9947719488011595,9.496,2,0,0,19
703,Kyrgyz Republic,2011,0,other,7.088060507833593,9.911,0,0,0,20
703,Kyrgyz Republic,2012,0,dominant-party,6.107077282590545,10.171,0,0,0,21
703,Kyrgyz Republic,2013,0,dominant-party,8.211586901763223,10.74,0,0,0,22
703,Kyrgyz Republic,2014,0,dominant-party,9.139910035675513,11.258,0,0,0,23
703,Kyrgyz Republic,2015,0,dominant-party,7.169529499626592,11.48,0,0,0,24
703,Kyrgyz Republic,2016,0,dominant-party,5.5646924870325964,11.682,0,0,0,25
703,Kyrgyz Republic,2017,0,dominant-party,3.135545556805397,11.736,0,0,0,26
703,Kyrgyz Republic,2018,0,dominant-party,2.000517375183253,11.829,0,0,0,27
703,Kyrgyz Republic,2019,0,dominant-party,1.4482864502482151,11.894,0,0,0,28
703,Kyrgyz Republic,2020,0,dominant-party,NA,NA,0,0,0,29
703,Kyrgyz Republic,2021,0,other,NA,NA,0,0,0,30
704,Uzbekistan,1990,NA,dominant-party,NA,12.425,0,NA,NA,NA
704,Uzbekistan,1991,0,dominant-party,NA,11.619,0,0,0,0
704,Uzbekistan,1992,0,dominant-party,NA,10.603,0,0,0,1
704,Uzbekistan,1993,0,dominant-party,NA,10.077,0,0,0,2
704,Uzbekistan,1994,0,dominant-party,-12.491699254777544,9.488,0,0,0,3
704,Uzbekistan,1995,0,dominant-party,-9.869350282485879,9.189,0,0,0,4
704,Uzbekistan,1996,0,dominant-party,-5.817574395248604,9.134,0,0,0,5
704,Uzbekistan,1997,0,dominant-party,-1.9946949602122066,9.237,0,0,0,6
704,Uzbekistan,1998,0,dominant-party,1.2227675880478683,9.404,0,0,0,7
704,Uzbekistan,1999,0,dominant-party,3.203228992228091,9.614,0,0,0,8
704,Uzbekistan,2000,0,dominant-party,3.728590808885879,9.787,0,0,0,9
704,Uzbekistan,2001,0,dominant-party,4.289756178746784,10.026,0,0,0,10
704,Uzbekistan,2002,0,dominant-party,4.878098416703969,10.307,0,0,0,11
704,Uzbekistan,2003,0,dominant-party,5.93859092351634,10.682,0,0,0,12
704,Uzbekistan,2004,0,dominant-party,7.461710151620093,11.17,0,0,0,13
704,Uzbekistan,2005,0,dominant-party,8.999907313003996,11.76,0,0,0,14
704,Uzbekistan,2006,0,dominant-party,10.156402563510802,12.41,0,0,0,15
704,Uzbekistan,2007,0,dominant-party,12.55072317354482,13.369,0,0,0,16
704,Uzbekistan,2008,0,dominant-party,14.17391442105096,14.414,0,0,0,17
704,Uzbekistan,2009,0,dominant-party,14.866267346696716,15.495,0,0,0,18
704,Uzbekistan,2010,0,dominant-party,14.161989884292936,16.477,0,0,0,19
704,Uzbekistan,2011,0,dominant-party,13.266283524904221,17.501,0,0,0,20
704,Uzbekistan,2012,0,dominant-party,12.763816658787007,18.604,0,0,0,21
704,Uzbekistan,2013,0,dominant-party,12.357503217210098,19.732,0,0,0,22
704,Uzbekistan,2014,0,dominant-party,11.327894052264398,20.713,0,0,0,23
704,Uzbekistan,2015,0,dominant-party,10.027713249378479,21.598,0,0,0,24
704,Uzbekistan,2016,0,dominant-party,8.395649218218892,22.323,0,0,0,25
704,Uzbekistan,2017,0,dominant-party,4.806070826306907,22.374,0,0,0,26
704,Uzbekistan,2018,0,dominant-party,2.971507839450971,22.566,0,0,0,27
704,Uzbekistan,2019,0,dominant-party,1.0801152841250827,22.516,0,0,0,28
704,Uzbekistan,2020,0,dominant-party,NA,NA,0,0,0,29
705,Kazakhstan,1990,NA,personal,NA,26.154,0,NA,NA,NA
705,Kazakhstan,1991,0,personal,NA,24.371,0,0,0,0
705,Kazakhstan,1992,0,personal,NA,22.786,0,0,0,1
705,Kazakhstan,1993,0,personal,NA,20.517,0,0,0,2
705,Kazakhstan,1994,0,personal,-17.663031382150006,18.497,0,0,0,3
705,Kazakhstan,1995,0,personal,-16.627181743460817,17.244,0,0,0,4
705,Kazakhstan,1996,0,personal,-11.6617711393038,16.962,0,0,0,5
705,Kazakhstan,1997,0,personal,-5.812845012969159,16.994,0,0,0,6
705,Kazakhstan,1998,0,personal,-1.341702176667059,17.133,0,0,0,7
705,Kazakhstan,1999,0,personal,2.890583230665511,17.705,0,0,0,8
705,Kazakhstan,2000,0,personal,9.173853268341459,19.217,0,0,0,9
705,Kazakhstan,2001,0,personal,15.185883270505652,21.267,0,0,0,10
705,Kazakhstan,2002,0,personal,18.367719184467603,23.362,0,0,0,11
705,Kazakhstan,2003,0,personal,19.535703955287254,25.622,0,0,0,12
705,Kazakhstan,2004,0,personal,19.71232317736671,28.164,0,0,0,13
705,Kazakhstan,2005,0,personal,20.423795492062524,31.223,0,0,0,14
705,Kazakhstan,2006,0,personal,20.59223056240198,34.445,0,0,0,15
705,Kazakhstan,2007,0,personal,19.0807222076953,37.343,0,0,0,16
705,Kazakhstan,2008,0,personal,15.527782825588666,39.416,0,0,0,17
705,Kazakhstan,2009,0,personal,11.18239295893073,40.727,0,0,0,18
705,Kazakhstan,2010,0,personal,10.67491454020837,43.19,0,0,0,19
705,Kazakhstan,2011,0,personal,11.166770725946563,45.937,0,0,0,20
705,Kazakhstan,2012,0,personal,10.648007581403496,48.104,0,0,0,21
705,Kazakhstan,2013,0,personal,9.450028530044353,49.872,0,0,0,22
705,Kazakhstan,2014,0,personal,6.643849152121906,50.726,0,0,0,23
705,Kazakhstan,2015,0,personal,2.9963081567299765,50.496,0,0,0,24
705,Kazakhstan,2016,0,personal,1.2259622121771452,50.565,0,0,0,25
705,Kazakhstan,2017,0,personal,1.7540602881698675,51.525,0,0,0,26
705,Kazakhstan,2018,0,personal,2.2894879950548397,52.291,0,0,0,27
705,Kazakhstan,2019,0,personal,1.8729037197678933,52.424,0,0,0,28
705,Kazakhstan,2020,0,personal,NA,NA,0,0,0,29
710,China,1950,0,dominant-party,-1.1785162287480833,2.046,18,0,0,0
710,China,1951,0,dominant-party,4.714806990589593,2.181,10,0,0,1
710,China,1952,0,dominant-party,9.442462924723106,2.332,4,0,0,2
710,China,1953,0,dominant-party,11.302144602298437,2.46,4,0,0,3
710,China,1954,0,dominant-party,7.937749956529316,2.483,3,0,0,4
710,China,1955,0,dominant-party,6.851821054382179,2.57,3,0,0,5
710,China,1956,0,dominant-party,5.884707766212971,2.645,4,0,0,6
710,China,1957,0,dominant-party,4.007484796507099,2.668,4,0,0,7
710,China,1958,0,dominant-party,1.6753765754688121,2.646,4,0,0,8
710,China,1959,0,dominant-party,-2.0850836324753597,2.564,6,0,0,9
710,China,1960,0,dominant-party,-4.9488185946278795,2.47,4,0,0,10
710,China,1961,0,dominant-party,-9.594680177327442,2.284,4,0,0,11
710,China,1962,0,dominant-party,-7.12592955789817,2.273,5,0,0,12
710,China,1963,0,dominant-party,-0.425851703406821,2.385,4,0,0,13
710,China,1964,0,dominant-party,6.981793886754617,2.562,4,0,0,14
710,China,1965,0,dominant-party,11.415487774961175,2.725,4,0,0,15
710,China,1966,0,dominant-party,9.81638418079096,2.799,9,0,0,16
710,China,1967,0,dominant-party,5.284981905910735,2.793,9,0,0,17
710,China,1968,0,dominant-party,2.0557465798522134,2.79,5,0,0,18
710,China,1969,0,dominant-party,3.972045924552514,2.916,6,0,0,19
710,China,1970,0,dominant-party,7.708333333333339,3.102,5,0,0,20
710,China,1971,0,dominant-party,8.629647122326434,3.22,5,0,0,21
710,China,1972,0,dominant-party,7.133524954272263,3.28,5,0,0,22
710,China,1973,0,dominant-party,6.401710476669598,3.384,5,0,0,23
710,China,1974,0,dominant-party,4.880423538002798,3.447,5,0,0,24
710,China,1975,0,dominant-party,4.773198932700851,3.534,5,0,0,25
710,China,1976,0,dominant-party,3.757695435009878,3.573,0,0,0,26
710,China,1977,0,dominant-party,4.842367883873888,3.698,0,0,0,27
710,China,1978,0,dominant-party,7.318013996803874,3.895,0,0,0,28
710,China,1979,0,dominant-party,8.730369976044706,4.085,4,0,0,29
710,China,1980,0,dominant-party,8.828357443315893,4.243,2,0,0,30
710,China,1981,0,dominant-party,8.532087533808696,4.414,2,0,0,31
710,China,1982,0,dominant-party,9.661677068180751,4.674,2,0,0,32
710,China,1983,0,dominant-party,11.232644314478325,4.983,4,0,0,33
710,China,1984,0,dominant-party,13.596084057726387,5.384,4,0,0,34
710,China,1985,0,dominant-party,14.233026649746193,5.761,4,0,0,35
710,China,1986,0,dominant-party,12.59684147794995,6.046,4,0,0,36
710,China,1987,0,dominant-party,10.900540464659226,6.32,5,0,0,37
710,China,1988,0,dominant-party,8.21529745042493,6.494,2,0,0,38
710,China,1989,0,dominant-party,4.596261322027373,6.513,3,0,0,39
710,China,1990,0,dominant-party,-0.0788394828129868,6.337,3,0,0,40
710,China,1991,0,dominant-party,1.3916500994035852,6.528,2,0,0,41
710,China,1992,0,dominant-party,6.042148861006225,6.964,2,0,0,42
710,China,1993,0,dominant-party,11.199669382453648,7.534,2,0,0,43
710,China,1994,0,dominant-party,14.529625559969572,8.13,2,0,0,44
710,China,1995,0,dominant-party,15.254684613354442,8.734,2,0,0,45
710,China,1996,0,dominant-party,14.243542435424338,9.288,2,0,0,46
710,China,1997,0,dominant-party,12.135866436384578,9.739,2,0,0,47
710,China,1998,0,dominant-party,9.965224951097596,10.119,2,0,0,48
710,China,1999,0,dominant-party,9.476484051217549,10.619,0,0,0,49
710,China,2000,0,dominant-party,10.422055019985898,11.271,0,0,0,50
710,China,2001,0,dominant-party,11.595928772119146,11.995,0,0,0,51
710,China,2002,0,dominant-party,12.845328171740288,12.826,0,0,0,52
710,China,2003,0,dominant-party,13.549870937851605,13.725,0,0,0,53
710,China,2004,0,dominant-party,14.41353581324789,14.782,0,0,0,54
710,China,2005,0,dominant-party,15.786970993818361,16.071,0,0,0,55
710,China,2006,0,dominant-party,16.846882926178065,17.506,0,0,0,56
710,China,2007,0,dominant-party,17.266293492466644,19.022,0,0,0,57
710,China,2008,0,dominant-party,16.408020130025402,20.448,0,0,0,58
710,China,2009,0,dominant-party,15.9827145695991,22.062,1,0,0,59
710,China,2010,0,dominant-party,15.884062478737992,23.845,1,0,0,60
710,China,2011,0,dominant-party,14.985343855693344,25.498,1,0,0,61
710,China,2012,0,dominant-party,13.510897921400321,26.977,1,0,0,62
710,China,2013,0,dominant-party,11.92369591971978,28.374,1,0,0,63
710,China,2014,0,dominant-party,10.330735389356626,29.643,1,0,0,64
710,China,2015,0,dominant-party,8.139930772286231,30.492,1,0,0,65
710,China,2016,0,dominant-party,7.444168734491319,31.609,0,0,0,66
710,China,2017,0,dominant-party,7.5036923760603225,32.9,0,0,0,67
710,China,2018,0,dominant-party,7.430363959333297,34.11,0,0,0,68
710,China,2019,0,dominant-party,7.286033227280209,35.272,0,0,0,69
710,China,2020,0,dominant-party,NA,NA,0,0,0,70
712,Mongolia,1950,0,dominant-party,1.2615831193479865,1.814,0,0,0,0
712,Mongolia,1951,0,dominant-party,2.8027030021047894,1.856,0,0,0,1
712,Mongolia,1952,0,dominant-party,4.449059903804109,1.911,0,0,0,2
712,Mongolia,1953,0,dominant-party,5.308310991957099,1.964,0,0,0,3
712,Mongolia,1954,0,dominant-party,5.5108229635051575,2.018,0,0,0,4
712,Mongolia,1955,0,dominant-party,5.769230769230771,2.079,0,0,0,5
712,Mongolia,1956,0,dominant-party,5.931784478497271,2.143,0,0,0,6
712,Mongolia,1957,0,dominant-party,6.371749352269451,2.217,0,0,0,7
712,Mongolia,1958,0,dominant-party,6.577967994045397,2.291,0,0,0,8
712,Mongolia,1959,0,dominant-party,6.579540333483558,2.365,0,0,0,9
712,Mongolia,1960,0,dominant-party,6.597434331093477,2.443,0,0,0,10
712,Mongolia,1961,0,dominant-party,6.321839080459779,2.516,0,0,0,11
712,Mongolia,1962,0,dominant-party,6.039498483979355,2.588,0,0,0,12
712,Mongolia,1963,0,dominant-party,5.978692955954834,2.666,0,0,0,13
712,Mongolia,1964,0,dominant-party,5.767003782907443,2.74,0,0,0,14
712,Mongolia,1965,0,dominant-party,5.510096839576595,2.811,0,0,0,15
712,Mongolia,1966,0,dominant-party,5.685716371067784,2.896,0,0,0,16
712,Mongolia,1967,0,dominant-party,5.810158910329188,2.983,0,0,0,17
712,Mongolia,1968,0,dominant-party,5.916425320645424,3.072,0,0,0,18
712,Mongolia,1969,0,dominant-party,5.857516252261918,3.159,0,0,0,19
712,Mongolia,1970,0,dominant-party,5.64022404585125,3.244,0,0,0,20
712,Mongolia,1971,0,dominant-party,5.209785777665088,3.32,0,0,0,21
712,Mongolia,1972,0,dominant-party,5.043832571922469,3.403,0,0,0,22
712,Mongolia,1973,0,dominant-party,5.754790652970487,3.521,0,0,0,23
712,Mongolia,1974,0,dominant-party,6.16678346180799,3.636,0,0,0,24
712,Mongolia,1975,0,dominant-party,6.687446868801361,3.765,0,0,0,25
712,Mongolia,1976,0,dominant-party,6.82329692045891,3.892,0,0,0,26
712,Mongolia,1977,0,dominant-party,7.326512219689341,4.049,0,0,0,27
712,Mongolia,1978,0,dominant-party,7.460853546208157,4.2,0,0,0,28
712,Mongolia,1979,0,dominant-party,7.4531095755182575,4.354,0,0,0,29
712,Mongolia,1980,0,dominant-party,8.900796661608501,4.593,0,0,0,30
712,Mongolia,1981,0,dominant-party,9.572245935882284,4.826,0,0,0,31
712,Mongolia,1982,0,dominant-party,11.394594594594597,5.152,0,0,0,32
712,Mongolia,1983,0,dominant-party,12.001804165983266,5.463,0,0,0,33
712,Mongolia,1984,0,dominant-party,11.262030425333759,5.734,0,0,0,34
712,Mongolia,1985,0,dominant-party,9.619851775377008,5.946,0,0,0,35
712,Mongolia,1986,0,dominant-party,8.653677374056535,6.19,0,0,0,36
712,Mongolia,1987,0,dominant-party,7.003301219430025,6.353,0,0,0,37
712,Mongolia,1988,0,dominant-party,5.167074164629182,6.452,0,0,0,38
712,Mongolia,1989,0,dominant-party,2.559199413583202,6.436,0,0,0,39
712,Mongolia,1990,0,dominant-party,-0.8290514768464541,6.292,0,0,0,40
712,Mongolia,1991,0,dominant-party,-7.667007280623328,5.783,0,0,0,41
712,Mongolia,1992,0,dominant-party,-11.998679650107281,5.332,0,0,0,42
712,Mongolia,1993,0,dominant-party,-12.323176425829207,5.07,0,0,0,43
712,Mongolia,1994,0,presidential,-7.3839127125095105,5.11,0,0,0,44
712,Mongolia,1995,0,presidential,0.6937933620851267,5.37,0,0,0,45
712,Mongolia,1996,0,presidential,4.252738505856057,5.501,0,0,0,46
712,Mongolia,1997,0,presidential,6.199491170308291,5.677,0,0,0,47
712,Mongolia,1998,0,presidential,6.232500636340488,5.843,0,0,0,48
712,Mongolia,1999,0,presidential,6.415890314642292,6.054,0,0,0,49
712,Mongolia,2000,0,presidential,7.461213935764843,6.317,0,0,0,50
712,Mongolia,2001,0,presidential,8.767562964661192,6.642,0,0,0,51
712,Mongolia,2002,0,presidential,10.517408881506785,7.053,0,0,0,52
712,Mongolia,2003,0,presidential,13.068907163851208,7.617,0,0,0,53
712,Mongolia,2004,0,presidential,16.2638888888889,8.371,0,0,0,54
712,Mongolia,2005,0,presidential,18.41158019231759,9.211,0,0,0,55
712,Mongolia,2006,0,presidential,19.696719571728405,10.151,0,0,0,56
712,Mongolia,2007,0,presidential,19.36039625282653,11.085,0,0,0,57
712,Mongolia,2008,0,presidential,17.428498216151223,11.915,0,0,0,58
712,Mongolia,2009,0,presidential,13.245444253734062,12.404,0,0,0,59
712,Mongolia,2010,0,presidential,13.718074822779226,13.411,0,0,0,60
712,Mongolia,2011,0,presidential,18.018060315820783,15.082,0,0,0,61
712,Mongolia,2012,0,presidential,19.7785425276102,16.637,0,0,0,62
712,Mongolia,2013,0,presidential,18.68720341454364,17.908,0,0,0,63
712,Mongolia,2014,0,presidential,14.224691871779482,18.665,0,0,0,64
712,Mongolia,2015,0,presidential,8.21974390747624,18.864,0,0,0,65
712,Mongolia,2016,0,presidential,4.106473903347352,18.953,0,0,0,66
712,Mongolia,2017,0,presidential,2.1074026529738887,19.09,0,0,0,67
712,Mongolia,2018,0,presidential,1.1358118521333394,19.162,0,0,0,68
712,Mongolia,2019,0,presidential,-1.4915604910643476,18.664,0,0,0,69
712,Mongolia,2020,0,presidential,NA,NA,0,0,0,70
731,"Korea, People's Republic of",1950,0,dominant-party,NA,1.302,6,0,0,0
731,"Korea, People's Republic of",1951,0,dominant-party,NA,1.297,6,0,0,1
731,"Korea, People's Republic of",1952,0,dominant-party,4.144199661069181,1.352,6,0,0,2
731,"Korea, People's Republic of",1953,0,dominant-party,10.040340654415058,1.473,6,0,0,3
731,"Korea, People's Republic of",1954,0,dominant-party,12.903225806451623,1.582,0,0,0,4
731,"Korea, People's Republic of",1955,0,dominant-party,13.340563991323195,1.672,0,0,0,5
731,"Korea, People's Republic of",1956,0,dominant-party,10.968897990528603,1.734,0,0,0,6
731,"Korea, People's Republic of",1957,0,dominant-party,8.992979908012577,1.801,0,0,0,7
731,"Korea, People's Republic of",1958,0,dominant-party,7.3907009021512815,1.857,0,0,0,8
731,"Korea, People's Republic of",1959,0,dominant-party,6.199130337830305,1.905,0,0,0,9
731,"Korea, People's Republic of",1960,0,dominant-party,4.798526863084929,1.935,0,0,0,10
731,"Korea, People's Republic of",1961,0,dominant-party,4.452416121544633,1.98,0,0,0,11
731,"Korea, People's Republic of",1962,0,dominant-party,4.685890834191553,2.033,0,0,0,12
731,"Korea, People's Republic of",1963,0,dominant-party,5.773092369477917,2.107,0,0,0,13
731,"Korea, People's Republic of",1964,0,dominant-party,7.5708857059339385,2.208,0,0,0,14
731,"Korea, People's Republic of",1965,0,dominant-party,9.234234234234219,2.328,0,0,0,15
731,"Korea, People's Republic of",1966,0,dominant-party,10.906807785451612,2.473,0,0,0,16
731,"Korea, People's Republic of",1967,0,dominant-party,12.382005272557194,2.643,0,0,0,17
731,"Korea, People's Republic of",1968,0,dominant-party,14.228617106314957,2.858,0,0,0,18
731,"Korea, People's Republic of",1969,0,dominant-party,15.625699574658602,3.099,0,0,0,19
731,"Korea, People's Republic of",1970,0,dominant-party,15.840965861781854,3.339,0,0,0,20
731,"Korea, People's Republic of",1971,0,dominant-party,15.664434715426223,3.593,0,0,0,21
731,"Korea, People's Republic of",1972,0,dominant-party,15.09287463417548,3.854,0,0,0,22
731,"Korea, People's Republic of",1973,0,dominant-party,14.712248182474053,4.134,0,0,0,23
731,"Korea, People's Republic of",1974,0,dominant-party,14.768912987348305,4.445,0,0,0,24
731,"Korea, People's Republic of",1975,0,dominant-party,14.48159730574934,4.759,0,0,0,25
731,"Korea, People's Republic of",1976,0,dominant-party,12.723013155523489,5.004,0,0,0,26
731,"Korea, People's Republic of",1977,0,dominant-party,10.65591169603055,5.213,0,0,0,27
731,"Korea, People's Republic of",1978,0,dominant-party,8.416001290426633,5.377,0,0,0,28
731,"Korea, People's Republic of",1979,0,dominant-party,6.826874782675896,5.53,0,0,0,29
731,"Korea, People's Republic of",1980,0,dominant-party,5.924930975300335,5.678,0,0,0,30
731,"Korea, People's Republic of",1981,0,dominant-party,5.6373701921337505,5.839,0,0,0,31
731,"Korea, People's Republic of",1982,0,dominant-party,5.69720414981536,6.011,0,0,0,32
731,"Korea, People's Republic of",1983,0,dominant-party,6.034718425369068,6.206,0,0,0,33
731,"Korea, People's Republic of",1984,0,dominant-party,6.544875833029384,6.427,0,0,0,34
731,"Korea, People's Republic of",1985,0,dominant-party,5.697996521290971,6.563,0,0,0,35
731,"Korea, People's Republic of",1986,0,dominant-party,3.4889574026300885,6.579,0,0,0,36
731,"Korea, People's Republic of",1987,0,dominant-party,0.9073454725628594,6.517,0,0,0,37
731,"Korea, People's Republic of",1988,0,dominant-party,-1.174950787401563,6.426,0,0,0,38
731,"Korea, People's Republic of",1989,0,dominant-party,-3.1435459940652777,6.267,0,0,0,39
731,"Korea, People's Republic of",1990,0,dominant-party,-6.138776024441716,5.96,0,0,0,40
731,"Korea, People's Republic of",1991,0,dominant-party,-9.028861154446178,5.598,0,0,0,41
731,"Korea, People's Republic of",1992,0,dominant-party,-11.452324397692571,5.219,0,0,0,42
731,"Korea, People's Republic of",1993,0,dominant-party,-12.841735640832708,4.865,0,0,0,43
731,"Korea, People's Republic of",1994,0,dominant-party,-12.275688650131444,4.605,0,0,0,44
731,"Korea, People's Republic of",1995,0,dominant-party,-11.334144363341448,4.373,0,0,0,45
731,"Korea, People's Republic of",1996,0,dominant-party,-10.058942477305,4.181,0,0,0,46
731,"Korea, People's Republic of",1997,0,dominant-party,-8.967144672354344,4.012,0,0,0,47
731,"Korea, People's Republic of",1998,0,dominant-party,-6.433440636243137,3.953,0,0,0,48
731,"Korea, People's Republic of",1999,0,dominant-party,-2.863135303872777,3.983,0,0,0,49
731,"Korea, People's Republic of",2000,0,dominant-party,-0.4817003525847907,4.008,0,0,0,50
731,"Korea, People's Republic of",2001,0,dominant-party,1.4387770395164035,4.061,0,0,0,51
731,"Korea, People's Republic of",2002,0,dominant-party,1.9844822441062338,4.101,0,0,0,52
731,"Korea, People's Republic of",2003,0,dominant-party,2.201645077082204,4.15,0,0,0,53
731,"Korea, People's Republic of",2004,0,dominant-party,2.1452949780594865,4.19,0,0,0,54
731,"Korea, People's Republic of",2005,0,dominant-party,1.7857142857142794,4.218,0,0,0,55
731,"Korea, People's Republic of",2006,0,dominant-party,0.5227567023164292,4.192,0,0,0,56
731,"Korea, People's Republic of",2007,0,dominant-party,-0.5643772718576634,4.158,0,0,0,57
731,"Korea, People's Republic of",2008,0,dominant-party,-0.679035960214236,4.154,0,0,0,58
731,"Korea, People's Republic of",2009,0,dominant-party,-0.8918296892980293,4.134,0,0,0,59
731,"Korea, People's Republic of",2010,0,dominant-party,-1.2831025999710644,4.093,0,0,0,60
731,"Korea, People's Republic of",2011,0,dominant-party,-0.9454545454545382,4.086,0,0,0,61
731,"Korea, People's Republic of",2012,0,dominant-party,-0.5594745803940593,4.088,0,0,0,62
731,"Korea, People's Republic of",2013,0,dominant-party,-0.02439024390245015,4.099,0,0,0,63
731,"Korea, People's Republic of",2014,0,dominant-party,0.18566472858747574,4.101,0,0,0,64
731,"Korea, People's Republic of",2015,0,dominant-party,0.244140625,4.106,0,0,0,65
731,"Korea, People's Republic of",2016,0,dominant-party,-0.45923103229272844,4.075,0,0,0,66
731,"Korea, People's Republic of",2017,0,dominant-party,-1.2983831455169015,4.029,0,0,0,67
731,"Korea, People's Republic of",2018,0,dominant-party,-1.6102821687102975,3.996,0,0,0,68
731,"Korea, People's Republic of",2019,0,dominant-party,-0.8806213822787456,4.007,0,0,0,69
731,"Korea, People's Republic of",2020,0,dominant-party,NA,NA,0,0,0,70
732,"Korea, Republic of",1950,0,personal,NA,2.594,6,0,0,0
732,"Korea, Republic of",1951,0,personal,NA,2.61,6,0,0,1
732,"Korea, Republic of",1952,0,personal,4.255319148936176,2.744,6,0,0,2
732,"Korea, Republic of",1953,0,personal,10.92275943396226,3.01,6,0,0,3
732,"Korea, Republic of",1954,0,personal,12.736782584110816,3.19,0,0,0,4
732,"Korea, Republic of",1955,0,personal,11.15972268964125,3.303,0,0,0,5
732,"Korea, Republic of",1956,0,personal,8.14615729186663,3.38,0,0,0,6
732,"Korea, Republic of",1957,0,personal,6.577902644597811,3.49,0,0,0,7
732,"Korea, Republic of",1958,0,personal,5.601794463136778,3.578,0,0,0,8
732,"Korea, Republic of",1959,0,personal,4.72001839714844,3.643,0,0,0,9
732,"Korea, Republic of",1960,0,personal,3.8515603036266555,3.694,0,0,0,10
732,"Korea, Republic of",1961,2,parliamentary,3.3210332103321027,3.752,0,1,1,0
732,"Korea, Republic of",1962,0,military,3.723116826975037,3.839,0,1,1,1
732,"Korea, Republic of",1963,0,military,5.746883583350937,4.004,0,1,1,2
732,"Korea, Republic of",1964,0,military,7.49127130827687,4.187,0,1,1,3
732,"Korea, Republic of",1965,0,military,8.71721128576386,4.385,0,1,1,4
732,"Korea, Republic of",1966,0,military,11.258466347747852,4.698,0,1,1,5
732,"Korea, Republic of",1967,0,military,13.106970077047109,5.05,0,1,1,6
732,"Korea, Republic of",1968,0,military,15.836269082368748,5.524,0,1,1,7
732,"Korea, Republic of",1969,0,military,17.850616275904983,6.062,0,1,1,8
732,"Korea, Republic of",1970,0,military,18.067241934906363,6.595,0,1,1,9
732,"Korea, Republic of",1971,0,military,18.149840560176187,7.188,0,1,1,10
732,"Korea, Republic of",1972,0,military,18.00578208757453,7.837,0,1,1,11
732,"Korea, Republic of",1973,0,military,19.836299714348506,8.726,0,1,1,12
732,"Korea, Republic of",1974,0,military,20.2002503128911,9.604,0,1,1,13
732,"Korea, Republic of",1975,0,military,19.565217391304344,10.483,0,1,1,14
732,"Korea, Republic of",1976,0,military,19.45800020766275,11.505,0,1,1,15
732,"Korea, Republic of",1977,0,military,18.46811893180913,12.519,0,1,1,16
732,"Korea, Republic of",1978,0,military,16.599450683169348,13.415,0,1,1,17
732,"Korea, Republic of",1979,0,military,13.18911938009526,14.023,1,1,1,18
732,"Korea, Republic of",1980,0,military,8.213045861501932,14.214,1,1,1,19
732,"Korea, Republic of",1981,0,military,7.393932366029365,14.818,0,1,1,20
732,"Korea, Republic of",1982,0,military,9.469010636385011,15.829,0,1,1,21
732,"Korea, Republic of",1983,0,military,12.900681059191665,17.174,0,1,1,22
732,"Korea, Republic of",1984,0,military,15.277278196048272,18.588,0,1,1,23
732,"Korea, Republic of",1985,0,military,15.950913149585343,20.05,0,1,1,24
732,"Korea, Republic of",1986,0,military,17.371844857237463,21.976,0,1,1,25
732,"Korea, Republic of",1987,0,military,18.633930147275102,24.198,0,1,1,26
732,"Korea, Republic of",1988,0,presidential,19.130590982575878,26.528,0,1,1,27
732,"Korea, Republic of",1989,0,presidential,17.798069870363186,28.587,0,1,1,28
732,"Korea, Republic of",1990,0,presidential,16.541609564407555,30.784,0,1,1,29
732,"Korea, Republic of",1991,0,presidential,16.16475034340421,33.32,0,1,1,30
732,"Korea, Republic of",1992,0,presidential,14.846092215445061,35.549,0,1,1,31
732,"Korea, Republic of",1993,0,presidential,14.406244550150626,38.049,0,1,1,32
732,"Korea, Republic of",1994,0,presidential,14.597502337010981,40.945,0,1,1,33
732,"Korea, Republic of",1995,0,presidential,14.492353097608145,43.914,0,1,1,34
732,"Korea, Republic of",1996,0,presidential,13.017378647415656,46.277,0,1,1,35
732,"Korea, Republic of",1997,0,presidential,9.88157057342347,47.653,0,1,1,36
732,"Korea, Republic of",1998,0,presidential,5.282214087964787,47.688,0,1,1,37
732,"Korea, Republic of",1999,0,presidential,6.883750889921014,50.444,0,1,1,38
732,"Korea, Republic of",2000,0,presidential,9.112075351889093,53.612,0,1,1,39
732,"Korea, Republic of",2001,0,presidential,9.886798949769716,56.166,0,1,1,40
732,"Korea, Republic of",2002,0,presidential,10.751649405015984,59.156,0,1,1,41
732,"Korea, Republic of",2003,0,presidential,9.391914990598815,61.438,0,1,1,42
732,"Korea, Republic of",2004,0,presidential,8.545085658162588,63.879,0,1,1,43
732,"Korea, Republic of",2005,0,presidential,7.976371615963829,66.28,0,1,1,44
732,"Korea, Republic of",2006,0,presidential,7.489465346782631,68.669,0,1,1,45
732,"Korea, Republic of",2007,0,presidential,7.156333865645892,70.993,0,1,1,46
732,"Korea, Republic of",2008,0,presidential,5.807243349062818,72.424,0,1,1,47
732,"Korea, Republic of",2009,0,presidential,4.745339145498173,73.769,0,1,1,48
732,"Korea, Republic of",2010,0,presidential,5.483252135749472,76.43,0,1,1,49
732,"Korea, Republic of",2011,0,presidential,5.024630806938046,78.073,0,1,1,50
732,"Korea, Republic of",2012,0,presidential,4.555497106785911,79.504,0,1,1,51
732,"Korea, Republic of",2013,0,presidential,4.378653805613664,81.202,0,1,1,52
732,"Korea, Republic of",2014,0,presidential,4.1052808737569,82.888,0,1,1,53
732,"Korea, Republic of",2015,0,presidential,3.539057319565253,84.006,0,1,1,54
732,"Korea, Republic of",2016,0,presidential,3.6997699136026796,85.723,0,1,1,55
732,"Korea, Republic of",2017,0,presidential,4.267925476677092,87.955,0,1,1,56
732,"Korea, Republic of",2018,0,presidential,4.480905285944559,89.966,0,1,1,57
732,"Korea, Republic of",2019,0,presidential,3.917869211435976,91.211,0,1,1,58
732,"Korea, Republic of",2020,0,presidential,NA,NA,0,1,1,59
740,Japan,1950,0,other,9.471399782979372,7.062,0,0,0,0
740,Japan,1951,0,other,12.926136363636353,7.632,0,0,0,1
740,Japan,1952,0,parliamentary,14.113026766565472,8.194,0,0,0,2
740,Japan,1953,0,parliamentary,13.819437179621307,8.704,0,0,0,3
740,Japan,1954,0,parliamentary,12.634263573495508,9.186,0,0,0,4
740,Japan,1955,0,parliamentary,12.263673582041479,9.762,0,0,0,5
740,Japan,1956,0,parliamentary,12.14862262231935,10.365,0,0,0,6
740,Japan,1957,0,parliamentary,12.553759605389203,11.044,0,0,0,7
740,Japan,1958,0,parliamentary,13.7568669486821,11.886,0,0,0,8
740,Japan,1959,0,parliamentary,16.79423282306869,13.123,0,0,0,9
740,Japan,1960,0,parliamentary,22.716041355094617,15.098,0,0,0,10
740,Japan,1961,0,parliamentary,23.4467020023557,16.769,0,0,0,11
740,Japan,1962,0,parliamentary,21.548248007133065,18.267,0,0,0,12
740,Japan,1963,0,parliamentary,18.662663821270552,19.684,0,0,0,13
740,Japan,1964,0,parliamentary,16.91924457076388,21.309,0,0,0,14
740,Japan,1965,0,parliamentary,15.05473251445526,22.724,0,0,0,15
740,Japan,1966,0,parliamentary,15.430801561092755,24.608,0,0,0,16
740,Japan,1967,0,parliamentary,16.408550408671996,26.804,0,0,0,17
740,Japan,1968,0,parliamentary,17.93268537940531,29.461,0,0,0,18
740,Japan,1969,0,parliamentary,18.24446327891809,32.088,0,0,0,19
740,Japan,1970,0,parliamentary,16.50155828812374,34.316,0,0,0,20
740,Japan,1971,0,parliamentary,13.906042465330891,36.19,0,0,0,21
740,Japan,1972,0,parliamentary,12.2552646723747,38.231,0,0,0,22
740,Japan,1973,0,parliamentary,10.80864470484193,40.095,0,0,0,23
740,Japan,1974,0,parliamentary,7.73812661430604,40.878,0,0,0,24
740,Japan,1975,0,parliamentary,6.416120845554163,42.015,0,0,0,25
740,Japan,1976,0,parliamentary,6.416221943371636,43.59,0,0,0,26
740,Japan,1977,0,parliamentary,7.136624136223202,45.427,0,0,0,27
740,Japan,1978,0,parliamentary,8.089438864140996,47.413,0,0,0,28
740,Japan,1979,0,parliamentary,7.792498944999293,49.043,0,0,0,29
740,Japan,1980,0,parliamentary,6.835487043820376,50.399,0,0,0,30
740,Japan,1981,0,parliamentary,5.8793627889053734,51.656,0,0,0,31
740,Japan,1982,0,parliamentary,5.055408551021645,52.804,0,0,0,32
740,Japan,1983,0,parliamentary,4.583604827949972,53.93,0,0,0,33
740,Japan,1984,0,parliamentary,4.835718071012196,55.391,0,0,0,34
740,Japan,1985,0,parliamentary,5.60212824051185,57.241,0,0,0,35
740,Japan,1986,0,parliamentary,6.649620037081805,59.477,0,0,0,36
740,Japan,1987,0,parliamentary,7.7455158818303005,62.089,0,0,0,37
740,Japan,1988,0,parliamentary,8.902144543787639,65.213,0,0,0,38
740,Japan,1989,0,parliamentary,9.112694466514593,68.116,0,0,0,39
740,Japan,1990,0,parliamentary,8.922390514532585,70.993,0,0,0,40
740,Japan,1991,0,parliamentary,8.106160010826645,73.491,0,0,0,41
740,Japan,1992,0,parliamentary,6.218284904323168,74.937,0,0,0,42
740,Japan,1993,0,parliamentary,4.801422806689626,76.251,0,0,0,43
740,Japan,1994,0,parliamentary,3.9244263928927214,77.58,0,0,0,44
740,Japan,1995,0,parliamentary,3.6799953845992217,79.073,0,0,0,45
740,Japan,1996,0,parliamentary,3.251665785980351,80.114,0,0,0,46
740,Japan,1997,0,parliamentary,2.0751920226384613,80.295,0,0,0,47
740,Japan,1998,0,parliamentary,0.8072943552347001,80.067,0,0,0,48
740,Japan,1999,0,parliamentary,0.553763844096089,80.441,0,0,0,49
740,Japan,2000,0,parliamentary,1.2214973594284029,81.458,0,0,0,50
740,Japan,2001,0,parliamentary,1.090048449348524,81.666,0,0,0,51
740,Japan,2002,0,parliamentary,0.93418531296936,81.855,0,0,0,52
740,Japan,2003,0,parliamentary,1.2342108745839742,82.614,0,0,0,53
740,Japan,2004,0,parliamentary,1.7183860253174421,83.665,0,0,0,54
740,Japan,2005,0,parliamentary,1.8552723392028847,84.371,0,0,0,55
740,Japan,2006,0,parliamentary,1.778973287854968,84.983,0,0,0,56
740,Japan,2007,0,parliamentary,1.165252978489284,85.134,0,0,0,57
740,Japan,2008,0,parliamentary,0.2106811313884016,84.761,0,0,0,58
740,Japan,2009,0,parliamentary,-1.040521466518196,83.712,0,0,0,59
740,Japan,2010,0,parliamentary,0.011813349084444091,84.66,0,0,0,60
740,Japan,2011,0,parliamentary,0.5764634756898257,85.177,0,0,0,61
740,Japan,2012,0,parliamentary,1.1135006649876988,85.758,0,0,0,62
740,Japan,2013,0,parliamentary,1.347143927983141,86.26,0,0,0,63
740,Japan,2014,0,parliamentary,0.7383633607328965,86.254,0,0,0,64
740,Japan,2015,0,parliamentary,0.31072164228607146,86.196,0,0,0,65
740,Japan,2016,0,parliamentary,0.5315916670918686,86.69,0,0,0,66
740,Japan,2017,0,parliamentary,1.5881108540133138,88.071,0,0,0,67
740,Japan,2018,0,parliamentary,1.7235920824424378,88.681,0,0,0,68
740,Japan,2019,0,parliamentary,1.3022407206796371,88.837,0,0,0,69
740,Japan,2020,0,parliamentary,NA,NA,0,0,0,70
750,India,1950,0,parliamentary,-4.281551221699176,2.562,0,0,0,0
750,India,1951,0,parliamentary,-3.0169129971049924,2.546,0,0,0,1
750,India,1952,0,parliamentary,-1.4296754250386345,2.551,2,0,0,2
750,India,1953,0,parliamentary,0.5058365758755068,2.583,2,0,0,3
750,India,1954,0,parliamentary,1.416562889165629,2.606,2,0,0,4
750,India,1955,0,parliamentary,1.8117064106534464,2.63,2,0,0,5
750,India,1956,0,parliamentary,2.2247794399693044,2.665,2,0,0,6
750,India,1957,0,parliamentary,1.6717325227963542,2.676,2,0,0,7
750,India,1958,0,parliamentary,2.368421052631575,2.723,2,0,0,8
750,India,1959,0,parliamentary,2.4830867593487627,2.757,2,0,0,9
750,India,1960,0,parliamentary,3.1029929577464754,2.811,2,0,0,10
750,India,1961,0,parliamentary,3.191258412330855,2.852,2,0,0,11
750,India,1962,0,parliamentary,2.5467256384648307,2.875,3,0,0,12
750,India,1963,0,parliamentary,2.848101265822778,2.925,2,0,0,13
750,India,1964,0,parliamentary,2.8066528066527985,2.967,2,0,0,14
750,India,1965,0,parliamentary,0.4195611802737531,2.92,5,0,0,15
750,India,1966,0,parliamentary,-0.6238859180035528,2.899,2,0,0,16
750,India,1967,0,parliamentary,0.5798090040927573,2.949,2,0,0,17
750,India,1968,0,parliamentary,1.5821280640999635,2.992,3,0,0,18
750,India,1969,0,parliamentary,3.158534116217848,3.057,3,0,0,19
750,India,1970,0,parliamentary,3.380450726763562,3.101,3,0,0,20
750,India,1971,0,parliamentary,2.320536418616892,3.113,6,0,0,21
750,India,1972,0,parliamentary,1.2291883454734531,3.113,3,0,0,22
750,India,1973,0,parliamentary,1.4418125643666402,3.152,3,0,0,23
750,India,1974,0,parliamentary,1.8187619655392506,3.191,3,0,0,24
750,India,1975,0,parliamentary,3.37645945093088,3.276,3,0,0,25
750,India,1976,0,parliamentary,3.413904809369539,3.32,3,0,0,26
750,India,1977,0,parliamentary,3.46307079374808,3.376,3,0,0,27
750,India,1978,0,parliamentary,2.2541850486493153,3.384,3,0,0,28
750,India,1979,0,parliamentary,-0.3597122302158251,3.324,3,0,0,29
750,India,1980,0,parliamentary,0.2624358821424311,3.362,3,0,0,30
750,India,1981,0,parliamentary,1.150925486473664,3.41,3,0,0,31
750,India,1982,0,parliamentary,2.2894907653271845,3.467,3,0,0,32
750,India,1983,0,parliamentary,3.768624014022781,3.552,7,0,0,33
750,India,1984,0,parliamentary,3.8435022406066777,3.615,5,0,0,34
750,India,1985,0,parliamentary,3.948110547095318,3.686,5,0,0,35
750,India,1986,0,parliamentary,4.026103307156292,3.762,5,0,0,36
750,India,1987,0,parliamentary,4.871850329836702,3.879,5,0,0,37
750,India,1988,0,parliamentary,6.892922915022348,4.063,5,0,0,38
750,India,1989,0,parliamentary,7.997962302598061,4.24,5,0,0,39
750,India,1990,0,parliamentary,8.351756325227221,4.411,8,0,0,40
750,India,1991,0,parliamentary,6.689105906892956,4.501,10,0,0,41
750,India,1992,0,parliamentary,6.046043297176085,4.634,10,0,0,42
750,India,1993,0,parliamentary,6.330234617087216,4.804,10,0,0,43
750,India,1994,0,parliamentary,7.335444663185808,5.016,7,0,0,44
750,India,1995,0,parliamentary,8.481017887387932,5.252,7,0,0,45
750,India,1996,0,parliamentary,9.069988890652292,5.498,7,0,0,46
750,India,1997,0,parliamentary,8.429147947917471,5.696,7,0,0,47
750,India,1998,0,parliamentary,8.457693290035406,5.945,7,0,0,48
750,India,1999,0,parliamentary,8.5763233340325975,6.211,8,0,0,49
750,India,2000,0,parliamentary,7.773970301686495,6.416,7,0,0,50
750,India,2001,0,parliamentary,7.593299269128773,6.654,9,0,0,51
750,India,2002,0,parliamentary,7.218485301444932,6.886,9,0,0,52
750,India,2003,0,parliamentary,8.442568983060994,7.247,7,0,0,53
750,India,2004,0,parliamentary,10.059918006937863,7.678,7,0,0,54
750,India,2005,0,parliamentary,11.664392905866316,8.185,7,0,0,55
750,India,2006,0,parliamentary,12.684967590321005,8.727,7,0,0,56
750,India,2007,0,parliamentary,12.886359767515398,9.284,7,0,0,57
750,India,2008,0,parliamentary,12.194898566652945,9.8,7,0,0,58
750,India,2009,0,parliamentary,12.195647489765138,10.414,7,0,0,59
750,India,2010,0,parliamentary,12.589694733854962,11.109,7,0,0,60
750,India,2011,0,parliamentary,11.913909436703186,11.71,7,0,0,61
750,India,2012,0,parliamentary,10.652697102944098,12.23,7,0,0,62
750,India,2013,0,parliamentary,9.498204806651644,12.748,7,0,0,63
750,India,2014,0,parliamentary,9.259017036722138,13.365,7,0,0,64
750,India,2015,0,parliamentary,9.235693652900313,13.992,5,0,0,65
750,India,2016,0,parliamentary,9.539370607457819,14.682,5,0,0,66
750,India,2017,0,parliamentary,8.938029093919964,15.262,5,0,0,67
750,India,2018,0,parliamentary,8.03748546412204,15.794,5,0,0,68
750,India,2019,0,parliamentary,6.065002901915273,16.082,5,0,0,69
750,India,2020,0,parliamentary,NA,NA,5,0,0,70
760,Bhutan,1952,0,other,NA,3.182,0,0,0,2
760,Bhutan,1953,0,other,0.5736258194654509,3.191,0,0,0,3
760,Bhutan,1954,0,other,0.7542426147077341,3.206,0,0,0,4
760,Bhutan,1955,0,other,0.6703000689093574,3.214,0,0,0,5
760,Bhutan,1956,0,other,0.5682527788185343,3.221,0,0,0,6
760,Bhutan,1957,0,other,0.423491312200297,3.225,0,0,0,7
760,Bhutan,1958,0,other,0.5588326606643879,3.239,0,0,0,8
760,Bhutan,1959,0,other,0.6006935843448025,3.249,0,0,0,9
760,Bhutan,1960,0,other,0.5065480602915784,3.254,0,0,0,10
760,Bhutan,1961,0,other,0.5729423361261698,3.265,0,0,0,11
760,Bhutan,1962,0,other,0.6692865037455364,3.279,0,0,0,12
760,Bhutan,1963,0,other,0.7649938800489586,3.293,0,0,0,13
760,Bhutan,1964,0,other,0.6893606637384142,3.301,0,0,0,14
760,Bhutan,1965,0,other,0.7415061083085206,3.315,0,0,0,15
760,Bhutan,1966,0,other,0.6782534972445964,3.325,0,0,0,16
760,Bhutan,1967,0,other,0.5915373936138169,3.333,0,0,0,17
760,Bhutan,1968,0,other,0.5416792055371822,3.341,0,0,0,18
760,Bhutan,1969,0,other,0.4921082638180474,3.349,0,0,0,19
760,Bhutan,1970,0,other,0.5745406667065689,3.361,0,0,0,20
760,Bhutan,1971,0,other,0.3583159151985704,3.361,0,0,0,21
760,Bhutan,1972,0,other,0.1907828056996408,3.361,0,0,0,22
760,Bhutan,1973,0,other,0.1904988689129583,3.366,0,0,0,23
760,Bhutan,1974,0,other,0.5168419176617256,3.384,0,0,0,24
760,Bhutan,1975,0,other,0.9715064273443597,3.409,0,0,0,25
760,Bhutan,1976,0,other,1.908014840115424,3.461,0,0,0,26
760,Bhutan,1977,0,other,2.498248890964283,3.512,0,0,0,27
760,Bhutan,1978,0,other,2.9191184954424854,3.568,0,0,0,28
760,Bhutan,1979,0,other,3.2197508390693352,3.629,0,0,0,29
760,Bhutan,1980,0,other,3.1479303198342024,3.683,0,0,0,30
760,Bhutan,1981,0,other,5.071071840184405,3.829,0,0,0,31
760,Bhutan,1982,0,other,6.711229946524067,3.991,0,0,0,32
760,Bhutan,1983,0,other,8.628181253879585,4.2,0,0,0,33
760,Bhutan,1984,0,other,9.280915650659383,4.392,0,0,0,34
760,Bhutan,1985,0,other,9.962450686819713,4.627,0,0,0,35
760,Bhutan,1986,0,other,11.494875615151923,4.939,0,0,0,36
760,Bhutan,1987,0,other,13.791049855368387,5.35,0,0,0,37
760,Bhutan,1988,0,other,13.546295184340096,5.673,0,0,0,38
760,Bhutan,1989,0,other,12.435057601084253,5.973,0,0,0,39
760,Bhutan,1990,0,other,11.040181579600649,6.262,0,0,0,40
760,Bhutan,1991,0,other,8.3984375,6.438,2,0,0,41
760,Bhutan,1992,0,other,7.44920993227991,6.664,2,0,0,42
760,Bhutan,1993,0,other,7.300061996280216,6.923,2,0,0,43
760,Bhutan,1994,0,other,8.042823487311024,7.246,0,0,0,44
760,Bhutan,1995,0,other,9.040341772514848,7.606,0,0,0,45
760,Bhutan,1996,0,other,9.37585846931488,7.963,0,0,0,46
760,Bhutan,1997,0,other,9.34790604802691,8.324,0,0,0,47
760,Bhutan,1998,0,other,9.2189147131168,8.703,0,0,0,48
760,Bhutan,1999,0,other,9.675487965513142,9.159,0,0,0,49
760,Bhutan,2000,0,other,10.224626763457056,9.657,0,0,0,50
760,Bhutan,2001,0,other,11.12919324740702,10.243,0,0,0,51
760,Bhutan,2002,0,other,12.22016841240503,10.928,0,0,0,52
760,Bhutan,2003,0,other,12.476498749830412,11.606,0,0,0,53
760,Bhutan,2004,0,other,12.156110044785674,12.271,0,0,0,54
760,Bhutan,2005,0,other,12.530319450895377,13.083,0,0,0,55
760,Bhutan,2006,0,other,13.33871618893825,14.037,0,0,0,56
760,Bhutan,2007,0,other,15.355025569081771,15.294,0,0,0,57
760,Bhutan,2008,0,other,15.284500225123821,16.387,0,0,0,58
760,Bhutan,2009,0,parliamentary,14.702644615102333,17.505,0,0,0,59
760,Bhutan,2010,0,parliamentary,14.526808687063308,18.784,0,0,0,60
760,Bhutan,2011,0,parliamentary,13.31907292152601,19.919,0,0,0,61
760,Bhutan,2012,0,parliamentary,11.400766546046292,20.811,0,0,0,62
760,Bhutan,2013,0,parliamentary,9.024731968810906,21.477,0,0,0,63
760,Bhutan,2014,0,parliamentary,7.529487017958747,22.19,0,0,0,64
760,Bhutan,2015,0,parliamentary,6.918297579015009,22.956,0,0,0,65
760,Bhutan,2016,0,parliamentary,7.373478827069024,23.911,0,0,0,66
760,Bhutan,2017,0,parliamentary,7.0300020834780375,24.658,0,0,0,67
760,Bhutan,2018,0,parliamentary,5.994483964818453,25.211,0,0,0,68
760,Bhutan,2019,0,parliamentary,4.9431117427490845,25.697,0,0,0,69
760,Bhutan,2020,0,parliamentary,NA,NA,0,0,0,70
770,Pakistan,1950,0,other,NA,2.505,0,0,0,0
770,Pakistan,1951,0,other,1.0655604359850246,2.485,0,0,0,1
770,Pakistan,1952,0,other,-0.11350737797957144,2.464,0,0,0,2
770,Pakistan,1953,0,other,0.4844570044408636,2.489,0,0,0,3
770,Pakistan,1954,0,other,0.104568854568865,2.489,0,0,0,4
770,Pakistan,1955,0,other,-0.1531763947113851,2.477,0,0,0,5
770,Pakistan,1956,0,other,0.04032258064514682,2.481,0,0,0,6
770,Pakistan,1957,0,other,0.3539538251146501,2.495,0,0,0,7
770,Pakistan,1958,2,other,0.5624748895138643,2.503,0,1,1,0
770,Pakistan,1959,0,military,1.2495994873437999,2.528,0,1,1,1
770,Pakistan,1960,0,military,2.486692619369202,2.58,0,1,1,2
770,Pakistan,1961,0,military,4.213989190882761,2.661,0,1,1,3
770,Pakistan,1962,0,military,5.832693783576359,2.758,0,1,1,4
770,Pakistan,1963,0,military,6.996192040618232,2.866,0,1,1,5
770,Pakistan,1964,0,military,7.874981954670135,2.989,0,1,1,6
770,Pakistan,1965,0,military,8.187947452561328,3.113,0,1,1,7
770,Pakistan,1966,0,military,8.323869329948575,3.243,0,1,1,8
770,Pakistan,1967,0,military,7.565239748039598,3.347,0,1,1,9
770,Pakistan,1968,0,military,7.374868526882383,3.471,0,1,1,10
770,Pakistan,1969,0,military,7.308930487659482,3.6,0,1,1,11
770,Pakistan,1970,0,military,7.216791259344446,3.729,0,1,1,12
770,Pakistan,1971,2,military,4.876550106133393,3.755,9,2,1,0
770,Pakistan,1972,0,parliamentary,2.60470703871567,3.758,0,2,1,1
770,Pakistan,1973,0,parliamentary,2.1124872660983396,3.809,2,2,1,2
770,Pakistan,1974,0,parliamentary,2.414412510566355,3.877,2,2,1,3
770,Pakistan,1975,0,parliamentary,3.4284819704639258,3.964,2,2,1,4
770,Pakistan,1976,0,personal,4.8014773776546615,4.086,2,2,1,5
770,Pakistan,1977,2,personal,5.376667669776314,4.202,2,3,1,0
770,Pakistan,1978,0,military,6.071707698319639,4.343,0,3,1,1
770,Pakistan,1979,0,military,6.174948977170258,4.474,0,3,1,2
770,Pakistan,1980,0,military,7.2330654420206475,4.67,0,3,1,3
770,Pakistan,1981,0,military,8.008686788104402,4.874,0,3,1,4
770,Pakistan,1982,0,military,8.24016386447044,5.073,0,3,1,5
770,Pakistan,1983,0,military,7.971579941681384,5.258,1,3,1,6
770,Pakistan,1984,0,military,7.151328273244784,5.421,1,3,1,7
770,Pakistan,1985,0,military,6.944126838935882,5.612,1,3,1,8
770,Pakistan,1986,0,military,6.295149638802888,5.768,1,3,1,9
770,Pakistan,1987,0,military,5.525751072961382,5.901,1,3,1,10
770,Pakistan,1988,0,military,5.347333286975875,6.06,1,3,1,11
770,Pakistan,1989,0,parliamentary,4.604282423092565,6.175,1,3,1,12
770,Pakistan,1990,0,parliamentary,3.687247164931362,6.254,1,3,1,13
770,Pakistan,1991,0,parliamentary,3.582225400643635,6.373,1,3,1,14
770,Pakistan,1992,0,parliamentary,3.7675708411691655,6.511,1,3,1,15
770,Pakistan,1993,0,parliamentary,3.60487331266246,6.616,1,3,1,16
770,Pakistan,1994,0,parliamentary,3.406326034063256,6.715,1,3,1,17
770,Pakistan,1995,0,parliamentary,3.2959050876184115,6.826,1,3,1,18
770,Pakistan,1996,0,parliamentary,2.658084510399905,6.89,1,3,1,19
770,Pakistan,1997,0,parliamentary,1.4294134983790174,6.883,1,3,1,20
770,Pakistan,1998,0,parliamentary,1.162315285322113,6.928,1,3,1,21
770,Pakistan,1999,2,parliamentary,1.369942363947052,7,1,4,1,0
770,Pakistan,2000,0,military,1.6995456375453077,7.073,0,4,1,1
770,Pakistan,2001,0,military,1.9414703783012133,7.141,1,4,1,2
770,Pakistan,2002,0,military,2.536579854245513,7.26,1,4,1,3
770,Pakistan,2003,0,military,4.087875417130138,7.486,1,4,1,4
770,Pakistan,2004,0,military,6.168575080914951,7.807,5,4,1,5
770,Pakistan,2005,0,military,7.823973796819694,8.164,6,4,1,6
770,Pakistan,2006,0,military,8.35139614943261,8.498,6,4,1,7
770,Pakistan,2007,0,military,7.384199533112179,8.74,6,4,1,8
770,Pakistan,2008,0,military,5.80917788381643,8.914,6,4,1,9
770,Pakistan,2009,0,parliamentary,4.49945831316414,9.067,6,4,1,10
770,Pakistan,2010,0,parliamentary,3.6931178827024347,9.215,6,4,1,11
770,Pakistan,2011,0,parliamentary,3.626657254417509,9.395,6,4,1,12
770,Pakistan,2012,0,parliamentary,3.6589328654058617,9.57,6,4,1,13
770,Pakistan,2013,0,parliamentary,3.9154384397796616,9.772,6,4,1,14
770,Pakistan,2014,0,parliamentary,4.287442132043218,10.002,6,4,1,15
770,Pakistan,2015,0,parliamentary,3.7741638539429356,10.146,6,4,1,16
770,Pakistan,2016,0,parliamentary,3.354760948171953,10.29,6,4,1,17
770,Pakistan,2017,0,parliamentary,2.0230412922126684,10.308,6,4,1,18
770,Pakistan,2018,0,parliamentary,1.2175070466645677,10.342,2,4,1,19
770,Pakistan,2019,0,parliamentary,-0.6592163516860761,10.187,2,4,1,20
770,Pakistan,2020,0,parliamentary,NA,NA,2,4,1,21
771,Bangladesh,1971,0,dominant-party,NA,2.539,6,0,0,0
771,Bangladesh,1972,0,dominant-party,NA,2.374,0,0,0,1
771,Bangladesh,1973,0,dominant-party,NA,2.291,0,0,0,2
771,Bangladesh,1974,0,dominant-party,NA,2.318,0,0,0,3
771,Bangladesh,1975,2,dominant-party,-2.0096259393734717,2.321,2,1,1,0
771,Bangladesh,1976,0,personal,0.9949395316922516,2.355,2,1,1,1
771,Bangladesh,1977,1,personal,1.8780550553125774,2.376,2,2,1,0
771,Bangladesh,1978,0,personal,2.663048087524378,2.421,2,2,1,1
771,Bangladesh,1979,0,personal,3.0089682340122437,2.458,2,2,1,2
771,Bangladesh,1980,0,personal,2.037435812489652,2.464,2,2,1,3
771,Bangladesh,1981,1,personal,1.9087408863766697,2.488,2,3,1,0
771,Bangladesh,1982,2,personal,1.30586422256469,2.498,2,4,1,0
771,Bangladesh,1983,0,personal,1.8325028130525611,2.534,2,4,1,1
771,Bangladesh,1984,0,personal,3.3057851239669533,2.6,2,4,1,2
771,Bangladesh,1985,0,personal,3.696741854636598,2.648,2,4,1,3
771,Bangladesh,1986,0,personal,3.486847180436614,2.683,2,4,1,4
771,Bangladesh,1987,0,personal,2.7558457333738184,2.707,2,4,1,5
771,Bangladesh,1988,0,personal,2.555480833893742,2.745,2,4,1,6
771,Bangladesh,1989,0,personal,3.4203751379183522,2.812,2,4,1,7
771,Bangladesh,1990,0,personal,4.687274303047806,2.899,2,4,1,8
771,Bangladesh,1991,0,parliamentary,4.821580288870009,2.961,2,4,1,9
771,Bangladesh,1992,0,parliamentary,4.948096885813147,3.033,2,4,1,10
771,Bangladesh,1993,0,parliamentary,4.7477544404673555,3.102,0,4,1,11
771,Bangladesh,1994,0,parliamentary,4.725499242074749,3.178,0,4,1,12
771,Bangladesh,1995,0,parliamentary,5.0582405560203325,3.265,0,4,1,13
771,Bangladesh,1996,1,parliamentary,5.1855107037478865,3.351,0,5,1,0
771,Bangladesh,1997,0,parliamentary,4.8777498621239035,3.423,0,5,1,1
771,Bangladesh,1998,0,parliamentary,4.399880275366641,3.488,0,5,1,2
771,Bangladesh,1999,0,parliamentary,4.427418411510131,3.571,0,5,1,3
771,Bangladesh,2000,0,parliamentary,4.635875157196745,3.661,0,5,1,4
771,Bangladesh,2001,0,parliamentary,5.363022490094305,3.776,0,5,1,5
771,Bangladesh,2002,0,parliamentary,5.701229463605695,3.886,0,5,1,6
771,Bangladesh,2003,0,parliamentary,6.0622090562843844,4.01,0,5,1,7
771,Bangladesh,2004,0,parliamentary,6.563686749461151,4.153,0,5,1,8
771,Bangladesh,2005,0,parliamentary,7.573277786043753,4.338,0,5,1,9
771,Bangladesh,2006,0,parliamentary,9.126037591832837,4.575,0,5,1,10
771,Bangladesh,2007,0,parliamentary,10.403832991101991,4.839,0,5,1,11
771,Bangladesh,2008,0,military,11.352289993488164,5.13,0,5,1,12
771,Bangladesh,2009,0,military,11.625323954091083,5.427,0,5,1,13
771,Bangladesh,2010,0,parliamentary,11.866910249931983,5.756,0,5,1,14
771,Bangladesh,2011,0,parliamentary,11.932631269951944,6.101,0,5,1,15
771,Bangladesh,2012,0,parliamentary,11.0031239153072,6.396,0,5,1,16
771,Bangladesh,2013,0,parliamentary,10.154423627802833,6.691,0,5,1,17
771,Bangladesh,2014,0,parliamentary,9.59118512489827,7.002,0,5,1,18
771,Bangladesh,2015,0,parliamentary,9.092808740559422,7.309,0,5,1,19
771,Bangladesh,2016,0,parliamentary,9.781803680282565,7.708,0,5,1,20
771,Bangladesh,2017,0,parliamentary,10.66963196007702,8.161,0,5,1,21
771,Bangladesh,2018,0,parliamentary,10.288990470287441,8.541,0,5,1,22
771,Bangladesh,2019,0,parliamentary,8.155853140287617,8.755,0,5,1,23
771,Bangladesh,2020,0,parliamentary,NA,NA,0,5,1,24
775,Myanmar (Burma),1950,0,parliamentary,-4.450925691098151,1.507,6,0,0,0
775,Myanmar (Burma),1951,0,parliamentary,-0.18043562314732364,1.549,6,0,0,1
775,Myanmar (Burma),1952,0,parliamentary,1.9430051813471572,1.574,6,0,0,2
775,Myanmar (Burma),1953,0,parliamentary,2.5309917355371914,1.588,6,0,0,3
775,Myanmar (Burma),1954,0,parliamentary,1.8186475409835978,1.59,4,0,0,4
775,Myanmar (Burma),1955,0,parliamentary,3.660837841237874,1.648,4,0,0,5
775,Myanmar (Burma),1956,0,parliamentary,5.522682445759353,1.712,4,0,0,6
775,Myanmar (Burma),1957,0,parliamentary,6.334296724470123,1.766,4,0,0,7
775,Myanmar (Burma),1958,2,parliamentary,6.053496011262305,1.808,4,1,1,0
775,Myanmar (Burma),1959,0,military,7.583474816072444,1.901,4,1,1,1
775,Myanmar (Burma),1960,0,military,7.610832059401607,1.971,4,1,1,2
775,Myanmar (Burma),1961,0,parliamentary,6.198434525068763,2.008,4,1,1,3
775,Myanmar (Burma),1962,2,parliamentary,5.298285244891687,2.051,4,2,1,0
775,Myanmar (Burma),1963,0,military,4.320494911195372,2.091,4,2,1,1
775,Myanmar (Burma),1964,0,military,2.0678165425323414,2.083,4,2,1,2
775,Myanmar (Burma),1965,0,military,0.8822959084739068,2.081,4,2,1,3
775,Myanmar (Burma),1966,0,military,-1.1785162287480833,2.046,4,2,1,4
775,Myanmar (Burma),1967,0,military,-1.9076207998450667,2.026,4,2,1,5
775,Myanmar (Burma),1968,0,military,0.27179188507084895,2.066,4,2,1,6
775,Myanmar (Burma),1969,0,military,2.1396069319391975,2.11,4,2,1,7
775,Myanmar (Burma),1970,0,military,3.0798845043310985,2.142,4,2,1,8
775,Myanmar (Burma),1971,0,military,2.7423347933726916,2.158,4,2,1,9
775,Myanmar (Burma),1972,0,military,1.2795182989933318,2.153,4,2,1,10
775,Myanmar (Burma),1973,0,military,0.38267687138322515,2.151,4,2,1,11
775,Myanmar (Burma),1974,0,military,1.8141429100333228,2.2,4,2,1,12
775,Myanmar (Burma),1975,0,military,3.4609045962277873,2.26,4,2,1,13
775,Myanmar (Burma),1976,1,military,5.509542671948142,2.344,4,3,1,0
775,Myanmar (Burma),1977,0,military,6.68482080112438,2.429,4,3,1,1
775,Myanmar (Burma),1978,0,military,7.006044096365027,2.514,4,3,1,2
775,Myanmar (Burma),1979,0,military,7.022310035399704,2.6,4,3,1,3
775,Myanmar (Burma),1980,0,military,7.68986588366003,2.714,4,3,1,4
775,Myanmar (Burma),1981,0,military,7.882865662512417,2.822,4,3,1,5
775,Myanmar (Burma),1982,0,military,7.821475916924436,2.928,4,3,1,6
775,Myanmar (Burma),1983,0,military,6.934773340912304,3.01,4,3,1,7
775,Myanmar (Burma),1984,0,military,5.758658603628364,3.078,4,3,1,8
775,Myanmar (Burma),1985,0,military,3.151190077103583,3.077,4,3,1,9
775,Myanmar (Burma),1986,0,military,-0.21842732327242986,3.015,4,3,1,10
775,Myanmar (Burma),1987,0,military,-4.275092936802971,2.884,4,3,1,11
775,Myanmar (Burma),1988,2,military,-7.974006633723696,2.719,5,4,1,0
775,Myanmar (Burma),1989,0,military,-7.150814649770232,2.667,4,4,1,1
775,Myanmar (Burma),1990,0,military,-6.7839377117727695,2.586,4,4,1,2
775,Myanmar (Burma),1991,0,military,-3.8690476190476053,2.584,4,4,1,3
775,Myanmar (Burma),1992,0,military,2.08082026537999,2.708,4,4,1,4
775,Myanmar (Burma),1993,0,military,7.116244411326367,2.875,4,4,1,5
775,Myanmar (Burma),1994,0,military,9.464661872593872,3.014,4,4,1,6
775,Myanmar (Burma),1995,0,military,10.03766741071428,3.155,4,4,1,7
775,Myanmar (Burma),1996,0,military,8.736183246770546,3.266,4,4,1,8
775,Myanmar (Burma),1997,0,military,7.6368967935232845,3.377,4,4,1,9
775,Myanmar (Burma),1998,0,military,7.451436975304859,3.507,4,4,1,10
775,Myanmar (Burma),1999,0,military,6.6169948554195335,3.606,4,4,1,11
775,Myanmar (Burma),2000,0,military,9.115708115480793,3.84,4,4,1,12
775,Myanmar (Burma),2001,0,military,12.115634473798199,4.142,4,4,1,13
775,Myanmar (Burma),2002,0,military,14.825210512885945,4.5,4,4,1,14
775,Myanmar (Burma),2003,0,military,18.079954420282984,4.974,4,4,1,15
775,Myanmar (Burma),2004,0,military,19.844069863670022,5.503,4,4,1,16
775,Myanmar (Burma),2005,0,military,20.910496887020646,6.098,4,4,1,17
775,Myanmar (Burma),2006,0,military,20.966871695262768,6.726,4,4,1,18
775,Myanmar (Burma),2007,0,military,19.724516107974033,7.336,4,4,1,19
775,Myanmar (Burma),2008,0,military,17.56378159275156,7.889,4,4,1,20
775,Myanmar (Burma),2009,0,military,15.819750719079572,8.456,4,4,1,21
775,Myanmar (Burma),2010,0,military,15.111009847851943,9.094,4,4,1,22
775,Myanmar (Burma),2011,0,military,14.348245593391852,9.718,4,4,1,23
775,Myanmar (Burma),2012,0,dominant-party,14.827555984048391,10.481,4,4,1,24
775,Myanmar (Burma),2013,0,dominant-party,14.554402875347172,11.219,4,4,1,25
775,Myanmar (Burma),2014,0,dominant-party,13.494123034651206,11.896,4,4,1,26
775,Myanmar (Burma),2015,0,dominant-party,11.505758260682386,12.432,4,4,1,27
775,Myanmar (Burma),2016,0,dominant-party,9.501993721896994,12.907,4,4,1,28
775,Myanmar (Burma),2017,0,dominant-party,6.978894602793506,13.189,5,4,1,29
775,Myanmar (Burma),2018,0,dominant-party,6.062499999999993,13.576,5,4,1,30
775,Myanmar (Burma),2019,0,dominant-party,4.469680867215264,13.762,5,4,1,31
775,Myanmar (Burma),2020,0,dominant-party,NA,NA,5,4,1,32
775,Myanmar (Burma),2021,2,dominant-party,NA,NA,5,5,1,0
780,Sri Lanka (Ceylon),1950,0,parliamentary,6.155614777655849,4.063,0,0,0,0
780,Sri Lanka (Ceylon),1951,0,parliamentary,6.583312069405456,4.177,0,0,0,1
780,Sri Lanka (Ceylon),1952,0,parliamentary,4.965243296921562,4.228,0,0,0,2
780,Sri Lanka (Ceylon),1953,0,parliamentary,2.9211956521739246,4.242,0,0,0,3
780,Sri Lanka (Ceylon),1954,0,parliamentary,1.6306680017164954,4.263,0,0,0,4
780,Sri Lanka (Ceylon),1955,0,parliamentary,1.3672795851013664,4.3,0,0,0,5
780,Sri Lanka (Ceylon),1956,0,parliamentary,0.12677246689829502,4.265,0,0,0,6
780,Sri Lanka (Ceylon),1957,0,parliamentary,-0.4598132595129645,4.243,0,0,0,7
780,Sri Lanka (Ceylon),1958,0,parliamentary,-0.42690936385814116,4.245,0,0,0,8
780,Sri Lanka (Ceylon),1959,0,parliamentary,-0.3427551882805857,4.245,0,0,0,9
780,Sri Lanka (Ceylon),1960,0,parliamentary,0.2351834430855959,4.262,0,0,0,10
780,Sri Lanka (Ceylon),1961,0,parliamentary,0.3057384760112969,4.265,0,0,0,11
780,Sri Lanka (Ceylon),1962,0,parliamentary,0.6149079984979489,4.287,0,0,0,12
780,Sri Lanka (Ceylon),1963,0,parliamentary,0.790976317513814,4.307,0,0,0,13
780,Sri Lanka (Ceylon),1964,0,parliamentary,1.1322337154039852,4.341,0,0,0,14
780,Sri Lanka (Ceylon),1965,0,parliamentary,1.630535482675577,4.388,0,0,0,15
780,Sri Lanka (Ceylon),1966,0,parliamentary,1.7884235207576538,4.428,0,0,0,16
780,Sri Lanka (Ceylon),1967,0,parliamentary,3.6134186753824515,4.565,0,0,0,17
780,Sri Lanka (Ceylon),1968,0,parliamentary,5.089580176486308,4.716,0,0,0,18
780,Sri Lanka (Ceylon),1969,0,parliamentary,5.403166019798511,4.834,0,0,0,19
780,Sri Lanka (Ceylon),1970,0,parliamentary,4.829085329468907,4.919,0,0,0,20
780,Sri Lanka (Ceylon),1971,0,parliamentary,3.028280637357139,4.94,2,0,0,21
780,Sri Lanka (Ceylon),1972,0,parliamentary,1.8339966356213822,4.964,0,0,0,22
780,Sri Lanka (Ceylon),1973,0,parliamentary,2.374787604175088,5.061,0,0,0,23
780,Sri Lanka (Ceylon),1974,0,parliamentary,3.018687110685203,5.16,0,0,0,24
780,Sri Lanka (Ceylon),1975,0,parliamentary,3.6981607656256132,5.266,0,0,0,25
780,Sri Lanka (Ceylon),1976,0,parliamentary,4.153762774852887,5.381,0,0,0,26
780,Sri Lanka (Ceylon),1977,0,parliamentary,4.832601121042246,5.536,0,0,0,27
780,Sri Lanka (Ceylon),1978,0,parliamentary,5.256343863283286,5.691,0,0,0,28
780,Sri Lanka (Ceylon),1979,0,dominant-party,5.930676659220291,5.88,0,0,0,29
780,Sri Lanka (Ceylon),1980,0,dominant-party,6.660603092422868,6.098,0,0,0,30
780,Sri Lanka (Ceylon),1981,0,dominant-party,7.506511958323481,6.356,0,0,0,31
780,Sri Lanka (Ceylon),1982,0,dominant-party,7.383318080794865,6.571,0,0,0,32
780,Sri Lanka (Ceylon),1983,0,dominant-party,7.4490889603429755,6.817,5,0,0,33
780,Sri Lanka (Ceylon),1984,0,dominant-party,7.5864791812190635,7.085,5,0,0,34
780,Sri Lanka (Ceylon),1985,0,dominant-party,7.751688645866839,7.37,5,0,0,35
780,Sri Lanka (Ceylon),1986,0,dominant-party,7.258724292605856,7.604,5,0,0,36
780,Sri Lanka (Ceylon),1987,0,dominant-party,5.6268779022125015,7.734,9,0,0,37
780,Sri Lanka (Ceylon),1988,0,dominant-party,4.46869523657798,7.869,9,0,0,38
780,Sri Lanka (Ceylon),1989,0,dominant-party,4.027454027454036,8.033,9,0,0,39
780,Sri Lanka (Ceylon),1990,0,dominant-party,5.545594585721858,8.359,9,0,0,40
780,Sri Lanka (Ceylon),1991,0,dominant-party,7.240185608013561,8.736,5,0,0,41
780,Sri Lanka (Ceylon),1992,0,dominant-party,7.056946197632619,8.99,5,0,0,42
780,Sri Lanka (Ceylon),1993,0,dominant-party,8.388237184637637,9.443,5,0,0,43
780,Sri Lanka (Ceylon),1994,0,dominant-party,9.350603654916112,9.945,5,0,0,44
780,Sri Lanka (Ceylon),1995,0,presidential,9.564686822781866,10.415,5,0,0,45
780,Sri Lanka (Ceylon),1996,0,presidential,10.637144692468281,11.023,5,0,0,46
780,Sri Lanka (Ceylon),1997,0,presidential,10.431496784289784,11.573,5,0,0,47
780,Sri Lanka (Ceylon),1998,0,presidential,8.372991995332125,11.887,5,0,0,48
780,Sri Lanka (Ceylon),1999,0,presidential,6.5582389848925615,12.16,5,0,0,49
780,Sri Lanka (Ceylon),2000,0,presidential,5.722738799661875,12.507,5,0,0,50
780,Sri Lanka (Ceylon),2001,0,presidential,3.7299300123507795,12.598,5,0,0,51
780,Sri Lanka (Ceylon),2002,0,presidential,4.0407946251631355,12.915,5,0,0,52
780,Sri Lanka (Ceylon),2003,0,presidential,5.478331970564176,13.416,5,0,0,53
780,Sri Lanka (Ceylon),2004,0,presidential,6.728343145500415,13.959,5,0,0,54
780,Sri Lanka (Ceylon),2005,0,presidential,8.457460984927012,14.65,5,0,0,55
780,Sri Lanka (Ceylon),2006,0,presidential,10.288276018613107,15.548,5,0,0,56
780,Sri Lanka (Ceylon),2007,0,presidential,11.198152325125953,16.466,5,0,0,57
780,Sri Lanka (Ceylon),2008,0,presidential,11.625046446372057,17.424,5,0,0,58
780,Sri Lanka (Ceylon),2009,0,presidential,11.70083854393873,18.436,5,0,0,59
780,Sri Lanka (Ceylon),2010,0,presidential,12.887403469948788,19.793,0,0,0,60
780,Sri Lanka (Ceylon),2011,0,presidential,13.67580887079496,21.221,0,0,0,61
780,Sri Lanka (Ceylon),2012,0,presidential,13.7489574226483,22.639,0,0,0,62
780,Sri Lanka (Ceylon),2013,0,presidential,11.49761472058155,23.559,0,0,0,63
780,Sri Lanka (Ceylon),2014,0,presidential,9.22671589493589,24.377,0,0,0,64
780,Sri Lanka (Ceylon),2015,0,presidential,6.956908953894647,24.98,0,0,0,65
780,Sri Lanka (Ceylon),2016,0,presidential,6.017251047267225,25.713,0,0,0,66
780,Sri Lanka (Ceylon),2017,0,presidential,5.449279536599216,26.36,0,0,0,67
780,Sri Lanka (Ceylon),2018,0,presidential,4.6692910316872505,26.855,0,0,0,68
780,Sri Lanka (Ceylon),2019,0,presidential,3.5074866065295973,27.126,0,0,0,69
780,Sri Lanka (Ceylon),2020,0,presidential,NA,NA,0,0,0,70
781,Maldives,1965,0,personal,0.7909095459778692,4.027,0,0,0,0
781,Maldives,1966,0,personal,0.8526977161663618,4.045,0,0,0,1
781,Maldives,1967,0,personal,1.1269423621109054,4.074,0,0,0,2
781,Maldives,1968,0,personal,1.15549849390153,4.097,0,0,0,3
781,Maldives,1969,0,personal,1.0267243073295518,4.113,0,0,0,4
781,Maldives,1970,0,personal,0.6017023774581798,4.113,0,0,0,5
781,Maldives,1971,0,personal,0.6186671862821624,4.131,0,0,0,6
781,Maldives,1972,0,personal,0.6892200165024454,4.149,0,0,0,7
781,Maldives,1973,0,personal,0.9573542210618013,4.176,0,0,0,8
781,Maldives,1974,0,personal,1.4959834527875193,4.22,0,0,0,9
781,Maldives,1975,0,personal,2.061757266262587,4.277,0,0,0,10
781,Maldives,1976,0,personal,2.898824418110557,4.359,0,0,0,11
781,Maldives,1977,0,personal,4.825986078886313,4.518,0,0,0,12
781,Maldives,1978,0,personal,7.15416270971827,4.739,0,0,0,13
781,Maldives,1979,0,personal,9.35726137455244,5.009,0,0,0,14
781,Maldives,1980,0,personal,10.730259582828229,5.298,0,0,0,15
781,Maldives,1981,0,personal,12.317691819911225,5.668,0,0,0,16
781,Maldives,1982,0,personal,14.077579461191636,6.123,0,0,0,17
781,Maldives,1983,0,personal,15.833941796182337,6.663,0,0,0,18
781,Maldives,1984,0,personal,17.557079831256228,7.301,0,0,0,19
781,Maldives,1985,0,personal,17.90101477657111,7.947,0,0,0,20
781,Maldives,1986,0,personal,16.81246582832148,8.546,0,0,0,21
781,Maldives,1987,0,personal,15.228157056950842,9.121,0,0,0,22
781,Maldives,1988,0,personal,14.334590959154504,9.758,0,0,0,23
781,Maldives,1989,0,personal,14.16292159343775,10.466,0,0,0,24
781,Maldives,1990,0,personal,14.10530603931155,11.204,0,0,0,25
781,Maldives,1991,0,personal,14.487269684927085,12.042,0,0,0,26
781,Maldives,1992,0,personal,14.682314565309905,12.938,0,0,0,27
781,Maldives,1993,0,personal,14.857501403520356,13.912,0,0,0,28
781,Maldives,1994,0,personal,15.125766352698955,14.985,0,0,0,29
781,Maldives,1995,0,personal,15.395048685074663,16.165,0,0,0,30
781,Maldives,1996,0,personal,14.945428472793898,17.314,0,0,0,31
781,Maldives,1997,0,personal,13.909555701358034,18.403,0,0,0,32
781,Maldives,1998,0,personal,12.270813763351063,19.362,0,0,0,33
781,Maldives,1999,0,personal,10.155950752393995,20.131,0,0,0,34
781,Maldives,2000,0,personal,7.9504581991055145,20.709,0,0,0,35
781,Maldives,2001,0,personal,5.669766928533448,21.064,0,0,0,36
781,Maldives,2002,0,personal,5.6733046077403815,21.778,0,0,0,37
781,Maldives,2003,0,personal,6.6577044926814155,22.691,0,0,0,38
781,Maldives,2004,0,personal,6.319556663288695,23.291,0,0,0,39
781,Maldives,2005,0,personal,4.079376682653746,23.35,0,0,0,40
781,Maldives,2006,0,personal,7.419855222337124,24.93,0,0,0,41
781,Maldives,2007,0,personal,8.881106694439133,26.241,0,0,0,42
781,Maldives,2008,0,personal,8.786426794442082,27.199,0,0,0,43
781,Maldives,2009,0,presidential,5.788384476464348,27.297,0,0,0,44
781,Maldives,2010,0,presidential,3.6883124676513113,27.646,0,0,0,45
781,Maldives,2011,0,presidential,3.1729177955800214,28.179,0,0,0,46
781,Maldives,2012,2,presidential,2.544241411113668,28.463,0,1,1,0
781,Maldives,2013,0,presidential,2.6628019598905928,28.831,0,1,1,1
781,Maldives,2014,0,presidential,2.3153942428035146,29.103,0,1,1,2
781,Maldives,2015,0,presidential,1.080719737062008,29.032,0,1,1,3
781,Maldives,2016,0,presidential,1.3008006521273652,29.328,0,1,1,4
781,Maldives,2017,0,presidential,2.2994637776318605,29.914,0,1,1,5
781,Maldives,2018,0,presidential,3.3676427852156188,30.59,0,1,1,6
781,Maldives,2019,0,presidential,3.7576088913186867,31.125,0,1,1,7
781,Maldives,2020,0,presidential,NA,NA,0,1,1,8
790,Nepal,1950,0,other,-0.6774739898378956,1.642,0,0,0,0
790,Nepal,1951,0,other,-0.24242424242424399,1.646,0,0,0,1
790,Nepal,1952,0,other,-0.08498239650358563,1.646,0,0,0,2
790,Nepal,1953,0,other,1.2842258299006648,1.672,0,0,0,3
790,Nepal,1954,0,other,2.3835319609967653,1.701,0,0,0,4
790,Nepal,1955,0,other,2.706247019551755,1.723,0,0,0,5
790,Nepal,1956,0,other,3.2717429681063726,1.755,0,0,0,6
790,Nepal,1957,0,other,3.254574936298349,1.783,0,0,0,7
790,Nepal,1958,0,other,3.801502390166167,1.824,0,0,0,8
790,Nepal,1959,0,other,3.968697596422599,1.86,0,0,0,9
790,Nepal,1960,0,other,4.490690032858691,1.908,0,0,0,10
790,Nepal,1961,0,other,4.0906162765729,1.939,0,0,0,11
790,Nepal,1962,0,other,3.673297547626553,1.97,0,0,0,12
790,Nepal,1963,0,other,2.845318158303156,1.988,0,0,0,13
790,Nepal,1964,0,other,2.7989821882951516,2.02,0,0,0,14
790,Nepal,1965,0,other,2.44049412473637,2.04,0,0,0,15
790,Nepal,1966,0,other,2.9513716945627433,2.079,0,0,0,16
790,Nepal,1967,0,other,1.539517552461267,2.071,0,0,0,17
790,Nepal,1968,0,other,0.6032302004280954,2.068,0,0,0,18
790,Nepal,1969,0,other,0.7928067291888219,2.085,0,0,0,19
790,Nepal,1970,0,other,0.6637168141592875,2.093,0,0,0,20
790,Nepal,1971,0,other,-0.2791413995572145,2.072,0,0,0,21
790,Nepal,1972,0,other,-0.32726922706707295,2.071,0,0,0,22
790,Nepal,1973,0,other,-0.7416682720092549,2.061,0,0,0,23
790,Nepal,1974,0,other,0.9139009139008891,2.098,0,0,0,24
790,Nepal,1975,0,other,2.0897239263803824,2.13,0,0,0,25
790,Nepal,1976,0,other,2.6993631784050898,2.161,0,0,0,26
790,Nepal,1977,0,other,2.689486552567244,2.184,0,0,0,27
790,Nepal,1978,0,other,2.512982195845681,2.211,0,0,0,28
790,Nepal,1979,0,other,1.9613234350655429,2.225,0,0,0,29
790,Nepal,1980,0,other,0.7547512958079539,2.216,0,0,0,30
790,Nepal,1981,0,other,2.5906269677071103,2.281,0,0,0,31
790,Nepal,1982,0,other,3.54162968222973,2.333,0,0,0,32
790,Nepal,1983,0,other,3.198948290972825,2.355,0,0,0,33
790,Nepal,1984,0,other,4.742232550133396,2.434,0,0,0,34
790,Nepal,1985,0,other,5.280832843589955,2.508,0,0,0,35
790,Nepal,1986,0,other,5.263157894736836,2.568,0,0,0,36
790,Nepal,1987,0,other,4.5141116100064105,2.607,0,0,0,37
790,Nepal,1988,0,other,4.835559721896732,2.684,0,0,0,38
790,Nepal,1989,0,other,5.126837815190055,2.76,0,0,0,39
790,Nepal,1990,0,other,4.918520723268083,2.82,0,0,0,40
790,Nepal,1991,0,other,5.351049154142173,2.902,0,0,0,41
790,Nepal,1992,0,parliamentary,4.715378079864063,2.958,0,0,0,42
790,Nepal,1993,0,parliamentary,5.1359933729117735,3.046,0,0,0,43
790,Nepal,1994,0,parliamentary,6.773977196512404,3.184,0,0,0,44
790,Nepal,1995,0,parliamentary,6.624585149996753,3.277,0,0,0,45
790,Nepal,1996,0,parliamentary,6.310403638430939,3.366,2,0,0,46
790,Nepal,1997,0,parliamentary,5.1469235016256665,3.428,2,0,0,47
790,Nepal,1998,0,parliamentary,3.523570232112938,3.461,2,0,0,48
790,Nepal,1999,0,parliamentary,3.143879406416783,3.517,2,0,0,49
790,Nepal,2000,0,parliamentary,3.5465484483850673,3.597,2,0,0,50
790,Nepal,2001,0,parliamentary,3.5390713476783686,3.657,2,0,0,51
790,Nepal,2002,0,parliamentary,2.6135030993466257,3.675,2,0,0,52
790,Nepal,2003,0,other,2.8918577162021064,3.743,2,0,0,53
790,Nepal,2004,0,other,2.944360251136602,3.804,2,0,0,54
790,Nepal,2005,0,other,3.43816631130065,3.881,2,0,0,55
790,Nepal,2006,0,other,4.260559689760002,3.979,2,0,0,56
790,Nepal,2007,0,parliamentary,5.4545454545454675,4.118,0,0,0,57
790,Nepal,2008,0,parliamentary,7.51056951007214,4.323,0,0,0,58
790,Nepal,2009,0,parliamentary,9.01371965844766,4.545,0,0,0,59
790,Nepal,2010,0,parliamentary,9.730848861283615,4.77,0,0,0,60
790,Nepal,2011,0,parliamentary,9.36331235974832,4.971,0,0,0,61
790,Nepal,2012,0,parliamentary,8.692909412061557,5.169,0,0,0,62
790,Nepal,2013,0,parliamentary,7.793726312394167,5.347,0,0,0,63
790,Nepal,2014,0,parliamentary,7.117920868890604,5.523,0,0,0,64
790,Nepal,2015,0,parliamentary,5.4311899038461675,5.614,0,0,0,65
790,Nepal,2016,0,parliamentary,4.366892015348078,5.712,0,0,0,66
790,Nepal,2017,0,parliamentary,6.132661390495797,5.981,0,0,0,67
790,Nepal,2018,0,parliamentary,6.962090693110223,6.213,0,0,0,68
790,Nepal,2019,0,parliamentary,6.346655955011049,6.354,0,0,0,69
790,Nepal,2020,0,parliamentary,NA,NA,0,0,0,70
800,Thailand,1950,0,military,8.712413261372397,2.538,0,0,0,0
800,Thailand,1951,2,military,10.01241208109227,2.659,1,1,1,0
800,Thailand,1952,0,military,9.544985309298815,2.759,0,1,1,1
800,Thailand,1953,0,military,8.162490508731967,2.849,0,1,1,2
800,Thailand,1954,0,military,4.907123007166891,2.869,0,1,1,3
800,Thailand,1955,0,military,3.70106761565836,2.914,0,1,1,4
800,Thailand,1956,0,military,2.463879388567025,2.936,0,1,1,5
800,Thailand,1957,2,military,1.8448406415639829,2.959,0,2,1,0
800,Thailand,1958,2,military,3.167051787413344,3.036,0,3,1,0
800,Thailand,1959,0,military,6.111997871774388,3.191,0,3,1,1
800,Thailand,1960,0,military,9.723116548615597,3.408,0,3,1,2
800,Thailand,1961,0,military,10.310043938362522,3.565,0,3,1,3
800,Thailand,1962,0,military,10.1364522417154,3.729,0,3,1,4
800,Thailand,1963,0,military,9.374121351852892,3.89,0,3,1,5
800,Thailand,1964,0,military,9.0032154340836,4.068,0,3,1,6
800,Thailand,1965,0,military,9.683693315590114,4.286,2,3,1,7
800,Thailand,1966,0,military,11.116521400399272,4.564,2,3,1,8
800,Thailand,1967,0,military,11.465557096625068,4.822,2,3,1,9
800,Thailand,1968,0,military,11.271802962573418,5.078,2,3,1,10
800,Thailand,1969,0,military,10.527190395081231,5.321,2,3,1,11
800,Thailand,1970,0,military,9.717126287134569,5.562,2,3,1,12
800,Thailand,1971,0,military,8.193198099690813,5.739,2,3,1,13
800,Thailand,1972,0,military,7.225600926730391,5.924,2,3,1,14
800,Thailand,1973,0,military,8.01835947007894,6.213,2,3,1,15
800,Thailand,1974,0,other,7.850354704858775,6.446,2,3,1,16
800,Thailand,1975,0,other,8.22782771173609,6.719,2,3,1,17
800,Thailand,1976,2,parliamentary,9.982427474797294,7.135,2,4,1,0
800,Thailand,1977,2,military,11.485595381143575,7.608,3,5,1,0
800,Thailand,1978,0,military,12.119527449617795,8.067,3,5,1,1
800,Thailand,1979,0,military,10.805040067482064,8.407,3,5,1,2
800,Thailand,1980,0,military,8.946735481284751,8.697,3,5,1,3
800,Thailand,1981,1,military,8.178536422099514,9.05,3,6,1,0
800,Thailand,1982,0,military,7.728283546161063,9.398,3,6,1,1
800,Thailand,1983,0,military,7.914065774091816,9.785,3,6,1,2
800,Thailand,1984,0,military,8.153131167370486,10.193,1,6,1,3
800,Thailand,1985,1,military,7.617686102317989,10.539,1,7,1,0
800,Thailand,1986,0,military,7.961576993340813,10.992,1,7,1,1
800,Thailand,1987,0,military,10.083039002029004,11.719,1,7,1,2
800,Thailand,1988,0,military,13.51019536671294,12.759,0,7,1,3
800,Thailand,1989,0,parliamentary,16.291094690841156,13.944,0,7,1,4
800,Thailand,1990,0,parliamentary,17.568299667208407,15.191,0,7,1,5
800,Thailand,1991,2,parliamentary,16.962448559670772,16.371,0,8,1,0
800,Thailand,1992,0,military,16.000579969947015,17.601,0,8,1,1
800,Thailand,1993,0,parliamentary,15.337258774335915,18.922,0,8,1,2
800,Thailand,1994,0,parliamentary,14.284257517732101,20.173,0,8,1,3
800,Thailand,1995,0,parliamentary,12.910574274210651,21.313,0,8,1,4
800,Thailand,1996,0,parliamentary,9.56065626282545,21.89,0,8,1,5
800,Thailand,1997,0,parliamentary,3.0158025739479566,21.356,0,8,1,6
800,Thailand,1998,0,parliamentary,-3.1708570449743956,20.35,0,8,1,7
800,Thailand,1999,0,parliamentary,-2.947038724373574,20.451,0,8,1,8
800,Thailand,2000,0,parliamentary,-0.4106678354660831,20.904,0,8,1,9
800,Thailand,2001,0,parliamentary,3.0309981934447894,21.558,0,8,1,10
800,Thailand,2002,0,parliamentary,6.62654017688411,22.569,0,8,1,11
800,Thailand,2003,0,parliamentary,8.717145917442547,23.751,1,8,1,12
800,Thailand,2004,0,parliamentary,9.735726970618753,24.964,1,8,1,13
800,Thailand,2005,0,parliamentary,9.589329117011335,26.061,1,8,1,14
800,Thailand,2006,2,parliamentary,9.103320885033938,27.17,1,9,1,0
800,Thailand,2007,0,military,8.610522436192758,28.29,1,9,1,1
800,Thailand,2008,0,parliamentary,6.927177155006947,28.967,1,9,1,2
800,Thailand,2009,0,parliamentary,5.53242839903747,29.559,1,9,1,3
800,Thailand,2010,0,parliamentary,6.497048365381297,30.849,1,9,1,4
800,Thailand,2011,0,parliamentary,6.395220477550834,31.806,1,9,1,5
800,Thailand,2012,0,parliamentary,7.322700436160479,33.12,1,9,1,6
800,Thailand,2013,0,parliamentary,6.202281082100103,33.801,1,9,1,7
800,Thailand,2014,2,parliamentary,4.099066893985226,34.071,1,10,1,0
800,Thailand,2015,0,military,3.0501037226569716,34.475,1,10,1,1
800,Thailand,2016,0,military,3.445449489183572,35.338,1,10,1,2
800,Thailand,2017,0,military,4.955097122198948,36.58,1,10,1,3
800,Thailand,2018,0,military,5.360604613266662,37.501,1,10,1,4
800,Thailand,2019,0,military,4.358561223872548,37.955,1,10,1,5
800,Thailand,2020,0,military,NA,NA,1,10,1,6
811,Cambodia (Kampuchea),1953,0,other,2.4654317766762412,1.571,0,0,0,0
811,Cambodia (Kampuchea),1954,0,other,4.335520391097392,1.622,0,0,0,1
811,Cambodia (Kampuchea),1955,0,other,4.684934966536192,1.658,0,0,0,2
811,Cambodia (Kampuchea),1956,0,other,6.593676959035566,1.733,0,0,0,3
811,Cambodia (Kampuchea),1957,0,other,7.440973050321964,1.802,0,0,0,4
811,Cambodia (Kampuchea),1958,0,other,7.521308454273212,1.867,0,0,0,5
811,Cambodia (Kampuchea),1959,0,other,7.734192688076447,1.939,0,0,0,6
811,Cambodia (Kampuchea),1960,0,other,6.296256569773684,1.982,0,0,0,7
811,Cambodia (Kampuchea),1961,0,other,4.1101606509492905,1.996,0,0,0,8
811,Cambodia (Kampuchea),1962,0,other,3.8676844783714914,2.041,0,0,0,9
811,Cambodia (Kampuchea),1963,0,other,3.5668028295307463,2.079,0,0,0,10
811,Cambodia (Kampuchea),1964,0,other,2.1811750835134536,2.08,0,0,0,11
811,Cambodia (Kampuchea),1965,0,other,1.942690626517729,2.099,0,0,0,12
811,Cambodia (Kampuchea),1966,0,other,2.08093594169545,2.129,0,0,0,13
811,Cambodia (Kampuchea),1967,0,other,2.285660091047048,2.157,0,0,0,14
811,Cambodia (Kampuchea),1968,0,other,2.208646616541343,2.175,0,0,0,15
811,Cambodia (Kampuchea),1969,0,other,0.7835090010260171,2.161,0,0,0,16
811,Cambodia (Kampuchea),1970,2,other,-1.3592775346801922,2.119,5,1,1,0
811,Cambodia (Kampuchea),1971,0,personal,-2.542769000654399,2.085,5,1,1,1
811,Cambodia (Kampuchea),1972,0,personal,-3.5916824196597363,2.04,5,1,1,2
811,Cambodia (Kampuchea),1973,0,personal,0.5228136882129419,2.115,5,1,1,3
811,Cambodia (Kampuchea),1974,0,personal,-1.9136455428406585,2.04,5,1,1,4
811,Cambodia (Kampuchea),1975,0,personal,-3.312226010716013,1.985,8,1,1,5
811,Cambodia (Kampuchea),1976,0,dominant-party,0.6639328256199839,2.062,8,1,1,6
811,Cambodia (Kampuchea),1977,0,dominant-party,4.951353434158556,2.179,9,1,1,7
811,Cambodia (Kampuchea),1978,1,dominant-party,9.32035164004159,2.313,9,2,1,0
811,Cambodia (Kampuchea),1979,0,dominant-party,9.27061407522649,2.388,6,2,1,1
811,Cambodia (Kampuchea),1980,0,dominant-party,6.875934230194325,2.431,6,2,1,2
811,Cambodia (Kampuchea),1981,0,dominant-party,4.191464036728454,2.451,6,2,1,3
811,Cambodia (Kampuchea),1982,0,dominant-party,4.400594451783357,2.529,6,2,1,4
811,Cambodia (Kampuchea),1983,0,dominant-party,5.229232132785433,2.612,6,2,1,5
811,Cambodia (Kampuchea),1984,0,dominant-party,6.014150943396235,2.697,6,2,1,6
811,Cambodia (Kampuchea),1985,0,dominant-party,6.057125354161874,2.77,6,2,1,7
811,Cambodia (Kampuchea),1986,0,dominant-party,4.8278945015646,2.814,6,2,1,8
811,Cambodia (Kampuchea),1987,0,dominant-party,2.2420214708245068,2.8,6,2,1,9
811,Cambodia (Kampuchea),1988,0,dominant-party,0.8860394755798806,2.801,5,2,1,10
811,Cambodia (Kampuchea),1989,0,dominant-party,0.39299749910681747,2.81,5,2,1,11
811,Cambodia (Kampuchea),1990,0,dominant-party,0.590663250782808,2.827,2,2,1,12
811,Cambodia (Kampuchea),1991,0,dominant-party,3.065837807290195,2.918,2,2,1,13
811,Cambodia (Kampuchea),1992,0,dominant-party,5.639672176691213,3.042,2,2,1,14
811,Cambodia (Kampuchea),1993,0,dominant-party,7.413676371022326,3.173,2,2,1,15
811,Cambodia (Kampuchea),1994,0,dominant-party,1.9436863476003596,3.063,2,2,1,16
811,Cambodia (Kampuchea),1995,0,dominant-party,1.1772400261608862,3.094,2,2,1,17
811,Cambodia (Kampuchea),1996,0,dominant-party,0.9547155205779756,3.13,2,2,1,18
811,Cambodia (Kampuchea),1997,2,dominant-party,1.7897091722595126,3.185,2,3,1,0
811,Cambodia (Kampuchea),1998,0,dominant-party,3.5600762873490233,3.258,0,3,1,1
811,Cambodia (Kampuchea),1999,0,dominant-party,7.102977667493793,3.453,0,3,1,2
811,Cambodia (Kampuchea),2000,0,dominant-party,9.81308411214954,3.666,0,3,1,3
811,Cambodia (Kampuchea),2001,0,dominant-party,11.248065126411744,3.881,0,3,1,4
811,Cambodia (Kampuchea),2002,0,dominant-party,11.32918983753135,4.084,0,3,1,5
811,Cambodia (Kampuchea),2003,0,dominant-party,11.597486867854556,4.334,0,3,1,6
811,Cambodia (Kampuchea),2004,0,dominant-party,12.950930954228102,4.659,0,3,1,7
811,Cambodia (Kampuchea),2005,0,dominant-party,15.220548193864602,5.078,0,3,1,8
811,Cambodia (Kampuchea),2006,0,dominant-party,15.783458901210533,5.471,0,3,1,9
811,Cambodia (Kampuchea),2007,0,dominant-party,15.360390505058463,5.861,0,3,1,10
811,Cambodia (Kampuchea),2008,0,dominant-party,12.830313499209822,6.14,0,3,1,11
811,Cambodia (Kampuchea),2009,0,dominant-party,8.615662316023332,6.258,0,3,1,12
811,Cambodia (Kampuchea),2010,0,dominant-party,6.832792100205465,6.448,0,3,1,13
811,Cambodia (Kampuchea),2011,0,dominant-party,6.989469665638026,6.726,0,3,1,14
811,Cambodia (Kampuchea),2012,0,dominant-party,8.212042285889387,7.063,0,3,1,15
811,Cambodia (Kampuchea),2013,0,dominant-party,9.655843007837817,7.443,0,3,1,16
811,Cambodia (Kampuchea),2014,0,dominant-party,9.789105672719067,7.788,0,3,1,17
811,Cambodia (Kampuchea),2015,0,dominant-party,9.316101238556795,8.12,0,3,1,18
811,Cambodia (Kampuchea),2016,0,dominant-party,9.285475707201773,8.507,0,3,1,19
811,Cambodia (Kampuchea),2017,0,dominant-party,9.908409658617835,8.976,0,3,1,20
811,Cambodia (Kampuchea),2018,0,dominant-party,10.218756566198973,9.442,0,3,1,21
811,Cambodia (Kampuchea),2019,0,dominant-party,9.404605336483796,9.816,0,3,1,22
811,Cambodia (Kampuchea),2020,0,dominant-party,NA,NA,0,3,1,23
812,Laos,1954,0,parliamentary,1.4421299149512956,1.646,0,0,0,0
812,Laos,1955,0,parliamentary,1.785059298202718,1.665,0,0,0,1
812,Laos,1956,0,parliamentary,1.8552200800290963,1.68,0,0,0,2
812,Laos,1957,0,parliamentary,1.9586637827445408,1.697,0,0,0,3
812,Laos,1958,0,parliamentary,1.9995239228755013,1.714,0,0,0,4
812,Laos,1959,0,parliamentary,1.9794980558501374,1.731,0,0,0,5
812,Laos,1960,2,personal,2.0301015050752547,1.749,3,1,1,0
812,Laos,1961,0,personal,2.1821960512642846,1.77,3,1,1,1
812,Laos,1962,0,personal,1.9661636945587535,1.784,3,1,1,2
812,Laos,1963,0,other,1.8791034638895088,1.8,3,1,1,3
812,Laos,1964,2,other,1.6711529834006145,1.813,3,2,1,0
812,Laos,1965,1,other,1.7448321849299786,1.831,3,3,1,0
812,Laos,1966,1,other,1.6313932980599688,1.844,3,4,1,0
812,Laos,1967,0,other,1.6180168361211278,1.859,3,4,1,1
812,Laos,1968,0,other,1.3564839934888884,1.868,3,4,1,2
812,Laos,1969,0,other,0.5827757392618205,1.864,3,4,1,3
812,Laos,1970,0,other,0.9125067096081629,1.88,3,4,1,4
812,Laos,1971,0,other,1.9712306872669005,1.914,3,4,1,5
812,Laos,1972,0,other,3.0590717299578074,1.954,3,4,1,6
812,Laos,1973,1,other,5.186721991701249,2.028,3,5,1,0
812,Laos,1974,0,other,5.999189298743413,2.092,0,5,1,1
812,Laos,1975,0,other,6.851068018505746,2.171,2,5,1,2
812,Laos,1976,0,dominant-party,6.030198776758411,2.219,2,5,1,3
812,Laos,1977,0,dominant-party,3.485229708321702,2.221,2,5,1,4
812,Laos,1978,0,dominant-party,2.6027397260274032,2.247,2,5,1,5
812,Laos,1979,0,dominant-party,2.815890951484179,2.293,2,5,1,6
812,Laos,1980,0,dominant-party,6.4165497896213175,2.428,2,5,1,7
812,Laos,1981,0,dominant-party,10.734559010421085,2.614,2,5,1,8
812,Laos,1982,0,dominant-party,12.033363025346189,2.767,2,5,1,9
812,Laos,1983,0,dominant-party,11.998770932554926,2.916,2,5,1,10
812,Laos,1984,0,dominant-party,11.384882962533528,3.074,2,5,1,11
812,Laos,1985,0,dominant-party,9.619609997253509,3.193,2,5,1,12
812,Laos,1986,0,dominant-party,6.467759994730948,3.233,2,5,1,13
812,Laos,1987,0,dominant-party,2.3316891935173834,3.195,2,5,1,14
812,Laos,1988,0,dominant-party,0.4846424974823682,3.193,2,5,1,15
812,Laos,1989,0,dominant-party,3.183451009537963,3.332,2,5,1,16
812,Laos,1990,0,dominant-party,5.452330185805665,3.462,2,5,1,17
812,Laos,1991,0,dominant-party,6.342949292241529,3.561,0,5,1,18
812,Laos,1992,0,dominant-party,6.6430520875675025,3.673,0,5,1,19
812,Laos,1993,0,dominant-party,6.992771894436034,3.819,0,5,1,20
812,Laos,1994,0,dominant-party,8.062861154614676,4.002,0,5,1,21
812,Laos,1995,0,dominant-party,8.859444011431549,4.19,0,5,1,22
812,Laos,1996,0,dominant-party,9.20914934967858,4.383,0,5,1,23
812,Laos,1997,0,dominant-party,8.660364747445804,4.552,0,5,1,24
812,Laos,1998,0,dominant-party,7.556940561844083,4.694,0,5,1,25
812,Laos,1999,0,dominant-party,7.821991372479986,4.899,0,5,1,26
812,Laos,2000,0,dominant-party,7.856417202844557,5.096,0,5,1,27
812,Laos,2001,0,dominant-party,8.158194851743229,5.311,0,5,1,28
812,Laos,2002,0,dominant-party,8.457321848081456,5.54,0,5,1,29
812,Laos,2003,0,dominant-party,8.49641287608458,5.777,0,5,1,30
812,Laos,2004,0,dominant-party,9.15404267568638,6.067,0,5,1,31
812,Laos,2005,0,dominant-party,9.366931736032225,6.354,0,5,1,32
812,Laos,2006,0,dominant-party,10.046982291290218,6.699,0,5,1,33
812,Laos,2007,0,dominant-party,13.352590383898622,7.299,0,5,1,34
812,Laos,2008,0,dominant-party,14.557497592716873,7.852,0,5,1,35
812,Laos,2009,0,dominant-party,15.13059141398978,8.437,0,5,1,36
812,Laos,2010,0,dominant-party,14.953342317373952,9.042,0,5,1,37
812,Laos,2011,0,dominant-party,14.557739557739557,9.698,0,5,1,38
812,Laos,2012,0,dominant-party,14.303016956617487,10.381,0,5,1,39
812,Laos,2013,0,dominant-party,13.727990784926769,11.058,0,5,1,40
812,Laos,2014,0,dominant-party,12.598106330871438,11.678,0,5,1,41
812,Laos,2015,0,dominant-party,10.984917317826625,12.215,0,5,1,42
812,Laos,2016,0,dominant-party,9.946652899673047,12.778,0,5,1,43
812,Laos,2017,0,dominant-party,9.329469927642986,13.357,0,5,1,44
812,Laos,2018,0,dominant-party,8.04161835218904,13.79,0,5,1,45
812,Laos,2019,0,dominant-party,5.6274109371454495,13.965,0,5,1,46
812,Laos,2020,0,dominant-party,NA,NA,0,5,1,47
816,"Vietnam, Democratic Republic of",1950,NA,dominant-party,NA,NA,0,NA,NA,NA
816,"Vietnam, Democratic Republic of",1951,NA,dominant-party,NA,NA,0,NA,NA,NA
816,"Vietnam, Democratic Republic of",1952,NA,dominant-party,NA,NA,0,NA,NA,NA
816,"Vietnam, Democratic Republic of",1953,NA,dominant-party,NA,NA,0,NA,NA,NA
816,"Vietnam, Democratic Republic of",1954,0,dominant-party,NA,2.355,3,0,0,0
816,"Vietnam, Democratic Republic of",1955,0,dominant-party,NA,2.399,0,0,0,1
816,"Vietnam, Democratic Republic of",1956,0,dominant-party,NA,2.455,0,0,0,2
816,"Vietnam, Democratic Republic of",1957,0,dominant-party,NA,2.502,0,0,0,3
816,"Vietnam, Democratic Republic of",1958,0,dominant-party,4.020551296688968,2.551,7,0,0,4
816,"Vietnam, Democratic Republic of",1959,0,dominant-party,3.593149807938545,2.589,7,0,0,5
816,"Vietnam, Democratic Republic of",1960,0,dominant-party,3.4171249018067673,2.633,7,0,0,6
816,"Vietnam, Democratic Republic of",1961,0,dominant-party,3.5573732541091196,2.684,7,0,0,7
816,"Vietnam, Democratic Republic of",1962,0,dominant-party,4.351116155883461,2.758,7,0,0,8
816,"Vietnam, Democratic Republic of",1963,0,dominant-party,2.860122151050204,2.762,7,0,0,9
816,"Vietnam, Democratic Republic of",1964,0,dominant-party,1.1996761610362894,2.75,7,0,0,10
816,"Vietnam, Democratic Republic of",1965,0,dominant-party,-0.8929878495095855,2.708,7,0,0,11
816,"Vietnam, Democratic Republic of",1966,0,dominant-party,-3.306392358559873,2.632,7,0,0,12
816,"Vietnam, Democratic Republic of",1967,0,dominant-party,-6.960174004350106,2.481,7,0,0,13
816,"Vietnam, Democratic Republic of",1968,0,dominant-party,-7.01524718928076,2.415,7,0,0,14
816,"Vietnam, Democratic Republic of",1969,0,dominant-party,-4.073898626243477,2.43,7,0,0,15
816,"Vietnam, Democratic Republic of",1970,0,dominant-party,-1.2733720180528763,2.45,7,0,0,16
816,"Vietnam, Democratic Republic of",1971,0,dominant-party,1.8246985988921383,2.5,7,0,0,17
816,"Vietnam, Democratic Republic of",1972,0,dominant-party,4.49810223693774,2.588,7,0,0,18
816,"Vietnam, Democratic Republic of",1973,0,dominant-party,4.03591006594104,2.619,7,0,0,19
816,"Vietnam, Democratic Republic of",1974,0,dominant-party,1.7487452948557136,2.595,7,0,0,20
816,"Vietnam, Democratic Republic of",1975,0,dominant-party,-0.6066262249183385,2.556,9,0,0,21
816,"Vietnam, Democratic Republic of",1976,0,dominant-party,2.3800383877159215,2.667,9,0,0,22
816,"Vietnam, Democratic Republic of",1977,0,dominant-party,3.84878159872466,2.736,9,0,0,23
816,"Vietnam, Democratic Republic of",1978,0,dominant-party,3.1734095352684566,2.744,9,0,0,24
816,"Vietnam, Democratic Republic of",1979,0,dominant-party,1.7932881910856402,2.736,9,0,0,25
816,"Vietnam, Democratic Republic of",1980,0,dominant-party,-0.022053958685586128,2.72,9,0,0,26
816,"Vietnam, Democratic Republic of",1981,0,dominant-party,-0.14635931211123276,2.729,9,0,0,27
816,"Vietnam, Democratic Republic of",1982,0,dominant-party,1.944930069930062,2.799,9,0,0,28
816,"Vietnam, Democratic Republic of",1983,0,dominant-party,4.465250270075605,2.901,9,0,0,29
816,"Vietnam, Democratic Republic of",1984,0,dominant-party,7.650619369369371,3.059,9,0,0,30
816,"Vietnam, Democratic Republic of",1985,0,dominant-party,9.46423714985043,3.22,9,0,0,31
816,"Vietnam, Democratic Republic of",1986,0,dominant-party,8.606155655753778,3.324,9,0,0,32
816,"Vietnam, Democratic Republic of",1987,0,dominant-party,6.594512962496846,3.388,9,0,0,33
816,"Vietnam, Democratic Republic of",1988,0,dominant-party,4.463524540250874,3.431,9,0,0,34
816,"Vietnam, Democratic Republic of",1989,0,dominant-party,2.433654647149819,3.443,9,0,0,35
816,"Vietnam, Democratic Republic of",1990,0,dominant-party,3.050312627826801,3.527,9,0,0,36
816,"Vietnam, Democratic Republic of",1991,0,dominant-party,5.758234217749325,3.699,9,0,0,37
816,"Vietnam, Democratic Republic of",1992,0,dominant-party,8.724608724608718,3.918,9,0,0,38
816,"Vietnam, Democratic Republic of",1993,0,dominant-party,11.469209460899199,4.185,9,0,0,39
816,"Vietnam, Democratic Republic of",1994,0,dominant-party,13.021306674745038,4.477,9,0,0,40
816,"Vietnam, Democratic Republic of",1995,0,dominant-party,13.76577773559835,4.795,9,0,0,41
816,"Vietnam, Democratic Republic of",1996,0,dominant-party,14.163261680582707,5.141,9,0,0,42
816,"Vietnam, Democratic Republic of",1997,0,dominant-party,13.363269718514825,5.453,9,0,0,43
816,"Vietnam, Democratic Republic of",1998,0,dominant-party,11.612903225806438,5.709,9,0,0,44
816,"Vietnam, Democratic Republic of",1999,0,dominant-party,9.903113675024034,5.944,9,0,0,45
816,"Vietnam, Democratic Republic of",2000,0,dominant-party,9.496226083903814,6.238,9,0,0,46
816,"Vietnam, Democratic Republic of",2001,0,dominant-party,9.788713559775331,6.568,9,0,0,47
816,"Vietnam, Democratic Republic of",2002,0,dominant-party,10.6494746895893,6.951,9,0,0,48
816,"Vietnam, Democratic Republic of",2003,0,dominant-party,11.038803801682917,7.337,9,0,0,49
816,"Vietnam, Democratic Republic of",2004,0,dominant-party,11.611238532110079,7.786,9,0,0,50
816,"Vietnam, Democratic Republic of",2005,0,dominant-party,12.002167434299672,8.268,9,0,0,51
816,"Vietnam, Democratic Republic of",2006,0,dominant-party,11.89562547966232,8.748,9,0,0,52
816,"Vietnam, Democratic Republic of",2007,0,dominant-party,11.875951018042175,9.264,9,0,0,53
816,"Vietnam, Democratic Republic of",2008,0,dominant-party,11.340559041642884,9.759,9,0,0,54
816,"Vietnam, Democratic Republic of",2009,0,dominant-party,10.507089745806674,10.225,9,0,0,55
816,"Vietnam, Democratic Republic of",2010,0,dominant-party,10.465235488302493,10.775,9,0,0,56
816,"Vietnam, Democratic Republic of",2011,0,dominant-party,10.049105576990524,11.295,9,0,0,57
816,"Vietnam, Democratic Republic of",2012,0,dominant-party,9.569964349376114,11.802,9,0,0,58
816,"Vietnam, Democratic Republic of",2013,0,dominant-party,9.096872562229642,12.307,9,0,0,59
816,"Vietnam, Democratic Republic of",2014,0,dominant-party,8.75201220028805,12.836,9,0,0,60
816,"Vietnam, Democratic Republic of",2015,0,dominant-party,8.11710994492194,13.309,9,0,0,61
816,"Vietnam, Democratic Republic of",2016,0,dominant-party,8.406321104634863,13.912,9,0,0,62
816,"Vietnam, Democratic Republic of",2017,0,dominant-party,9.270534861509084,14.644,9,0,0,63
816,"Vietnam, Democratic Republic of",2018,0,dominant-party,9.490562266198355,15.337,9,0,0,64
816,"Vietnam, Democratic Republic of",2019,0,dominant-party,8.08199843786399,15.775,9,0,0,65
816,"Vietnam, Democratic Republic of",2020,0,dominant-party,NA,NA,9,0,0,66
817,"Vietnam, Republic of",1953,NA,personal,NA,NA,9,NA,NA,NA
817,"Vietnam, Republic of",1954,0,personal,NA,1.56,0,0,0,0
817,"Vietnam, Republic of",1955,0,personal,NA,1.549,0,0,0,1
817,"Vietnam, Republic of",1956,0,personal,NA,1.55,0,0,0,2
817,"Vietnam, Republic of",1957,0,personal,NA,1.55,0,0,0,3
817,"Vietnam, Republic of",1958,0,personal,-0.06443298969073252,1.551,7,0,0,4
817,"Vietnam, Republic of",1959,0,personal,0.1547787953050328,1.553,7,0,0,5
817,"Vietnam, Republic of",1960,1,personal,0.2577319587628857,1.556,7,1,1,0
817,"Vietnam, Republic of",1961,0,personal,0.7971200822833646,1.568,7,1,1,1
817,"Vietnam, Republic of",1962,0,personal,0.5131494547786941,1.567,7,1,1,2
817,"Vietnam, Republic of",1963,2,personal,0.3072589937267889,1.567,7,2,1,0
817,"Vietnam, Republic of",1964,2,military,-0.025568908207618257,1.564,7,3,1,0
817,"Vietnam, Republic of",1965,2,military,-0.12771392081737387,1.564,7,4,1,0
817,"Vietnam, Republic of",1966,0,military,0.7905138339920903,1.581,7,4,1,1
817,"Vietnam, Republic of",1967,0,military,0.8649198677181502,1.586,7,4,1,2
817,"Vietnam, Republic of",1968,0,military,0.36820721178263405,1.581,7,4,1,3
817,"Vietnam, Republic of",1969,0,military,0.15203344735841284,1.581,7,4,1,4
817,"Vietnam, Republic of",1970,0,military,-0.012640626975091163,1.582,7,4,1,5
817,"Vietnam, Republic of",1971,0,military,0.5301022340022721,1.593,7,4,1,6
817,"Vietnam, Republic of",1972,0,military,0.54210791729703,1.595,7,4,1,7
817,"Vietnam, Republic of",1973,0,military,0.6664989939637822,1.601,7,4,1,8
817,"Vietnam, Republic of",1974,0,military,0.6644101792653956,1.606,7,4,1,9
817,"Vietnam, Republic of",1975,0,military,0.5122438780609695,1.609,7,4,1,10
820,Malaysia,1957,0,dominant-party,-0.6190307746728019,5.619,3,0,0,0
820,Malaysia,1958,0,dominant-party,-0.3401722121824102,5.625,3,0,0,1
820,Malaysia,1959,0,dominant-party,1.5301975474432128,5.746,3,0,0,2
820,Malaysia,1960,0,dominant-party,3.918138884030098,5.941,3,0,0,3
820,Malaysia,1961,0,dominant-party,5.766255200632675,6.152,0,0,0,4
820,Malaysia,1962,0,dominant-party,6.533185766509031,6.353,1,0,0,5
820,Malaysia,1963,0,dominant-party,6.787595084844944,6.57,1,0,0,6
820,Malaysia,1964,0,dominant-party,6.839756082227955,6.798,1,0,0,7
820,Malaysia,1965,0,dominant-party,6.924736410318744,7.038,1,0,0,8
820,Malaysia,1966,0,dominant-party,6.635698115426458,7.254,1,0,0,9
820,Malaysia,1967,0,dominant-party,5.645851154833181,7.41,0,0,0,10
820,Malaysia,1968,0,dominant-party,6.25569893067337,7.691,0,0,0,11
820,Malaysia,1969,0,dominant-party,6.7720875474929,7.981,0,0,0,12
820,Malaysia,1970,0,dominant-party,7.88977070030763,8.347,0,0,0,13
820,Malaysia,1971,0,dominant-party,9.752160524485953,8.839,0,0,0,14
820,Malaysia,1972,0,dominant-party,11.4146502992029,9.421,0,0,0,15
820,Malaysia,1973,0,dominant-party,14.050748733513352,10.221,0,0,0,16
820,Malaysia,1974,0,dominant-party,14.33418506262305,10.918,0,0,0,17
820,Malaysia,1975,0,dominant-party,11.625889635865372,11.324,0,0,0,18
820,Malaysia,1976,0,dominant-party,12.106169775324593,12.105,0,0,0,19
820,Malaysia,1977,0,dominant-party,11.844626371712263,12.842,0,0,0,20
820,Malaysia,1978,0,dominant-party,11.779320784520198,13.587,0,0,0,21
820,Malaysia,1979,0,dominant-party,12.018115885639569,14.395,0,0,0,22
820,Malaysia,1980,0,dominant-party,11.410489839069648,15.175,0,0,0,23
820,Malaysia,1981,0,dominant-party,10.490512492348781,15.885,0,0,0,24
820,Malaysia,1982,0,dominant-party,9.526077007526169,16.561,0,0,0,25
820,Malaysia,1983,0,dominant-party,8.222674264343578,17.131,0,0,0,26
820,Malaysia,1984,0,dominant-party,6.652978410623378,17.557,0,0,0,27
820,Malaysia,1985,0,dominant-party,3.0580388817936566,17.43,0,0,0,28
820,Malaysia,1986,0,dominant-party,0.33170391061452253,17.241,0,0,0,29
820,Malaysia,1987,0,dominant-party,1.077841556140946,17.574,0,0,0,30
820,Malaysia,1988,0,dominant-party,4.189348575576113,18.374,0,0,0,31
820,Malaysia,1989,0,dominant-party,8.212018996049885,19.505,0,0,0,32
820,Malaysia,1990,0,dominant-party,11.411648990762902,20.842,0,0,0,33
820,Malaysia,1991,0,dominant-party,13.09282323826524,22.301,0,0,0,34
820,Malaysia,1992,0,dominant-party,13.529473493412713,23.801,0,0,0,35
820,Malaysia,1993,0,dominant-party,13.71862125666896,25.45,0,0,0,36
820,Malaysia,1994,0,dominant-party,13.475681690777197,27.125,0,0,0,37
820,Malaysia,1995,0,dominant-party,13.264930199017066,28.9,0,0,0,38
820,Malaysia,1996,0,dominant-party,11.965824567093986,30.377,0,0,0,39
820,Malaysia,1997,0,dominant-party,8.60802015536426,31.038,0,0,0,40
820,Malaysia,1998,0,dominant-party,2.3619914404897413,30.232,0,0,0,41
820,Malaysia,1999,0,dominant-party,1.3683771932725408,30.654,0,0,0,42
820,Malaysia,2000,0,dominant-party,3.00390176131089,31.732,0,0,0,43
820,Malaysia,2001,0,dominant-party,3.104397897020772,32.123,0,0,0,44
820,Malaysia,2002,0,dominant-party,4.591820562074855,32.996,0,0,0,45
820,Malaysia,2003,0,dominant-party,5.592021826145599,34.136,0,0,0,46
820,Malaysia,2004,0,dominant-party,6.584211348318658,35.487,0,0,0,47
820,Malaysia,2005,0,dominant-party,7.564337057446102,36.932,0,0,0,48
820,Malaysia,2006,0,dominant-party,7.71851510364252,38.32,0,0,0,49
820,Malaysia,2007,0,dominant-party,7.83968730036706,39.839,0,0,0,50
820,Malaysia,2008,0,dominant-party,7.1413662833169855,41.066,0,0,0,51
820,Malaysia,2009,0,dominant-party,4.90388069973029,41.462,0,0,0,52
820,Malaysia,2010,0,dominant-party,5.674138277979268,43.062,0,0,0,53
820,Malaysia,2011,0,dominant-party,6.576675561136391,44.814,0,0,0,54
820,Malaysia,2012,0,dominant-party,7.112389964078369,46.457,0,0,0,55
820,Malaysia,2013,0,dominant-party,7.20063278694385,47.977,0,0,0,56
820,Malaysia,2014,0,dominant-party,6.505363579460832,49.345,0,0,0,57
820,Malaysia,2015,0,dominant-party,5.711334860927586,50.563,0,0,0,58
820,Malaysia,2016,0,dominant-party,5.571543966325576,52.017,0,0,0,59
820,Malaysia,2017,0,dominant-party,6.0873574815065945,53.837,0,0,0,60
820,Malaysia,2018,0,dominant-party,5.887873738244354,55.283,0,0,0,61
820,Malaysia,2019,0,parliamentary,4.618326883712598,56.016,0,0,0,62
820,Malaysia,2020,0,parliamentary,NA,NA,0,0,0,63
830,Singapore,1965,0,dominant-party,6.561185561968119,8.715,0,0,0,0
830,Singapore,1966,0,dominant-party,9.337589784517153,9.316,0,0,0,1
830,Singapore,1967,0,dominant-party,13.381696428571432,10.159,0,0,0,2
830,Singapore,1968,0,dominant-party,17.67168302739812,11.244,0,0,0,3
830,Singapore,1969,0,dominant-party,20.26462261425572,12.489,0,0,0,4
830,Singapore,1970,0,dominant-party,21.321273947871198,13.843,0,0,0,5
830,Singapore,1971,0,dominant-party,21.265015312842174,15.284,0,0,0,6
830,Singapore,1972,0,dominant-party,20.749031424881604,16.83,0,0,0,7
830,Singapore,1973,0,dominant-party,19.19964556104299,18.295,0,0,0,8
830,Singapore,1974,0,dominant-party,16.48839652373222,19.516,0,0,0,9
830,Singapore,1975,0,dominant-party,13.635610171177248,20.566,0,0,0,10
830,Singapore,1976,0,dominant-party,12.71036315323295,21.887,0,0,0,11
830,Singapore,1977,0,dominant-party,12.513276045186839,23.306,0,0,0,12
830,Singapore,1978,0,dominant-party,13.016091995752376,24.904,0,0,0,13
830,Singapore,1979,0,dominant-party,13.812168816343217,26.719,0,0,0,14
830,Singapore,1980,0,dominant-party,14.407927227541384,28.726,0,0,0,15
830,Singapore,1981,0,dominant-party,13.815534559327581,30.549,0,0,0,16
830,Singapore,1982,0,dominant-party,12.596939844896248,32.232,0,0,0,17
830,Singapore,1983,0,dominant-party,12.101605716798014,34.167,0,0,0,18
830,Singapore,1984,0,dominant-party,11.149959467069316,35.923,0,0,0,19
830,Singapore,1985,0,dominant-party,8.56513259841034,36.852,0,0,0,20
830,Singapore,1986,0,dominant-party,7.015185827314152,37.899,0,0,0,21
830,Singapore,1987,0,dominant-party,8.480697182832087,40.132,0,0,0,22
830,Singapore,1988,0,dominant-party,10.903555395015218,42.984,0,0,0,23
830,Singapore,1989,0,dominant-party,13.093837617395065,46.145,0,0,0,24
830,Singapore,1990,0,dominant-party,14.780127853544546,49.807,0,0,0,25
830,Singapore,1991,0,dominant-party,13.624594351998898,52.66,0,0,0,26
830,Singapore,1992,0,dominant-party,12.379827145307987,55.548,0,0,0,27
830,Singapore,1993,0,dominant-party,12.943344430373017,59.574,0,0,0,28
830,Singapore,1994,0,dominant-party,13.170984934950415,63.658,0,0,0,29
830,Singapore,1995,0,dominant-party,12.070988461357945,66.862,0,0,0,30
830,Singapore,1996,0,dominant-party,10.83579951964817,69.96,0,0,0,31
830,Singapore,1997,0,dominant-party,9.854235803143329,73.224,0,0,0,32
830,Singapore,1998,0,dominant-party,7.3609070877708405,74.84,0,0,0,33
830,Singapore,1999,0,dominant-party,7.153494837172358,77.706,0,0,0,34
830,Singapore,2000,0,dominant-party,8.547284597097438,82.004,0,0,0,35
830,Singapore,2001,0,dominant-party,6.123895889162734,82.925,0,0,0,36
830,Singapore,2002,0,dominant-party,5.541736349426851,84.944,0,0,0,37
830,Singapore,2003,0,dominant-party,5.71793785446737,87.833,0,0,0,38
830,Singapore,2004,0,dominant-party,8.572084278948576,93.671,0,0,0,39
830,Singapore,2005,0,dominant-party,11.312849472773113,100.054,0,0,0,40
830,Singapore,2006,0,dominant-party,12.19017709003487,106.026,0,0,0,41
830,Singapore,2007,0,dominant-party,10.680413282413003,110.187,0,0,0,42
830,Singapore,2008,0,dominant-party,6.187821101534374,110.536,0,0,0,43
830,Singapore,2009,0,dominant-party,4.293221482981391,112.489,0,0,0,44
830,Singapore,2010,0,dominant-party,7.194023283724094,119.865,0,0,0,45
830,Singapore,2011,0,dominant-party,7.985526482004146,124.806,0,0,0,46
830,Singapore,2012,0,dominant-party,7.373417349592604,127.903,0,0,0,47
830,Singapore,2013,0,dominant-party,5.967236978705515,130.448,0,0,0,48
830,Singapore,2014,0,dominant-party,4.513226606368725,132.931,0,0,0,49
830,Singapore,2015,0,dominant-party,3.2485024416044395,134.304,0,0,0,50
830,Singapore,2016,0,dominant-party,3.185772290817601,136.671,0,0,0,51
830,Singapore,2017,0,dominant-party,4.199226996173522,140.675,0,0,0,52
830,Singapore,2018,0,dominant-party,4.037849660010351,143.087,0,0,0,53
830,Singapore,2019,0,dominant-party,2.425707946082012,142.915,0,0,0,54
830,Singapore,2020,0,dominant-party,NA,NA,0,0,0,55
835,Brunei,1967,NA,other,NA,NA,0,NA,NA,NA
835,Brunei,1968,NA,other,NA,NA,0,NA,NA,NA
835,Brunei,1969,NA,other,NA,NA,0,NA,NA,NA
835,Brunei,1970,NA,other,NA,NA,0,NA,NA,NA
835,Brunei,1971,NA,other,NA,NA,0,NA,NA,NA
835,Brunei,1972,NA,other,NA,NA,0,NA,NA,NA
835,Brunei,1973,NA,other,NA,NA,0,NA,NA,NA
835,Brunei,1974,NA,other,NA,NA,0,NA,NA,NA
835,Brunei,1975,NA,other,NA,NA,0,NA,NA,NA
835,Brunei,1976,NA,other,NA,NA,0,NA,NA,NA
835,Brunei,1977,NA,other,NA,NA,0,NA,NA,NA
835,Brunei,1978,NA,other,NA,NA,0,NA,NA,NA
835,Brunei,1979,NA,other,NA,NA,0,NA,NA,NA
835,Brunei,1980,NA,other,NA,NA,0,NA,NA,NA
835,Brunei,1981,NA,other,NA,NA,0,NA,NA,NA
835,Brunei,1982,NA,other,NA,NA,0,NA,NA,NA
835,Brunei,1983,NA,other,NA,NA,0,NA,NA,NA
835,Brunei,1984,0,other,NA,NA,0,0,0,0
835,Brunei,1985,0,other,NA,NA,0,0,0,1
835,Brunei,1986,0,other,NA,NA,0,0,0,2
835,Brunei,1987,0,other,NA,NA,0,0,0,3
835,Brunei,1988,0,other,NA,NA,0,0,0,4
835,Brunei,1989,0,other,NA,NA,0,0,0,5
835,Brunei,1990,0,other,NA,NA,0,0,0,6
835,Brunei,1991,0,other,NA,NA,0,0,0,7
835,Brunei,1992,0,other,NA,NA,0,0,0,8
835,Brunei,1993,0,other,NA,NA,0,0,0,9
835,Brunei,1994,0,other,NA,NA,0,0,0,10
835,Brunei,1995,0,other,NA,NA,0,0,0,11
835,Brunei,1996,0,other,NA,NA,0,0,0,12
835,Brunei,1997,0,other,NA,NA,0,0,0,13
835,Brunei,1998,0,other,NA,NA,0,0,0,14
835,Brunei,1999,0,other,NA,NA,0,0,0,15
835,Brunei,2000,0,other,NA,NA,0,0,0,16
835,Brunei,2001,0,other,NA,NA,0,0,0,17
835,Brunei,2002,0,other,NA,NA,0,0,0,18
835,Brunei,2003,0,other,NA,NA,0,0,0,19
835,Brunei,2004,0,other,NA,NA,0,0,0,20
835,Brunei,2005,0,other,NA,NA,0,0,0,21
835,Brunei,2006,0,other,NA,NA,0,0,0,22
835,Brunei,2007,0,other,NA,NA,0,0,0,23
835,Brunei,2008,0,other,NA,NA,0,0,0,24
835,Brunei,2009,0,other,NA,NA,0,0,0,25
835,Brunei,2010,0,other,NA,NA,0,0,0,26
835,Brunei,2011,0,other,NA,NA,0,0,0,27
835,Brunei,2012,0,other,NA,NA,0,0,0,28
835,Brunei,2013,0,other,NA,NA,0,0,0,29
835,Brunei,2014,0,other,NA,NA,0,0,0,30
835,Brunei,2015,0,other,NA,NA,0,0,0,31
835,Brunei,2016,0,other,NA,NA,0,0,0,32
835,Brunei,2017,0,other,NA,NA,0,0,0,33
835,Brunei,2018,0,other,NA,NA,0,0,0,34
835,Brunei,2019,0,other,NA,NA,0,0,0,35
835,Brunei,2020,0,other,NA,NA,0,0,0,36
840,Philippines,1950,0,presidential,10.860719874804392,3.542,3,0,0,0
840,Philippines,1951,0,presidential,9.824186267521974,3.698,3,0,0,1
840,Philippines,1952,0,presidential,8.931599773883558,3.854,3,0,0,2
840,Philippines,1953,0,presidential,9.191057349605792,4.044,0,0,0,3
840,Philippines,1954,0,presidential,8.756332058306636,4.208,0,0,0,4
840,Philippines,1955,0,presidential,8.074595774228733,4.358,0,0,0,5
840,Philippines,1956,0,presidential,7.101947308132872,4.488,0,0,0,6
840,Philippines,1957,0,presidential,6.254605747973474,4.614,0,0,0,7
840,Philippines,1958,0,presidential,5.5017192872772736,4.725,0,0,0,8
840,Philippines,1959,0,presidential,5.856344011443926,4.884,0,0,0,9
840,Philippines,1960,0,presidential,6.067623899953678,5.038,0,0,0,10
840,Philippines,1961,0,presidential,5.872723552281567,5.174,0,0,0,11
840,Philippines,1962,0,presidential,5.53653876771214,5.303,0,0,0,12
840,Philippines,1963,0,presidential,5.160266336327024,5.433,0,0,0,13
840,Philippines,1964,0,presidential,4.142257832873497,5.511,0,0,0,14
840,Philippines,1965,0,presidential,3.579095417869582,5.597,0,0,0,15
840,Philippines,1966,0,presidential,3.355607205113298,5.692,0,0,0,16
840,Philippines,1967,0,presidential,3.449505939428521,5.8,0,0,0,17
840,Philippines,1968,0,presidential,3.8562664329535368,5.925,0,0,0,18
840,Philippines,1969,0,presidential,4.012526239719194,6.045,0,0,0,19
840,Philippines,1970,0,presidential,3.4948962347056023,6.124,0,0,0,20
840,Philippines,1971,0,presidential,4.128698764041228,6.285,0,0,0,21
840,Philippines,1972,0,presidential,4.9808801607362785,6.479,6,0,0,22
840,Philippines,1973,0,personal,6.486742424242409,6.747,6,0,0,23
840,Philippines,1974,0,personal,7.150519508382613,6.992,6,0,0,24
840,Philippines,1975,0,personal,7.490891857468673,7.258,6,0,0,25
840,Philippines,1976,0,personal,8.146267720128918,7.583,6,0,0,26
840,Philippines,1977,0,personal,7.514625504682915,7.829,6,0,0,27
840,Philippines,1978,0,personal,6.750808718247869,8.052,6,0,0,28
840,Philippines,1979,0,personal,5.531445006548363,8.219,6,0,0,29
840,Philippines,1980,0,personal,5.097843699364346,8.432,6,0,0,30
840,Philippines,1981,0,personal,4.358718653467264,8.581,6,0,0,31
840,Philippines,1982,0,personal,2.9773123076555885,8.633,6,0,0,32
840,Philippines,1983,0,personal,0.04487906273620279,8.471,6,0,0,33
840,Philippines,1984,0,personal,-4.469472436277422,8.058,6,0,0,34
840,Philippines,1985,0,personal,-7.415903986863393,7.668,6,0,0,35
840,Philippines,1986,1,personal,-6.00034626895204,7.601,6,1,1,0
840,Philippines,1987,1,presidential,-2.343354590545599,7.718,6,2,1,0
840,Philippines,1988,0,presidential,1.9667675265398366,7.953,6,2,1,1
840,Philippines,1989,1,presidential,4.550102249488752,8.18,6,3,1,0
840,Philippines,1990,1,presidential,4.198127453941414,8.28,6,4,1,0
840,Philippines,1991,0,presidential,2.3194217535521533,8.267,6,4,1,1
840,Philippines,1992,0,presidential,1.200790764649895,8.293,6,4,1,2
840,Philippines,1993,0,presidential,1.650340201708267,8.426,6,4,1,3
840,Philippines,1994,0,presidential,3.305588017839689,8.663,6,4,1,4
840,Philippines,1995,0,presidential,4.965954449401266,8.941,6,4,1,5
840,Philippines,1996,0,presidential,5.754651964162671,9.207,6,4,1,6
840,Philippines,1997,0,presidential,4.354270059059995,9.294,6,4,1,7
840,Philippines,1998,0,presidential,1.5340470146782748,9.2,6,4,1,8
840,Philippines,1999,0,presidential,0.2661837540636647,9.191,6,4,1,9
840,Philippines,2000,0,presidential,0.25138696255202486,9.252,6,4,1,10
840,Philippines,2001,0,presidential,0.8881877512209924,9.337,3,4,1,11
840,Philippines,2002,0,presidential,1.8861424511239289,9.464,3,4,1,12
840,Philippines,2003,0,presidential,2.9085636301603435,9.652,3,4,1,13
840,Philippines,2004,0,presidential,3.972355264263494,9.899,3,4,1,14
840,Philippines,2005,0,presidential,5.0664195242508425,10.203,3,4,1,15
840,Philippines,2006,0,presidential,5.944294843454867,10.544,3,4,1,16
840,Philippines,2007,0,presidential,6.787400960149892,10.944,3,4,1,17
840,Philippines,2008,0,presidential,6.988962806168719,11.322,3,4,1,18
840,Philippines,2009,0,presidential,6.410819516123123,11.629,3,4,1,19
840,Philippines,2010,0,presidential,7.200311135467685,12.128,3,4,1,20
840,Philippines,2011,0,presidential,7.426173294436755,12.594,3,4,1,21
840,Philippines,2012,0,presidential,8.055445935280204,13.143,3,4,1,22
840,Philippines,2013,0,presidential,8.532649962034933,13.722,3,4,1,23
840,Philippines,2014,0,presidential,8.186112925521405,14.244,3,4,1,24
840,Philippines,2015,0,presidential,7.416991973332165,14.694,3,4,1,25
840,Philippines,2016,0,presidential,7.573839662447246,15.297,5,4,1,26
840,Philippines,2017,0,presidential,7.730730703630506,15.917,5,4,1,27
840,Philippines,2018,0,presidential,6.937020531385163,16.365,5,4,1,28
840,Philippines,2019,0,presidential,4.8968352663502746,16.533,5,4,1,29
840,Philippines,2020,0,presidential,NA,NA,5,4,1,30
850,Indonesia,1950,0,personal,-3.508771929824561,2.805,3,0,0,0
850,Indonesia,1951,0,personal,0.8962330205853464,2.882,1,0,0,1
850,Indonesia,1952,0,personal,2.6760563380281654,2.916,1,0,0,2
850,Indonesia,1953,0,personal,4.093894089702399,2.98,2,0,0,3
850,Indonesia,1954,0,personal,4.621791370835604,3.065,1,0,0,4
850,Indonesia,1955,0,personal,4.732661371070024,3.138,1,0,0,5
850,Indonesia,1956,0,personal,4.659521631159325,3.203,1,0,0,6
850,Indonesia,1957,0,personal,4.660070220236201,3.279,4,0,0,7
850,Indonesia,1958,0,personal,3.2217704097591504,3.3,4,0,0,8
850,Indonesia,1959,0,personal,3.8268122163620744,3.386,4,0,0,9
850,Indonesia,1960,0,personal,5.038992201559678,3.502,4,0,0,10
850,Indonesia,1961,0,personal,5.096475280042223,3.584,4,0,0,11
850,Indonesia,1962,0,personal,1.8502457357617796,3.523,2,0,0,12
850,Indonesia,1963,0,personal,-1.8087855297157618,3.42,3,0,0,13
850,Indonesia,1964,0,personal,-2.78495549813379,3.386,3,0,0,14
850,Indonesia,1965,1,personal,-0.6508091919599113,3.45,8,1,1,0
850,Indonesia,1966,2,personal,-0.0406456857507842,3.443,8,2,1,0
850,Indonesia,1967,0,dominant-party,1.8889857599535098,3.506,2,2,1,1
850,Indonesia,1968,0,dominant-party,5.421341882299058,3.683,2,2,1,2
850,Indonesia,1969,0,dominant-party,8.398220244716349,3.898,2,2,1,3
850,Indonesia,1970,0,dominant-party,10.643657216356717,4.129,2,2,1,4
850,Indonesia,1971,0,dominant-party,11.281422440220723,4.356,2,2,1,5
850,Indonesia,1972,0,dominant-party,12.475276183125118,4.663,2,2,1,6
850,Indonesia,1973,0,dominant-party,14.274076755973919,5.05,2,2,1,7
850,Indonesia,1974,0,dominant-party,13.942042513471087,5.371,2,2,1,8
850,Indonesia,1975,0,dominant-party,11.46420434104809,5.577,4,2,1,9
850,Indonesia,1976,0,dominant-party,10.62530624552409,5.87,9,2,1,10
850,Indonesia,1977,0,dominant-party,9.904027971029983,6.161,9,2,1,11
850,Indonesia,1978,0,dominant-party,8.868085106382972,6.396,9,2,1,12
850,Indonesia,1979,0,dominant-party,8.672970329312024,6.666,9,2,1,13
850,Indonesia,1980,0,dominant-party,9.143302180685353,7.007,9,2,1,14
850,Indonesia,1981,0,dominant-party,8.659326231611608,7.283,9,2,1,15
850,Indonesia,1982,0,dominant-party,5.79944080938517,7.341,9,2,1,16
850,Indonesia,1983,0,dominant-party,4.337369613244224,7.462,9,2,1,17
850,Indonesia,1984,0,dominant-party,4.090686407925537,7.649,9,2,1,18
850,Indonesia,1985,0,dominant-party,3.5016134624103357,7.762,9,2,1,19
850,Indonesia,1986,0,dominant-party,3.6676548521656915,7.903,9,2,1,20
850,Indonesia,1987,0,dominant-party,4.055166735282012,8.088,9,2,1,21
850,Indonesia,1988,0,dominant-party,5.33393660608803,8.381,9,2,1,22
850,Indonesia,1989,0,dominant-party,7.633886053383465,8.815,9,2,1,23
850,Indonesia,1990,0,dominant-party,9.592264075477019,9.316,9,2,1,24
850,Indonesia,1991,0,dominant-party,10.9911854650117,9.872,9,2,1,25
850,Indonesia,1992,0,dominant-party,11.174044072071299,10.403,7,2,1,26
850,Indonesia,1993,0,dominant-party,11.188726234586643,10.983,2,2,1,27
850,Indonesia,1994,0,dominant-party,11.218642801019518,11.607,0,2,1,28
850,Indonesia,1995,0,dominant-party,11.152436590587467,12.253,0,2,1,29
850,Indonesia,1996,0,dominant-party,9.598260509422229,12.702,0,2,1,30
850,Indonesia,1997,0,dominant-party,4.819136910698862,12.611,1,2,1,31
850,Indonesia,1998,0,dominant-party,-3.8717413801599876,11.704,3,2,1,32
850,Indonesia,1999,0,dominant-party,-5.46768273614563,11.487,4,2,1,33
850,Indonesia,2000,0,presidential,-3.6886610293628164,11.572,2,2,1,34
850,Indonesia,2001,0,presidential,-0.5580451509258566,11.761,3,2,1,35
850,Indonesia,2002,0,presidential,2.8613377949260776,12.05,2,2,1,36
850,Indonesia,2003,0,presidential,4.559337191839763,12.393,1,2,1,37
850,Indonesia,2004,0,presidential,6.016624884549415,12.856,1,2,1,38
850,Indonesia,2005,0,presidential,7.350375362156458,13.413,1,2,1,39
850,Indonesia,2006,0,presidential,8.908905821019818,14.122,0,2,1,40
850,Indonesia,2007,0,presidential,10.260348213890168,14.933,0,2,1,41
850,Indonesia,2008,0,presidential,11.930247892145186,15.957,0,2,1,42
850,Indonesia,2009,0,presidential,12.340092361590326,16.931,0,2,1,43
850,Indonesia,2010,0,presidential,12.861089236384537,18.058,0,2,1,44
850,Indonesia,2011,0,presidential,12.840855665256212,19.201,0,2,1,45
850,Indonesia,2012,0,presidential,11.421322608878715,20.114,0,2,1,46
850,Indonesia,2013,0,presidential,9.473053514553298,20.829,0,2,1,47
850,Indonesia,2014,0,presidential,7.5772782015254725,21.438,0,2,1,48
850,Indonesia,2015,0,presidential,5.929747275678188,21.93,0,2,1,49
850,Indonesia,2016,0,presidential,5.304058798745381,22.494,0,2,1,50
850,Indonesia,2017,0,presidential,4.6922024623802905,22.959,0,2,1,51
850,Indonesia,2018,0,presidential,4.230347642430021,23.392,0,2,1,52
850,Indonesia,2019,0,presidential,2.474271950952467,23.4,0,2,1,53
850,Indonesia,2020,0,presidential,NA,NA,0,2,1,54
860,East Timor,2002,0,presidential,0.4577731319612255,5.574,0,0,0,0
860,East Timor,2003,0,presidential,-1.742864359686802,5.446,0,0,0,1
860,East Timor,2004,0,presidential,-2.691135935006539,5.366,0,0,0,2
860,East Timor,2005,0,presidential,-2.4216524216524205,5.343,0,0,0,3
860,East Timor,2006,0,presidential,-0.9928397431165581,5.365,0,0,0,4
860,East Timor,2007,0,presidential,3.1131275128176705,5.591,0,0,0,5
860,East Timor,2008,0,presidential,7.7597132201180585,5.952,0,0,0,6
860,East Timor,2009,0,presidential,11.091690844898094,6.356,0,0,0,7
860,East Timor,2010,0,presidential,12.344197827101254,6.742,0,0,0,8
860,East Timor,2011,0,presidential,11.451007600365815,7.068,0,0,0,9
860,East Timor,2012,0,presidential,9.432946524703901,7.318,0,0,0,10
860,East Timor,2013,0,presidential,6.854723350689462,7.47,0,0,0,11
860,East Timor,2014,0,presidential,4.442723173531782,7.551,0,0,0,12
860,East Timor,2015,0,presidential,1.6391221891086438,7.503,0,0,0,13
860,East Timor,2016,0,presidential,0.1554251413564911,7.475,0,0,0,14
860,East Timor,2017,0,presidential,-1.163412677186415,7.391,0,0,0,15
860,East Timor,2018,0,presidential,-0.7608025931581386,7.409,0,0,0,16
860,East Timor,2019,0,presidential,1.5254917703733328,7.587,0,0,0,17
860,East Timor,2020,0,presidential,NA,NA,0,0,0,18
900,Australia,1950,0,parliamentary,4.041019996876649,27.981,0,0,0,0
900,Australia,1951,0,parliamentary,3.844604738017643,28.361,0,0,0,1
900,Australia,1952,0,parliamentary,3.089558357125921,28.669,0,0,0,2
900,Australia,1953,0,parliamentary,2.986593544830707,29.145,0,0,0,3
900,Australia,1954,0,parliamentary,3.4156916150190453,29.768,0,0,0,4
900,Australia,1955,0,parliamentary,4.144189667181064,30.503,0,0,0,5
900,Australia,1956,0,parliamentary,3.9755044000858497,31.003,0,0,0,6
900,Australia,1957,0,parliamentary,3.313326437432873,31.362,0,0,0,7
900,Australia,1958,0,parliamentary,3.727615243930016,32.101,0,0,0,8
900,Australia,1959,0,parliamentary,4.791119825432477,33.136,0,0,0,9
900,Australia,1960,0,parliamentary,5.772439105772453,34.236,0,0,0,10
900,Australia,1961,0,parliamentary,5.1241654895995525,34.831,0,0,0,11
900,Australia,1962,0,parliamentary,5.0068232083196,35.704,0,0,0,12
900,Australia,1963,0,parliamentary,5.644234233719003,36.944,0,0,0,13
900,Australia,1964,0,parliamentary,6.443424940570086,38.329,0,0,0,14
900,Australia,1965,0,parliamentary,6.757573142314666,39.584,0,0,0,15
900,Australia,1966,0,parliamentary,6.325009805203297,40.664,0,0,0,16
900,Australia,1967,0,parliamentary,6.785634822710818,42.235,0,0,0,17
900,Australia,1968,0,parliamentary,7.248748320918286,43.913,0,0,0,18
900,Australia,1969,0,parliamentary,7.811896029942766,45.742,0,0,0,19
900,Australia,1970,0,parliamentary,7.71591606611044,47.381,0,0,0,20
900,Australia,1971,0,parliamentary,6.428568292286685,48.478,0,0,0,21
900,Australia,1972,0,parliamentary,5.3128749776609085,49.5,0,0,0,22
900,Australia,1973,0,parliamentary,5.040818435465533,50.824,0,0,0,23
900,Australia,1974,0,parliamentary,4.519193165370461,51.848,0,0,0,24
900,Australia,1975,0,parliamentary,4.271852319343639,52.87,0,0,0,25
900,Australia,1976,0,parliamentary,4.34475545795916,54.075,0,0,0,26
900,Australia,1977,0,parliamentary,3.9252809710601744,55.001,0,0,0,27
900,Australia,1978,0,parliamentary,3.722664808176379,55.959,0,0,0,28
900,Australia,1979,0,parliamentary,4.015003107475024,57.238,0,0,0,29
900,Australia,1980,0,parliamentary,3.8253411472815246,58.251,0,0,0,30
900,Australia,1981,0,parliamentary,3.8525054755890187,59.365,0,0,0,31
900,Australia,1982,0,parliamentary,3.070356459889667,59.935,0,0,0,32
900,Australia,1983,0,parliamentary,2.452784823415066,60.508,0,0,0,33
900,Australia,1984,0,parliamentary,3.7276985614552505,62.314,0,0,0,34
900,Australia,1985,0,parliamentary,4.589028791664629,64.043,0,0,0,35
900,Australia,1986,0,parliamentary,4.678504954332996,65.351,0,0,0,36
900,Australia,1987,0,parliamentary,4.953277176143334,67.007,0,0,0,37
900,Australia,1988,0,parliamentary,5.145478742887821,68.893,0,0,0,38
900,Australia,1989,0,parliamentary,4.8562227988072415,70.399,0,0,0,39
900,Australia,1990,0,parliamentary,3.064433170457992,70.534,0,0,0,40
900,Australia,1991,0,parliamentary,1.5082726118537115,70.518,0,0,0,41
900,Australia,1992,0,parliamentary,1.3832092502118698,71.302,0,0,0,42
900,Australia,1993,0,parliamentary,2.6517706576728584,73.047,0,0,0,43
900,Australia,1994,0,parliamentary,4.531383802748601,75.438,0,0,0,44
900,Australia,1995,0,parliamentary,5.505970984872777,77.641,0,0,0,45
900,Australia,1996,0,parliamentary,6.109886850023294,80.124,0,0,0,46
900,Australia,1997,0,parliamentary,6.343240415341622,82.731,0,0,0,47
900,Australia,1998,0,parliamentary,6.362804976812919,85.367,0,0,0,48
900,Australia,1999,0,parliamentary,6.466564578693901,88.159,0,0,0,49
900,Australia,2000,0,parliamentary,5.994054437736751,90.492,0,0,0,50
900,Australia,2001,0,parliamentary,5.101859528603581,92.287,0,0,0,51
900,Australia,2002,0,parliamentary,4.82652760186415,94.516,0,0,0,52
900,Australia,2003,0,parliamentary,4.706905466007005,96.803,0,0,0,53
900,Australia,2004,0,parliamentary,4.904240780521585,99.329,0,0,0,54
900,Australia,2005,0,parliamentary,4.859097522469069,101.62,0,0,0,55
900,Australia,2006,0,parliamentary,4.354772336665769,103.464,0,0,0,56
900,Australia,2007,0,parliamentary,4.015743990398857,105.39,0,0,0,57
900,Australia,2008,0,parliamentary,3.5149333875134303,106.992,0,0,0,58
900,Australia,2009,0,parliamentary,2.6593061438157317,107.859,0,0,0,59
900,Australia,2010,0,parliamentary,2.604192068309641,109.397,0,0,0,60
900,Australia,2011,0,parliamentary,2.5307743118451187,110.829,0,0,0,61
900,Australia,2012,0,parliamentary,2.220405864519215,111.805,0,0,0,62
900,Australia,2013,0,parliamentary,1.585001358572602,112.16,0,0,0,63
900,Australia,2014,0,parliamentary,0.6295471791754936,111.923,0,0,0,64
900,Australia,2015,0,parliamentary,-1.0408530793773796,110.23,0,0,0,65
900,Australia,2016,0,parliamentary,-0.46570999229801346,110.881,0,0,0,66
900,Australia,2017,0,parliamentary,1.235005804204814,113.022,0,0,0,67
900,Australia,2018,0,parliamentary,2.200997048095532,114.599,0,0,0,68
900,Australia,2019,0,parliamentary,2.2387212979903204,115.34,0,0,0,69
900,Australia,2020,0,parliamentary,NA,NA,0,0,0,70
910,Papua New Guinea,1975,0,parliamentary,4.368482754365388,6.766,0,0,0,0
910,Papua New Guinea,1976,0,parliamentary,2.1886792452830095,6.77,0,0,0,1
910,Papua New Guinea,1977,0,parliamentary,1.1575313932036035,6.799,0,0,0,2
910,Papua New Guinea,1978,0,parliamentary,1.1239269594973234,6.856,0,0,0,3
910,Papua New Guinea,1979,0,parliamentary,0.672619397286045,6.855,0,0,0,4
910,Papua New Guinea,1980,0,parliamentary,-0.3522160258291773,6.79,0,0,0,5
910,Papua New Guinea,1981,0,parliamentary,-1.045951345634033,6.736,0,0,0,6
910,Papua New Guinea,1982,0,parliamentary,-1.1222055315012858,6.714,0,0,0,7
910,Papua New Guinea,1983,0,parliamentary,-0.8610486448100363,6.701,0,0,0,8
910,Papua New Guinea,1984,0,parliamentary,-0.4548427373803343,6.697,0,0,0,9
910,Papua New Guinea,1985,0,parliamentary,-0.08345006407772804,6.705,0,0,0,10
910,Papua New Guinea,1986,0,parliamentary,0.31894598783832606,6.731,0,0,0,11
910,Papua New Guinea,1987,0,parliamentary,0.3395788031336666,6.737,0,0,0,12
910,Papua New Guinea,1988,0,parliamentary,0.22019877402845722,6.736,1,0,0,13
910,Papua New Guinea,1989,0,parliamentary,-0.14572924101832196,6.715,1,0,0,14
910,Papua New Guinea,1990,1,parliamentary,-0.2944325481798682,6.705,1,1,1,0
910,Papua New Guinea,1991,0,parliamentary,2.9498612177405015,6.973,1,1,1,1
910,Papua New Guinea,1992,0,parliamentary,7.485965623010604,7.429,1,1,1,2
910,Papua New Guinea,1993,0,parliamentary,10.946414587761488,7.934,1,1,1,3
910,Papua New Guinea,1994,0,parliamentary,10.093713917456547,8.2,1,1,1,4
910,Papua New Guinea,1995,0,parliamentary,5.997264586720341,8.215,1,1,1,5
910,Papua New Guinea,1996,0,parliamentary,2.5166358132786337,8.196,1,1,1,6
910,Papua New Guinea,1997,0,parliamentary,-1.7405258610048047,7.96,1,1,1,7
910,Papua New Guinea,1998,0,parliamentary,-4.578540729883473,7.682,0,1,1,8
910,Papua New Guinea,1999,0,parliamentary,-5.734177215189873,7.447,0,1,1,9
910,Papua New Guinea,2000,0,parliamentary,-6.214293133894255,7.223,0,1,1,10
910,Papua New Guinea,2001,0,parliamentary,-5.565962001605573,7.058,0,1,1,11
910,Papua New Guinea,2002,0,parliamentary,-4.305628110307669,6.961,0,1,1,12
910,Papua New Guinea,2003,0,parliamentary,-2.460580214353847,6.953,0,1,1,13
910,Papua New Guinea,2004,0,parliamentary,-0.2583685869225749,7.026,0,1,1,14
910,Papua New Guinea,2005,0,parliamentary,2.2446370223043077,7.197,0,1,1,15
910,Papua New Guinea,2006,0,parliamentary,4.172528276405374,7.405,0,1,1,16
910,Papua New Guinea,2007,0,parliamentary,5.583462132921158,7.651,0,1,1,17
910,Papua New Guinea,2008,0,parliamentary,5.861131303341138,7.864,0,1,1,18
910,Papua New Guinea,2009,0,parliamentary,6.82767624020888,8.183,0,1,1,19
910,Papua New Guinea,2010,0,parliamentary,7.810253953042645,8.55,0,1,1,20
910,Papua New Guinea,2011,0,parliamentary,7.392437118020889,8.821,0,1,1,21
910,Papua New Guinea,2012,1,parliamentary,7.2352028583517525,9.124,0,2,1,0
910,Papua New Guinea,2013,0,parliamentary,6.905620168219628,9.431,0,2,1,1
910,Papua New Guinea,2014,0,parliamentary,7.26310726310726,9.812,0,2,1,2
910,Papua New Guinea,2015,0,parliamentary,6.209496378499724,10.03,0,2,1,3
910,Papua New Guinea,2016,0,parliamentary,5.261534665679757,10.239,0,2,1,4
910,Papua New Guinea,2017,0,parliamentary,3.9135490597056677,10.366,0,2,1,5
910,Papua New Guinea,2018,0,parliamentary,2.4474149793591637,10.423,0,2,1,6
910,Papua New Guinea,2019,0,parliamentary,1.8734000465441047,10.506,0,2,1,7
910,Papua New Guinea,2020,0,parliamentary,NA,NA,0,2,1,8
920,New Zealand,1950,0,parliamentary,4.6867040244523706,27.126,0,0,0,0
920,New Zealand,1951,0,parliamentary,2.4078975388640345,26.93,0,0,0,1
920,New Zealand,1952,0,parliamentary,2.317313329625237,27.225,0,0,0,2
920,New Zealand,1953,0,parliamentary,2.7301610758090566,27.807,0,0,0,3
920,New Zealand,1954,0,parliamentary,5.108453273869862,29.036,0,0,0,4
920,New Zealand,1955,0,parliamentary,5.514368776077383,29.689,0,0,0,5
920,New Zealand,1956,0,parliamentary,5.1804084352570445,30.305,0,0,0,6
920,New Zealand,1957,0,parliamentary,4.315255454182165,30.802,0,0,0,7
920,New Zealand,1958,0,parliamentary,3.9423324806155513,31.449,0,0,0,8
920,New Zealand,1959,0,parliamentary,4.274976206970238,32.212,0,0,0,9
920,New Zealand,1960,0,parliamentary,3.6619843584221323,32.633,0,0,0,10
920,New Zealand,1961,0,parliamentary,3.7265221620812694,33.268,0,0,0,11
920,New Zealand,1962,0,parliamentary,3.5555827545056706,33.843,0,0,0,12
920,New Zealand,1963,0,parliamentary,4.251516042155279,34.761,0,0,0,13
920,New Zealand,1964,0,parliamentary,4.9710127050696995,35.742,0,0,0,14
920,New Zealand,1965,0,parliamentary,5.676986028172881,36.88,0,0,0,15
920,New Zealand,1966,0,parliamentary,5.260362802918062,37.659,0,0,0,16
920,New Zealand,1967,0,parliamentary,2.8096502998603334,37.543,0,0,0,17
920,New Zealand,1968,0,parliamentary,2.2365850639600726,37.995,0,0,0,18
920,New Zealand,1969,0,parliamentary,4.264890463985482,39.541,0,0,0,19
920,New Zealand,1970,0,parliamentary,5.869966867252252,41.028,0,0,0,20
920,New Zealand,1971,0,parliamentary,7.044685649844951,42.525,0,0,0,21
920,New Zealand,1972,0,parliamentary,7.352826472710272,44.043,0,0,0,22
920,New Zealand,1973,0,parliamentary,7.366531824225597,45.704,0,0,0,23
920,New Zealand,1974,0,parliamentary,5.878393130048765,46.556,0,0,0,24
920,New Zealand,1975,0,parliamentary,3.1424069594549575,46.477,0,0,0,25
920,New Zealand,1976,0,parliamentary,1.6024830640731569,46.614,0,0,0,26
920,New Zealand,1977,0,parliamentary,-0.31057107931008465,46.158,0,0,0,27
920,New Zealand,1978,0,parliamentary,-0.346900519273452,46.25,0,0,0,28
920,New Zealand,1979,0,parliamentary,0.4329563812601078,46.626,0,0,0,29
920,New Zealand,1980,0,parliamentary,1.4170083947012468,47.237,0,0,0,30
920,New Zealand,1981,0,parliamentary,3.4154587726320518,48.573,0,0,0,31
920,New Zealand,1982,0,parliamentary,3.983545313352632,49.544,0,0,0,32
920,New Zealand,1983,0,parliamentary,4.517213533512421,50.736,0,0,0,33
920,New Zealand,1984,0,parliamentary,4.6891379727441285,51.93,0,0,0,34
920,New Zealand,1985,0,parliamentary,3.928306531791015,52.685,0,0,0,35
920,New Zealand,1986,0,parliamentary,3.971208448820396,53.792,0,0,0,36
920,New Zealand,1987,0,parliamentary,3.2932598378597966,54.456,0,0,0,37
920,New Zealand,1988,0,parliamentary,2.677771472942303,55.009,0,0,0,38
920,New Zealand,1989,0,parliamentary,1.662399374294421,55.112,0,0,0,39
920,New Zealand,1990,0,parliamentary,0.33200579820491516,54.819,0,0,0,40
920,New Zealand,1991,0,parliamentary,-1.2861877482934991,53.97,0,0,0,41
920,New Zealand,1992,0,parliamentary,-0.6552216406164102,54.28,0,0,0,42
920,New Zealand,1993,0,parliamentary,2.0163585156215635,55.927,0,0,0,43
920,New Zealand,1994,0,parliamentary,4.767422134150534,58.051,0,0,0,44
920,New Zealand,1995,0,parliamentary,6.10862375174146,59.865,0,0,0,45
920,New Zealand,1996,0,parliamentary,5.743705670081711,61.185,0,0,0,46
920,New Zealand,1997,0,parliamentary,4.453824223391334,62.065,0,0,0,47
920,New Zealand,1998,0,parliamentary,3.3219072181905673,62.816,0,0,0,48
920,New Zealand,1999,0,parliamentary,3.887820481846216,64.5,0,0,0,49
920,New Zealand,2000,0,parliamentary,4.2074070329851,65.971,0,0,0,50
920,New Zealand,2001,0,parliamentary,4.468456858201453,67.444,0,0,0,51
920,New Zealand,2002,0,parliamentary,4.8308871226864,69.167,0,0,0,52
920,New Zealand,2003,0,parliamentary,4.7632859392203075,70.794,0,0,0,53
920,New Zealand,2004,0,parliamentary,4.237663552213644,72.003,0,0,0,54
920,New Zealand,2005,0,parliamentary,3.6271194134870566,73.048,0,0,0,55
920,New Zealand,2006,0,parliamentary,3.1402123180091612,74.072,0,0,0,56
920,New Zealand,2007,0,parliamentary,2.9067330687113424,75.132,0,0,0,57
920,New Zealand,2008,0,parliamentary,1.8027844236827573,75.229,0,0,0,58
920,New Zealand,2009,0,parliamentary,1.4520130973242562,75.725,0,0,0,59
920,New Zealand,2010,0,parliamentary,1.6176427648047165,76.563,0,0,0,60
920,New Zealand,2011,0,parliamentary,2.016421725911832,77.579,0,0,0,61
920,New Zealand,2012,0,parliamentary,2.4476308122110435,78.622,0,0,0,62
920,New Zealand,2013,0,parliamentary,2.316059784920732,79.368,0,0,0,63
920,New Zealand,2014,0,parliamentary,1.8876828692779624,79.883,0,0,0,64
920,New Zealand,2015,0,parliamentary,0.36688228602121953,79.225,0,0,0,65
920,New Zealand,2016,0,parliamentary,0.6905792100902142,79.96,0,0,0,66
920,New Zealand,2017,0,parliamentary,2.068410503006657,81.678,0,0,0,67
920,New Zealand,2018,0,parliamentary,2.6594584952033706,82.87,0,0,0,68
920,New Zealand,2019,0,parliamentary,2.5279933208918637,83.507,0,0,0,69
920,New Zealand,2020,0,parliamentary,NA,NA,0,0,0,70
935,Vanuatu,1980,0,parliamentary,-0.1463057790782707,5.733,0,0,0,0
935,Vanuatu,1981,0,parliamentary,-0.5118027992479623,5.715,0,0,0,1
935,Vanuatu,1982,0,parliamentary,0.05564443207901615,5.754,0,0,0,2
935,Vanuatu,1983,0,parliamentary,1.1512587558083043,5.834,0,0,0,3
935,Vanuatu,1984,0,parliamentary,2.2515367083361992,5.922,0,0,0,4
935,Vanuatu,1985,0,parliamentary,1.4927934111187424,5.915,0,0,0,5
935,Vanuatu,1986,0,parliamentary,0.051220761481984844,5.86,0,0,0,6
935,Vanuatu,1987,0,parliamentary,-1.3200532114472807,5.786,0,0,0,7
935,Vanuatu,1988,0,parliamentary,-1.789686206070551,5.74,0,0,0,8
935,Vanuatu,1989,0,parliamentary,-0.8015687353791101,5.767,0,0,0,9
935,Vanuatu,1990,0,parliamentary,1.1816584559203536,5.874,0,0,0,10
935,Vanuatu,1991,0,parliamentary,2.119328135197329,5.946,0,0,0,11
935,Vanuatu,1992,0,parliamentary,2.335492669621564,6.003,0,0,0,12
935,Vanuatu,1993,0,parliamentary,2.084879562782538,6.052,0,0,0,13
935,Vanuatu,1994,0,parliamentary,2.586723483587461,6.163,0,0,0,14
935,Vanuatu,1995,0,parliamentary,2.133895346922654,6.203,0,0,0,15
935,Vanuatu,1996,0,parliamentary,1.8747962178023991,6.249,0,0,0,16
935,Vanuatu,1997,0,parliamentary,1.914014589116264,6.315,0,0,0,17
935,Vanuatu,1998,0,parliamentary,1.0689368239134467,6.316,0,0,0,18
935,Vanuatu,1999,0,parliamentary,0.29639544889568104,6.294,0,0,0,19
935,Vanuatu,2000,0,parliamentary,-0.20985024323549872,6.277,0,0,0,20
935,Vanuatu,2001,0,parliamentary,-2.061197792029612,6.139,0,0,0,21
935,Vanuatu,2002,0,parliamentary,-3.1769557932723402,6.01,0,0,0,22
935,Vanuatu,2003,0,parliamentary,-2.186645841468182,6.012,0,0,0,23
935,Vanuatu,2004,0,parliamentary,-0.4391426886019678,6.076,0,0,0,24
935,Vanuatu,2005,0,parliamentary,1.9543438988339767,6.208,0,0,0,25
935,Vanuatu,2006,0,parliamentary,4.471782854911144,6.42,0,0,0,26
935,Vanuatu,2007,0,parliamentary,5.377442840720392,6.6,0,0,0,27
935,Vanuatu,2008,0,parliamentary,5.672432600903843,6.781,0,0,0,28
935,Vanuatu,2009,0,parliamentary,4.666362669098656,6.886,0,0,0,29
935,Vanuatu,2010,0,parliamentary,2.8956609725611537,6.915,0,0,0,30
935,Vanuatu,2011,0,parliamentary,1.0742904106372242,6.887,0,0,0,31
935,Vanuatu,2012,0,parliamentary,-0.34103827207274673,6.838,0,0,0,32
935,Vanuatu,2013,0,parliamentary,-1.3940737284181104,6.762,0,0,0,33
935,Vanuatu,2014,0,parliamentary,-2.4615926915959263,6.641,0,0,0,34
935,Vanuatu,2015,0,parliamentary,-3.3903345724907052,6.497,0,0,0,35
935,Vanuatu,2016,0,parliamentary,-2.6685943194482142,6.463,0,0,0,36
935,Vanuatu,2017,0,parliamentary,-1.6790589956118929,6.453,0,0,0,37
935,Vanuatu,2018,0,parliamentary,-0.5103609420156197,6.472,0,0,0,38
935,Vanuatu,2019,0,parliamentary,0.30573484450757693,6.496,0,0,0,39
935,Vanuatu,2020,0,parliamentary,NA,NA,0,0,0,40
940,Solomon Islands,1978,0,parliamentary,17.997566195291846,5.624,0,0,0,0
940,Solomon Islands,1979,0,parliamentary,18.26093653727665,6.142,0,0,0,1
940,Solomon Islands,1980,0,parliamentary,18.63032055577105,6.728,0,0,0,2
940,Solomon Islands,1981,0,parliamentary,15.015142140740512,7.064,0,0,0,3
940,Solomon Islands,1982,0,parliamentary,10.396341463414638,7.242,0,0,0,4
940,Solomon Islands,1983,0,parliamentary,6.612431603022495,7.365,0,0,0,5
940,Solomon Islands,1984,0,parliamentary,3.5984478378604745,7.422,0,0,0,6
940,Solomon Islands,1985,0,parliamentary,0.9081181925430171,7.356,0,0,0,7
940,Solomon Islands,1986,0,parliamentary,-0.3951492028886783,7.31,0,0,0,8
940,Solomon Islands,1987,0,parliamentary,-0.17663043478260976,7.347,0,0,0,9
940,Solomon Islands,1988,0,parliamentary,0.41539965247612276,7.397,0,0,0,10
940,Solomon Islands,1989,0,parliamentary,1.1554422414494558,7.459,0,0,0,11
940,Solomon Islands,1990,0,parliamentary,1.7891356558814797,7.544,0,0,0,12
940,Solomon Islands,1991,0,parliamentary,3.299282532739456,7.746,0,0,0,13
940,Solomon Islands,1992,0,parliamentary,5.8522043826159775,8.096,0,0,0,14
940,Solomon Islands,1993,0,parliamentary,6.929860332347837,8.391,0,0,0,15
940,Solomon Islands,1994,0,parliamentary,7.342328983788038,8.687,0,0,0,16
940,Solomon Islands,1995,0,parliamentary,6.436649690361773,8.903,0,0,0,17
940,Solomon Islands,1996,0,parliamentary,3.6083193746510256,8.907,0,0,0,18
940,Solomon Islands,1997,0,parliamentary,0.018343575162793613,8.724,0,0,0,19
940,Solomon Islands,1998,0,parliamentary,-3.4663673020527863,8.427,1,0,0,20
940,Solomon Islands,1999,0,parliamentary,-7.0723301196963355,7.981,1,0,0,21
940,Solomon Islands,2000,0,parliamentary,-11.05931794029561,7.365,1,0,0,22
940,Solomon Islands,2001,0,parliamentary,-12.723208615916082,6.872,1,0,0,23
940,Solomon Islands,2002,0,parliamentary,-11.895161290322577,6.555,1,0,0,24
940,Solomon Islands,2003,0,parliamentary,-7.954062101233516,6.492,1,0,0,25
940,Solomon Islands,2004,0,parliamentary,-3.156214906318333,6.554,0,0,0,26
940,Solomon Islands,2005,0,parliamentary,0.9015256588072118,6.693,0,0,0,27
940,Solomon Islands,2006,0,parliamentary,3.3010470414290616,6.847,0,0,0,28
940,Solomon Islands,2007,0,parliamentary,4.445634708087831,7.02,0,0,0,29
940,Solomon Islands,2008,0,parliamentary,5.2125800815375545,7.226,0,0,0,30
940,Solomon Islands,2009,0,parliamentary,5.514225680049978,7.432,0,0,0,31
940,Solomon Islands,2010,0,parliamentary,6.3127967318096445,7.703,0,0,0,32
940,Solomon Islands,2011,0,parliamentary,6.458785394733324,7.948,0,0,0,33
940,Solomon Islands,2012,0,parliamentary,5.207627780961799,8.077,0,0,0,34
940,Solomon Islands,2013,0,parliamentary,3.6430243207489443,8.148,0,0,0,35
940,Solomon Islands,2014,0,parliamentary,1.5699215039248093,8.126,0,0,0,36
940,Solomon Islands,2015,0,parliamentary,-0.3842816412545025,8.036,0,0,0,37
940,Solomon Islands,2016,0,parliamentary,-0.007410517995209975,8.096,0,0,0,38
940,Solomon Islands,2017,0,parliamentary,0.43894259222727605,8.146,0,0,0,39
940,Solomon Islands,2018,0,parliamentary,0.847478505087329,8.187,0,0,0,40
940,Solomon Islands,2019,0,parliamentary,0.7452591189709201,8.192,0,0,0,41
940,Solomon Islands,2020,0,parliamentary,NA,NA,0,0,0,42
970,Kiribati,1979,0,presidential,NA,NA,0,0,0,0
970,Kiribati,1980,0,presidential,NA,NA,0,0,0,1
970,Kiribati,1981,0,presidential,NA,NA,0,0,0,2
970,Kiribati,1982,0,presidential,NA,NA,0,0,0,3
970,Kiribati,1983,0,presidential,NA,NA,0,0,0,4
970,Kiribati,1984,0,presidential,NA,NA,0,0,0,5
970,Kiribati,1985,0,presidential,NA,NA,0,0,0,6
970,Kiribati,1986,0,presidential,NA,NA,0,0,0,7
970,Kiribati,1987,0,presidential,NA,NA,0,0,0,8
970,Kiribati,1988,0,presidential,NA,NA,0,0,0,9
970,Kiribati,1989,0,presidential,NA,NA,0,0,0,10
970,Kiribati,1990,0,presidential,NA,NA,0,0,0,11
970,Kiribati,1991,0,presidential,NA,NA,0,0,0,12
970,Kiribati,1992,0,presidential,NA,NA,0,0,0,13
970,Kiribati,1993,0,presidential,NA,NA,0,0,0,14
970,Kiribati,1994,0,presidential,NA,NA,0,0,0,15
970,Kiribati,1995,0,presidential,NA,NA,0,0,0,16
970,Kiribati,1996,0,presidential,NA,NA,0,0,0,17
970,Kiribati,1997,0,presidential,NA,NA,0,0,0,18
970,Kiribati,1998,0,presidential,NA,NA,0,0,0,19
970,Kiribati,1999,0,presidential,NA,NA,0,0,0,20
970,Kiribati,2000,0,presidential,NA,NA,0,0,0,21
970,Kiribati,2001,0,presidential,NA,NA,0,0,0,22
970,Kiribati,2002,0,presidential,NA,NA,0,0,0,23
970,Kiribati,2003,0,presidential,NA,NA,0,0,0,24
970,Kiribati,2004,0,presidential,NA,NA,0,0,0,25
970,Kiribati,2005,0,presidential,NA,NA,0,0,0,26
970,Kiribati,2006,0,presidential,NA,NA,0,0,0,27
970,Kiribati,2007,0,presidential,NA,NA,0,0,0,28
970,Kiribati,2008,0,presidential,NA,NA,0,0,0,29
970,Kiribati,2009,0,presidential,NA,NA,0,0,0,30
970,Kiribati,2010,0,presidential,NA,NA,0,0,0,31
970,Kiribati,2011,0,presidential,NA,NA,0,0,0,32
970,Kiribati,2012,0,presidential,NA,NA,0,0,0,33
970,Kiribati,2013,0,presidential,NA,NA,0,0,0,34
970,Kiribati,2014,0,presidential,NA,NA,0,0,0,35
970,Kiribati,2015,0,presidential,NA,NA,0,0,0,36
970,Kiribati,2016,0,presidential,NA,NA,0,0,0,37
970,Kiribati,2017,0,presidential,NA,NA,0,0,0,38
970,Kiribati,2018,0,presidential,NA,NA,0,0,0,39
970,Kiribati,2019,0,presidential,NA,NA,0,0,0,40
970,Kiribati,2020,0,presidential,NA,NA,0,0,0,41
973,Tuvalu,1978,0,parliamentary,NA,NA,0,0,0,0
973,Tuvalu,1979,0,parliamentary,NA,NA,0,0,0,1
973,Tuvalu,1980,0,parliamentary,NA,NA,0,0,0,2
973,Tuvalu,1981,0,parliamentary,NA,NA,0,0,0,3
973,Tuvalu,1982,0,parliamentary,NA,NA,0,0,0,4
973,Tuvalu,1983,0,parliamentary,NA,NA,0,0,0,5
973,Tuvalu,1984,0,parliamentary,NA,NA,0,0,0,6
973,Tuvalu,1985,0,parliamentary,NA,NA,0,0,0,7
973,Tuvalu,1986,0,parliamentary,NA,NA,0,0,0,8
973,Tuvalu,1987,0,parliamentary,NA,NA,0,0,0,9
973,Tuvalu,1988,0,parliamentary,NA,NA,0,0,0,10
973,Tuvalu,1989,0,parliamentary,NA,NA,0,0,0,11
973,Tuvalu,1990,0,parliamentary,NA,NA,0,0,0,12
973,Tuvalu,1991,0,parliamentary,NA,NA,0,0,0,13
973,Tuvalu,1992,0,parliamentary,NA,NA,0,0,0,14
973,Tuvalu,1993,0,parliamentary,NA,NA,0,0,0,15
973,Tuvalu,1994,0,parliamentary,NA,NA,0,0,0,16
973,Tuvalu,1995,0,parliamentary,NA,NA,0,0,0,17
973,Tuvalu,1996,0,parliamentary,NA,NA,0,0,0,18
973,Tuvalu,1997,0,parliamentary,NA,NA,0,0,0,19
973,Tuvalu,1998,0,parliamentary,NA,NA,0,0,0,20
973,Tuvalu,1999,0,parliamentary,NA,NA,0,0,0,21
973,Tuvalu,2000,0,parliamentary,NA,NA,0,0,0,22
973,Tuvalu,2001,0,parliamentary,NA,NA,0,0,0,23
973,Tuvalu,2002,0,parliamentary,NA,NA,0,0,0,24
973,Tuvalu,2003,0,parliamentary,NA,NA,0,0,0,25
973,Tuvalu,2004,0,parliamentary,NA,NA,0,0,0,26
973,Tuvalu,2005,0,parliamentary,NA,NA,0,0,0,27
973,Tuvalu,2006,0,parliamentary,NA,NA,0,0,0,28
973,Tuvalu,2007,0,parliamentary,NA,NA,0,0,0,29
973,Tuvalu,2008,0,parliamentary,NA,NA,0,0,0,30
973,Tuvalu,2009,0,parliamentary,NA,NA,0,0,0,31
973,Tuvalu,2010,0,parliamentary,NA,NA,0,0,0,32
973,Tuvalu,2011,0,parliamentary,NA,NA,0,0,0,33
973,Tuvalu,2012,0,parliamentary,NA,NA,0,0,0,34
973,Tuvalu,2013,0,parliamentary,NA,NA,0,0,0,35
973,Tuvalu,2014,0,parliamentary,NA,NA,0,0,0,36
973,Tuvalu,2015,0,parliamentary,NA,NA,0,0,0,37
973,Tuvalu,2016,0,parliamentary,NA,NA,0,0,0,38
973,Tuvalu,2017,0,parliamentary,NA,NA,0,0,0,39
973,Tuvalu,2018,0,parliamentary,NA,NA,0,0,0,40
973,Tuvalu,2019,0,parliamentary,NA,NA,0,0,0,41
973,Tuvalu,2020,0,parliamentary,NA,NA,0,0,0,42
950,Fiji,1970,0,dominant-party,10.762913334774149,8.2,0,0,0,0
950,Fiji,1971,0,dominant-party,11.738148984198649,8.712,0,0,0,1
950,Fiji,1972,0,dominant-party,12.421517054132035,9.275,0,0,0,2
950,Fiji,1973,0,dominant-party,12.733337902986275,9.868,0,0,0,3
950,Fiji,1974,0,dominant-party,11.911220184276239,10.397,0,0,0,4
950,Fiji,1975,0,dominant-party,10.508094898686494,10.853,0,0,0,5
950,Fiji,1976,0,dominant-party,9.049554781262081,11.267,0,0,0,6
950,Fiji,1977,0,dominant-party,7.836787564766845,11.655,0,0,0,7
950,Fiji,1978,0,dominant-party,6.695752826996704,11.983,0,0,0,8
950,Fiji,1979,0,dominant-party,6.321839080459779,12.358,0,0,0,9
950,Fiji,1980,0,dominant-party,4.64591036086528,12.51,0,0,0,10
950,Fiji,1981,0,dominant-party,3.0800451696316067,12.597,0,0,0,11
950,Fiji,1982,0,dominant-party,1.122870418172428,12.536,0,0,0,12
950,Fiji,1983,0,dominant-party,-0.174472580593521,12.473,0,0,0,13
950,Fiji,1984,0,dominant-party,0.006385084442750433,12.53,0,0,0,14
950,Fiji,1985,0,dominant-party,-0.30020918831739074,12.487,0,0,0,15
950,Fiji,1986,0,dominant-party,-0.022389611220396954,12.503,0,0,0,16
950,Fiji,1987,2,dominant-party,-0.4052668674312754,12.435,0,1,1,0
950,Fiji,1988,0,military,0.5389585465711333,12.573,0,1,1,1
950,Fiji,1989,0,military,2.7617110532002886,12.934,0,1,1,2
950,Fiji,1990,0,military,4.557640750670222,13.338,0,1,1,3
950,Fiji,1991,0,military,4.595574061222907,13.565,0,1,1,4
950,Fiji,1992,0,military,4.864367677437853,13.909,0,1,1,5
950,Fiji,1993,0,dominant-party,4.651847056919656,14.227,0,1,1,6
950,Fiji,1994,0,dominant-party,4.746858168761214,14.586,0,1,1,7
950,Fiji,1995,0,dominant-party,4.20358338255562,14.819,0,1,1,8
950,Fiji,1996,0,dominant-party,3.6957450032370387,15.056,0,1,1,9
950,Fiji,1997,0,dominant-party,2.282430436020122,15.093,0,1,1,10
950,Fiji,1998,0,dominant-party,1.746713210020201,15.215,0,1,1,11
950,Fiji,1999,0,dominant-party,2.867813968220445,15.589,0,1,1,12
950,Fiji,2000,2,parliamentary,2.730887049468822,15.762,0,2,1,0
950,Fiji,2001,0,dominant-party,3.0042365788016445,15.998,0,2,1,1
950,Fiji,2002,0,dominant-party,3.443030272298575,16.32,0,2,1,2
950,Fiji,2003,0,dominant-party,3.7380036595840105,16.668,0,2,1,3
950,Fiji,2004,0,dominant-party,4.1524014477159366,17.036,0,2,1,4
950,Fiji,2005,0,dominant-party,3.8664154656618654,17.311,0,2,1,5
950,Fiji,2006,2,dominant-party,2.912037364659259,17.451,0,3,1,0
950,Fiji,2007,0,military,1.8122179314195241,17.506,0,3,1,1
950,Fiji,2008,0,military,1.2198630531100818,17.591,0,3,1,2
950,Fiji,2009,0,military,1.124814434166943,17.711,0,3,1,3
950,Fiji,2010,0,military,2.193459256239527,18.049,0,3,1,4
950,Fiji,2011,0,military,3.694754857545557,18.54,0,3,1,5
950,Fiji,2012,0,military,4.681726200950198,19.037,0,3,1,6
950,Fiji,2013,0,military,5.787114183428832,19.68,0,3,1,7
950,Fiji,2014,0,military,6.370745170193204,20.35,0,3,1,8
950,Fiji,2015,0,military,5.50314145706674,20.755,0,3,1,9
950,Fiji,2016,0,military,5.072284507070113,21.237,0,3,1,10
950,Fiji,2017,0,military,4.800863423048396,21.751,0,3,1,11
950,Fiji,2018,0,military,4.454374412041395,22.207,0,3,1,12
950,Fiji,2019,0,military,3.141622340425543,22.338,0,3,1,13
950,Fiji,2020,0,military,NA,NA,0,3,1,14
972,Tonga,1970,0,other,NA,NA,0,0,0,0
972,Tonga,1971,0,other,NA,NA,0,0,0,1
972,Tonga,1972,0,other,NA,NA,0,0,0,2
972,Tonga,1973,0,other,NA,NA,0,0,0,3
972,Tonga,1974,0,other,NA,NA,0,0,0,4
972,Tonga,1975,0,other,NA,NA,0,0,0,5
972,Tonga,1976,0,other,NA,NA,0,0,0,6
972,Tonga,1977,0,other,NA,NA,0,0,0,7
972,Tonga,1978,0,other,NA,NA,0,0,0,8
972,Tonga,1979,0,other,NA,NA,0,0,0,9
972,Tonga,1980,0,other,NA,NA,0,0,0,10
972,Tonga,1981,0,other,NA,NA,0,0,0,11
972,Tonga,1982,0,other,NA,NA,0,0,0,12
972,Tonga,1983,0,other,NA,NA,0,0,0,13
972,Tonga,1984,0,other,NA,NA,0,0,0,14
972,Tonga,1985,0,other,NA,NA,0,0,0,15
972,Tonga,1986,0,other,NA,NA,0,0,0,16
972,Tonga,1987,0,other,NA,NA,0,0,0,17
972,Tonga,1988,0,other,NA,NA,0,0,0,18
972,Tonga,1989,0,other,NA,NA,0,0,0,19
972,Tonga,1990,0,other,NA,NA,0,0,0,20
972,Tonga,1991,0,other,NA,NA,0,0,0,21
972,Tonga,1992,0,other,NA,NA,0,0,0,22
972,Tonga,1993,0,other,NA,NA,0,0,0,23
972,Tonga,1994,0,other,NA,NA,0,0,0,24
972,Tonga,1995,0,other,NA,NA,0,0,0,25
972,Tonga,1996,0,other,NA,NA,0,0,0,26
972,Tonga,1997,0,other,NA,NA,0,0,0,27
972,Tonga,1998,0,other,NA,NA,0,0,0,28
972,Tonga,1999,0,other,NA,NA,0,0,0,29
972,Tonga,2000,0,other,NA,NA,0,0,0,30
972,Tonga,2001,0,other,NA,NA,0,0,0,31
972,Tonga,2002,0,other,NA,NA,0,0,0,32
972,Tonga,2003,0,other,NA,NA,0,0,0,33
972,Tonga,2004,0,other,NA,NA,0,0,0,34
972,Tonga,2005,0,other,NA,NA,0,0,0,35
972,Tonga,2006,0,other,NA,NA,0,0,0,36
972,Tonga,2007,0,other,NA,NA,0,0,0,37
972,Tonga,2008,0,other,NA,NA,0,0,0,38
972,Tonga,2009,0,other,NA,NA,0,0,0,39
972,Tonga,2010,0,other,NA,NA,0,0,0,40
972,Tonga,2011,0,other,NA,NA,0,0,0,41
972,Tonga,2012,0,other,NA,NA,0,0,0,42
972,Tonga,2013,0,other,NA,NA,0,0,0,43
972,Tonga,2014,0,other,NA,NA,0,0,0,44
972,Tonga,2015,0,other,NA,NA,0,0,0,45
972,Tonga,2016,0,other,NA,NA,0,0,0,46
972,Tonga,2017,0,other,NA,NA,0,0,0,47
972,Tonga,2018,0,other,NA,NA,0,0,0,48
972,Tonga,2019,0,other,NA,NA,0,0,0,49
972,Tonga,2020,0,other,NA,NA,0,0,0,50
971,Nauru,1968,0,parliamentary,NA,NA,0,0,0,0
971,Nauru,1969,0,parliamentary,NA,NA,0,0,0,1
971,Nauru,1970,0,parliamentary,NA,NA,0,0,0,2
971,Nauru,1971,0,parliamentary,NA,NA,0,0,0,3
971,Nauru,1972,0,parliamentary,NA,NA,0,0,0,4
971,Nauru,1973,0,parliamentary,NA,NA,0,0,0,5
971,Nauru,1974,0,parliamentary,NA,NA,0,0,0,6
971,Nauru,1975,0,parliamentary,NA,NA,0,0,0,7
971,Nauru,1976,0,parliamentary,NA,NA,0,0,0,8
971,Nauru,1977,0,parliamentary,NA,NA,0,0,0,9
971,Nauru,1978,0,parliamentary,NA,NA,0,0,0,10
971,Nauru,1979,0,parliamentary,NA,NA,0,0,0,11
971,Nauru,1980,0,parliamentary,NA,NA,0,0,0,12
971,Nauru,1981,0,parliamentary,NA,NA,0,0,0,13
971,Nauru,1982,0,parliamentary,NA,NA,0,0,0,14
971,Nauru,1983,0,parliamentary,NA,NA,0,0,0,15
971,Nauru,1984,0,parliamentary,NA,NA,0,0,0,16
971,Nauru,1985,0,parliamentary,NA,NA,0,0,0,17
971,Nauru,1986,0,parliamentary,NA,NA,0,0,0,18
971,Nauru,1987,0,parliamentary,NA,NA,0,0,0,19
971,Nauru,1988,0,parliamentary,NA,NA,0,0,0,20
971,Nauru,1989,0,parliamentary,NA,NA,0,0,0,21
971,Nauru,1990,0,parliamentary,NA,NA,0,0,0,22
971,Nauru,1991,0,parliamentary,NA,NA,0,0,0,23
971,Nauru,1992,0,parliamentary,NA,NA,0,0,0,24
971,Nauru,1993,0,parliamentary,NA,NA,0,0,0,25
971,Nauru,1994,0,parliamentary,NA,NA,0,0,0,26
971,Nauru,1995,0,parliamentary,NA,NA,0,0,0,27
971,Nauru,1996,0,parliamentary,NA,NA,0,0,0,28
971,Nauru,1997,0,parliamentary,NA,NA,0,0,0,29
971,Nauru,1998,0,parliamentary,NA,NA,0,0,0,30
971,Nauru,1999,0,parliamentary,NA,NA,0,0,0,31
971,Nauru,2000,0,parliamentary,NA,NA,0,0,0,32
971,Nauru,2001,0,parliamentary,NA,NA,0,0,0,33
971,Nauru,2002,0,parliamentary,NA,NA,0,0,0,34
971,Nauru,2003,0,parliamentary,NA,NA,0,0,0,35
971,Nauru,2004,0,parliamentary,NA,NA,0,0,0,36
971,Nauru,2005,0,parliamentary,NA,NA,0,0,0,37
971,Nauru,2006,0,parliamentary,NA,NA,0,0,0,38
971,Nauru,2007,0,parliamentary,NA,NA,0,0,0,39
971,Nauru,2008,0,parliamentary,NA,NA,0,0,0,40
971,Nauru,2009,0,parliamentary,NA,NA,0,0,0,41
971,Nauru,2010,0,parliamentary,NA,NA,0,0,0,42
971,Nauru,2011,0,parliamentary,NA,NA,0,0,0,43
971,Nauru,2012,0,parliamentary,NA,NA,0,0,0,44
971,Nauru,2013,0,parliamentary,NA,NA,0,0,0,45
971,Nauru,2014,0,parliamentary,NA,NA,0,0,0,46
971,Nauru,2015,0,parliamentary,NA,NA,0,0,0,47
971,Nauru,2016,0,parliamentary,NA,NA,0,0,0,48
971,Nauru,2017,0,parliamentary,NA,NA,0,0,0,49
971,Nauru,2018,0,parliamentary,NA,NA,0,0,0,50
971,Nauru,2019,0,parliamentary,NA,NA,0,0,0,51
971,Nauru,2020,0,parliamentary,NA,NA,0,0,0,52
983,Marshall Islands,1979,NA,presidential,NA,NA,0,NA,NA,NA
983,Marshall Islands,1980,NA,presidential,NA,NA,0,NA,NA,NA
983,Marshall Islands,1981,NA,presidential,NA,NA,0,NA,NA,NA
983,Marshall Islands,1982,NA,presidential,NA,NA,0,NA,NA,NA
983,Marshall Islands,1983,NA,presidential,NA,NA,0,NA,NA,NA
983,Marshall Islands,1984,NA,presidential,NA,NA,0,NA,NA,NA
983,Marshall Islands,1985,NA,presidential,NA,NA,0,NA,NA,NA
983,Marshall Islands,1986,0,presidential,NA,NA,0,0,0,0
983,Marshall Islands,1987,0,presidential,NA,NA,0,0,0,1
983,Marshall Islands,1988,0,presidential,NA,NA,0,0,0,2
983,Marshall Islands,1989,0,presidential,NA,NA,0,0,0,3
983,Marshall Islands,1990,0,presidential,NA,NA,0,0,0,4
983,Marshall Islands,1991,0,presidential,NA,NA,0,0,0,5
983,Marshall Islands,1992,0,presidential,NA,NA,0,0,0,6
983,Marshall Islands,1993,0,presidential,NA,NA,0,0,0,7
983,Marshall Islands,1994,0,presidential,NA,NA,0,0,0,8
983,Marshall Islands,1995,0,presidential,NA,NA,0,0,0,9
983,Marshall Islands,1996,0,presidential,NA,NA,0,0,0,10
983,Marshall Islands,1997,0,presidential,NA,NA,0,0,0,11
983,Marshall Islands,1998,0,presidential,NA,NA,0,0,0,12
983,Marshall Islands,1999,0,presidential,NA,NA,0,0,0,13
983,Marshall Islands,2000,0,presidential,NA,NA,0,0,0,14
983,Marshall Islands,2001,0,presidential,NA,NA,0,0,0,15
983,Marshall Islands,2002,0,presidential,NA,NA,0,0,0,16
983,Marshall Islands,2003,0,presidential,NA,NA,0,0,0,17
983,Marshall Islands,2004,0,presidential,NA,NA,0,0,0,18
983,Marshall Islands,2005,0,presidential,NA,NA,0,0,0,19
983,Marshall Islands,2006,0,presidential,NA,NA,0,0,0,20
983,Marshall Islands,2007,0,presidential,NA,NA,0,0,0,21
983,Marshall Islands,2008,0,presidential,NA,NA,0,0,0,22
983,Marshall Islands,2009,0,presidential,NA,NA,0,0,0,23
983,Marshall Islands,2010,0,presidential,NA,NA,0,0,0,24
983,Marshall Islands,2011,0,presidential,NA,NA,0,0,0,25
983,Marshall Islands,2012,0,presidential,NA,NA,0,0,0,26
983,Marshall Islands,2013,0,presidential,NA,NA,0,0,0,27
983,Marshall Islands,2014,0,presidential,NA,NA,0,0,0,28
983,Marshall Islands,2015,0,presidential,NA,NA,0,0,0,29
983,Marshall Islands,2016,0,presidential,NA,NA,0,0,0,30
983,Marshall Islands,2017,0,presidential,NA,NA,0,0,0,31
983,Marshall Islands,2018,0,presidential,NA,NA,0,0,0,32
983,Marshall Islands,2019,0,presidential,NA,NA,0,0,0,33
983,Marshall Islands,2020,0,presidential,NA,NA,0,0,0,34
986,Palau,1981,NA,presidential,NA,NA,0,NA,NA,NA
986,Palau,1982,NA,presidential,NA,NA,0,NA,NA,NA
986,Palau,1983,NA,presidential,NA,NA,0,NA,NA,NA
986,Palau,1984,NA,presidential,NA,NA,0,NA,NA,NA
986,Palau,1985,NA,presidential,NA,NA,0,NA,NA,NA
986,Palau,1986,NA,presidential,NA,NA,0,NA,NA,NA
986,Palau,1987,NA,presidential,NA,NA,0,NA,NA,NA
986,Palau,1988,NA,presidential,NA,NA,0,NA,NA,NA
986,Palau,1989,NA,presidential,NA,NA,0,NA,NA,NA
986,Palau,1990,NA,presidential,NA,NA,0,NA,NA,NA
986,Palau,1991,NA,presidential,NA,NA,0,NA,NA,NA
986,Palau,1992,NA,presidential,NA,NA,0,NA,NA,NA
986,Palau,1993,NA,presidential,NA,NA,0,NA,NA,NA
986,Palau,1994,0,presidential,NA,NA,0,0,0,0
986,Palau,1995,0,presidential,NA,NA,0,0,0,1
986,Palau,1996,0,presidential,NA,NA,0,0,0,2
986,Palau,1997,0,presidential,NA,NA,0,0,0,3
986,Palau,1998,0,presidential,NA,NA,0,0,0,4
986,Palau,1999,0,presidential,NA,NA,0,0,0,5
986,Palau,2000,0,presidential,NA,NA,0,0,0,6
986,Palau,2001,0,presidential,NA,NA,0,0,0,7
986,Palau,2002,0,presidential,NA,NA,0,0,0,8
986,Palau,2003,0,presidential,NA,NA,0,0,0,9
986,Palau,2004,0,presidential,NA,NA,0,0,0,10
986,Palau,2005,0,presidential,NA,NA,0,0,0,11
986,Palau,2006,0,presidential,NA,NA,0,0,0,12
986,Palau,2007,0,presidential,NA,NA,0,0,0,13
986,Palau,2008,0,presidential,NA,NA,0,0,0,14
986,Palau,2009,0,presidential,NA,NA,0,0,0,15
986,Palau,2010,0,presidential,NA,NA,0,0,0,16
986,Palau,2011,0,presidential,NA,NA,0,0,0,17
986,Palau,2012,0,presidential,NA,NA,0,0,0,18
986,Palau,2013,0,presidential,NA,NA,0,0,0,19
986,Palau,2014,0,presidential,NA,NA,0,0,0,20
986,Palau,2015,0,presidential,NA,NA,0,0,0,21
986,Palau,2016,0,presidential,NA,NA,0,0,0,22
986,Palau,2017,0,presidential,NA,NA,0,0,0,23
986,Palau,2018,0,presidential,NA,NA,0,0,0,24
986,Palau,2019,0,presidential,NA,NA,0,0,0,25
986,Palau,2020,0,presidential,NA,NA,0,0,0,26
987,Federated States of Micronesia,1979,NA,parliamentary,NA,NA,0,NA,NA,NA
987,Federated States of Micronesia,1980,NA,parliamentary,NA,NA,0,NA,NA,NA
987,Federated States of Micronesia,1981,NA,parliamentary,NA,NA,0,NA,NA,NA
987,Federated States of Micronesia,1982,NA,parliamentary,NA,NA,0,NA,NA,NA
987,Federated States of Micronesia,1983,NA,parliamentary,NA,NA,0,NA,NA,NA
987,Federated States of Micronesia,1984,NA,parliamentary,NA,NA,0,NA,NA,NA
987,Federated States of Micronesia,1985,NA,parliamentary,NA,NA,0,NA,NA,NA
987,Federated States of Micronesia,1986,0,parliamentary,NA,NA,0,0,0,0
987,Federated States of Micronesia,1987,0,parliamentary,NA,NA,0,0,0,1
987,Federated States of Micronesia,1988,0,parliamentary,NA,NA,0,0,0,2
987,Federated States of Micronesia,1989,0,parliamentary,NA,NA,0,0,0,3
987,Federated States of Micronesia,1990,0,parliamentary,NA,NA,0,0,0,4
987,Federated States of Micronesia,1991,0,parliamentary,NA,NA,0,0,0,5
987,Federated States of Micronesia,1992,0,parliamentary,NA,NA,0,0,0,6
987,Federated States of Micronesia,1993,0,parliamentary,NA,NA,0,0,0,7
987,Federated States of Micronesia,1994,0,parliamentary,NA,NA,0,0,0,8
987,Federated States of Micronesia,1995,0,parliamentary,NA,NA,0,0,0,9
987,Federated States of Micronesia,1996,0,parliamentary,NA,NA,0,0,0,10
987,Federated States of Micronesia,1997,0,parliamentary,NA,NA,0,0,0,11
987,Federated States of Micronesia,1998,0,parliamentary,NA,NA,0,0,0,12
987,Federated States of Micronesia,1999,0,parliamentary,NA,NA,0,0,0,13
987,Federated States of Micronesia,2000,0,parliamentary,NA,NA,0,0,0,14
987,Federated States of Micronesia,2001,0,parliamentary,NA,NA,0,0,0,15
987,Federated States of Micronesia,2002,0,parliamentary,NA,NA,0,0,0,16
987,Federated States of Micronesia,2003,0,parliamentary,NA,NA,0,0,0,17
987,Federated States of Micronesia,2004,0,parliamentary,NA,NA,0,0,0,18
987,Federated States of Micronesia,2005,0,parliamentary,NA,NA,0,0,0,19
987,Federated States of Micronesia,2006,0,parliamentary,NA,NA,0,0,0,20
987,Federated States of Micronesia,2007,0,parliamentary,NA,NA,0,0,0,21
987,Federated States of Micronesia,2008,0,parliamentary,NA,NA,0,0,0,22
987,Federated States of Micronesia,2009,0,parliamentary,NA,NA,0,0,0,23
987,Federated States of Micronesia,2010,0,parliamentary,NA,NA,0,0,0,24
987,Federated States of Micronesia,2011,0,parliamentary,NA,NA,0,0,0,25
987,Federated States of Micronesia,2012,0,parliamentary,NA,NA,0,0,0,26
987,Federated States of Micronesia,2013,0,parliamentary,NA,NA,0,0,0,27
987,Federated States of Micronesia,2014,0,parliamentary,NA,NA,0,0,0,28
987,Federated States of Micronesia,2015,0,parliamentary,NA,NA,0,0,0,29
987,Federated States of Micronesia,2016,0,parliamentary,NA,NA,0,0,0,30
987,Federated States of Micronesia,2017,0,parliamentary,NA,NA,0,0,0,31
987,Federated States of Micronesia,2018,0,parliamentary,NA,NA,0,0,0,32
987,Federated States of Micronesia,2019,0,parliamentary,NA,NA,0,0,0,33
987,Federated States of Micronesia,2020,0,parliamentary,NA,NA,0,0,0,34
990,Samoa/Western Samoa,1961,NA,parliamentary,NA,NA,0,NA,NA,NA
990,Samoa/Western Samoa,1962,0,parliamentary,NA,NA,0,0,0,0
990,Samoa/Western Samoa,1963,0,parliamentary,NA,NA,0,0,0,1
990,Samoa/Western Samoa,1964,0,parliamentary,NA,NA,0,0,0,2
990,Samoa/Western Samoa,1965,0,parliamentary,NA,NA,0,0,0,3
990,Samoa/Western Samoa,1966,0,parliamentary,NA,NA,0,0,0,4
990,Samoa/Western Samoa,1967,0,parliamentary,NA,NA,0,0,0,5
990,Samoa/Western Samoa,1968,0,parliamentary,NA,NA,0,0,0,6
990,Samoa/Western Samoa,1969,0,parliamentary,NA,NA,0,0,0,7
990,Samoa/Western Samoa,1970,0,parliamentary,NA,NA,0,0,0,8
990,Samoa/Western Samoa,1971,0,parliamentary,NA,NA,0,0,0,9
990,Samoa/Western Samoa,1972,0,parliamentary,NA,NA,0,0,0,10
990,Samoa/Western Samoa,1973,0,parliamentary,NA,NA,0,0,0,11
990,Samoa/Western Samoa,1974,0,parliamentary,NA,NA,0,0,0,12
990,Samoa/Western Samoa,1975,0,parliamentary,NA,NA,0,0,0,13
990,Samoa/Western Samoa,1976,0,parliamentary,NA,NA,0,0,0,14
990,Samoa/Western Samoa,1977,0,parliamentary,NA,NA,0,0,0,15
990,Samoa/Western Samoa,1978,0,parliamentary,NA,NA,0,0,0,16
990,Samoa/Western Samoa,1979,0,parliamentary,NA,NA,0,0,0,17
990,Samoa/Western Samoa,1980,0,parliamentary,NA,NA,0,0,0,18
990,Samoa/Western Samoa,1981,0,parliamentary,NA,NA,0,0,0,19
990,Samoa/Western Samoa,1982,0,parliamentary,NA,NA,0,0,0,20
990,Samoa/Western Samoa,1983,0,parliamentary,NA,NA,0,0,0,21
990,Samoa/Western Samoa,1984,0,parliamentary,NA,NA,0,0,0,22
990,Samoa/Western Samoa,1985,0,parliamentary,NA,NA,0,0,0,23
990,Samoa/Western Samoa,1986,0,parliamentary,NA,NA,0,0,0,24
990,Samoa/Western Samoa,1987,0,parliamentary,NA,NA,0,0,0,25
990,Samoa/Western Samoa,1988,0,parliamentary,NA,NA,0,0,0,26
990,Samoa/Western Samoa,1989,0,parliamentary,NA,NA,0,0,0,27
990,Samoa/Western Samoa,1990,0,parliamentary,NA,NA,0,0,0,28
990,Samoa/Western Samoa,1991,0,parliamentary,NA,NA,0,0,0,29
990,Samoa/Western Samoa,1992,0,parliamentary,NA,NA,0,0,0,30
990,Samoa/Western Samoa,1993,0,parliamentary,NA,NA,0,0,0,31
990,Samoa/Western Samoa,1994,0,parliamentary,NA,NA,0,0,0,32
990,Samoa/Western Samoa,1995,0,parliamentary,NA,NA,0,0,0,33
990,Samoa/Western Samoa,1996,0,parliamentary,NA,NA,0,0,0,34
990,Samoa/Western Samoa,1997,0,parliamentary,NA,NA,0,0,0,35
990,Samoa/Western Samoa,1998,0,parliamentary,NA,NA,0,0,0,36
990,Samoa/Western Samoa,1999,0,parliamentary,NA,NA,0,0,0,37
990,Samoa/Western Samoa,2000,0,parliamentary,NA,NA,0,0,0,38
990,Samoa/Western Samoa,2001,0,parliamentary,NA,NA,0,0,0,39
990,Samoa/Western Samoa,2002,0,parliamentary,NA,NA,0,0,0,40
990,Samoa/Western Samoa,2003,0,parliamentary,NA,NA,0,0,0,41
990,Samoa/Western Samoa,2004,0,parliamentary,NA,NA,0,0,0,42
990,Samoa/Western Samoa,2005,0,parliamentary,NA,NA,0,0,0,43
990,Samoa/Western Samoa,2006,0,parliamentary,NA,NA,0,0,0,44
990,Samoa/Western Samoa,2007,0,parliamentary,NA,NA,0,0,0,45
990,Samoa/Western Samoa,2008,0,parliamentary,NA,NA,0,0,0,46
990,Samoa/Western Samoa,2009,0,parliamentary,NA,NA,0,0,0,47
990,Samoa/Western Samoa,2010,0,parliamentary,NA,NA,0,0,0,48
990,Samoa/Western Samoa,2011,0,parliamentary,NA,NA,0,0,0,49
990,Samoa/Western Samoa,2012,0,parliamentary,NA,NA,0,0,0,50
990,Samoa/Western Samoa,2013,0,parliamentary,NA,NA,0,0,0,51
990,Samoa/Western Samoa,2014,0,parliamentary,NA,NA,0,0,0,52
990,Samoa/Western Samoa,2015,0,parliamentary,NA,NA,0,0,0,53
990,Samoa/Western Samoa,2016,0,parliamentary,NA,NA,0,0,0,54
990,Samoa/Western Samoa,2017,0,parliamentary,NA,NA,0,0,0,55
990,Samoa/Western Samoa,2018,0,parliamentary,NA,NA,0,0,0,56
990,Samoa/Western Samoa,2019,0,parliamentary,NA,NA,0,0,0,57
990,Samoa/Western Samoa,2020,0,parliamentary,NA,NA,0,0,0,58
