id,ccode,country,leader,tstart,tstop,group,survival_days,age,first_year,last_year,status,T1,T2,regime,violence,GDP_pc,GDP_trend,pop_log,polity5
1,40,Cuba,Batista,1952,1953,B,2488,51,1952-03-10,-4018,0,0,297,presidential,0,7.652,1.033272118396889,6.432957777470263,3
1,40,Cuba,Batista,1953,1954,B,2488,52,1952-03-10,-4018,0,297,662,personal,0,7.522,1.0058570244176406,6.453820255419447,3
1,40,Cuba,Batista,1954,1955,B,2488,53,1952-03-10,-4018,0,662,1027,personal,0,7.486,0.9943415774513189,6.473307192813858,3
1,40,Cuba,Batista,1955,1956,B,2488,54,1952-03-10,-4018,0,1027,1392,personal,0,7.552,0.999920557159124,6.494389038977715,-9
1,40,Cuba,Batista,1956,1957,B,2488,55,1952-03-10,-4018,0,1392,1757,personal,0,7.732,1.0188699135568207,6.515077068923229,-9
1,40,Cuba,Batista,1957,1958,B,2488,56,1952-03-10,-4018,0,1757,2122,personal,2,7.987,1.0432613182162542,6.535171602403984,-9
1,40,Cuba,Batista,1958,1959,B,2488,57,1952-03-10,-4018,1,2122,2488,personal,2,8.135,1.0458449038362645,6.557062406720952,-9
2,41,Haiti,Magloire,1950,1951,B,2408,43,1950-05-10,-4768,0,0,236,presidential,0,4.727,1.0016528225122903,5.752842443694867,-5
2,41,Haiti,Magloire,1951,1952,B,2408,44,1950-05-10,-4768,0,236,601,personal,0,4.731,1.0021181952976064,5.769361079718915,-5
2,41,Haiti,Magloire,1952,1953,B,2408,45,1950-05-10,-4768,0,601,966,personal,0,4.753,1.0052876480541455,5.783797489638606,-5
2,41,Haiti,Magloire,1953,1954,B,2408,46,1950-05-10,-4768,0,966,1331,personal,0,4.73,0.9997463645586744,5.800340360599873,-5
2,41,Haiti,Magloire,1954,1955,B,2408,47,1950-05-10,-4768,0,1331,1696,personal,0,4.752,1.00282783944625,5.81662592320727,-5
2,41,Haiti,Magloire,1955,1956,B,2408,48,1950-05-10,-4768,1,1696,2408,personal,0,4.702,0.9933243197566334,5.832688603889041,-5
6,41,Haiti,"Duvalier, Francois",1964,1965,A,2380,54,1964-10-15,476,0,0,78,personal,0,4.377,0.9626974002551357,6.063178047658463,-7
6,41,Haiti,"Duvalier, Francois",1965,1966,A,2380,55,1964-10-15,476,0,78,443,personal,0,4.302,0.960911324547688,6.08545795125273,-7
6,41,Haiti,"Duvalier, Francois",1966,1967,A,2380,56,1964-10-15,476,0,443,808,personal,0,4.214,0.9575096568961601,6.105043201170193,-7
6,41,Haiti,"Duvalier, Francois",1967,1968,A,2380,57,1964-10-15,476,0,808,1173,personal,0,4.142,0.9620476610767874,6.124834364179878,-7
6,41,Haiti,"Duvalier, Francois",1968,1969,A,2380,58,1964-10-15,476,0,1173,1538,personal,0,4.151,0.9796563768526386,6.145369482456825,-7
6,41,Haiti,"Duvalier, Francois",1969,1970,A,2380,59,1964-10-15,476,0,1538,1903,personal,0,4.196,0.9988098071887646,6.16474956374818,-7
6,41,Haiti,"Duvalier, Francois",1970,1971,A,2380,60,1964-10-15,476,0,1903,2380,personal,0,4.268,1.0175957274331218,6.183453804059736,-7
3,41,Haiti,Namphy,1986,1987,B,730,54,1986-02-07,6611,0,0,328,personal,0,5.035,0.9695370869598706,6.521686833424674,-8
3,41,Haiti,Namphy,1987,1988,B,730,55,1986-02-07,6611,0,328,730,other,0,4.914,0.9618320610687022,6.541850730119182,-8
4,41,Haiti,Avril,1988,1989,B,539,50,1988-09-17,7373,0,0,106,other,0,4.845,0.9642174812927877,6.56219971355284,-8
4,41,Haiti,Avril,1989,1990,B,539,51,1988-09-17,7373,1,106,539,military,0,4.767,0.9654096966260278,6.581777185717305,-8
5,41,Haiti,Cedras,1991,1992,B,1110,42,1991-09-30,9052,0,0,93,other,1,4.726,0.9831904801531164,6.624301587646909,-7
5,41,Haiti,Cedras,1992,1993,B,1110,43,1991-09-30,9052,0,93,458,military,0,4.482,0.94949580544021706,6.642636724939107,-7
5,41,Haiti,Cedras,1993,1994,B,1110,44,1991-09-30,9052,1,458,1110,military,0,4.21,0.9165324160752384,6.662058044685808,-7
7,42,Dominican Republic,Rafel Trujillo,1952,1953,A,3209,61,1952-08-16,-3138,0,0,138,personal,0,4.395,1.064319271564876,5.583078928457566,-9
7,42,Dominican Republic,Rafel Trujillo,1953,1954,A,3209,62,1952-08-16,-3138,0,138,503,personal,0,4.423,1.046368582919328,5.612248157302612,-9
7,42,Dominican Republic,Rafel Trujillo,1954,1955,A,3209,63,1952-08-16,-3138,0,503,868,personal,0,4.506,1.0386796367156887,5.643051805550284,-9
7,42,Dominican Republic,Rafel Trujillo,1955,1956,A,3209,64,1952-08-16,-3138,0,868,1233,personal,0,4.602,1.0362997658079625,5.674816996363186,-9
7,42,Dominican Republic,Rafel Trujillo,1956,1957,A,3209,65,1952-08-16,-3138,0,1233,1598,personal,0,4.753,1.0478857092464395,5.707013914592398,-9
7,42,Dominican Republic,Rafel Trujillo,1957,1958,A,3209,66,1952-08-16,-3138,0,1598,1963,personal,0,4.882,1.0536993870327203,5.740541827813379,-9
7,42,Dominican Republic,Rafel Trujillo,1958,1959,A,3209,67,1952-08-16,-3138,0,1963,2328,personal,0,4.955,1.0454468731538527,5.773289880414355,-9
7,42,Dominican Republic,Rafel Trujillo,1959,1960,A,3209,68,1952-08-16,-3138,0,2328,2693,personal,0,4.99,1.0317591597055662,5.809603884086173,-9
7,42,Dominican Republic,Rafel Trujillo,1960,1961,A,3209,69,1952-08-16,-3138,1,2693,3209,personal,0,5.088,1.031295605642938,5.847129288043836,-9
8,42,Dominican Republic,Medina,2015,2016,A,1827,64,2015-08-16,18490,0,0,138,presidential,0,28.702,1.0764487916110352,6.98807825506912,8
8,42,Dominican Republic,Medina,2016,2017,A,1827,65,2015-08-16,18490,0,138,503,presidential,0,29.957,1.0833104306192411,6.998076671820102,7
8,42,Dominican Republic,Medina,2017,2018,A,1827,66,2015-08-16,18490,0,503,868,presidential,0,31.241,1.085480598176562,7.007790641144411,7
8,42,Dominican Republic,Medina,2018,2019,A,1827,67,2015-08-16,18490,0,868,1233,presidential,0,32.298,1.0782245249509261,7.016604302713821,7
8,42,Dominican Republic,Medina,2019,2020,A,1827,68,2015-08-16,18490,0,1233,1827,presidential,0,32.642,1.054055799535004,7.027030534058456,7
9,90,Guatemala,Peralta Azurdia,1963,1964,B,1188,55,1963-03-31,-1280,0,0,276,personal,0,7.38,1.0473730521415798,6.197986725565919,-5
9,90,Guatemala,Peralta Azurdia,1964,1965,B,1188,56,1963-03-31,-1280,0,276,641,military,0,7.54,1.0455087495493496,6.225225533444559,-5
9,90,Guatemala,Peralta Azurdia,1965,1966,B,1188,57,1963-03-31,-1280,0,641,1188,military,0,7.703,1.0450697346285343,6.248936092491722,-5
10,90,Guatemala,Rios Montt,1982,1983,B,503,56,1982-03-23,4967,1,0,503,military,5,11.741,0.983135718113612,6.659818141229868,-7
11,90,Guatemala,Mejia Victores,1983,1984,B,890,53,1983-08-08,5857,0,0,146,military,5,11.446,0.9640198093184652,6.687369172420363,-7
11,90,Guatemala,Mejia Victores,1984,1985,B,890,54,1983-08-08,5857,0,146,511,military,5,11.197,0.9560280054644809,6.715705758609579,-6
11,90,Guatemala,Mejia Victores,1985,1986,B,890,55,1983-08-08,5857,0,511,890,military,5,10.918,0.9517416925276335,6.742544494397054,-6
12,91,Honduras,Hector Caraccioli,1956,1957,B,426,34,1956-10-21,-4394,0,0,426,personal,0,4.887,0.9995500286345413,5.195608886688009,-1
13,91,Honduras,Lopez Arellano,1963,1964,B,2803,42,1963-10-03,521,0,0,90,presidential,0,5.412,1.0362257792754843,5.445887873013446,-1
13,91,Honduras,Lopez Arellano,1964,1965,B,2803,43,1963-10-03,521,0,90,455,dominant-party,0,5.529,1.037452621308215,5.479321389108154,-1
13,91,Honduras,Lopez Arellano,1965,1966,B,2803,44,1963-10-03,521,0,455,820,dominant-party,0,5.69,1.0464945192378432,5.512993167443375,-1
13,91,Honduras,Lopez Arellano,1966,1967,B,2803,45,1963-10-03,521,0,820,1185,dominant-party,0,5.813,1.0466707479563542,5.546048159047588,-1
13,91,Honduras,Lopez Arellano,1967,1968,B,2803,46,1963-10-03,521,0,1185,1550,dominant-party,0,5.93,1.0449707478677661,5.578993706059814,-1
13,91,Honduras,Lopez Arellano,1968,1969,B,2803,47,1963-10-03,521,0,1550,1915,dominant-party,0,6.021,1.0387123486181555,5.6128178392821075,-1
13,91,Honduras,Lopez Arellano,1969,1970,B,2803,48,1963-10-03,521,0,1915,2280,dominant-party,2,5.988,1.0169146117790913,5.644492378630635,-1
13,91,Honduras,Lopez Arellano,1970,1971,B,2803,49,1963-10-03,521,0,2280,2803,dominant-party,1,6.007,1.0092745051917067,5.673130808790023,-1
14,91,Honduras,Lopez Arellano,1972,1973,B,869,51,1972-12-04,1937,0,0,28,presidential,1,6.164,1.0197869101978692,5.731825565680844,-1
14,91,Honduras,Lopez Arellano,1973,1974,B,869,52,1972-12-04,1937,0,28,393,military,1,6.375,1.0424843014128728,5.755913085063499,-1
14,91,Honduras,Lopez Arellano,1974,1975,B,869,53,1972-12-04,1937,1,393,869,military,1,6.607,1.0589838115082546,5.764802312482146,-1
15,91,Honduras,Castro,1975,1976,B,1203,37,1975-04-22,3140,0,0,254,military,1,6.814,1.0646209611899256,5.788760675031228,-1
15,91,Honduras,Castro,1976,1977,B,1203,38,1975-04-22,3140,0,254,619,military,1,7.205,1.086235489220564,5.819031933144376,-1
15,91,Honduras,Castro,1977,1978,B,1203,39,1975-04-22,3140,1,619,1203,military,1,7.609,1.099248772031205,5.851187597139176,-1
16,91,Honduras,Paz Garcia,1978,1979,B,1269,47,1978-08-07,4409,0,0,147,military,1,7.888,1.0918251529496443,5.8830215075735595,-1
16,91,Honduras,Paz Garcia,1979,1980,B,1269,48,1978-08-07,4409,0,147,512,military,1,7.968,1.0628534841532387,5.915001881762006,-1
16,91,Honduras,Paz Garcia,1980,1981,B,1269,49,1978-08-07,4409,0,512,877,military,1,7.891,1.0231840460568968,5.948870149475561,-1
16,91,Honduras,Paz Garcia,1981,1982,B,1269,50,1978-08-07,4409,0,877,1269,military,2,7.799,0.9959136764142511,5.981835839528504,-1
17,91,Honduras,Micheletti,2009,2010,B,213,61,2009-06-28,14636,0,0,213,presidential,0,9.608,1.0190488311908703,6.7522785536784,7
18,91,Honduras,Hernández,2015,2016,A,2557,47,2015-01-27,19019,0,0,339,presidential,0,10.186,1.0132298816273748,6.855198028243461,7
18,91,Honduras,Hernández,2016,2017,A,2557,48,2015-01-27,19019,0,339,704,presidential,0,10.364,1.0210435056746534,6.868805489125825,7
18,91,Honduras,Hernández,2017,2018,A,2557,49,2015-01-27,19019,0,704,1069,presidential,0,10.647,1.0358414570077636,6.8857294822751545,7
18,91,Honduras,Hernández,2018,2019,A,2557,50,2015-01-27,19019,0,1069,1434,presidential,0,10.787,1.0348830515954488,6.901769399297339,7
18,91,Honduras,Hernández,2019,2020,A,2557,51,2015-01-27,19019,0,1434,1799,presidential,0,10.796,1.0227358848048502,6.9172342116159085,7
18,91,Honduras,Hernández,2020,2021,A,2557,52,2015-01-27,19019,0,1799,2164,presidential,0,10.7915,1.0288094682001496,6.909501805456624,7
18,91,Honduras,Hernández,2021,2022,A,2557,53,2015-01-27,19019,0,2164,2557,presidential,0,10.796,1.0227358848048502,6.9172342116159085,7
19,92,El Salvador,Portillo,1961,1962,B,365,47,1961-01-25,-2898,0,0,365,military,0,4.876,1.0301263362487851,5.648305000186914,-3
20,92,El Salvador,Majano Ramos,1979,1980,B,419,41,1979-10-15,3993,1,0,419,dominant-party,6,7.947,0.9998490224201706,6.155923343846064,-6
21,93,Nicaragua,Anastasio Somoza Garcia,1955,1956,A,637,59,1955-01-01,-4842,1,0,637,personal,0,6.585,1.0714634384457677,4.987973784086484,-8
22,93,Nicaragua,Anastasio Somoza Debayle,1972,1973,A,2633,46,1972-05-01,3484,0,0,245,personal,0,10.335,1.0189494025318453,5.553091359184744,-8
22,93,Nicaragua,Anastasio Somoza Debayle,1973,1974,A,2633,47,1972-05-01,3484,0,245,610,personal,0,10.674,1.0379229871645272,5.584600961585963,-8
22,93,Nicaragua,Anastasio Somoza Debayle,1974,1975,A,2633,48,1972-05-01,3484,0,610,975,personal,0,11.192,1.065255463336633,5.617697940742071,-8
22,93,Nicaragua,Anastasio Somoza Debayle,1975,1976,A,2633,49,1972-05-01,3484,0,975,1340,personal,0,11.315,1.0530479292694277,5.64969932733318,-8
22,93,Nicaragua,Anastasio Somoza Debayle,1976,1977,A,2633,50,1972-05-01,3484,0,1340,1705,personal,0,11.478,1.0435683892788306,5.683525344089056,-8
22,93,Nicaragua,Anastasio Somoza Debayle,1977,1978,A,2633,51,1972-05-01,3484,0,1705,2070,personal,0,11.398,1.0166437733021747,5.716336673227553,-8
22,93,Nicaragua,Anastasio Somoza Debayle,1978,1979,A,2633,52,1972-05-01,3484,1,2070,2633,personal,3,10.335,0.9274381707886142,5.742512682916239,-8
23,93,Nicaragua,Daniel Ortega,2014,2015,A,4144,64,2014-01-10,20224,0,0,356,presidential,0,9.395,1.0630233084408238,6.471686107537337,9
23,93,Nicaragua,Daniel Ortega,2015,2016,A,4144,65,2014-01-10,20224,0,356,721,presidential,0,9.584,1.0525159788266818,6.47857108425338,9
23,93,Nicaragua,Daniel Ortega,2016,2017,A,4144,66,2014-01-10,20224,0,721,1086,presidential,0,9.784,1.0461709544278353,6.489353856405639,6
23,93,Nicaragua,Daniel Ortega,2017,2018,A,4144,67,2014-01-10,20224,0,1086,1451,presidential,0,9.91,1.0363723829244316,6.501731014575222,6
23,93,Nicaragua,Daniel Ortega,2018,2019,A,4144,68,2014-01-10,20224,0,1451,1816,presidential,0,9.702,1.0027906976744185,6.512992694007108,6
23,93,Nicaragua,Daniel Ortega,2019,2020,A,4144,69,2014-01-10,20224,0,1816,2181,presidential,0,9.4,0.9714758164530798,6.526875460632285,6
23,93,Nicaragua,Daniel Ortega,2020,2021,A,4144,70,2014-01-10,20224,0,2181,2546,presidential,0,9.551,0.9871332570637492,6.5199340773196965,6
23,93,Nicaragua,Daniel Ortega,2021,2022,A,4144,71,2014-01-10,20224,0,2546,2911,dominant-party,0,9.4,0.9714758164530798,6.526875460632285,6
23,93,Nicaragua,Daniel Ortega,2022,2023,A,4144,72,2014-01-10,20224,0,2911,3276,dominant-party,0,NA,NA,NA,6
23,93,Nicaragua,Daniel Ortega,2023,2024,A,4144,73,2014-01-10,20224,0,3276,3641,dominant-party,0,NA,NA,NA,6
23,93,Nicaragua,Daniel Ortega,2024,2025,A,4144,74,2014-01-10,20224,0,3641,4144,dominant-party,0,NA,NA,NA,6
24,95,Panama,"Arosomena, A.",1951,1952,B,510,68,1951-05-10,-6301,0,0,510,personal,0,5.388,0.9428151466368028,4.558874907002788,-1
25,95,Panama,Torrijos Herrera,1968,1969,B,4675,39,1968-10-12,4229,0,0,81,presidential,0,10.448,1.1026912928759895,5.026377401044863,-7
25,95,Panama,Torrijos Herrera,1969,1970,B,4675,40,1968-10-12,4229,0,81,446,military,0,10.983,1.1025780026502832,5.055850822894409,-7
25,95,Panama,Torrijos Herrera,1970,1971,B,4675,41,1968-10-12,4229,0,446,811,military,0,11.522,1.1007929683768032,5.085581962065345,-7
25,95,Panama,Torrijos Herrera,1971,1972,B,4675,42,1968-10-12,4229,0,811,1176,military,0,12.091,1.0994816768209512,5.114118047862198,-7
25,95,Panama,Torrijos Herrera,1972,1973,B,4675,43,1968-10-12,4229,0,1176,1541,military,0,12.468,1.0839476978717486,5.141336017487496,-7
25,95,Panama,Torrijos Herrera,1973,1974,B,4675,44,1968-10-12,4229,0,1541,1906,military,0,12.743,1.065343521661344,5.1699270217755195,-7
25,95,Panama,Torrijos Herrera,1974,1975,B,4675,45,1968-10-12,4229,0,1906,2271,military,0,12.876,1.0434359805510534,5.197275290769613,-7
25,95,Panama,Torrijos Herrera,1975,1976,B,4675,46,1968-10-12,4229,0,2271,2636,military,0,12.933,1.0246232827874697,5.224600856224672,-7
25,95,Panama,Torrijos Herrera,1976,1977,B,4675,47,1968-10-12,4229,0,2636,3001,military,0,13.004,1.015556666250156,5.250701512606374,-7
25,95,Panama,Torrijos Herrera,1977,1978,B,4675,48,1968-10-12,4229,0,3001,3366,military,0,13.14,1.0155187337702487,5.2763222374754575,-7
25,95,Panama,Torrijos Herrera,1978,1979,B,4675,49,1968-10-12,4229,0,3366,3731,military,0,13.676,1.041917445031922,5.300684562527515,-6
25,95,Panama,Torrijos Herrera,1979,1980,B,4675,50,1968-10-12,4229,0,3731,4096,military,0,14.255,1.0636789637058262,5.324428484778526,-6
25,95,Panama,Torrijos Herrera,1980,1981,B,4675,51,1968-10-12,4229,0,4096,4675,military,0,15.212,1.0977528252053055,5.347269422374212,-6
26,100,Colombia,Rojas Pinillia,1953,1954,B,1427,53,1953-06-13,-4619,0,0,202,dominant-party,5,8.196,1.0396001928004261,7.214033368715991,-5
26,100,Colombia,Rojas Pinillia,1954,1955,B,1427,54,1953-06-13,-4619,0,202,567,military,5,8.416,1.0461416070007956,7.247159641289753,-5
26,100,Colombia,Rojas Pinillia,1955,1956,B,1427,55,1953-06-13,-4619,0,567,932,military,5,8.507,1.0384521484375,7.278729006327225,-5
26,100,Colombia,Rojas Pinillia,1956,1957,B,1427,56,1953-06-13,-4619,1,932,1427,military,5,8.55,1.025770227469047,7.309493450682667,-5
27,100,Colombia,Paris,1957,1958,B,454,47,1957-05-10,-4165,0,0,454,military,5,8.511,1.008890469416785,7.338019660658855,7
28,100,Colombia,Alvaro Uribe Velez,2005,2006,A,1825,52,2005-08-08,14828,0,0,146,presidential,4,21.751,1.0604036661466458,8.411678219386195,7
28,100,Colombia,Alvaro Uribe Velez,2006,2007,A,1825,53,2005-08-08,14828,0,146,511,presidential,4,22.8,1.0791060458336093,8.424744513607195,7
28,100,Colombia,Alvaro Uribe Velez,2007,2008,A,1825,54,2005-08-08,14828,0,511,876,presidential,4,23.928,1.0908891968779635,8.437760947371858,7
28,100,Colombia,Alvaro Uribe Velez,2008,2009,A,1825,55,2005-08-08,14828,0,876,1241,presidential,4,24.836,1.087152549792077,8.450912353325617,7
28,100,Colombia,Alvaro Uribe Velez,2009,2010,A,1825,56,2005-08-08,14828,0,1241,1825,presidential,4,25.46,1.0717743632919385,8.4626630852535,7
29,101,Venezuela,Hugo Chavez,2009,2010,A,1127,45,2009-02-02,15404,0,0,333,personal,0,33.684,1.0768748761165494,7.999931567629482,-3
29,101,Venezuela,Hugo Chavez,2010,2011,A,1127,46,2009-02-02,15404,0,333,698,personal,0,34.341,1.051617802874869,8.01554829550429,-3
29,101,Venezuela,Hugo Chavez,2011,2012,A,1127,47,2009-02-02,15404,0,698,1127,personal,0,35.194,1.0436386496809242,8.028136887189772,-3
30,115,Suriname,Bouterse,1980,1981,B,2721,34,1980-08-13,6598,0,0,141,dominant-party,0,18.548,1.0360159077706779,3.6412373806360954,-1
30,115,Suriname,Bouterse,1981,1982,B,2721,35,1980-08-13,6598,0,141,506,military,0,18.74,1.0214983429269144,3.646180699580821,-1
30,115,Suriname,Bouterse,1982,1983,B,2721,36,1980-08-13,6598,0,506,871,military,0,18.725,1.0078908840373768,3.6497487369108983,-6
30,115,Suriname,Bouterse,1983,1984,B,2721,37,1980-08-13,6598,0,871,1236,military,0,18.577,0.9969945795094726,3.6562012917233537,-6
30,115,Suriname,Bouterse,1984,1985,B,2721,38,1980-08-13,6598,0,1236,1601,military,0,18.455,0.9917244344134558,3.6639718184077514,-6
30,115,Suriname,Bouterse,1985,1986,B,2721,39,1980-08-13,6598,0,1601,1966,military,0,18.37,0.9890488548138737,3.675844871843476,-6
30,115,Suriname,Bouterse,1986,1987,B,2721,40,1980-08-13,6598,0,1966,2331,military,1,18.12,0.9821457608377508,3.689204401312876,-6
30,115,Suriname,Bouterse,1987,1988,B,2721,41,1980-08-13,6598,0,2331,2721,military,1,17.766,0.9730742266234335,3.704974235445226,-1
31,130,Ecuador,Arosemena Monroy,1961,1962,B,611,42,1961-11-07,-2366,0,0,55,parliamentary,0,8.33,1.0550981633945535,6.200933019298875,1
31,130,Ecuador,Arosemena Monroy,1962,1963,B,611,43,1961-11-07,-2366,1,55,611,parliamentary,0,8.456,1.045783966954414,6.230266857626571,1
32,130,Ecuador,Castro,1963,1964,B,992,48,1963-07-11,-1374,0,0,174,parliamentary,0,8.563,1.0350537894355132,6.259721033674536,-6
32,130,Ecuador,Castro,1964,1965,B,992,49,1963-07-11,-1374,0,174,539,military,0,8.766,1.0365377793543809,6.289010312996652,-6
32,130,Ecuador,Castro,1965,1966,B,992,50,1963-07-11,-1374,1,539,992,military,0,8.976,1.0415167900489664,6.318274179335941,-6
33,130,Ecuador,Yerovi Indaburu,1966,1966,B,232,62,1966-03-29,-1142,0,0,232,military,0,9.091,1.0365547751527866,6.346432535025858,-6
34,130,Ecuador,Rodriguez Lara,1972,1973,B,1426,49,1972-02-15,2201,0,0,321,personal,0,10.672,1.0652399584764034,6.518908321337054,-5
34,130,Ecuador,Rodriguez Lara,1973,1974,B,1426,50,1972-02-15,2201,0,321,686,military,0,11.362,1.0927731932983247,6.548890796896124,-5
34,130,Ecuador,Rodriguez Lara,1974,1975,B,1426,51,1972-02-15,2201,0,686,1051,military,0,12.169,1.1172625277731871,6.58077643715154,-5
34,130,Ecuador,Rodriguez Lara,1975,1976,B,1426,52,1972-02-15,2201,1,1051,1426,military,0,12.835,1.119572233561871,6.611801758897061,-5
35,130,Ecuador,Poveda Burbano,1976,1977,B,1307,50,1976-01-11,3508,0,0,356,military,0,13.527,1.1167340873441756,6.642138631245472,-5
35,130,Ecuador,Poveda Burbano,1977,1978,B,1307,51,1976-01-11,3508,0,356,721,military,0,14.029,1.0973530239979976,6.668855751623144,-5
35,130,Ecuador,Poveda Burbano,1978,1979,B,1307,52,1976-01-11,3508,0,721,1307,military,0,14.466,1.079133470593501,6.694248890677284,-5
36,130,Ecuador,Rafael Correa,2015,2016,A,860,45,2015-01-15,17310,0,0,351,presidential,0,22.609,1.0092132163231053,7.44162005155939,5
36,130,Ecuador,Rafael Correa,2016,2017,A,860,46,2015-01-15,17310,0,351,860,presidential,0,22.183,0.9832715731990567,7.455839114531635,5
37,135,Peru,Perez Godoy,1962,1963,B,227,57,1962-07-19,-2496,1,0,227,presidential,0,9.561,1.1126239352045804,7.026085720340233,-6
38,135,Peru,Velasco Alvarado,1968,1969,B,2521,58,1968-10-03,2066,0,0,90,presidential,0,11.192,1.0274865505021757,7.197284145060291,-7
38,135,Peru,Velasco Alvarado,1969,1970,B,2521,59,1968-10-03,2066,0,90,455,military,0,11.273,1.0168497772004834,7.226151553904642,-7
38,135,Peru,Velasco Alvarado,1970,1971,B,2521,60,1968-10-03,2066,0,455,820,military,0,11.504,1.0225777777777778,7.253389700024249,-7
38,135,Peru,Velasco Alvarado,1971,1972,B,2521,61,1968-10-03,2066,0,820,1185,military,0,11.723,1.0298148213219018,7.281613442169094,-7
38,135,Peru,Velasco Alvarado,1972,1973,B,2521,62,1968-10-03,2066,0,1185,1550,military,0,11.906,1.0335428313483108,7.3083351403469745,-7
38,135,Peru,Velasco Alvarado,1973,1974,B,2521,63,1968-10-03,2066,0,1550,1915,military,0,12.268,1.0454375021304156,7.338366880401071,-7
38,135,Peru,Velasco Alvarado,1974,1975,B,2521,64,1968-10-03,2066,1,1915,2521,military,0,12.656,1.0536656842666134,7.3665949474737715,-7
39,135,Peru,Morales Bermudez,1975,1976,B,1794,54,1975-08-30,3861,0,0,124,military,0,12.974,1.0543338696832285,7.394879019223601,-7
39,135,Peru,Morales Bermudez,1976,1977,B,1794,55,1975-08-30,3861,0,124,489,military,0,12.994,1.0345870887607886,7.421995267166227,-7
39,135,Peru,Morales Bermudez,1977,1978,B,1794,56,1975-08-30,3861,0,489,854,military,0,12.801,1.0048984974800999,7.446459653716846,-7
39,135,Peru,Morales Bermudez,1978,1979,B,1794,57,1975-08-30,3861,0,854,1219,military,0,12.606,0.9843669472599209,7.4707561880673,-7
39,135,Peru,Morales Bermudez,1979,1980,B,1794,58,1975-08-30,3861,0,1219,1794,military,0,12.723,0.9924646634840402,7.497332007430753,-7
40,135,Peru,Fujimori,1995,1996,A,1944,55,1995-07-28,11283,0,0,157,personal,4,12.091,1.1000418509016139,7.858586558330666,-1
40,135,Peru,Fujimori,1996,1997,A,1944,56,1995-07-28,11283,0,157,522,personal,3,12.482,1.0928607701332584,7.877032690657109,-1
40,135,Peru,Fujimori,1997,1998,A,1944,57,1995-07-28,11283,0,522,887,personal,3,12.82,1.075900500184632,7.894822783578194,-1
40,135,Peru,Fujimori,1998,1999,A,1944,58,1995-07-28,11283,0,887,1252,personal,0,12.809,1.0387135489312012,7.908998369521831,-1
40,135,Peru,Fujimori,1999,2000,A,1944,59,1995-07-28,11283,0,1252,1944,personal,0,12.833,1.017926548742762,7.923607142548155,-1
41,140,Brazil,Cardoso,1999,2000,A,1461,66,1999-01-01,12053,0,0,365,presidential,0,20.165,1.0005259397451673,9.819670033384632,8
41,140,Brazil,Cardoso,2000,2001,A,1461,67,1999-01-01,12053,0,365,730,presidential,0,20.324,1.001004747926476,9.833380006458793,8
41,140,Brazil,Cardoso,2001,2002,A,1461,68,1999-01-01,12053,0,730,1095,presidential,0,20.344,1.000856021174225,9.84598337892816,8
41,140,Brazil,Cardoso,2002,2003,A,1461,69,1999-01-01,12053,0,1095,1461,presidential,0,20.444,1.005835063516585,9.856868946327058,8
42,145,Bolivia,Ballivian Rojas,1951,1952,B,331,49,1951-05-16,-6474,1,0,331,other,0,5.154,0.9935996298581123,5.708484735014096,-5
43,145,Bolivia,Barrientos Ortuna,1964,1965,B,425,45,1964-11-06,-1457,0,0,56,dominant-party,0,4.82,1.0593872258121235,6.015549658133469,-4
43,145,Bolivia,Barrientos Ortuna,1965,1966,B,425,46,1964-11-06,-1457,0,56,425,personal,0,4.991,1.0659519029516038,6.03767519671232,-4
44,145,Bolivia,Ovando Candia,1969,1970,B,375,51,1969-09-26,278,1,0,375,personal,0,5.801,1.0726701183431953,6.125413977342606,-4
45,145,Bolivia,Torres,1970,1971,B,319,49,1970-10-07,598,1,0,319,military,0,5.943,1.0615533009431266,6.147467795584063,-5
46,145,Bolivia,Banzer Suarez,1971,1972,B,2525,45,1971-08-22,3123,0,0,132,military,0,6.101,1.0554998096951662,6.169870113075345,-7
46,145,Bolivia,Banzer Suarez,1972,1973,B,2525,46,1971-08-22,3123,0,132,497,military,0,6.272,1.0538342630553128,6.194091055992281,-7
46,145,Bolivia,Banzer Suarez,1973,1974,B,2525,47,1971-08-22,3123,0,497,862,military,0,6.533,1.065742251223491,6.216126944391462,-7
46,145,Bolivia,Banzer Suarez,1974,1975,B,2525,48,1971-08-22,3123,0,862,1227,military,0,6.816,1.0762671719564187,6.239179728084668,-7
46,145,Bolivia,Banzer Suarez,1975,1976,B,2525,49,1971-08-22,3123,0,1227,1592,military,0,7.086,1.079919531821507,6.2617282975472985,-7
46,145,Bolivia,Banzer Suarez,1976,1977,B,2525,50,1971-08-22,3123,0,1592,1957,military,0,7.327,1.0764235764235763,6.2839569065561784,-7
46,145,Bolivia,Banzer Suarez,1977,1978,B,2525,51,1971-08-22,3123,1,1957,2525,military,0,7.464,1.0594447283256685,6.306631063068244,-7
47,145,Bolivia,Padilla Aranciba,1978,1979,B,257,51,1978-11-24,3506,0,0,257,military,0,7.485,1.0344684614959367,6.327311588335276,-4
48,145,Bolivia,Garcia Meza Tejada,1980,1981,B,382,48,1980-07-18,4233,1,0,382,other,0,7.336,0.9898799082445013,6.372493509735274,-7
49,145,Bolivia,Torrelio Villa,1981,1982,B,348,48,1981-08-05,4582,1,0,348,military,0,7.231,0.9782461646689575,6.3950612441561185,-7
50,145,Bolivia,Juan Morales,2017,2018,A,1022,54,2017-01-22,18210,0,0,344,presidential,0,13.484,1.0550530499827862,7.075168760592944,7
50,145,Bolivia,Juan Morales,2018,2019,A,1022,55,2017-01-22,18210,1,344,1022,dominant-party,0,13.741,1.049203610097277,7.088109902630756,7
51,150,Paraguay,Rodriguez Pedotti,1989,1990,B,1654,65,1989-02-03,8627,0,0,332,dominant-party,0,10.959,1.0472850289558686,6.083824925978789,2
51,150,Paraguay,Rodriguez Pedotti,1990,1991,B,1654,66,1989-02-03,8627,0,332,697,dominant-party,0,11.415,1.0667825501850396,6.110979415609124,2
51,150,Paraguay,Rodriguez Pedotti,1991,1992,B,1654,67,1989-02-03,8627,0,697,1062,dominant-party,0,11.644,1.0594508034138266,6.1383963764763045,2
51,150,Paraguay,Rodriguez Pedotti,1992,1993,B,1654,68,1989-02-03,8627,0,1062,1654,dominant-party,0,11.776,1.0438975959151833,6.1635821367191275,7
52,155,Chile,Pinochet,1973,1974,B,6025,58,1973-09-11,7374,0,0,112,presidential,2,17.663,0.9811251583087075,6.988663150754799,-7
52,155,Chile,Pinochet,1974,1975,B,6025,59,1973-09-11,7374,0,112,477,military,3,16.983,0.9507468034126789,7.00479577910028,-7
52,155,Chile,Pinochet,1975,1976,B,6025,60,1973-09-11,7374,0,477,842,military,3,15.857,0.9091273936475175,7.018032885908248,-7
52,155,Chile,Pinochet,1976,1977,B,6025,61,1973-09-11,7374,0,842,1207,military,3,15.979,0.9427361117666493,7.035907479660601,-7
52,155,Chile,Pinochet,1977,1978,B,6025,62,1973-09-11,7374,0,1207,1572,military,0,16.717,1.0046394788398898,7.054012602361641,-7
52,155,Chile,Pinochet,1978,1979,B,6025,63,1973-09-11,7374,0,1572,1937,military,0,17.603,1.0586487689291428,7.069506714031382,-7
52,155,Chile,Pinochet,1979,1980,B,6025,64,1973-09-11,7374,0,1937,2302,military,0,18.57,1.0958855605127116,7.086418485498863,-7
52,155,Chile,Pinochet,1980,1981,B,6025,65,1973-09-11,7374,0,2302,2667,military,0,19.338,1.0961715056628158,7.102836747411359,-7
52,155,Chile,Pinochet,1981,1982,B,6025,66,1973-09-11,7374,0,2667,3032,military,0,19.572,1.0660130718954248,7.118134511891369,-7
52,155,Chile,Pinochet,1982,1983,B,6025,67,1973-09-11,7374,0,3032,3397,military,0,18.593,0.9924100089670781,7.132076536528038,-7
52,155,Chile,Pinochet,1983,1984,B,6025,68,1973-09-11,7374,0,3397,3762,military,0,17.966,0.9552419740745861,7.1463240475604755,-6
52,155,Chile,Pinochet,1984,1985,B,6025,69,1973-09-11,7374,0,3762,4127,military,0,18.03,0.9641814350955626,7.161088889563923,-6
52,155,Chile,Pinochet,1985,1986,B,6025,70,1973-09-11,7374,0,4127,4492,military,0,18.172,0.984046873815429,7.1752096438038935,-6
52,155,Chile,Pinochet,1986,1987,B,6025,71,1973-09-11,7374,0,4492,4857,military,0,18.658,1.020466205055842,7.1908463287988775,-6
52,155,Chile,Pinochet,1987,1988,B,6025,72,1973-09-11,7374,0,4857,5222,military,2,19.435,1.0532619416654923,7.205391642675283,-6
52,155,Chile,Pinochet,1988,1989,B,6025,73,1973-09-11,7374,0,5222,5587,military,0,20.43,1.0783847980997625,7.2208404432814355,-1
52,155,Chile,Pinochet,1989,1990,B,6025,74,1973-09-11,7374,0,5587,6025,military,0,21.618,1.0994476824021238,7.238125363859337,8
58,160,Argentina,Peron,1951,1952,A,1569,54,1951-06-04,-5217,0,0,211,presidential,0,17.321,0.9608791647712774,7.491894745378738,-9
58,160,Argentina,Peron,1952,1953,A,1569,55,1951-06-04,-5217,0,211,576,personal,0,16.996,0.958125690576589,7.515241624705158,-9
58,160,Argentina,Peron,1953,1954,A,1569,56,1951-06-04,-5217,0,576,941,personal,0,17.132,0.9823056546219741,7.534981116079606,-9
58,160,Argentina,Peron,1954,1955,A,1569,57,1951-06-04,-5217,1,941,1569,personal,0,17.349,1.0045278736364267,7.552030967065593,-9
53,160,Argentina,Aramburu,1955,1956,B,900,52,1955-11-13,-4263,0,0,49,personal,2,17.51,1.0143903230291513,7.566236995469955,-9
53,160,Argentina,Aramburu,1956,1957,B,900,53,1955-11-13,-4263,0,49,414,military,0,17.832,1.0269641437934092,7.58295893304659,-9
53,160,Argentina,Aramburu,1957,1958,B,900,54,1955-11-13,-4263,0,414,900,military,0,18.339,1.0400739547650915,7.601345861225026,-9
54,160,Argentina,Guido,1962,1963,B,562,52,1962-03-29,-2273,0,0,562,military,0,21.188,1.0542762175825486,7.709789599344381,5
55,160,Argentina,Ongania,1966,1967,B,1441,52,1966-06-28,158,0,0,187,military,0,23.724,1.060593868190231,7.7733941948879854,-9
55,160,Argentina,Ongania,1967,1968,B,1441,53,1966-06-28,158,0,187,552,military,0,24.188,1.0530898705188823,7.786465423960312,-9
55,160,Argentina,Ongania,1968,1969,B,1441,54,1966-06-28,158,0,552,917,military,0,24.952,1.053155837687717,7.800256880003352,-9
55,160,Argentina,Ongania,1969,1970,B,1441,55,1966-06-28,158,1,917,1441,military,0,26.061,1.0659506065786999,7.815825111673697,-9
56,160,Argentina,Lanusse,1971,1972,B,792,53,1971-03-25,1240,0,0,282,military,0,27.8,1.0694035190299973,7.843463073635947,-9
56,160,Argentina,Lanusse,1972,1973,B,792,54,1971-03-25,1240,0,282,792,military,0,28.46,1.0599548606714289,7.859098047137354,-9
57,160,Argentina,Videla,1976,1977,B,1826,51,1976-03-29,4105,0,0,278,presidential,3,30.106,1.0159413638572432,7.925487175884006,-9
57,160,Argentina,Videla,1977,1978,B,1826,52,1976-03-29,4105,0,278,643,military,3,30.438,1.0136134162748258,7.94150757262326,-9
57,160,Argentina,Videla,1978,1979,B,1826,53,1976-03-29,4105,0,643,1008,military,3,30.142,0.9984166837806147,7.956672644309646,-9
57,160,Argentina,Videla,1979,1980,B,1826,54,1976-03-29,4105,0,1008,1373,military,3,30.533,1.0088084476515211,7.974491549402871,-9
57,160,Argentina,Videla,1980,1981,B,1826,55,1976-03-29,4105,0,1373,1826,military,3,30.459,1.0040678278985746,7.99117778480926,-9
59,160,Argentina,Menem,1993,1994,A,2346,63,1993-07-08,10935,0,0,177,presidential,0,33.551,1.1122419211541779,8.2028549799171,7
59,160,Argentina,Menem,1994,1995,A,2346,64,1993-07-08,10935,0,177,542,presidential,0,34.856,1.1029751469852984,8.217185334286887,7
59,160,Argentina,Menem,1995,1996,A,2346,65,1993-07-08,10935,0,542,907,presidential,0,35.233,1.0668455189036317,8.229181464634438,7
59,160,Argentina,Menem,1996,1997,A,2346,66,1993-07-08,10935,0,907,1272,presidential,0,36.332,1.0577063039668353,8.242606334463352,7
59,160,Argentina,Menem,1997,1998,A,2346,67,1993-07-08,10935,0,1272,1637,presidential,0,37.491,1.0563046944996983,8.25342918777078,7
59,160,Argentina,Menem,1998,1999,A,2346,68,1993-07-08,10935,0,1637,2346,presidential,0,37.858,1.041370963305276,8.265381868274954,7
60,345,Yugoslavia,Tito,1974,1975,A,2251,82,1974-03-06,3776,0,0,301,dominant-party,0,11.259,1.1082347382719453,7.703421592292077,-7
60,345,Yugoslavia,Tito,1975,1976,A,2251,83,1974-03-06,3776,0,301,666,dominant-party,0,11.754,1.100520579753567,7.716812186094561,-7
60,345,Yugoslavia,Tito,1976,1977,A,2251,84,1974-03-06,3776,0,666,1031,dominant-party,0,12.387,1.1021050945780024,7.731895195001623,-7
60,345,Yugoslavia,Tito,1977,1978,A,2251,85,1974-03-06,3776,0,1031,1396,dominant-party,0,13.09,1.1054622842279498,7.743327808420864,-7
60,345,Yugoslavia,Tito,1978,1979,A,2251,86,1974-03-06,3776,0,1396,1761,dominant-party,0,13.759,1.1051583157962377,7.754529573761356,-7
60,345,Yugoslavia,Tito,1979,1980,A,2251,87,1974-03-06,3776,0,1761,2251,dominant-party,0,14.364,1.0989380910120268,7.762448866292876,-7
61,350,Greece,Kollias,1967,1967,B,236,66,1967-04-21,-750,0,0,236,parliamentary,0,20.544,1.1209079004801397,6.838638828431036,-7
62,350,Greece,Ionannides,1973,1974,B,241,50,1973-11-25,1665,0,0,241,military,0,30.134,1.1208480565371024,6.862336276057861,-7
63,365,Russia,Putin,2012,2013,A,4519,56,2012-12-31,20224,0,0,1,personal,1,58.545,1.06523313403615,9.647381017574125,4
63,365,Russia,Putin,2013,2014,A,4519,57,2012-12-31,20224,0,1,366,personal,1,59.189,1.0514264397626745,9.648740647183057,4
63,365,Russia,Putin,2014,2015,A,4519,58,2012-12-31,20224,0,366,731,personal,1,58.619,1.0189150854846447,9.65041545188234,4
63,365,Russia,Putin,2015,2016,A,4519,59,2012-12-31,20224,0,731,1096,personal,1,56.602,0.976384744096186,9.644923861730382,4
63,365,Russia,Putin,2016,2017,A,4519,60,2012-12-31,20224,0,1096,1461,personal,1,56.22,0.9720757326878188,9.643985079235227,4
63,365,Russia,Putin,2017,2018,A,4519,61,2012-12-31,20224,0,1461,1826,personal,1,56.834,0.9885411738513344,9.643920133248292,4
63,365,Russia,Putin,2018,2019,A,4519,62,2012-12-31,20224,0,1826,2191,personal,0,57.681,1.008564254640574,9.645831551779292,4
63,365,Russia,Putin,2019,2020,A,4519,63,2012-12-31,20224,0,2191,2556,personal,0,58.026,1.0167050388452603,9.645628583964715,4
63,365,Russia,Putin,2020,2021,A,4519,64,2012-12-31,20224,0,2556,2921,personal,0,57.8535,1.0126346467429173,9.645730067872003,4
63,365,Russia,Putin,2021,2022,A,4519,65,2012-12-31,20224,0,2921,3286,personal,0,58.026,1.0167050388452603,9.645628583964715,4
63,365,Russia,Putin,2022,2023,A,4519,66,2012-12-31,20224,0,3286,3651,personal,0,NA,NA,NA,4
63,365,Russia,Putin,2023,2024,A,4519,67,2012-12-31,20224,0,3651,4016,personal,0,NA,NA,NA,4
63,365,Russia,Putin,2024,2025,A,4519,68,2012-12-31,20224,0,4016,4519,personal,0,NA,NA,NA,4
64,370,Belarus,Lukashenko,2004,2005,A,7605,50,2004-07-20,20224,0,0,165,personal,0,27.095,1.1252450247516528,6.9414250371291075,-7
64,370,Belarus,Lukashenko,2005,2006,A,7605,51,2004-07-20,20224,0,165,530,personal,0,29.54,1.1545827633378931,6.936160989484391,-7
64,370,Belarus,Lukashenko,2006,2007,A,7605,52,2004-07-20,20224,0,530,895,personal,0,32.33,1.1761324776996842,6.933002859500536,-7
64,370,Belarus,Lukashenko,2007,2008,A,7605,53,2004-07-20,20224,0,895,1260,personal,0,35.222,1.1809001421559424,6.929372924801877,-7
64,370,Belarus,Lukashenko,2008,2009,A,7605,54,2004-07-20,20224,0,1260,1625,personal,0,38.188,1.1759199384141648,6.928066600400931,-7
64,370,Belarus,Lukashenko,2009,2010,A,7605,55,2004-07-20,20224,0,1625,1990,personal,0,39.895,1.1387184244327102,6.925857441699739,-7
64,370,Belarus,Lukashenko,2010,2011,A,7605,56,2004-07-20,20224,0,1990,2355,personal,0,42.234,1.124027913067084,6.924552413915351,-7
64,370,Belarus,Lukashenko,2011,2012,A,7605,57,2004-07-20,20224,0,2355,2720,personal,0,44.358,1.1095214035228143,6.924336055018371,-7
64,370,Belarus,Lukashenko,2012,2013,A,7605,58,2004-07-20,20224,0,2720,3085,personal,0,45.618,1.084629540688468,6.9242927776210665,-7
64,370,Belarus,Lukashenko,2013,2014,A,7605,59,2004-07-20,20224,0,3085,3450,personal,0,46.333,1.0605526510955052,6.923172815610261,-7
64,370,Belarus,Lukashenko,2014,2015,A,7605,60,2004-07-20,20224,0,3450,3815,personal,0,46.525,1.033576519096451,6.921819906773518,-7
64,370,Belarus,Lukashenko,2015,2016,A,7605,61,2004-07-20,20224,0,3815,4180,personal,0,45.227,0.991554891016,6.915671859999056,-7
64,370,Belarus,Lukashenko,2016,2017,A,7605,62,2004-07-20,20224,0,4180,4545,personal,0,44.581,0.9764372448353806,6.9145282902695575,-7
64,370,Belarus,Lukashenko,2017,2018,A,7605,63,2004-07-20,20224,0,4545,4910,personal,0,45.093,0.9899279501578424,6.914508425074769,-7
64,370,Belarus,Lukashenko,2018,2019,A,7605,64,2004-07-20,20224,0,4910,5275,personal,0,45.877,1.0091595799439514,6.913690629886378,-7
64,370,Belarus,Lukashenko,2019,2020,A,7605,65,2004-07-20,20224,0,5275,5640,personal,0,46.491,1.0228187742278974,6.9122003848443425,-7
64,370,Belarus,Lukashenko,2020,2021,A,7605,66,2004-07-20,20224,0,5640,6005,personal,0,46.184,1.0159891770859244,6.91294550736536,-7
64,370,Belarus,Lukashenko,2021,2022,A,7605,67,2004-07-20,20224,0,6005,6370,personal,0,46.491,1.0228187742278974,6.9122003848443425,-7
64,370,Belarus,Lukashenko,2022,2023,A,7605,68,2004-07-20,20224,0,6370,6735,personal,0,NA,NA,NA,-7
64,370,Belarus,Lukashenko,2023,2024,A,7605,69,2004-07-20,20224,0,6735,7100,personal,0,NA,NA,NA,-7
64,370,Belarus,Lukashenko,2024,2025,A,7605,70,2004-07-20,20224,0,7100,7605,personal,0,NA,NA,NA,-7
65,373,Azerbaijan,H. Aliyev,2002,2003,A,406,79,2002-06-24,12268,0,0,406,personal,0,10.249,1.1526609384137838,6.7658748441857055,-7
66,373,Azerbaijan,Ilhma Aliyev,2016,2017,A,3207,48,2016-08-04,20224,0,0,150,personal,0,33.865,0.9698436336559941,6.929019582606843,-7
66,373,Azerbaijan,Ilhma Aliyev,2017,2018,A,3207,49,2016-08-04,20224,0,150,515,personal,0,33.207,0.9599618408880667,6.9388207126746,-7
66,373,Azerbaijan,Ilhma Aliyev,2018,2019,A,3207,50,2016-08-04,20224,0,515,880,personal,0,32.896,0.9653035353772478,6.950043398216117,-7
66,373,Azerbaijan,Ilhma Aliyev,2019,2020,A,3207,51,2016-08-04,20224,0,880,1245,personal,0,32.471,0.9706976132395847,6.960126642044769,-7
66,373,Azerbaijan,Ilhma Aliyev,2020,2021,A,3207,52,2016-08-04,20224,0,1245,1610,personal,0,32.683499999999995,0.9680005743084162,6.9550850201304435,-7
66,373,Azerbaijan,Ilhma Aliyev,2021,2022,A,3207,53,2016-08-04,20224,0,1610,1975,personal,0,32.471,0.9706976132395847,6.960126642044769,-7
66,373,Azerbaijan,Ilhma Aliyev,2022,2023,A,3207,54,2016-08-04,20224,0,1975,2340,personal,0,NA,NA,NA,-7
66,373,Azerbaijan,Ilhma Aliyev,2023,2024,A,3207,55,2016-08-04,20224,0,2340,2705,personal,0,NA,NA,NA,-7
66,373,Azerbaijan,Ilhma Aliyev,2024,2025,A,3207,56,2016-08-04,20224,0,2705,3207,personal,0,NA,NA,NA,-7
67,375,Finland,Kekkonen,1973,1974,A,3116,73,1973-03-01,4271,0,0,306,presidential,0,39.592,1.1068059958514345,6.205623860750688,10
67,375,Finland,Kekkonen,1974,1975,A,3116,74,1973-03-01,4271,0,306,671,presidential,0,40.733,1.0861380277634083,6.212618119727327,10
67,375,Finland,Kekkonen,1975,1976,A,3116,75,1973-03-01,4271,0,671,1036,presidential,0,41.376,1.0630764882711132,6.2187116672549285,10
67,375,Finland,Kekkonen,1976,1977,A,3116,76,1973-03-01,4271,0,1036,1401,presidential,0,41.877,1.0417526978551492,6.224102879983981,10
67,375,Finland,Kekkonen,1977,1978,A,3116,77,1973-03-01,4271,0,1401,1766,presidential,0,42.396,1.0291590200704943,6.227759241799142,10
67,375,Finland,Kekkonen,1978,1979,A,3116,78,1973-03-01,4271,0,1766,2131,presidential,0,43.435,1.0350686550660815,6.23004828291007,10
67,375,Finland,Kekkonen,1979,1980,A,3116,79,1973-03-01,4271,0,2131,2496,presidential,0,45.331,1.0570855583797776,6.232752488858172,10
67,375,Finland,Kekkonen,1980,1981,A,3116,80,1973-03-01,4271,0,2496,3116,presidential,0,47.304,1.0734173538528566,6.2355336244433195,10
68,404,Guinea-Bissau,Vieira,1980,1981,B,6748,41,1980-11-14,10718,0,0,48,dominant-party,0,3.011,0.9440055179332832,4.422376517767073,-9
68,404,Guinea-Bissau,Vieira,1981,1982,B,6748,42,1980-11-14,10718,0,48,413,personal,0,2.966,0.9471801750015967,4.442074619679027,-9
68,404,Guinea-Bissau,Vieira,1982,1983,B,6748,43,1980-11-14,10718,0,413,778,personal,0,2.96,0.9601037950048653,4.464527856185625,-9
68,404,Guinea-Bissau,Vieira,1983,1984,B,6748,44,1980-11-14,10718,0,778,1143,personal,0,2.92,0.9686193856564718,4.48811938218452,-9
68,404,Guinea-Bissau,Vieira,1984,1985,B,6748,45,1980-11-14,10718,0,1143,1508,personal,0,2.937,0.9926321481681762,4.511496666124911,-8
68,404,Guinea-Bissau,Vieira,1985,1986,B,6748,46,1980-11-14,10718,0,1508,1873,personal,0,2.954,1.0022392617221958,4.534618958037055,-8
68,404,Guinea-Bissau,Vieira,1986,1987,B,6748,47,1980-11-14,10718,0,1873,2238,personal,0,2.955,1.0033274480510663,4.55707178249706,-8
68,404,Guinea-Bissau,Vieira,1987,1988,B,6748,48,1980-11-14,10718,0,2238,2603,personal,0,3.006,1.0174654752233956,4.580252298025129,-8
68,404,Guinea-Bissau,Vieira,1988,1989,B,6748,49,1980-11-14,10718,0,2603,2968,personal,0,3.099,1.0363855260517691,4.60241639779147,-8
68,404,Guinea-Bissau,Vieira,1989,1990,B,6748,50,1980-11-14,10718,0,2968,3333,personal,0,3.184,1.0475062508224766,4.62511005876764,-8
68,404,Guinea-Bissau,Vieira,1990,1991,B,6748,51,1980-11-14,10718,0,3333,3698,personal,0,3.294,1.0599819796627623,4.647788965323276,-8
68,404,Guinea-Bissau,Vieira,1991,1992,B,6748,52,1980-11-14,10718,0,3698,4063,personal,0,3.339,1.0485491772390403,4.668792662685039,-5
68,404,Guinea-Bissau,Vieira,1992,1993,B,6748,53,1980-11-14,10718,0,4063,4428,personal,0,3.294,1.0160394818013572,4.690163695117736,-5
68,404,Guinea-Bissau,Vieira,1993,1994,B,6748,54,1980-11-14,10718,0,4428,4793,personal,0,3.343,1.0158624042785949,4.713405565262614,-5
68,404,Guinea-Bissau,Vieira,1994,1995,B,6748,55,1980-11-14,10718,0,4793,5158,personal,0,3.406,1.021228112257136,4.736496649542149,2
68,404,Guinea-Bissau,Vieira,1995,1996,B,6748,56,1980-11-14,10718,0,5158,5523,personal,0,3.468,1.029080118694362,4.755596797214718,2
68,404,Guinea-Bissau,Vieira,1996,1997,B,6748,57,1980-11-14,10718,0,5523,5888,personal,0,3.544,1.0389914980944004,4.77630439714147,2
68,404,Guinea-Bissau,Vieira,1997,1998,B,6748,58,1980-11-14,10718,0,5888,6253,personal,0,3.525,1.019611246095106,4.795501247555751,2
68,404,Guinea-Bissau,Vieira,1998,1999,B,6748,59,1980-11-14,10718,1,6253,6748,personal,2,3.207,0.9349854227405247,4.811281508904784,2
70,411,Equatorial Guinea,Macias Nguema,1973,1974,A,2121,48,1973-10-12,3501,0,0,81,personal,4,5.768,1.0972872198759656,3.3602017609586357,-7
70,411,Equatorial Guinea,Macias Nguema,1974,1975,A,2121,49,1973-10-12,3501,0,81,446,personal,4,6.405,1.1587307330487011,3.311600847850399,-7
70,411,Equatorial Guinea,Macias Nguema,1975,1976,A,2121,50,1973-10-12,3501,0,446,811,personal,4,7.253,1.2140944091061265,3.253006683584346,-7
70,411,Equatorial Guinea,Macias Nguema,1976,1977,A,2121,51,1973-10-12,3501,0,811,1176,personal,4,7.916,1.2116944742078677,3.2095928712692836,-7
70,411,Equatorial Guinea,Macias Nguema,1977,1978,A,2121,52,1973-10-12,3501,0,1176,1541,personal,4,8.155,1.148688621573654,3.1908877883280318,-7
70,411,Equatorial Guinea,Macias Nguema,1978,1979,A,2121,53,1973-10-12,3501,1,1541,2121,personal,4,7.735,1.032324364723468,3.191422404753489,-7
69,411,Equatorial Guinea,Nguema Mbasogo,1979,1980,B,16723,37,1979-08-03,20224,0,0,151,personal,4,7.089,0.929144385026738,3.226367690626496,-7
69,411,Equatorial Guinea,Nguema Mbasogo,1980,1981,B,16723,38,1979-08-03,20224,0,151,516,personal,0,6.542,0.8737345406950343,3.2815501093960213,-7
69,411,Equatorial Guinea,Nguema Mbasogo,1981,1982,B,16723,39,1979-08-03,20224,0,516,881,personal,0,6.283,0.8774159311808737,3.340349818329441,-7
69,411,Equatorial Guinea,Nguema Mbasogo,1982,1983,B,16723,40,1979-08-03,20224,0,881,1246,personal,0,6.152,0.91003224756664,3.4041264211680353,-7
69,411,Equatorial Guinea,Nguema Mbasogo,1983,1984,B,16723,41,1979-08-03,20224,0,1246,1611,personal,0,6.124,0.9512270891581236,3.4731458809747395,-7
69,411,Equatorial Guinea,Nguema Mbasogo,1984,1985,B,16723,42,1979-08-03,20224,0,1611,1976,personal,0,6.087,0.9758560984994229,3.535349414982724,-7
69,411,Equatorial Guinea,Nguema Mbasogo,1985,1986,B,16723,43,1979-08-03,20224,0,1976,2341,personal,0,6.192,1.0039561579868992,3.5882023983603606,-7
69,411,Equatorial Guinea,Nguema Mbasogo,1986,1987,B,16723,44,1979-08-03,20224,0,2341,2706,personal,0,6.101,0.9950743736951984,3.629686619301117,-7
69,411,Equatorial Guinea,Nguema Mbasogo,1987,1988,B,16723,45,1979-08-03,20224,0,2706,3071,personal,0,6.072,0.9929356357927787,3.6646636028548176,-7
69,411,Equatorial Guinea,Nguema Mbasogo,1988,1989,B,16723,46,1979-08-03,20224,0,3071,3436,personal,0,5.949,0.978421762442025,3.6967980193582317,-7
69,411,Equatorial Guinea,Nguema Mbasogo,1989,1990,B,16723,47,1979-08-03,20224,0,3436,3801,personal,0,5.694,0.9487470007997867,3.7268734536231447,-7
69,411,Equatorial Guinea,Nguema Mbasogo,1990,1991,B,16723,48,1979-08-03,20224,0,3801,4166,personal,0,5.264,0.9050894085281982,3.7543862563160557,-7
69,411,Equatorial Guinea,Nguema Mbasogo,1991,1992,B,16723,49,1979-08-03,20224,0,4166,4531,personal,0,5.225,0.9262870514820593,3.7845986411724803,-7
69,411,Equatorial Guinea,Nguema Mbasogo,1992,1993,B,16723,50,1979-08-03,20224,0,4531,4896,personal,0,5.663,1.0187084007915093,3.8161946914154727,-7
69,411,Equatorial Guinea,Nguema Mbasogo,1993,1994,B,16723,51,1979-08-03,20224,0,4896,5261,personal,0,6.153,1.0987892424729453,3.845519889069867,-5
69,411,Equatorial Guinea,Nguema Mbasogo,1994,1995,B,16723,52,1979-08-03,20224,0,5261,5626,personal,0,6.784,1.1660765237718724,3.872075628318552,-5
69,411,Equatorial Guinea,Nguema Mbasogo,1995,1996,B,16723,53,1979-08-03,20224,0,5626,5991,personal,0,8.043,1.261924187272499,3.9034059853210317,-5
69,411,Equatorial Guinea,Nguema Mbasogo,1996,1997,B,16723,54,1979-08-03,20224,0,5991,6356,personal,0,11.07,1.4676636703523984,3.9402799897986047,-6
69,411,Equatorial Guinea,Nguema Mbasogo,1997,1998,B,16723,55,1979-08-03,20224,0,6356,6721,personal,0,17.197,1.7459946798789774,3.9797003453160604,-6
69,411,Equatorial Guinea,Nguema Mbasogo,1998,1999,B,16723,56,1979-08-03,20224,0,6721,7086,personal,0,22.099,1.6948905557345115,4.011162208792671,-6
69,411,Equatorial Guinea,Nguema Mbasogo,1999,2000,B,16723,57,1979-08-03,20224,0,7086,7451,personal,0,27.438,1.5980756462077883,4.048614710515927,-6
69,411,Equatorial Guinea,Nguema Mbasogo,2000,2001,B,16723,58,1979-08-03,20224,0,7451,7816,personal,0,33.584,1.507523252055877,4.088276186820494,-6
69,411,Equatorial Guinea,Nguema Mbasogo,2001,2002,B,16723,59,1979-08-03,20224,0,7816,8181,personal,0,44.469,1.5356696388487918,4.126747213329601,-6
69,411,Equatorial Guinea,Nguema Mbasogo,2002,2003,B,16723,60,1979-08-03,20224,0,8181,8546,personal,0,53.384,1.474907997833943,4.160522364004664,-6
69,411,Equatorial Guinea,Nguema Mbasogo,2003,2004,B,16723,61,1979-08-03,20224,0,8546,8911,personal,0,61.431,1.3942198578341034,4.197547752526068,-6
69,411,Equatorial Guinea,Nguema Mbasogo,2004,2005,B,16723,62,1979-08-03,20224,0,8911,9276,personal,0,71.958,1.3585901686390307,4.238271731028743,-6
69,411,Equatorial Guinea,Nguema Mbasogo,2005,2006,B,16723,63,1979-08-03,20224,0,9276,9641,personal,0,80.124,1.2866530064297321,4.2809486027453625,-6
69,411,Equatorial Guinea,Nguema Mbasogo,2006,2007,B,16723,64,1979-08-03,20224,0,9641,10006,personal,0,85.826,1.2166204075152456,4.319738911921429,-6
69,411,Equatorial Guinea,Nguema Mbasogo,2007,2008,B,16723,65,1979-08-03,20224,0,10006,10371,personal,0,93.195,1.1870946211028852,4.359755463027651,-6
69,411,Equatorial Guinea,Nguema Mbasogo,2008,2009,B,16723,66,1979-08-03,20224,0,10371,10736,personal,0,100.347,1.1629041603893846,4.402319337941644,-6
69,411,Equatorial Guinea,Nguema Mbasogo,2009,2010,B,16723,67,1979-08-03,20224,0,10736,11101,personal,0,100.181,1.0896985465755005,4.440696405837759,-6
69,411,Equatorial Guinea,Nguema Mbasogo,2010,2011,B,16723,68,1979-08-03,20224,0,11101,11466,personal,0,96.533,1.0138274498930857,4.482437420605795,-6
69,411,Equatorial Guinea,Nguema Mbasogo,2011,2012,B,16723,69,1979-08-03,20224,0,11466,11831,personal,0,96.829,0.9939640925095209,4.5243505098860775,-6
69,411,Equatorial Guinea,Nguema Mbasogo,2012,2013,B,16723,70,1979-08-03,20224,0,11831,12196,personal,0,96.471,0.9836732529707706,4.564452352709533,-6
69,411,Equatorial Guinea,Nguema Mbasogo,2013,2014,B,16723,71,1979-08-03,20224,0,12196,12561,personal,0,92.497,0.9584962829862946,4.601202324426706,-6
69,411,Equatorial Guinea,Nguema Mbasogo,2014,2015,B,16723,72,1979-08-03,20224,0,12561,12926,personal,0,86.808,0.9251861925488876,4.636707611986248,-6
69,411,Equatorial Guinea,Nguema Mbasogo,2015,2016,B,16723,73,1979-08-03,20224,0,12926,13291,personal,0,77.963,0.8651635269260133,4.668220099699203,-6
69,411,Equatorial Guinea,Nguema Mbasogo,2016,2017,B,16723,74,1979-08-03,20224,0,13291,13656,personal,0,69.738,0.8233977288022726,4.703358039496729,-6
69,411,Equatorial Guinea,Nguema Mbasogo,2017,2018,B,16723,75,1979-08-03,20224,0,13656,14021,personal,0,63.224,0.810086359326551,4.7420235547348994,-6
69,411,Equatorial Guinea,Nguema Mbasogo,2018,2019,B,16723,76,1979-08-03,20224,0,14021,14386,personal,0,58.17,0.8172170507132562,4.7908610602516495,-6
69,411,Equatorial Guinea,Nguema Mbasogo,2019,2020,B,16723,77,1979-08-03,20224,0,14386,14751,personal,0,54.551,0.8427572100381282,4.863433746357203,-6
69,411,Equatorial Guinea,Nguema Mbasogo,2020,2021,B,16723,78,1979-08-03,20224,0,14751,15116,personal,0,56.3605,0.8299871303756923,4.827147403304426,-6
69,411,Equatorial Guinea,Nguema Mbasogo,2021,2022,B,16723,79,1979-08-03,20224,0,15116,15481,personal,0,54.551,0.8427572100381282,4.863433746357203,-6
69,411,Equatorial Guinea,Nguema Mbasogo,2022,2023,B,16723,80,1979-08-03,20224,0,15481,15846,personal,0,NA,NA,NA,-6
69,411,Equatorial Guinea,Nguema Mbasogo,2023,2024,B,16723,81,1979-08-03,20224,0,15846,16211,personal,0,NA,NA,NA,-6
69,411,Equatorial Guinea,Nguema Mbasogo,2024,2025,B,16723,82,1979-08-03,20224,0,16211,16723,personal,0,NA,NA,NA,-6
71,420,Gambia,Jammeh,1994,1995,B,8217,52,1994-07-22,17185,0,0,163,dominant-party,0,4.39,0.9790802444355234,4.774279848809815,-7
71,420,Gambia,Jammeh,1995,1996,B,8217,53,1994-07-22,17185,0,163,528,other,0,4.324,0.9721660146589325,4.8071881552873075,-7
71,420,Gambia,Jammeh,1996,1997,B,8217,54,1994-07-22,17185,0,528,893,other,0,4.288,0.9747669924982951,4.840234402997989,-6
71,420,Gambia,Jammeh,1997,1998,B,8217,55,1994-07-22,17185,0,893,1258,personal,0,4.275,0.9824875896304468,4.871970749359985,-5
71,420,Gambia,Jammeh,1998,1999,B,8217,56,1994-07-22,17185,0,1258,1623,personal,0,4.281,0.9929028666852211,4.903554781573008,-5
71,420,Gambia,Jammeh,1999,2000,B,8217,57,1994-07-22,17185,0,1623,1988,personal,0,4.367,1.0139308103087996,4.932565638674333,-5
71,420,Gambia,Jammeh,2000,2001,B,8217,58,1994-07-22,17185,0,1988,2353,personal,0,4.452,1.0275585099016755,4.962795678012815,-5
71,420,Gambia,Jammeh,2001,2002,B,8217,59,1994-07-22,17185,0,2353,2718,personal,0,4.486,1.0260280865468183,4.990629846233375,-5
71,420,Gambia,Jammeh,2002,2003,B,8217,60,1994-07-22,17185,0,2718,3083,personal,0,4.432,1.0064492687800892,5.018120542925137,-5
71,420,Gambia,Jammeh,2003,2004,B,8217,61,1994-07-22,17185,0,3083,3448,personal,0,4.475,1.0073383756528003,5.0486308981353725,-5
71,420,Gambia,Jammeh,2004,2005,B,8217,62,1994-07-22,17185,0,3448,3813,personal,0,4.575,1.0202943800178412,5.078524445597222,-5
71,420,Gambia,Jammeh,2005,2006,B,8217,63,1994-07-22,17185,0,3813,4178,personal,0,4.524,1.005690912324382,5.107168967551124,-5
71,420,Gambia,Jammeh,2006,2007,B,8217,64,1994-07-22,17185,0,4178,4543,personal,0,4.44,0.9890403635391607,5.135610184037658,-5
71,420,Gambia,Jammeh,2007,2008,B,8217,65,1994-07-22,17185,0,4543,4908,personal,0,4.432,0.9872583088300811,5.164260121401594,-5
71,420,Gambia,Jammeh,2008,2009,B,8217,66,1994-07-22,17185,0,4908,5273,personal,0,4.488,0.9991540139810321,5.193889748938811,-5
71,420,Gambia,Jammeh,2009,2010,B,8217,67,1994-07-22,17185,0,5273,5638,personal,0,4.557,1.015329085156633,5.222343038450448,-5
71,420,Gambia,Jammeh,2010,2011,B,8217,68,1994-07-22,17185,0,5638,6003,personal,0,4.579,1.0177364864864864,5.249914627319869,-5
71,420,Gambia,Jammeh,2011,2012,B,8217,69,1994-07-22,17185,0,6003,6368,personal,0,4.433,0.9855929565565388,5.275626873378331,-5
71,420,Gambia,Jammeh,2012,2013,B,8217,70,1994-07-22,17185,0,6368,6733,personal,0,4.425,0.9841206298372029,5.302638019071372,-5
71,420,Gambia,Jammeh,2013,2014,B,8217,71,1994-07-22,17185,0,6733,7098,personal,0,4.424,0.9867071103577483,5.32972882050213,-5
71,420,Gambia,Jammeh,2014,2015,B,8217,72,1994-07-22,17185,0,7098,7463,personal,0,4.387,0.9859313196691836,5.354485011961223,-5
71,420,Gambia,Jammeh,2015,2016,B,8217,73,1994-07-22,17185,0,7463,7828,personal,0,4.395,0.9959662799129804,5.379878920190843,-5
71,420,Gambia,Jammeh,2016,2017,B,8217,74,1994-07-22,17185,0,7828,8217,personal,0,4.4,0.9985928918342336,5.405960275563393,-5
72,432,Mali,Traore,1968,1969,B,8162,32,1968-11-19,7754,0,0,43,dominant-party,0,1.833,1.0206013363028952,6.367238194175813,-7
72,432,Mali,Traore,1969,1970,B,8162,33,1968-11-19,7754,0,43,408,personal,0,1.831,1.0136182462356067,6.387623150395846,-7
72,432,Mali,Traore,1970,1971,B,8162,34,1968-11-19,7754,0,408,773,personal,0,1.845,1.0136248763872102,6.409200723417241,-7
72,432,Mali,Traore,1971,1972,B,8162,35,1968-11-19,7754,0,773,1138,personal,0,1.844,1.0065502183406114,6.426998036338181,-7
72,432,Mali,Traore,1972,1973,B,8162,36,1968-11-19,7754,0,1138,1503,personal,0,1.82,0.9920418619862641,6.446890562369917,-7
72,432,Mali,Traore,1973,1974,B,8162,37,1968-11-19,7754,0,1503,1868,personal,0,1.789,0.9798444517471793,6.466922027036182,-7
72,432,Mali,Traore,1974,1975,B,8162,38,1968-11-19,7754,0,1868,2233,personal,0,1.775,0.9781770087071531,6.487394783357272,-7
72,432,Mali,Traore,1975,1976,B,8162,39,1968-11-19,7754,0,2233,2598,personal,0,1.868,1.026824978012313,6.508660338206813,-7
72,432,Mali,Traore,1976,1977,B,8162,40,1968-11-19,7754,0,2598,2963,personal,0,1.983,1.073632918245804,6.530141205029743,-7
72,432,Mali,Traore,1977,1978,B,8162,41,1968-11-19,7754,0,2963,3328,personal,0,2.061,1.0874841705360911,6.548402467038941,-7
72,432,Mali,Traore,1978,1979,B,8162,42,1968-11-19,7754,0,3328,3693,personal,0,2.088,1.0680306905370844,6.5669986775631815,-7
72,432,Mali,Traore,1979,1980,B,8162,43,1968-11-19,7754,0,3693,4058,personal,0,2.173,1.068023198663128,6.584937790508767,-7
72,432,Mali,Traore,1980,1981,B,8162,44,1968-11-19,7754,0,4058,4423,personal,0,2.113,1.0141101938951813,6.603615857546024,-7
72,432,Mali,Traore,1981,1982,B,8162,45,1968-11-19,7754,0,4423,4788,personal,0,2.061,0.9818025914634145,6.624342745729134,-7
72,432,Mali,Traore,1982,1983,B,8162,46,1968-11-19,7754,0,4788,5153,personal,0,2.011,0.9625694045567682,6.64358007575443,-7
72,432,Mali,Traore,1983,1984,B,8162,47,1968-11-19,7754,0,5153,5518,personal,0,2.023,0.9743762643290628,6.663104598533494,-7
72,432,Mali,Traore,1984,1985,B,8162,48,1968-11-19,7754,0,5518,5883,personal,0,2.058,1.0023378141437755,6.681849165303959,-7
72,432,Mali,Traore,1985,1986,B,8162,49,1968-11-19,7754,0,5883,6248,personal,0,2.147,1.0422330097087378,6.702580566758678,-7
72,432,Mali,Traore,1986,1987,B,8162,50,1968-11-19,7754,0,6248,6613,personal,0,2.203,1.0548745451063013,6.7199788715052184,-7
72,432,Mali,Traore,1987,1988,B,8162,51,1968-11-19,7754,0,6613,6978,personal,0,2.214,1.039924847346172,6.735398706399336,-7
72,432,Mali,Traore,1988,1989,B,8162,52,1968-11-19,7754,0,6978,7343,personal,0,2.222,1.0245296938399113,6.74993587761835,-7
72,432,Mali,Traore,1989,1990,B,8162,53,1968-11-19,7754,0,7343,7708,personal,0,2.294,1.0351985559566788,6.7691102626128306,-7
72,432,Mali,Traore,1990,1991,B,8162,54,1968-11-19,7754,1,7708,8162,personal,1,2.387,1.0543286219081274,6.791811176451311,-7
73,432,Mali,Amadou Toure,1991,1992,B,438,43,1991-03-26,8192,0,0,438,personal,1,2.44,1.055637276109717,6.822983573872162,-7
74,432,Mali,Assimi Goita,2021,2022,B,1453,41,2021-05-24,20224,0,0,222,other,1,2.4135,1.0549829490089222,6.807397375161736,-7
74,432,Mali,Assimi Goita,2022,2023,B,1453,42,2021-05-24,20224,0,222,587,other,1,2.44,1.055637276109717,6.822983573872162,-7
74,432,Mali,Assimi Goita,2023,2024,B,1453,43,2021-05-24,20224,0,587,952,other,1,NA,NA,NA,-7
74,432,Mali,Assimi Goita,2024,2025,B,1453,44,2021-05-24,20224,0,952,1453,other,1,NA,NA,NA,-7
75,434,Benin,Soglo,1965,1966,B,725,53,1965-12-22,-746,0,0,10,other,0,3.3,1.0448989930973338,5.579854346535104,-7
75,434,Benin,Soglo,1966,1967,B,725,54,1965-12-22,-746,1,10,725,military,0,3.358,1.0455847552621746,5.602694301015696,-7
76,434,Benin,Alley,1967,1968,B,228,37,1967-12-17,-518,0,0,228,military,0,3.381,1.0326817348808797,5.626271282214591,-7
77,434,Benin,Kerekou,1972,1973,B,6733,39,1972-10-27,7763,0,0,66,other,0,3.642,1.0334260257647125,5.746669535458578,-7
77,434,Benin,Kerekou,1973,1974,B,6733,40,1972-10-27,7763,0,66,431,personal,0,3.715,1.0378254553581405,5.772060868742729,-7
77,434,Benin,Kerekou,1974,1975,B,6733,41,1972-10-27,7763,0,431,796,personal,0,3.735,1.0284722987113117,5.797691673544898,-7
77,434,Benin,Kerekou,1975,1976,B,6733,42,1972-10-27,7763,0,796,1161,personal,0,3.627,0.9926108374384236,5.823184939070449,-7
77,434,Benin,Kerekou,1976,1977,B,6733,43,1972-10-27,7763,0,1161,1526,personal,0,3.601,0.9828056768558953,5.849886581760842,-7
77,434,Benin,Kerekou,1977,1978,B,6733,44,1972-10-27,7763,0,1526,1891,personal,0,3.616,0.9883021755766919,5.877323932275392,-7
77,434,Benin,Kerekou,1978,1979,B,6733,45,1972-10-27,7763,0,1891,2256,personal,0,3.634,0.997639049030912,5.905517149346199,-7
77,434,Benin,Kerekou,1979,1980,B,6733,46,1972-10-27,7763,0,2256,2621,personal,0,3.732,1.0247116968698518,5.932971713914659,-7
77,434,Benin,Kerekou,1980,1981,B,6733,47,1972-10-27,7763,0,2621,2986,personal,0,3.867,1.0479674796747969,5.961994540923951,-7
77,434,Benin,Kerekou,1981,1982,B,6733,48,1972-10-27,7763,0,2986,3351,personal,0,3.999,1.0608552631578947,5.990208758935975,-7
77,434,Benin,Kerekou,1982,1983,B,6733,49,1972-10-27,7763,0,3351,3716,personal,0,3.961,1.0318866253321524,6.018583482088777,-7
77,434,Benin,Kerekou,1983,1984,B,6733,50,1972-10-27,7763,0,3716,4081,personal,0,3.893,1.0006683117417232,6.047157025878854,-7
77,434,Benin,Kerekou,1984,1985,B,6733,51,1972-10-27,7763,0,4081,4446,personal,0,3.945,1.0030511060259344,6.0763110825181,-7
77,434,Benin,Kerekou,1985,1986,B,6733,52,1972-10-27,7763,0,4446,4811,personal,0,4.005,1.0112104226632328,6.1057927327480686,-7
77,434,Benin,Kerekou,1986,1987,B,6733,53,1972-10-27,7763,0,4811,5176,personal,0,3.932,0.996149169031212,6.136875719881839,-7
77,434,Benin,Kerekou,1987,1988,B,6733,54,1972-10-27,7763,0,5176,5541,personal,0,3.807,0.97206618322949645,6.1653674327922134,-7
77,434,Benin,Kerekou,1988,1989,B,6733,55,1972-10-27,7763,0,5541,5906,personal,0,3.748,0.9641405566702681,6.196987768182676,-7
77,434,Benin,Kerekou,1989,1990,B,6733,56,1972-10-27,7763,0,5906,6271,personal,0,3.696,0.9631019387116948,6.229031578127915,-7
77,434,Benin,Kerekou,1990,1991,B,6733,57,1972-10-27,7763,0,6271,6733,personal,0,3.815,1.0040530582166545,6.2612397441898455,-7
78,435,Mauritania,Ould Mohamed Salek,1978,1979,B,270,42,1978-07-10,3382,1,0,270,personal,3,4.74,0.9956309863888423,5.057474349741563,-7
79,435,Mauritania,Ould Haidalla,1980,1981,B,1804,40,1980-01-04,5459,0,0,363,personal,0,4.74,0.9877881048639188,5.112331102911333,-7
79,435,Mauritania,Ould Haidalla,1981,1982,B,1804,41,1980-01-04,5459,0,363,728,personal,0,4.708,0.9886187056402503,5.1390636885448755,-7
79,435,Mauritania,Ould Haidalla,1982,1983,B,1804,42,1980-01-04,5459,0,728,1093,personal,0,4.567,0.9709997023429859,5.166550131168349,-7
79,435,Mauritania,Ould Haidalla,1983,1984,B,1804,43,1980-01-04,5459,1,1093,1804,personal,0,4.498,0.9662728249194414,5.193695466935097,-7
80,435,Mauritania,Sidi Ahmed Taya,1984,1985,B,7539,43,1984-12-12,12998,0,0,20,personal,0,4.411,0.962092130518234,5.219252513951682,-7
80,435,Mauritania,Sidi Ahmed Taya,1985,1986,B,7539,44,1984-12-12,12998,0,20,385,personal,0,4.403,0.97467569841059,5.246513415481766,-7
80,435,Mauritania,Sidi Ahmed Taya,1986,1987,B,7539,45,1984-12-12,12998,0,385,750,personal,0,4.447,0.9959240347576815,5.271726954274506,-7
80,435,Mauritania,Sidi Ahmed Taya,1987,1988,B,7539,46,1984-12-12,12998,0,750,1115,personal,0,4.47,1.0054433397813667,5.297381929162879,-7
80,435,Mauritania,Sidi Ahmed Taya,1988,1989,B,7539,47,1984-12-12,12998,0,1115,1480,personal,0,4.494,1.0110236220472442,5.321623652778271,-7
80,435,Mauritania,Sidi Ahmed Taya,1989,1990,B,7539,48,1984-12-12,12998,0,1480,1845,personal,2,4.569,1.0206406647902426,5.346221423955091,-7
80,435,Mauritania,Sidi Ahmed Taya,1990,1991,B,7539,49,1984-12-12,12998,0,1845,2210,personal,0,4.71,1.0379021595416482,5.369483873975829,-7
80,435,Mauritania,Sidi Ahmed Taya,1991,1992,B,7539,50,1984-12-12,12998,0,2210,2575,personal,0,4.798,1.0411874484614383,5.3954939852892325,-6
80,435,Mauritania,Sidi Ahmed Taya,1992,1993,B,7539,51,1984-12-12,12998,0,2575,2940,personal,0,4.854,1.0360725720384205,5.422934772379331,-6
80,435,Mauritania,Sidi Ahmed Taya,1993,1994,B,7539,52,1984-12-12,12998,0,2940,3305,personal,0,4.984,1.042023834413548,5.451960774877719,-6
80,435,Mauritania,Sidi Ahmed Taya,1994,1995,B,7539,53,1984-12-12,12998,0,3305,3670,personal,0,5.035,1.032566342643862,5.477525749106575,-6
80,435,Mauritania,Sidi Ahmed Taya,1995,1996,B,7539,54,1984-12-12,12998,0,3670,4035,personal,0,5.075,1.0254182494140467,5.502795803353015,-6
80,435,Mauritania,Sidi Ahmed Taya,1996,1997,B,7539,55,1984-12-12,12998,0,4035,4400,personal,0,5.195,1.0330907210754485,5.527144734330544,-6
80,435,Mauritania,Sidi Ahmed Taya,1997,1998,B,7539,56,1984-12-12,12998,0,4400,4765,personal,0,5.117,1.007045579784303,5.549601238806557,-6
80,435,Mauritania,Sidi Ahmed Taya,1998,1999,B,7539,57,1984-12-12,12998,0,4765,5130,personal,0,5.118,1.0019577133907596,5.572081786222081,-6
80,435,Mauritania,Sidi Ahmed Taya,1999,2000,B,7539,58,1984-12-12,12998,0,5130,5495,personal,0,5.155,1.00448168355417,5.597291690856295,-6
80,435,Mauritania,Sidi Ahmed Taya,2000,2001,B,7539,59,1984-12-12,12998,0,5495,5860,personal,0,5.089,0.9910804705149179,5.621668178279272,-6
80,435,Mauritania,Sidi Ahmed Taya,2001,2002,B,7539,60,1984-12-12,12998,0,5860,6225,personal,0,5.063,0.9911126771591886,5.647310883722922,-6
80,435,Mauritania,Sidi Ahmed Taya,2002,2003,B,7539,61,1984-12-12,12998,0,6225,6590,personal,0,5.118,1.0018400344517089,5.67382485956605,-6
80,435,Mauritania,Sidi Ahmed Taya,2003,2004,B,7539,62,1984-12-12,12998,0,6590,6955,personal,0,5.288,1.0282736359040174,5.700453606785167,-6
80,435,Mauritania,Sidi Ahmed Taya,2004,2005,B,7539,63,1984-12-12,12998,1,6955,7539,personal,0,5.515,1.0576074866720362,5.727215758038939,-6
81,435,Mauritania,Ould Mohamed Vall,2005,2006,B,624,52,2005-08-03,13622,0,0,151,personal,0,5.859,1.0913459747420184,5.75468786048362,-5
81,435,Mauritania,Ould Mohamed Vall,2006,2007,B,624,53,2005-08-03,13622,0,151,624,other,0,6.314,1.1237274862960063,5.784283538806818,-3
82,435,Mauritania,Ould Abdel Aziz,2008,2009,B,252,52,2008-08-06,14349,0,0,252,presidential,0,6.398,1.049093234512839,5.839111417385729,-5
83,436,Niger,Kountche,1974,1975,B,4955,43,1974-04-17,6522,0,0,259,dominant-party,0,2.734,0.9137089766726824,6.299482193050181,-7
83,436,Niger,Kountche,1975,1976,B,4955,44,1974-04-17,6522,0,259,624,military,0,2.681,0.9309027777777779,6.327801060233464,-7
83,436,Niger,Kountche,1976,1977,B,4955,45,1974-04-17,6522,0,624,989,military,0,2.707,0.9723419540229885,6.3555450024334155,-7
83,436,Niger,Kountche,1977,1978,B,4955,46,1974-04-17,6522,0,989,1354,military,0,2.82,1.0276967930029155,6.38514043464117,-7
83,436,Niger,Kountche,1978,1979,B,4955,47,1974-04-17,6522,0,1354,1719,military,0,2.971,1.0677064615826926,6.412898144203455,-7
83,436,Niger,Kountche,1979,1980,B,4955,48,1974-04-17,6522,0,1719,2084,military,0,3.09,1.0827668371995234,6.44125590266391,-7
83,436,Niger,Kountche,1980,1981,B,4955,49,1974-04-17,6522,0,2084,2449,military,0,3.118,1.0601115191078472,6.46850895678502,-7
83,436,Niger,Kountche,1981,1982,B,4955,50,1974-04-17,6522,0,2449,2814,military,0,3.06,1.0160037187064215,6.495857525703433,-7
83,436,Niger,Kountche,1982,1983,B,4955,51,1974-04-17,6522,0,2814,3179,military,0,2.956,0.9726883843369529,6.523143716350382,-7
83,436,Niger,Kountche,1983,1984,B,4955,52,1974-04-17,6522,0,3179,3544,military,0,2.779,0.9261481037125908,6.551017475924954,-7
83,436,Niger,Kountche,1984,1985,B,4955,53,1974-04-17,6522,0,3544,3909,military,0,2.513,0.8709968113129073,6.577098897441958,-7
83,436,Niger,Kountche,1985,1986,B,4955,54,1974-04-17,6522,0,3909,4274,military,0,2.428,0.8838089691322074,6.605182894035161,-7
83,436,Niger,Kountche,1986,1987,B,4955,55,1974-04-17,6522,0,4274,4955,military,0,2.399,0.9173996175908222,6.632316615839346,-7
84,436,Niger,Mainassara,1996,1997,B,1170,47,1996-01-27,10692,0,0,340,presidential,1,1.917,0.9548714883442917,6.946390243695214,-3
84,436,Niger,Mainassara,1997,1998,B,1170,48,1996-01-27,10692,0,340,705,personal,1,1.9,0.9667243309250024,6.979789387881558,-3
84,436,Niger,Mainassara,1998,1999,B,1170,49,1996-01-27,10692,1,705,1170,personal,0,1.934,0.9956754530477759,7.015161999733695,-3
85,436,Niger,Wanke,1999,1999,B,255,45,1999-04-11,10947,0,0,255,personal,0,1.918,0.9967778817170773,7.049223590767545,5
86,436,Niger,Djibo,2010,2011,B,423,45,2010-02-08,15071,0,0,423,presidential,0,2.074,1.0345171588188347,7.460378677040416,3
87,436,Niger,Abdourahamane Tchiani,2023,2024,B,660,63,2023-07-26,20224,0,0,159,presidential,0,1.996,1.015647520267956,7.25480113390398,3
87,436,Niger,Abdourahamane Tchiani,2024,2025,B,660,64,2023-07-26,20224,0,159,660,presidential,0,2.074,1.0345171588188347,7.460378677040416,3
88,437,Ivory Coast,Guei,1999,2000,B,305,58,1999-12-25,11255,1,0,305,dominant-party,0,5.806,1.0113925373654322,7.464150457747471,-1
89,437,Ivory Coast,Laurent Gbagbo,2008,2009,A,897,60,2008-10-26,15075,0,0,67,personal,0,5.275,1.0136823090818248,7.680454123596509,4
89,437,Ivory Coast,Laurent Gbagbo,2009,2010,A,897,61,2008-10-26,15075,0,67,432,personal,0,5.382,1.0274521782291626,7.706270975167909,4
89,437,Ivory Coast,Laurent Gbagbo,2010,2011,A,897,62,2008-10-26,15075,1,432,897,personal,0,5.456,1.030016990749481,7.729959042623562,4
90,438,Guinea,Conte,1984,1985,B,9029,50,1984-04-03,14235,0,0,273,dominant-party,0,2.748,0.980378166250446,6.318769895904378,-7
90,438,Guinea,Conte,1985,1986,B,9029,51,1984-04-03,14235,0,273,638,personal,0,2.722,0.9792775938984027,6.350876990673178,-7
90,438,Guinea,Conte,1986,1987,B,9029,52,1984-04-03,14235,0,638,1003,personal,0,2.711,0.9835292410390363,6.382215260878865,-7
90,438,Guinea,Conte,1987,1988,B,9029,53,1984-04-03,14235,0,1003,1368,personal,0,2.72,0.9934258582907233,6.410316319331852,-7
90,438,Guinea,Conte,1988,1989,B,9029,54,1984-04-03,14235,0,1368,1733,personal,0,2.761,1.0104669887278583,6.439969987404972,-7
90,438,Guinea,Conte,1989,1990,B,9029,55,1984-04-03,14235,0,1733,2098,personal,0,2.792,1.0185320297679847,6.47011660812373,-7
90,438,Guinea,Conte,1990,1991,B,9029,56,1984-04-03,14235,0,2098,2463,personal,0,2.82,1.0214430599826136,6.505337024497726,-7
90,438,Guinea,Conte,1991,1992,B,9029,57,1984-04-03,14235,0,2463,2828,personal,0,2.806,1.0094251384991726,6.541190159523725,-5
90,438,Guinea,Conte,1992,1993,B,9029,58,1984-04-03,14235,0,2828,3193,personal,0,2.811,1.0046461758398857,6.572369252221341,-5
90,438,Guinea,Conte,1993,1994,B,9029,59,1984-04-03,14235,0,3193,3558,personal,0,2.855,1.0135614882135757,6.600715040446657,-5
90,438,Guinea,Conte,1994,1995,B,9029,60,1984-04-03,14235,0,3558,3923,personal,0,2.886,1.0177740160812527,6.629262852096214,-5
90,438,Guinea,Conte,1995,1996,B,9029,61,1984-04-03,14235,0,3923,4288,personal,0,2.93,1.0253359462486002,6.6562032510480975,-1
90,438,Guinea,Conte,1996,1997,B,9029,62,1984-04-03,14235,0,4288,4653,personal,0,2.974,1.028638627559491,6.682704910847699,-1
90,438,Guinea,Conte,1997,1998,B,9029,63,1984-04-03,14235,0,4653,5018,personal,0,3.026,1.0312862108922363,6.703779349469218,-1
90,438,Guinea,Conte,1998,1999,B,9029,64,1984-04-03,14235,0,5018,5383,personal,0,3.054,1.026899798251513,6.723706230933999,-1
90,438,Guinea,Conte,1999,2000,B,9029,65,1984-04-03,14235,0,5383,5748,personal,0,3.072,1.0201912858661,6.745906712975834,-1
90,438,Guinea,Conte,2000,2001,B,9029,66,1984-04-03,14235,0,5748,6113,personal,1,3.083,1.0135446117430469,6.765776882085436,-1
90,438,Guinea,Conte,2001,2002,B,9029,67,1984-04-03,14235,0,6113,6478,personal,1,3.115,1.0146579804560263,6.782980860464996,-1
90,438,Guinea,Conte,2002,2003,B,9029,68,1984-04-03,14235,0,6478,6843,personal,0,3.153,1.0186082574142274,6.800368266922361,-1
90,438,Guinea,Conte,2003,2004,B,9029,69,1984-04-03,14235,0,6843,7208,personal,0,3.138,1.0082899556583766,6.8185775571610865,-1
90,438,Guinea,Conte,2004,2005,B,9029,70,1984-04-03,14235,0,7208,7573,personal,0,3.127,1.001216700819672,6.838878829289334,-1
90,438,Guinea,Conte,2005,2006,B,9029,71,1984-04-03,14235,0,7573,7938,personal,0,3.119,0.996358292869921,6.8581174556511675,-1
90,438,Guinea,Conte,2006,2007,B,9029,72,1984-04-03,14235,0,7938,8303,personal,0,3.125,0.9976375941769888,6.878376930457841,-1
90,438,Guinea,Conte,2007,2008,B,9029,73,1984-04-03,14235,0,8303,9029,personal,0,3.205,1.0197912689321624,6.900868620289095,-1
91,438,Guinea,Dadis Camara,2008,2009,B,347,44,2008-12-23,14583,1,0,347,personal,0,3.265,1.0305536266649833,6.925213002275861,-1
93,438,Guinea,Conde,2020,2021,A,258,82,2020-12-21,18875,1,0,258,presidential,0,3.2350000000000003,1.0251724477985729,6.913040811282478,-1
92,438,Guinea,Mamady Doumbouya,2021,2022,B,1349,41,2021-09-05,20224,0,0,118,presidential,0,3.265,1.0305536266649833,6.925213002275861,-1
92,438,Guinea,Mamady Doumbouya,2022,2023,B,1349,42,2021-09-05,20224,0,118,483,presidential,0,NA,NA,NA,-1
92,438,Guinea,Mamady Doumbouya,2023,2024,B,1349,43,2021-09-05,20224,0,483,848,presidential,0,NA,NA,NA,-1
92,438,Guinea,Mamady Doumbouya,2024,2025,B,1349,44,2021-09-05,20224,0,848,1349,presidential,0,NA,NA,NA,-1
94,439,Burkina Faso,Lamizana,1966,1967,B,1836,50,1966-01-03,377,0,0,363,personal,0,2.692,1.0283444113377647,6.307413325268072,-7
94,439,Burkina Faso,Lamizana,1967,1968,B,1836,51,1966-01-03,377,0,363,728,military,0,2.782,1.045393055764317,6.320696349216558,-7
94,439,Burkina Faso,Lamizana,1968,1969,B,1836,52,1966-01-03,377,0,728,1093,military,0,2.835,1.0447376179245282,6.334953182560978,-7
94,439,Burkina Faso,Lamizana,1969,1970,B,1836,53,1966-01-03,377,0,1093,1458,military,0,2.848,1.0311368573497466,6.347201801553301,-6
94,439,Burkina Faso,Lamizana,1970,1971,B,1836,54,1966-01-03,377,0,1458,1836,military,0,2.828,1.0110833035395066,6.3609967313555185,-4
95,439,Burkina Faso,Lamizana,1974,1975,B,2482,58,1974-02-08,3981,0,0,327,personal,0,2.766,0.983991462113127,6.431345574582083,-4
95,439,Burkina Faso,Lamizana,1975,1976,B,2482,59,1974-02-08,3981,0,327,692,personal,0,2.736,0.9797321492515935,6.452917662174875,-4
95,439,Burkina Faso,Lamizana,1976,1977,B,2482,60,1974-02-08,3981,0,692,1057,personal,0,2.759,0.9930890504643294,6.47408820770982,-4
95,439,Burkina Faso,Lamizana,1977,1978,B,2482,61,1974-02-08,3981,0,1057,1422,personal,0,2.829,1.0191656459399092,6.495720135379572,-4
95,439,Burkina Faso,Lamizana,1978,1979,B,2482,62,1974-02-08,3981,0,1422,1787,personal,0,2.924,1.0432424718139004,6.519319839424213,4
95,439,Burkina Faso,Lamizana,1979,1980,B,2482,63,1974-02-08,3981,1,1787,2482,personal,0,2.959,1.0413880481452804,6.539847482110277,4
96,439,Burkina Faso,Zerbo,1980,1981,B,712,48,1980-11-25,4693,0,0,37,personal,0,2.975,1.029696801882874,6.562439856396606,-7
96,439,Burkina Faso,Zerbo,1981,1982,B,712,49,1980-11-25,4693,1,37,712,military,0,2.994,1.0196853075403585,6.586506771110742,-7
97,439,Burkina Faso,J. P. Ouedraogo,1982,1983,B,270,40,1982-11-07,4963,1,0,270,military,0,3.007,1.0118446732619961,6.611405079968486,-7
98,439,Burkina Faso,Sankara,1983,1984,B,1533,34,1983-08-04,6496,0,0,150,personal,0,2.979,0.9987260292342766,6.636048912652718,-7
98,439,Burkina Faso,Sankara,1984,1985,B,1533,35,1983-08-04,6496,0,150,515,personal,0,2.994,1.0014047762392133,6.660098723946917,-7
98,439,Burkina Faso,Sankara,1985,1986,B,1533,36,1983-08-04,6496,0,515,880,personal,0,3.116,1.03247183565275,6.686982664773922,-7
98,439,Burkina Faso,Sankara,1986,1987,B,1533,37,1983-08-04,6496,1,880,1533,personal,0,3.254,1.0599348534201953,6.714717710276074,-7
99,439,Burkina Faso,Campaore,1987,1988,B,9878,36,1987-10-15,16374,0,0,78,personal,0,3.257,1.0439102564102565,6.741766808168987,-7
99,439,Burkina Faso,Campaore,1988,1989,B,9878,37,1987-10-15,16374,0,78,443,personal,0,3.281,1.0316312413532889,6.769327346420092,-7
99,439,Burkina Faso,Campaore,1989,1990,B,9878,38,1987-10-15,16374,0,443,808,personal,0,3.232,1.0012391573729864,6.797852239444902,-7
99,439,Burkina Faso,Campaore,1990,1991,B,9878,39,1987-10-15,16374,0,808,1173,personal,0,3.191,0.9839654640764723,6.8263890291463,-7
99,439,Burkina Faso,Campaore,1991,1992,B,9878,40,1987-10-15,16374,0,1173,1538,personal,0,3.214,0.9935085007727975,6.854985105071028,-5
99,439,Burkina Faso,Campaore,1992,1993,B,9878,41,1987-10-15,16374,0,1538,1903,personal,0,3.163,0.9834587401281014,6.882818936692095,-5
99,439,Burkina Faso,Campaore,1993,1994,B,9878,42,1987-10-15,16374,0,1903,2268,personal,0,3.128,0.9819186338523356,6.912355680887692,-5
99,439,Burkina Faso,Campaore,1994,1995,B,9878,43,1987-10-15,16374,0,2268,2633,personal,0,3.087,0.9779509598935564,6.941495617663702,-5
99,439,Burkina Faso,Campaore,1995,1996,B,9878,44,1987-10-15,16374,0,2633,2998,personal,0,3.141,0.9982203012775694,6.971447191848037,-5
99,439,Burkina Faso,Campaore,1996,1997,B,9878,45,1987-10-15,16374,0,2998,3363,personal,0,3.26,1.0330185689840927,7.000658929051603,-5
99,439,Burkina Faso,Campaore,1997,1998,B,9878,46,1987-10-15,16374,0,3363,3728,personal,0,3.36,1.0515773660490737,7.026926683741287,-5
99,439,Burkina Faso,Campaore,1998,1999,B,9878,47,1987-10-15,16374,0,3728,4093,personal,0,3.466,1.0622777982101264,7.054923639050485,-4
99,439,Burkina Faso,Campaore,1999,2000,B,9878,48,1987-10-15,16374,0,4093,4458,personal,0,3.542,1.0561154511300612,7.083482641789905,-4
99,439,Burkina Faso,Campaore,2000,2001,B,9878,49,1987-10-15,16374,0,4458,4823,personal,0,3.551,1.0335293090401072,7.1137176759355105,-3
99,439,Burkina Faso,Campaore,2001,2002,B,9878,50,1987-10-15,16374,0,4823,5188,personal,0,3.593,1.0258679762448606,7.145141717112759,0
99,439,Burkina Faso,Campaore,2002,2003,B,9878,51,1987-10-15,16374,0,5188,5553,personal,0,3.624,1.0193519351935194,7.1778244000466875,0
99,439,Burkina Faso,Campaore,2003,2004,B,9878,52,1987-10-15,16374,0,5553,5918,personal,0,3.693,1.025662389601733,7.209814995967348,0
99,439,Burkina Faso,Campaore,2004,2005,B,9878,53,1987-10-15,16374,0,5918,6283,personal,0,3.75,1.0295974960188896,7.238840172753834,0
99,439,Burkina Faso,Campaore,2005,2006,B,9878,54,1987-10-15,16374,0,6283,6648,personal,0,3.854,1.040833963487091,7.269308206191818,0
99,439,Burkina Faso,Campaore,2006,2007,B,9878,55,1987-10-15,16374,0,6648,7013,personal,0,3.926,1.0415450734864966,7.29824819443716,0
99,439,Burkina Faso,Campaore,2007,2008,B,9878,56,1987-10-15,16374,0,7013,7378,personal,0,3.954,1.0309224591959119,7.327446054104283,0
99,439,Burkina Faso,Campaore,2008,2009,B,9878,57,1987-10-15,16374,0,7378,7743,personal,0,4.012,1.0289290110791955,7.3588060572694856,0
99,439,Burkina Faso,Campaore,2009,2010,B,9878,58,1987-10-15,16374,0,7743,8108,personal,0,4.059,1.0247412269628882,7.390780014470032,0
99,439,Burkina Faso,Campaore,2010,2011,B,9878,59,1987-10-15,16374,0,8108,8473,personal,0,4.171,1.0364277904780839,7.42040883106874,0
99,439,Burkina Faso,Campaore,2011,2012,B,9878,60,1987-10-15,16374,0,8473,8838,personal,0,4.292,1.0474424053104257,7.4513160143970705,0
99,439,Burkina Faso,Campaore,2012,2013,B,9878,61,1987-10-15,16374,0,8838,9203,personal,0,4.43,1.0565731730585766,7.4799273345852555,0
99,439,Burkina Faso,Campaore,2013,2014,B,9878,62,1987-10-15,16374,0,9203,9878,personal,0,4.505,1.0497739665377266,7.509765858229964,0
100,439,Burkina Faso,Paul-Henri Sandaogo Damiba,2022,2022,B,243,41,2022-01-30,19265,0,0,243,personal,0,4.467499999999999,1.0531735697981515,7.49484659640761,0
101,439,Burkina Faso,Ibrahim Traore,2022,2023,B,959,34,2022-09-30,20224,0,0,93,personal,0,4.505,1.0497739665377266,7.509765858229964,0
101,439,Burkina Faso,Ibrahim Traore,2023,2024,B,959,35,2022-09-30,20224,0,93,458,personal,0,NA,NA,NA,0
101,439,Burkina Faso,Ibrahim Traore,2024,2025,B,959,36,2022-09-30,20224,0,458,959,personal,0,NA,NA,NA,0
103,450,Liberia,Tubman,1949,1950,A,8238,54,1949-01-01,568,0,0,365,dominant-party,0,3.048,1.0015114674377341,4.441014623819759,-6
103,450,Liberia,Tubman,1950,1951,A,8238,55,1949-01-01,568,0,365,730,dominant-party,0,3.177,1.0345164441549983,4.451937418084087,-6
103,450,Liberia,Tubman,1951,1952,A,8238,56,1949-01-01,568,0,730,1095,dominant-party,0,3.269,1.0488994416992876,4.469373372090583,-6
103,450,Liberia,Tubman,1952,1953,A,8238,57,1949-01-01,568,0,1095,1460,dominant-party,0,3.34,1.0516372795969773,4.48991644895743,-6
103,450,Liberia,Tubman,1953,1954,A,8238,58,1949-01-01,568,0,1460,1825,dominant-party,0,3.406,1.0486453201970443,4.510782580481195,-6
103,450,Liberia,Tubman,1954,1955,A,8238,59,1949-01-01,568,0,1825,2190,dominant-party,0,3.468,1.0408163265306123,4.535037379307543,-6
103,450,Liberia,Tubman,1955,1956,A,8238,60,1949-01-01,568,0,2190,2555,dominant-party,0,3.525,1.0362770460959547,4.560831598830861,-6
103,450,Liberia,Tubman,1956,1957,A,8238,61,1949-01-01,568,0,2555,2920,dominant-party,0,3.574,1.0321723560330387,4.586242176102573,-6
103,450,Liberia,Tubman,1957,1958,A,8238,62,1949-01-01,568,0,2920,3285,dominant-party,0,3.616,1.0279151742566377,4.613911865924846,-6
103,450,Liberia,Tubman,1958,1959,A,8238,63,1949-01-01,568,0,3285,3650,dominant-party,0,3.652,1.023829548640314,4.64500609448529,-6
103,450,Liberia,Tubman,1959,1960,A,8238,64,1949-01-01,568,0,3650,4015,dominant-party,0,3.719,1.0281433152714807,4.6799714891608755,-6
103,450,Liberia,Tubman,1960,1961,A,8238,65,1949-01-01,568,0,4015,4380,dominant-party,0,3.754,1.024843024843025,4.722366382821583,-6
103,450,Liberia,Tubman,1961,1962,A,8238,66,1949-01-01,568,0,4380,4745,dominant-party,0,3.789,1.0223961144090665,4.7543829802142925,-6
103,450,Liberia,Tubman,1962,1963,A,8238,67,1949-01-01,568,0,4745,5110,dominant-party,0,3.812,1.0178361636227704,4.783098774477321,-6
103,450,Liberia,Tubman,1963,1964,A,8238,68,1949-01-01,568,0,5110,5475,dominant-party,0,3.867,1.020801436038224,4.80869045392304,-6
103,450,Liberia,Tubman,1964,1965,A,8238,69,1949-01-01,568,0,5475,5840,dominant-party,0,3.991,1.0386196845885598,4.835456169298563,-6
103,450,Liberia,Tubman,1965,1966,A,8238,70,1949-01-01,568,0,5840,6205,dominant-party,0,4.135,1.0551699499846892,4.86195738905799,-6
103,450,Liberia,Tubman,1966,1967,A,8238,71,1949-01-01,568,0,6205,6570,dominant-party,0,4.385,1.0859336305101535,4.888776463661433,-6
103,450,Liberia,Tubman,1967,1968,A,8238,72,1949-01-01,568,0,6570,6935,dominant-party,0,4.501,1.0778772929738016,4.916939809968932,-6
103,450,Liberia,Tubman,1968,1969,A,8238,73,1949-01-01,568,0,6935,7300,dominant-party,0,4.641,1.0716759802336857,4.945143429782566,-6
103,450,Liberia,Tubman,1969,1970,A,8238,74,1949-01-01,568,0,7300,7665,dominant-party,0,4.791,1.066895292388545,4.973064951665046,-6
103,450,Liberia,Tubman,1970,1971,A,8238,75,1949-01-01,568,0,7665,8238,dominant-party,0,4.917,1.0581020012911555,5.0011033423769975,-6
102,450,Liberia,Doe,1980,1981,B,3802,29,1980-04-12,7556,0,0,264,dominant-party,0,4.64,0.9468228380198342,5.288236727205086,-7
102,450,Liberia,Doe,1981,1982,B,3802,30,1980-04-12,7556,0,264,629,personal,0,4.393,0.9206169579613563,5.319496497009286,-7
102,450,Liberia,Doe,1982,1983,B,3802,31,1980-04-12,7556,0,629,994,personal,0,4.248,0.9201178305319702,5.353037532498268,-7
102,450,Liberia,Doe,1983,1984,B,3802,32,1980-04-12,7556,0,994,1359,personal,0,4.089,0.9215686274509804,5.384247325682768,-7
102,450,Liberia,Doe,1984,1985,B,3802,33,1980-04-12,7556,0,1359,1724,personal,0,3.944,0.9252134747114572,5.411275447475433,-6
102,450,Liberia,Doe,1985,1986,B,3802,34,1980-04-12,7556,0,1724,2089,personal,2,3.787,0.9254190899760519,5.433263383120121,-6
102,450,Liberia,Doe,1986,1987,B,3802,35,1980-04-12,7556,0,2089,2454,personal,0,3.626,0.9205849497308825,5.4469097705978635,-6
102,450,Liberia,Doe,1987,1988,B,3802,36,1980-04-12,7556,0,2454,2819,personal,0,3.48,0.919370178590299,5.456717575750291,-6
102,450,Liberia,Doe,1988,1989,B,3802,37,1980-04-12,7556,0,2819,3184,personal,0,3.258,0.9002486874827301,5.460006702027832,-6
102,450,Liberia,Doe,1989,1990,B,3802,38,1980-04-12,7556,1,3184,3802,personal,0,2.86,0.8406325318911292,5.451347418706592,-6
104,451,Sierra Leone,Stevens,1968,1969,B,6432,63,1968-04-19,5810,0,0,257,military,0,3.649,1.045259238040676,5.635000295257827,1
104,451,Sierra Leone,Stevens,1969,1970,B,6432,64,1968-04-19,5810,0,257,622,dominant-party,0,3.799,1.0606399017253896,5.652776858183636,1
104,451,Sierra Leone,Stevens,1970,1971,B,6432,65,1968-04-19,5810,0,622,987,dominant-party,0,3.906,1.0623368146214098,5.671135308323955,1
104,451,Sierra Leone,Stevens,1971,1972,B,6432,66,1968-04-19,5810,0,987,1352,dominant-party,0,3.927,1.043859649122807,5.689778204349937,-6
104,451,Sierra Leone,Stevens,1972,1973,B,6432,67,1968-04-19,5810,0,1352,1717,dominant-party,0,3.928,1.0224373991358218,5.709751292435445,-6
104,451,Sierra Leone,Stevens,1973,1974,B,6432,68,1968-04-19,5810,0,1717,2082,dominant-party,0,3.954,1.0131187865122477,5.729115532524211,-6
104,451,Sierra Leone,Stevens,1974,1975,B,6432,69,1968-04-19,5810,0,2082,2447,dominant-party,0,3.973,1.0089902478667208,5.749373877445433,-6
104,451,Sierra Leone,Stevens,1975,1976,B,6432,70,1968-04-19,5810,0,2447,2812,dominant-party,0,3.945,0.9998986161099002,5.768558467595112,-6
104,451,Sierra Leone,Stevens,1976,1977,B,6432,71,1968-04-19,5810,0,2812,3177,dominant-party,0,3.89,0.9878110716099543,5.790290391597754,-6
104,451,Sierra Leone,Stevens,1977,1978,B,6432,72,1968-04-19,5810,0,3177,3542,dominant-party,0,3.865,0.9846130330666938,5.812819224676335,-6
104,451,Sierra Leone,Stevens,1978,1979,B,6432,73,1968-04-19,5810,0,3542,3907,dominant-party,0,3.888,0.9938142221767803,5.83389511332874,-7
107,451,Sierra Leone,Stevens,1978,1979,A,2780,66,1978-04-19,5810,0,0,257,dominant-party,0,3.888,0.9938142221767803,5.83389511332874,-7
104,451,Sierra Leone,Stevens,1979,1980,B,6432,74,1968-04-19,5810,0,3907,4272,dominant-party,0,3.94,1.0088078656288406,5.856466364987799,-7
107,451,Sierra Leone,Stevens,1979,1980,A,2780,67,1978-04-19,5810,0,257,622,dominant-party,0,3.94,1.0088078656288406,5.856466364987799,-7
104,451,Sierra Leone,Stevens,1980,1981,B,6432,75,1968-04-19,5810,0,4272,4637,dominant-party,0,3.968,1.0147818525906602,5.877035256356946,-7
107,451,Sierra Leone,Stevens,1980,1981,A,2780,68,1978-04-19,5810,0,622,987,dominant-party,0,3.968,1.0147818525906602,5.877035256356946,-7
104,451,Sierra Leone,Stevens,1981,1982,B,6432,76,1968-04-19,5810,0,4637,5002,dominant-party,0,4.002,1.0176473579819967,5.899225895328132,-7
107,451,Sierra Leone,Stevens,1981,1982,A,2780,69,1978-04-19,5810,0,987,1352,dominant-party,0,4.002,1.0176473579819967,5.899225895328132,-7
104,451,Sierra Leone,Stevens,1982,1983,B,6432,77,1968-04-19,5810,0,5002,5367,dominant-party,0,4.01,1.0122172859450727,5.922516317481711,-7
107,451,Sierra Leone,Stevens,1982,1983,A,2780,70,1978-04-19,5810,0,1352,1717,dominant-party,0,4.01,1.0122172859450727,5.922516317481711,-7
104,451,Sierra Leone,Stevens,1983,1984,B,6432,78,1968-04-19,5810,0,5367,5732,dominant-party,0,3.965,0.9969826502388736,5.945378722912627,-7
107,451,Sierra Leone,Stevens,1983,1984,A,2780,71,1978-04-19,5810,0,1717,2082,dominant-party,0,3.965,0.9969826502388736,5.945378722912627,-7
104,451,Sierra Leone,Stevens,1984,1985,B,6432,79,1968-04-19,5810,0,5732,6432,dominant-party,0,3.944,0.9915028407662527,5.968983736678831,-7
107,451,Sierra Leone,Stevens,1984,1985,A,2780,72,1978-04-19,5810,0,2082,2780,dominant-party,0,3.944,0.9915028407662527,5.968983736678831,-7
105,451,Sierra Leone,Strasser,1992,1993,B,1356,27,1992-05-01,9512,0,0,245,dominant-party,3,3.357,0.9233689074705689,6.118799594475013,-7
105,451,Sierra Leone,Strasser,1993,1994,B,1356,28,1992-05-01,9512,0,245,610,military,3,3.347,0.9444663920085783,6.113126715856163,-7
105,451,Sierra Leone,Strasser,1994,1995,B,1356,29,1992-05-01,9512,0,610,975,military,3,3.333,0.9641307492045126,6.104753053036376,-7
105,451,Sierra Leone,Strasser,1995,1996,B,1356,30,1992-05-01,9512,1,975,1356,military,3,3.153,0.9412502238939638,6.098817825893797,-7
106,451,Sierra Leone,Koroma,1997,1998,B,263,37,1997-05-25,10269,1,0,263,presidential,3,2.617,0.8534994455678039,6.094073029393418,4
112,452,Ghana,Nkrumah,1964,1965,A,705,55,1964-03-21,-1407,0,0,286,dominant-party,0,5.797,1.0114104264079837,6.707627325098015,-9
112,452,Ghana,Nkrumah,1965,1966,A,705,56,1964-03-21,-1407,1,286,705,dominant-party,0,5.717,0.9931899517042493,6.736931370180004,-9
108,452,Ghana,Ankrah,1966,1967,B,1134,51,1966-02-24,-273,0,0,311,dominant-party,0,5.593,0.9752737671758388,6.763709373526577,-4
108,452,Ghana,Ankrah,1967,1968,B,1134,52,1966-02-24,-273,0,311,676,military,0,5.502,0.968116554054054,6.789860987137013,-4
108,452,Ghana,Ankrah,1968,1969,B,1134,53,1966-02-24,-273,0,676,1134,military,0,5.483,0.9759006122739571,6.816385326277369,-4
109,452,Ghana,Acheampong,1972,1973,B,2365,41,1972-01-13,3107,0,0,354,parliamentary,0,5.7,1.0052910052910053,6.898933481096025,-7
109,452,Ghana,Acheampong,1973,1974,B,2365,42,1972-01-13,3107,0,354,719,military,0,5.671,0.9935874973719252,6.926256078876461,-7
109,452,Ghana,Acheampong,1974,1975,B,2365,43,1972-01-13,3107,0,719,1084,military,0,5.641,0.9859130313199105,6.953776852233443,-7
109,452,Ghana,Acheampong,1975,1976,B,2365,44,1972-01-13,3107,0,1084,1449,military,0,5.307,0.9424613745338306,6.975297098201774,-7
109,452,Ghana,Acheampong,1976,1977,B,2365,45,1972-01-13,3107,0,1449,1814,military,0,5.083,0.9274870447412598,6.998309622247934,-7
109,452,Ghana,Acheampong,1977,1978,B,2365,46,1972-01-13,3107,1,1814,2365,military,0,5.058,0.9450672645739909,7.020560613079069,-7
110,452,Ghana,Akuffo,1978,1979,B,334,41,1978-07-05,3441,1,0,334,military,0,5.075,0.9698440605412016,7.041579628690543,-5
111,452,Ghana,Rawlings,1981,1982,B,6947,34,1981-12-31,11329,0,0,1,presidential,1,4.59,0.937959784207945,7.10615849656734,5
111,452,Ghana,Rawlings,1982,1983,B,6947,35,1981-12-31,11329,0,1,366,personal,0,4.308,0.9081710093599797,7.13339251846989,-7
111,452,Ghana,Rawlings,1983,1984,B,6947,36,1981-12-31,11329,0,366,731,personal,0,4.125,0.9058766690091355,7.1696178791756076,-7
111,452,Ghana,Rawlings,1984,1985,B,6947,37,1981-12-31,11329,0,731,1096,personal,0,4.134,0.9419002050580998,7.207046207164134,-7
111,452,Ghana,Rawlings,1985,1986,B,6947,38,1981-12-31,11329,0,1096,1461,personal,0,4.185,0.9804610626932808,7.240567253581341,-7
111,452,Ghana,Rawlings,1986,1987,B,6947,39,1981-12-31,11329,0,1461,1826,personal,0,4.245,1.010858694099157,7.271851020567099,-7
111,452,Ghana,Rawlings,1987,1988,B,6947,40,1981-12-31,11329,0,1826,2191,personal,0,4.291,1.022640610104862,7.300602447998677,-7
111,452,Ghana,Rawlings,1988,1989,B,6947,41,1981-12-31,11329,0,2191,2556,personal,0,4.377,1.030755463451394,7.327981569461895,-7
111,452,Ghana,Rawlings,1989,1990,B,6947,42,1981-12-31,11329,0,2556,2921,personal,0,4.457,1.0338668522384598,7.355019184383355,-7
111,452,Ghana,Rawlings,1990,1991,B,6947,43,1981-12-31,11329,0,2921,3286,personal,0,4.577,1.0427393265594387,7.38216854646657,-7
111,452,Ghana,Rawlings,1991,1992,B,6947,44,1981-12-31,11329,0,3286,3651,personal,0,4.698,1.0486607142857143,7.409471941843975,-4
111,452,Ghana,Rawlings,1992,1993,B,6947,45,1981-12-31,11329,0,3651,4016,personal,0,4.77,1.0424406661130292,7.435072171189188,-1
111,452,Ghana,Rawlings,1993,1994,B,6947,46,1981-12-31,11329,0,4016,4381,personal,0,4.82,1.0333590601149132,7.460271064302302,-1
111,452,Ghana,Rawlings,1994,1995,B,6947,47,1981-12-31,11329,0,4381,4746,presidential,1,4.892,1.0295912783600623,7.4849448817232505,-1
111,452,Ghana,Rawlings,1995,1996,B,6947,48,1981-12-31,11329,0,4746,5111,presidential,0,4.976,1.0299718496439807,7.509008637336787,-1
111,452,Ghana,Rawlings,1996,1997,B,6947,49,1981-12-31,11329,0,5111,5476,presidential,0,5.075,1.0343211184934578,7.532434093335327,2
111,452,Ghana,Rawlings,1997,1998,B,6947,50,1981-12-31,11329,0,5476,5841,presidential,0,5.21,1.043126576702839,7.555117649767592,2
111,452,Ghana,Rawlings,1998,1999,B,6947,51,1981-12-31,11329,0,5841,6206,presidential,0,5.328,1.0454848710804128,7.576916584653778,2
111,452,Ghana,Rawlings,1999,2000,B,6947,52,1981-12-31,11329,0,6206,6571,presidential,0,5.466,1.0489349453080024,7.598920997742608,2
111,452,Ghana,Rawlings,2000,2001,B,6947,53,1981-12-31,11329,0,6571,6947,presidential,0,5.555,1.0428399789742433,7.620973678215349,2
113,461,Togo,Grunitzky,1963,1964,B,1458,50,1963-01-16,-1084,0,0,350,personal,0,2.785,1.0683596746969464,5.145148704383558,-6
113,461,Togo,Grunitzky,1964,1965,B,1458,51,1963-01-16,-1084,0,350,715,personal,0,3,1.1073379595452533,5.1692275241909735,-6
113,461,Togo,Grunitzky,1965,1966,B,1458,52,1963-01-16,-1084,0,715,1080,personal,0,3.24,1.1345332306183908,5.196528243646003,-6
113,461,Togo,Grunitzky,1966,1967,B,1458,53,1963-01-16,-1084,1,1080,1458,personal,0,3.449,1.1389604385443497,5.227980735477585,-6
114,471,Cameroon,Biya,1983,1984,A,15167,75,1983-11-06,20224,0,0,56,dominant-party,0,6.148,1.1385185185185185,6.922330541894424,-7
114,471,Cameroon,Biya,1984,1985,A,15167,76,1983-11-06,20224,0,56,421,personal,1,6.467,1.1233281222859128,6.954049951047256,-9
114,471,Cameroon,Biya,1985,1986,A,15167,77,1983-11-06,20224,0,421,786,personal,0,6.712,1.0990306523447735,6.985980335728648,-9
114,471,Cameroon,Biya,1986,1987,A,15167,78,1983-11-06,20224,0,786,1151,personal,0,6.759,1.0596369109208919,7.0171861992916265,-9
114,471,Cameroon,Biya,1987,1988,A,15167,79,1983-11-06,20224,0,1151,1516,personal,0,6.512,0.998834284311921,7.050205777861159,-9
114,471,Cameroon,Biya,1988,1989,A,15167,80,1983-11-06,20224,0,1516,1881,personal,0,6.115,0.9388914478734839,7.080402691779822,-6
114,471,Cameroon,Biya,1989,1990,A,15167,81,1983-11-06,20224,0,1881,2246,personal,0,5.697,0.8958955810662054,7.111235569288235,-6
114,471,Cameroon,Biya,1990,1991,A,15167,82,1983-11-06,20224,0,2246,2611,personal,0,5.387,0.8839842468001312,7.140743016902552,-3
114,471,Cameroon,Biya,1991,1992,A,15167,83,1983-11-06,20224,0,2611,2976,personal,0,5.084,0.8827921514151763,7.170986859529967,-3
114,471,Cameroon,Biya,1992,1993,A,15167,84,1983-11-06,20224,0,2976,3341,personal,0,4.826,0.8901102954738278,7.201068715497478,-5
114,471,Cameroon,Biya,1993,1994,A,15167,85,1983-11-06,20224,0,3341,3706,personal,0,4.585,0.8962430118456546,7.231533717740851,-5
114,471,Cameroon,Biya,1994,1995,A,15167,86,1983-11-06,20224,0,3706,4071,personal,0,4.435,0.9119134761689354,7.259121757919395,-5
114,471,Cameroon,Biya,1995,1996,A,15167,87,1983-11-06,20224,0,4071,4436,personal,0,4.434,0.9488957370313303,7.286719657507832,-5
114,471,Cameroon,Biya,1996,1997,A,15167,88,1983-11-06,20224,0,4436,4801,personal,0,4.509,0.9892930799947343,7.314518877020575,-5
114,471,Cameroon,Biya,1997,1998,A,15167,89,1983-11-06,20224,0,4801,5166,personal,0,4.588,1.0172497893663253,7.341238845034401,-5
114,471,Cameroon,Biya,1998,1999,A,15167,90,1983-11-06,20224,0,5166,5531,personal,0,4.672,1.031893276791236,7.366857831809338,-5
114,471,Cameroon,Biya,1999,2000,A,15167,91,1983-11-06,20224,0,5531,5896,personal,0,4.758,1.0361046992726797,7.393451999997044,-5
114,471,Cameroon,Biya,2000,2001,A,15167,92,1983-11-06,20224,0,5896,6261,personal,0,4.83,1.0339512779894677,7.41963294915319,-5
114,471,Cameroon,Biya,2001,2002,A,15167,93,1983-11-06,20224,0,6261,6626,personal,0,4.904,1.0323341192320648,7.447052901039913,-5
114,471,Cameroon,Biya,2002,2003,A,15167,94,1983-11-06,20224,0,6626,6991,personal,0,4.99,1.0329552041069803,7.4734525372334275,-5
114,471,Cameroon,Biya,2003,2004,A,15167,95,1983-11-06,20224,0,6991,7356,personal,0,5.08,1.0341177428548165,7.500269086652031,-5
114,471,Cameroon,Biya,2004,2005,A,15167,96,1983-11-06,20224,0,7356,7721,personal,0,5.15,1.031898693596217,7.527124586745726,-5
114,471,Cameroon,Biya,2005,2006,A,15167,97,1983-11-06,20224,0,7721,8086,personal,0,5.182,1.0238678574251165,7.555549381817842,-4
114,471,Cameroon,Biya,2006,2007,A,15167,98,1983-11-06,20224,0,8086,8451,personal,0,5.224,1.0192772964957464,7.58203916093854,-4
114,471,Cameroon,Biya,2007,2008,A,15167,99,1983-11-06,20224,0,8451,8816,personal,0,5.258,1.0152931180968565,7.610611672219688,-4
114,471,Cameroon,Biya,2008,2009,A,15167,100,1983-11-06,20224,0,8816,9181,personal,0,5.309,1.0161543467442482,7.639297351029267,-4
114,471,Cameroon,Biya,2009,2010,A,15167,101,1983-11-06,20224,0,9181,9546,personal,0,5.339,1.0145560960778353,7.667308454614242,-4
114,471,Cameroon,Biya,2010,2011,A,15167,102,1983-11-06,20224,0,9546,9911,personal,0,5.389,1.016063954146084,7.694471579125743,-4
114,471,Cameroon,Biya,2011,2012,A,15167,103,1983-11-06,20224,0,9911,10276,personal,0,5.473,1.0223027495517034,7.72157376457431,-4
114,471,Cameroon,Biya,2012,2013,A,15167,104,1983-11-06,20224,0,10276,10641,personal,0,5.56,1.0269671222755818,7.7485652815178145,-4
114,471,Cameroon,Biya,2013,2014,A,15167,105,1983-11-06,20224,0,10641,11006,personal,0,5.672,1.033791419093792,7.7755265500434,-4
114,471,Cameroon,Biya,2014,2015,A,15167,106,1983-11-06,20224,0,11006,11371,personal,0,5.794,1.038798049340218,7.802383054220033,-4
114,471,Cameroon,Biya,2015,2016,A,15167,107,1983-11-06,20224,0,11371,11736,personal,1,5.875,1.0352787763445408,7.827212990677495,-4
114,471,Cameroon,Biya,2016,2017,A,15167,108,1983-11-06,20224,0,11736,12101,personal,1,5.979,1.035145429362881,7.852423533137041,-4
114,471,Cameroon,Biya,2017,2018,A,15167,109,1983-11-06,20224,0,12101,12466,personal,2,6.1,1.0367097212780423,7.8768737274157905,-4
114,471,Cameroon,Biya,2018,2019,A,15167,110,1983-11-06,20224,0,12466,12831,personal,2,6.165,1.030488416407582,7.896601807580181,-4
114,471,Cameroon,Biya,2019,2020,A,15167,111,1983-11-06,20224,0,12831,13196,personal,2,6.176,1.019310117181053,7.906596954888757,-4
114,471,Cameroon,Biya,2020,2021,A,15167,112,1983-11-06,20224,0,13196,13561,personal,2,6.1705000000000005,1.0248992667943175,7.901599381234469,-4
114,471,Cameroon,Biya,2021,2022,A,15167,113,1983-11-06,20224,0,13561,13926,personal,2,6.176,1.019310117181053,7.906596954888757,-4
114,471,Cameroon,Biya,2022,2023,A,15167,114,1983-11-06,20224,0,13926,14291,personal,2,NA,NA,NA,-4
114,471,Cameroon,Biya,2023,2024,A,15167,115,1983-11-06,20224,0,14291,14656,personal,2,NA,NA,NA,-4
114,471,Cameroon,Biya,2024,2025,A,15167,116,1983-11-06,20224,0,14656,15167,personal,2,NA,NA,NA,-4
115,475,Nigeria,Ironsi,1966,1966,B,195,42,1966-01-15,-1252,0,0,195,parliamentary,9,4.828,0.9977680416632223,8.576858105801959,-7
116,475,Nigeria,Gowon,1966,1967,B,3287,32,1966-07-29,2035,0,0,156,parliamentary,9,4.828,0.9977680416632223,8.576858105801959,-7
116,475,Nigeria,Gowon,1967,1968,B,3287,33,1966-07-29,2035,0,156,521,military,6,4.564,0.9460635960366485,8.602447893021424,-7
116,475,Nigeria,Gowon,1968,1969,B,3287,34,1966-07-29,2035,0,521,886,military,6,4.645,0.9692834188890279,8.628043092789486,-7
116,475,Nigeria,Gowon,1969,1970,B,3287,35,1966-07-29,2035,0,886,1251,military,6,5.263,1.0831000987816923,8.655563731457363,-7
116,475,Nigeria,Gowon,1970,1971,B,3287,36,1966-07-29,2035,0,1251,1616,military,6,6.061,1.1949449942825598,8.684231383645427,-7
116,475,Nigeria,Gowon,1971,1972,B,3287,37,1966-07-29,2035,0,1616,1981,military,0,6.697,1.229709878810136,8.709213232171075,-7
116,475,Nigeria,Gowon,1972,1973,B,3287,38,1966-07-29,2035,0,1981,2346,military,0,7.138,1.197490269762448,8.735976209408683,-7
116,475,Nigeria,Gowon,1973,1974,B,3287,39,1966-07-29,2035,0,2346,2711,military,0,7.611,1.1612755569118094,8.764070925441894,-7
116,475,Nigeria,Gowon,1974,1975,B,3287,40,1966-07-29,2035,1,2711,3287,military,0,8.094,1.1367658211847982,8.794078892223249,-7
117,475,Nigeria,Ramat Mohammed,1975,1976,B,199,37,1975-07-29,2234,1,0,199,military,0,8.245,1.0910414185523356,8.823958956321878,-7
118,475,Nigeria,Buhari,1983,1984,B,605,41,1983-12-31,5717,0,0,1,presidential,2,6.66,0.8750032845468639,9.05312125597667,7
118,475,Nigeria,Buhari,1984,1985,B,605,42,1983-12-31,5717,1,1,605,military,2,6.311,0.8776004004894871,9.075731599186021,-7
119,475,Nigeria,Babangida,1985,1986,B,2921,44,1985-08-27,8638,0,0,127,military,2,6.217,0.9145605931330725,9.10092185598336,-7
119,475,Nigeria,Babangida,1986,1987,B,2921,45,1985-08-27,8638,0,127,492,military,2,5.968,0.923295894056128,9.120341919934825,-7
119,475,Nigeria,Babangida,1987,1988,B,2921,46,1985-08-27,8638,0,492,857,military,2,5.808,0.9378633251517892,9.141210633980581,-7
119,475,Nigeria,Babangida,1988,1989,B,2921,47,1985-08-27,8638,0,857,1222,military,2,5.809,0.9645335901437918,9.162979021566041,-7
119,475,Nigeria,Babangida,1989,1990,B,2921,48,1985-08-27,8638,0,1222,1587,military,2,5.841,0.985224167594373,9.186702792642448,-5
119,475,Nigeria,Babangida,1990,1991,B,2921,49,1985-08-27,8638,0,1587,1952,military,2,5.904,1.0064780088646437,9.212049510566358,-5
119,475,Nigeria,Babangida,1991,1992,B,2921,50,1985-08-27,8638,0,1952,2317,military,2,5.822,0.9974643640350876,9.236531568445688,-5
119,475,Nigeria,Babangida,1992,1993,B,2921,51,1985-08-27,8638,0,2317,2921,military,2,5.744,0.9862637362637362,9.26007485204374,-5
120,475,Nigeria,Abacha,1993,1994,B,1664,50,1993-11-17,10385,0,0,45,military,2,5.571,0.9644415206703136,9.279639263300954,-7
120,475,Nigeria,Abacha,1994,1995,B,1664,51,1993-11-17,10385,0,45,410,military,0,5.419,0.9520379479971889,9.302800038379251,-7
120,475,Nigeria,Abacha,1995,1996,B,1664,52,1993-11-17,10385,0,410,775,military,0,5.376,0.9623371043963912,9.329391580938543,-6
120,475,Nigeria,Abacha,1996,1997,B,1664,53,1993-11-17,10385,0,775,1140,military,0,5.386,0.9794151876636602,9.356759929256379,-6
120,475,Nigeria,Abacha,1997,1998,B,1664,54,1993-11-17,10385,0,1140,1664,military,1,5.398,0.9941068139963167,9.381664343070323,-6
122,481,Gabon,Bongo,2002,2003,A,2384,61,2002-11-28,14403,0,0,34,dominant-party,0,23.911,0.9854192080709505,4.908078252437727,-4
122,481,Gabon,Bongo,2003,2004,A,2384,62,2002-11-28,14403,0,34,399,dominant-party,0,24.385,1.010006875585046,4.93438759846871,-4
122,481,Gabon,Bongo,2004,2005,A,2384,63,2002-11-28,14403,0,399,764,dominant-party,0,25.061,1.0316395251189672,4.962285033155209,-4
122,481,Gabon,Bongo,2005,2006,A,2384,64,2002-11-28,14403,0,764,1129,dominant-party,0,25.783,1.047476274050962,4.991601970809849,-4
122,481,Gabon,Bongo,2006,2007,A,2384,65,2002-11-28,14403,0,1129,1494,dominant-party,0,25.595,1.0259750671423418,5.021680734668784,-4
122,481,Gabon,Bongo,2007,2008,A,2384,66,2002-11-28,14403,0,1494,1859,dominant-party,0,25.716,1.0161213845424373,5.052544697173465,-4
122,481,Gabon,Bongo,2008,2009,A,2384,67,2002-11-28,14403,0,1859,2384,dominant-party,0,25.447,0.9971238695318255,5.085272649911241,-4
121,481,Gabon,Brice Oligui,2023,2024,B,625,49,2023-08-30,20224,0,0,124,dominant-party,0,25.5815,1.0066226270371315,5.068908673542353,-4
121,481,Gabon,Brice Oligui,2024,2025,B,625,50,2023-08-30,20224,0,124,625,dominant-party,0,25.447,0.9971238695318255,5.085272649911241,-4
123,482,Central African Republic,Bokassa,1966,1967,B,5011,45,1966-01-01,3550,0,0,365,personal,0,3.043,0.9790862290862291,5.165774057037147,-7
123,482,Central African Republic,Bokassa,1967,1968,B,5011,46,1966-01-01,3550,0,365,730,personal,0,3.06,0.9937646141855027,5.190570672897241,-7
123,482,Central African Republic,Bokassa,1968,1969,B,5011,47,1966-01-01,3550,0,730,1095,personal,0,3.1,1.0087862024080703,5.213358427320846,-7
123,482,Central African Republic,Bokassa,1969,1970,B,5011,48,1966-01-01,3550,0,1095,1460,personal,0,3.129,1.016239038648912,5.233512143181921,-7
123,482,Central African Republic,Bokassa,1970,1971,B,5011,49,1966-01-01,3550,0,1460,1825,personal,0,3.14,1.014736297828335,5.254767696968943,-7
123,482,Central African Republic,Bokassa,1971,1972,B,5011,50,1966-01-01,3550,0,1825,2190,personal,0,3.094,0.9965857115248341,5.273148265455047,-7
123,482,Central African Republic,Bokassa,1972,1973,B,5011,51,1966-01-01,3550,0,2190,2555,personal,0,3.039,0.9801961037285511,5.292354624683667,-7
123,482,Central African Republic,Bokassa,1973,1974,B,5011,52,1966-01-01,3550,0,2555,2920,personal,0,3.044,0.9853683801631491,5.310838647101709,-7
123,482,Central African Republic,Bokassa,1974,1975,B,5011,53,1966-01-01,3550,0,2920,3285,personal,0,3.015,0.9832376728411166,5.33022777053755,-7
123,482,Central African Republic,Bokassa,1975,1976,B,5011,54,1966-01-01,3550,0,3285,3650,personal,0,3.025,0.9939541302490635,5.350924048064992,-7
123,482,Central African Republic,Bokassa,1976,1977,B,5011,55,1966-01-01,3550,0,3650,4015,personal,0,3.059,1.0074430246344355,5.375088574852239,-7
123,482,Central African Republic,Bokassa,1977,1978,B,5011,56,1966-01-01,3550,0,4015,4380,personal,0,3.093,1.015030191651352,5.3990853526673215,-7
123,482,Central African Republic,Bokassa,1978,1979,B,5011,57,1966-01-01,3550,1,4380,5011,personal,0,3.064,1.0041950707918197,5.423945107442057,-7
124,482,Central African Republic,Kolingba,1981,1982,B,4434,46,1981-09-01,8695,0,0,122,personal,0,2.824,0.9536030255960019,5.5070576875515025,-7
124,482,Central African Republic,Kolingba,1982,1983,B,4434,47,1981-09-01,8695,0,122,487,military,0,2.791,0.9620820406756291,5.536530794714798,-7
124,482,Central African Republic,Kolingba,1983,1984,B,4434,48,1981-09-01,8695,0,487,852,military,0,2.716,0.9592427774245957,5.565228968494463,-7
124,482,Central African Republic,Kolingba,1984,1985,B,4434,49,1981-09-01,8695,0,852,1217,military,0,2.736,0.9824057450628366,5.594997583994614,-7
124,482,Central African Republic,Kolingba,1985,1986,B,4434,50,1981-09-01,8695,0,1217,1582,military,0,2.769,1.0006504770164788,5.622677258275706,-7
124,482,Central African Republic,Kolingba,1986,1987,B,4434,51,1981-09-01,8695,0,1582,1947,military,0,2.757,1.0011620306485585,5.646354612753678,-7
124,482,Central African Republic,Kolingba,1987,1988,B,4434,52,1981-09-01,8695,0,1947,2312,military,0,2.67,0.9781652989449003,5.667325937645586,-7
124,482,Central African Republic,Kolingba,1988,1989,B,4434,53,1981-09-01,8695,0,2312,2677,military,0,2.634,0.9708093763821317,5.690335805395778,-7
124,482,Central African Republic,Kolingba,1989,1990,B,4434,54,1981-09-01,8695,0,2677,3042,military,0,2.601,0.9682823319186956,5.712758733895877,-7
124,482,Central African Republic,Kolingba,1990,1991,B,4434,55,1981-09-01,8695,0,3042,3407,military,0,2.531,0.9592207989085122,5.736352918578691,-7
124,482,Central African Republic,Kolingba,1991,1992,B,4434,56,1981-09-01,8695,0,3407,3772,military,0,2.454,0.9519006982156711,5.763506298719273,-6
124,482,Central African Republic,Kolingba,1992,1993,B,4434,57,1981-09-01,8695,0,3772,4434,military,0,2.353,0.935735305814046,5.790409611168246,-6
125,482,Central African Republic,Francois Bozize,2003,2004,B,3662,50,2003-03-15,15788,0,0,292,presidential,1,2.123,0.9603727494797794,6.052611385486785,-1
125,482,Central African Republic,Francois Bozize,2004,2005,B,3662,51,2003-03-15,15788,0,292,657,personal,0,2.115,0.96929422548121,6.0717925986824595,-1
125,482,Central African Republic,Francois Bozize,2005,2006,B,3662,52,2003-03-15,15788,0,657,1022,personal,3,2.121,0.9831278390655419,6.091251056818114,-1
125,482,Central African Republic,Francois Bozize,2006,2007,B,3662,53,2003-03-15,15788,0,1022,1387,personal,3,2.148,1.0033632286995515,6.110930610123378,-1
125,482,Central African Republic,Francois Bozize,2007,2008,B,3662,54,2003-03-15,15788,0,1387,1752,personal,3,2.181,1.020303143712575,6.130959062423364,-1
125,482,Central African Republic,Francois Bozize,2008,2009,B,3662,55,2003-03-15,15788,0,1752,2117,personal,3,2.208,1.0247841826789195,6.151007803679223,-1
125,482,Central African Republic,Francois Bozize,2009,2010,B,3662,56,2003-03-15,15788,0,2117,2482,personal,3,2.242,1.028440366972477,6.168861497910417,-1
125,482,Central African Republic,Francois Bozize,2010,2011,B,3662,57,2003-03-15,15788,0,2482,2847,personal,3,2.26,1.0236434459643082,6.184701315642442,-1
125,482,Central African Republic,Francois Bozize,2011,2012,B,3662,58,2003-03-15,15788,0,2847,3212,personal,3,2.233,1.003685724559511,6.198677883649083,-1
125,482,Central African Republic,Francois Bozize,2012,2013,B,3662,59,2003-03-15,15788,1,3212,3662,personal,3,2.099,0.9504618728491215,6.210644252755718,-1
128,483,Chad,Tombalbaye,1963,1964,A,4263,43,1963-08-11,1928,0,0,143,dominant-party,0,2.8,0.9878633926051368,5.816092784451985,-8
128,483,Chad,Tombalbaye,1964,1965,A,4263,44,1963-08-11,1928,0,143,508,dominant-party,0,2.73,0.9707702154896523,5.836619042612629,-9
128,483,Chad,Tombalbaye,1965,1966,A,4263,45,1963-08-11,1928,0,508,873,dominant-party,4,2.676,0.9623130034522439,5.858273096696557,-9
128,483,Chad,Tombalbaye,1966,1967,A,4263,46,1963-08-11,1928,0,873,1238,dominant-party,4,2.611,0.954871269748391,5.878715693665988,-9
128,483,Chad,Tombalbaye,1967,1968,A,4263,47,1963-08-11,1928,0,1238,1603,dominant-party,4,2.571,0.9601882282641172,5.899700073850152,-9
128,483,Chad,Tombalbaye,1968,1969,A,4263,48,1963-08-11,1928,0,1603,1968,dominant-party,4,2.545,0.9689332216553719,5.921015258417331,-9
128,483,Chad,Tombalbaye,1969,1970,A,4263,49,1963-08-11,1928,0,1968,2333,dominant-party,4,2.563,0.9883541570260682,5.94252899737058,-6
128,483,Chad,Tombalbaye,1970,1971,A,4263,50,1963-08-11,1928,0,2333,2698,dominant-party,4,2.55,0.9929906542056074,5.964201258158654,-6
128,483,Chad,Tombalbaye,1971,1972,A,4263,51,1963-08-11,1928,0,2698,3063,dominant-party,4,2.508,0.984533249587815,5.9859192000523525,-6
128,483,Chad,Tombalbaye,1972,1973,A,4263,52,1963-08-11,1928,0,3063,3428,dominant-party,4,2.427,0.9636305884221392,6.009569656003335,-6
128,483,Chad,Tombalbaye,1973,1974,A,4263,53,1963-08-11,1928,0,3428,3793,dominant-party,4,2.375,0.9558882717540047,6.0322849416269575,-8
128,483,Chad,Tombalbaye,1974,1975,A,4263,54,1963-08-11,1928,1,3793,4263,dominant-party,4,2.457,0.997401964764147,6.055778824354771,-8
126,483,Chad,Malloum,1975,1976,B,1438,43,1975-04-15,3368,0,0,261,dominant-party,4,2.579,1.0444678438360604,6.08005218115148,-7
126,483,Chad,Malloum,1976,1977,B,1438,44,1975-04-15,3368,0,261,626,military,4,2.566,1.0343437600773944,6.102218492042516,-7
126,483,Chad,Malloum,1977,1978,B,1438,45,1975-04-15,3368,0,626,991,military,4,2.453,0.9867256637168141,6.123564603359158,-7
126,483,Chad,Malloum,1978,1979,B,1438,46,1975-04-15,3368,1,991,1438,military,4,2.293,0.9284904437965664,6.144095501308441,-7
127,483,Chad,Mahamat Déby,2021,2022,B,1487,37,2021-04-20,20224,0,0,256,personal,4,2.373,0.9576080537566902,6.133830052333799,-7
127,483,Chad,Mahamat Déby,2022,2023,B,1487,38,2021-04-20,20224,0,256,621,personal,4,2.293,0.9284904437965664,6.144095501308441,-7
127,483,Chad,Mahamat Déby,2023,2024,B,1487,39,2021-04-20,20224,0,621,986,personal,4,NA,NA,NA,-7
127,483,Chad,Mahamat Déby,2024,2025,B,1487,40,2021-04-20,20224,0,986,1487,personal,4,NA,NA,NA,-7
129,484,Congo,Debat,1963,1964,B,1846,42,1963-08-16,-484,0,0,138,personal,0,4.259,1.0415240144771594,4.744688620456737,-7
129,484,Congo,Debat,1964,1965,B,1846,43,1963-08-16,-484,0,138,503,dominant-party,0,4.328,1.0386867620236153,4.768291933754418,-7
129,484,Congo,Debat,1965,1966,B,1846,44,1963-08-16,-484,0,503,868,dominant-party,0,4.382,1.032808522673706,4.793183845318563,-7
129,484,Congo,Debat,1966,1967,B,1846,45,1963-08-16,-484,0,868,1233,dominant-party,0,4.423,1.024933957454697,4.817624813756691,-7
129,484,Congo,Debat,1967,1968,B,1846,46,1963-08-16,-484,1,1233,1846,dominant-party,0,4.481,1.024322223746171,4.8445807097661735,-7
130,484,Congo,Ngouabi,1970,1971,A,2633,31,1970-01-01,2633,0,0,365,dominant-party,0,4.883,1.0550993949870353,4.924263712393965,-7
130,484,Congo,Ngouabi,1971,1972,A,2633,32,1970-01-01,2633,0,365,730,dominant-party,0,5.111,1.0724777572603659,4.952377452577712,-7
130,484,Congo,Ngouabi,1972,1973,A,2633,33,1970-01-01,2633,0,730,1095,dominant-party,0,5.356,1.0840788568190098,4.981316329757969,-7
130,484,Congo,Ngouabi,1973,1974,A,2633,34,1970-01-01,2633,0,1095,1460,dominant-party,0,5.71,1.1065033718316408,5.010881930345702,-7
130,484,Congo,Ngouabi,1974,1975,A,2633,35,1970-01-01,2633,0,1460,1825,dominant-party,0,5.951,1.1015882418274037,5.0400193237844135,-7
130,484,Congo,Ngouabi,1975,1976,A,2633,36,1970-01-01,2633,0,1825,2190,dominant-party,0,5.992,1.0654338549075393,5.071297562262881,-7
130,484,Congo,Ngouabi,1976,1977,A,2633,37,1970-01-01,2633,1,2190,2633,dominant-party,0,5.982,1.0316994929460868,5.102235570407839,-7
131,484,Congo,Nguesso,2015,2016,A,3501,58,2015-10-15,20224,0,0,78,personal,0,9.483,0.9498197115384616,6.244619225533882,-4
131,484,Congo,Nguesso,2016,2017,A,3501,59,2015-10-15,20224,0,78,443,personal,0,8.831,0.9071391884951207,6.265538827090735,-4
131,484,Congo,Nguesso,2017,2018,A,3501,60,2015-10-15,20224,0,443,808,personal,0,8.224,0.8809666638100951,6.289771227987201,-4
131,484,Congo,Nguesso,2018,2019,A,3501,61,2015-10-15,20224,0,808,1173,personal,0,7.688,0.8695258776692002,6.312705299961807,-4
131,484,Congo,Nguesso,2019,2020,A,3501,62,2015-10-15,20224,0,1173,1538,personal,0,7.09,0.8580211056249395,6.3285009102941645,-4
131,484,Congo,Nguesso,2020,2021,A,3501,63,2015-10-15,20224,0,1538,1903,personal,0,7.388999999999999,0.8637734916470698,6.320603105127986,-4
131,484,Congo,Nguesso,2021,2022,A,3501,64,2015-10-15,20224,0,1903,2268,personal,0,7.09,0.8580211056249395,6.3285009102941645,-4
131,484,Congo,Nguesso,2022,2023,A,3501,65,2015-10-15,20224,0,2268,2633,personal,0,NA,NA,NA,-4
131,484,Congo,Nguesso,2023,2024,A,3501,66,2015-10-15,20224,0,2633,2998,personal,0,NA,NA,NA,-4
131,484,Congo,Nguesso,2024,2025,A,3501,67,2015-10-15,20224,0,2998,3501,personal,0,NA,NA,NA,-4
132,490,Democratic Republic of the Congo,Mobutu,1965,1966,B,11495,35,1965-11-25,9997,0,0,37,military,4,3.873,1.0099087353324643,7.549728105449276,-9
132,490,Democratic Republic of the Congo,Mobutu,1966,1967,B,11495,36,1965-11-25,9997,0,37,402,personal,0,3.923,1.0099371846359797,7.576475536653076,-9
132,490,Democratic Republic of the Congo,Mobutu,1967,1968,B,11495,37,1965-11-25,9997,0,402,767,personal,1,3.882,0.998200051427102,7.604401829598459,-9
132,490,Democratic Republic of the Congo,Mobutu,1968,1969,B,11495,38,1965-11-25,9997,0,767,1132,personal,0,3.931,1.010124370438894,7.634741409258302,-9
132,490,Democratic Republic of the Congo,Mobutu,1969,1970,B,11495,39,1965-11-25,9997,0,1132,1497,personal,0,4.036,1.027233392720794,7.664898333473286,-9
132,490,Democratic Republic of the Congo,Mobutu,1970,1971,B,11495,40,1965-11-25,9997,0,1497,1862,personal,0,4.048,1.0211907164480323,7.6926622532689635,-9
132,490,Democratic Republic of the Congo,Mobutu,1971,1972,B,11495,41,1965-11-25,9997,0,1862,2227,personal,0,4.068,1.0187828700225394,7.720655109789095,-9
132,490,Democratic Republic of the Congo,Mobutu,1972,1973,B,11495,42,1965-11-25,9997,0,2227,2592,personal,0,4.059,1.007596067917784,7.747481115244163,-9
132,490,Democratic Republic of the Congo,Mobutu,1973,1974,B,11495,43,1965-11-25,9997,0,2592,2957,personal,0,4.121,1.0134271099744248,7.7766432438062285,-9
132,490,Democratic Republic of the Congo,Mobutu,1974,1975,B,11495,44,1965-11-25,9997,0,2957,3322,personal,0,4.08,1.0011778563015312,7.80615125042415,-9
132,490,Democratic Republic of the Congo,Mobutu,1975,1976,B,11495,45,1965-11-25,9997,0,3322,3687,personal,0,3.853,0.9546107725087954,7.833725810069571,-9
132,490,Democratic Republic of the Congo,Mobutu,1976,1977,B,11495,46,1965-11-25,9997,0,3687,4052,personal,0,3.631,0.919519854132901,7.863005920772596,-9
132,490,Democratic Republic of the Congo,Mobutu,1977,1978,B,11495,47,1965-11-25,9997,0,4052,4417,personal,3,3.5,0.9121709669012249,7.89309770727969,-9
132,490,Democratic Republic of the Congo,Mobutu,1978,1979,B,11495,48,1965-11-25,9997,0,4417,4782,personal,3,3.364,0.91274148035598,7.922432907255704,-9
132,490,Democratic Republic of the Congo,Mobutu,1979,1980,B,11495,49,1965-11-25,9997,0,4782,5147,personal,2,3.321,0.9397815382873961,7.950906653418737,-9
132,490,Democratic Republic of the Congo,Mobutu,1980,1981,B,11495,50,1965-11-25,9997,0,5147,5512,personal,2,3.279,0.9590523544896168,7.978416209444687,-9
132,490,Democratic Republic of the Congo,Mobutu,1981,1982,B,11495,51,1965-11-25,9997,0,5512,5877,personal,2,3.234,0.9683794466403163,8.004115032596953,-9
132,490,Democratic Republic of the Congo,Mobutu,1982,1983,B,11495,52,1965-11-25,9997,0,5877,6242,personal,2,3.193,0.9740101275089988,8.031725324836557,-9
132,490,Democratic Republic of the Congo,Mobutu,1983,1984,B,11495,53,1965-11-25,9997,0,6242,6607,personal,2,3.184,0.9820492258343101,8.056403622042701,-9
132,490,Democratic Republic of the Congo,Mobutu,1984,1985,B,11495,54,1965-11-25,9997,0,6607,6972,personal,1,3.207,0.9961483506243399,8.082903518448278,-9
132,490,Democratic Republic of the Congo,Mobutu,1985,1986,B,11495,55,1965-11-25,9997,0,6972,7337,personal,0,3.159,0.9886086248982913,8.108781245643806,-9
132,490,Democratic Republic of the Congo,Mobutu,1986,1987,B,11495,56,1965-11-25,9997,0,7337,7702,personal,0,3.107,0.9801261829652997,8.136119577396087,-9
132,490,Democratic Republic of the Congo,Mobutu,1987,1988,B,11495,57,1965-11-25,9997,0,7702,8067,personal,0,3.043,0.9691082802547771,8.164344062562195,-9
132,490,Democratic Republic of the Congo,Mobutu,1988,1989,B,11495,58,1965-11-25,9997,0,8067,8432,personal,0,2.964,0.9573643410852712,8.194752372415996,-9
132,490,Democratic Republic of the Congo,Mobutu,1989,1990,B,11495,59,1965-11-25,9997,0,8432,8797,personal,0,2.84,0.9395884337987163,8.226272012050424,-9
132,490,Democratic Republic of the Congo,Mobutu,1990,1991,B,11495,60,1965-11-25,9997,0,8797,9162,personal,0,2.636,0.9033584647018505,8.257922596614117,-8
132,490,Democratic Republic of the Congo,Mobutu,1991,1992,B,11495,61,1965-11-25,9997,0,9162,9527,personal,0,2.383,0.8592961200057695,8.29283365108696,-8
132,490,Democratic Republic of the Congo,Mobutu,1992,1993,B,11495,62,1965-11-25,9997,0,9527,9892,personal,2,2.158,0.8312148524766967,8.330220032677229,-8
132,490,Democratic Republic of the Congo,Mobutu,1993,1994,B,11495,63,1965-11-25,9997,0,9892,10257,personal,2,1.896,0.7957693276252833,8.366100963087689,-8
132,490,Democratic Republic of the Congo,Mobutu,1994,1995,B,11495,64,1965-11-25,9997,0,10257,10622,personal,2,1.709,0.792524578000371,8.397828630808299,-8
132,490,Democratic Republic of the Congo,Mobutu,1995,1996,B,11495,65,1965-11-25,9997,0,10622,10987,personal,2,1.616,0.8276992419586151,8.429050920661785,-8
132,490,Democratic Republic of the Congo,Mobutu,1996,1997,B,11495,66,1965-11-25,9997,1,10987,11495,personal,7,1.527,0.8572872220974623,8.45708601070406,-8
133,490,Democratic Republic of the Congo,Joseph Kabila,2016,2017,A,1103,45,2016-01-17,17920,0,0,350,personal,6,1.787,1.047848012196552,9.071789775625092,-3
133,490,Democratic Republic of the Congo,Joseph Kabila,2017,2018,A,1103,46,2016-01-17,17920,0,350,715,personal,6,1.816,1.0366480191802718,9.099996236466295,-3
133,490,Democratic Republic of the Congo,Joseph Kabila,2018,2019,A,1103,47,2016-01-17,17920,0,715,1103,personal,5,1.842,1.0298557531029857,9.123001268562842,-3
134,500,Uganda,Amin,1971,1972,B,2998,46,1971-01-25,3387,0,0,341,personal,5,3.106,1.021643312939938,6.935851847632483,-7
134,500,Uganda,Amin,1972,1973,B,2998,47,1971-01-25,3387,0,341,706,personal,5,3.088,1.0052083333333333,6.962323953451108,-7
134,500,Uganda,Amin,1973,1974,B,2998,48,1971-01-25,3387,0,706,1071,personal,5,3.052,0.9894313687350061,6.988594899805254,-7
134,500,Uganda,Amin,1974,1975,B,2998,49,1971-01-25,3387,0,1071,1436,personal,5,3.005,0.9785723589943988,7.015254505965583,-7
134,500,Uganda,Amin,1975,1976,B,2998,50,1971-01-25,3387,0,1436,1801,personal,5,2.939,0.9674127715602371,7.043860107478277,-7
134,500,Uganda,Amin,1976,1977,B,2998,51,1971-01-25,3387,0,1801,2166,personal,5,2.875,0.9609599572163915,7.073493421249711,-7
134,500,Uganda,Amin,1977,1978,B,2998,52,1971-01-25,3387,0,2166,2531,personal,5,2.783,0.949570083253719,7.102428571376488,-7
134,500,Uganda,Amin,1978,1979,B,2998,53,1971-01-25,3387,1,2531,2998,personal,7,2.603,0.9162266807462162,7.129179753530229,-7
135,500,Uganda,Paulo Muwanga,1980,1980,B,213,56,1980-05-18,4003,0,0,213,other,0,2.265,0.8765479876160991,7.180295286823893,3
136,500,Uganda,Okello,1985,1986,B,184,71,1985-07-29,5872,1,0,184,personal,4,2.196,0.9728867623604466,7.348768338261785,3
137,500,Uganda,Museveni,1986,1987,A,14352,61,1986-01-29,20224,0,0,337,other,6,2.166,0.9661878847354803,7.3836577259428875,-7
137,500,Uganda,Museveni,1987,1988,A,14352,62,1986-01-29,20224,0,337,702,personal,2,2.183,0.9828905898244034,7.419692284934092,-7
137,500,Uganda,Museveni,1988,1989,A,14352,63,1986-01-29,20224,0,702,1067,personal,2,2.217,1.0067205521750977,7.45633034180058,-7
137,500,Uganda,Museveni,1989,1990,A,14352,64,1986-01-29,20224,0,1067,1432,personal,2,2.237,1.0169106282389309,7.491841773355481,-7
137,500,Uganda,Museveni,1990,1991,A,14352,65,1986-01-29,20224,0,1432,1797,personal,2,2.231,1.0109661047670835,7.525203761315778,-7
137,500,Uganda,Museveni,1991,1992,A,14352,66,1986-01-29,20224,0,1797,2162,personal,2,2.234,1.006125022518465,7.557923452842811,-7
137,500,Uganda,Museveni,1992,1993,A,14352,67,1986-01-29,20224,0,2162,2527,personal,2,2.264,1.0122507377269068,7.590185740088179,-7
137,500,Uganda,Museveni,1993,1994,A,14352,68,1986-01-29,20224,0,2527,2892,personal,2,2.335,1.0330944164233256,7.624798657517533,-4
137,500,Uganda,Museveni,1994,1995,A,14352,69,1986-01-29,20224,0,2892,3257,personal,2,2.438,1.05981568422883,7.659274664217578,-4
137,500,Uganda,Museveni,1995,1996,A,14352,70,1986-01-29,20224,0,3257,3622,personal,2,2.561,1.082234617985125,7.691816627392712,-4
137,500,Uganda,Museveni,1996,1997,A,14352,71,1986-01-29,20224,0,3622,3987,personal,3,2.655,1.083408144944095,7.722076627692498,-4
137,500,Uganda,Museveni,1997,1998,A,14352,72,1986-01-29,20224,0,3987,4352,personal,3,2.718,1.0694892578893525,7.751150534102074,-4
137,500,Uganda,Museveni,1998,1999,A,14352,73,1986-01-29,20224,0,4352,4717,personal,3,2.788,1.059270516717325,7.780782287741572,-4
137,500,Uganda,Museveni,1999,2000,A,14352,74,1986-01-29,20224,0,4717,5082,personal,3,2.86,1.0528640848181416,7.810537176031382,-4
137,500,Uganda,Museveni,2000,2001,A,14352,75,1986-01-29,20224,0,5082,5447,personal,3,2.923,1.0481210556511762,7.840630524398069,-4
137,500,Uganda,Museveni,2001,2002,A,14352,76,1986-01-29,20224,0,5447,5812,personal,3,3.012,1.0530732116635202,7.870828828319396,-4
137,500,Uganda,Museveni,2002,2003,A,14352,77,1986-01-29,20224,0,5812,6177,personal,3,3.103,1.0564483181261066,7.901732344459793,-4
137,500,Uganda,Museveni,2003,2004,A,14352,78,1986-01-29,20224,0,6177,6542,personal,2,3.194,1.0581765173601907,7.932149999747541,-4
137,500,Uganda,Museveni,2004,2005,A,14352,79,1986-01-29,20224,0,6542,6907,personal,2,3.299,1.0620694095679608,7.962965859639711,-4
137,500,Uganda,Museveni,2005,2006,A,14352,80,1986-01-29,20224,0,6907,7272,personal,2,3.435,1.07056036900829,7.993965647439513,-1
137,500,Uganda,Museveni,2006,2007,A,14352,81,1986-01-29,20224,0,7272,7637,personal,2,3.587,1.0792514141292575,8.024430774534755,-1
137,500,Uganda,Museveni,2007,2008,A,14352,82,1986-01-29,20224,0,7637,8002,personal,0,3.769,1.0903147419578803,8.055565267813222,-1
137,500,Uganda,Museveni,2008,2009,A,14352,83,1986-01-29,20224,0,8002,8367,personal,0,3.96,1.0969529085872576,8.086850486109103,-1
137,500,Uganda,Museveni,2009,2010,A,14352,84,1986-01-29,20224,0,8367,8732,personal,0,4.166,1.1011259713485224,8.11891529332574,-1
137,500,Uganda,Museveni,2010,2011,A,14352,85,1986-01-29,20224,0,8732,9097,personal,0,4.321,1.0909963136898448,8.148618005353827,-1
137,500,Uganda,Museveni,2011,2012,A,14352,86,1986-01-29,20224,0,9097,9462,personal,0,4.452,1.0770272885620282,8.17899085904209,-1
137,500,Uganda,Museveni,2012,2013,A,14352,87,1986-01-29,20224,0,9462,9827,personal,0,4.503,1.052004485562097,8.21021140518607,-1
137,500,Uganda,Museveni,2013,2014,A,14352,88,1986-01-29,20224,0,9827,10192,personal,0,4.533,1.0313993174061433,8.241480268716542,-1
137,500,Uganda,Museveni,2014,2015,A,14352,89,1986-01-29,20224,0,10192,10557,personal,0,4.566,1.0203351955307263,8.273893615368328,-1
137,500,Uganda,Museveni,2015,2016,A,14352,90,1986-01-29,20224,0,10557,10922,personal,0,4.586,1.0128091872791518,8.30508552014727,-1
137,500,Uganda,Museveni,2016,2017,A,14352,91,1986-01-29,20224,0,10922,11287,personal,0,4.615,1.0119282550541595,8.339248840662783,-1
137,500,Uganda,Museveni,2017,2018,A,14352,92,1986-01-29,20224,0,11287,11652,personal,0,4.685,1.0191429192951924,8.373519106581144,-1
137,500,Uganda,Museveni,2018,2019,A,14352,93,1986-01-29,20224,0,11652,12017,personal,0,4.769,1.0268722277249043,8.405851267191755,-1
137,500,Uganda,Museveni,2019,2020,A,14352,94,1986-01-29,20224,0,12017,12382,personal,0,4.827,1.0278085341964058,8.42647626644695,-1
137,500,Uganda,Museveni,2020,2021,A,14352,95,1986-01-29,20224,0,12382,12747,personal,0,4.798,1.0273403809606552,8.416163766819352,-1
137,500,Uganda,Museveni,2021,2022,A,14352,96,1986-01-29,20224,0,12747,13112,personal,0,4.827,1.0278085341964058,8.42647626644695,-1
137,500,Uganda,Museveni,2022,2023,A,14352,97,1986-01-29,20224,0,13112,13477,personal,0,NA,NA,NA,-1
137,500,Uganda,Museveni,2023,2024,A,14352,98,1986-01-29,20224,0,13477,13842,personal,0,NA,NA,NA,-1
137,500,Uganda,Museveni,2024,2025,A,14352,99,1986-01-29,20224,0,13842,14352,personal,0,NA,NA,NA,-1
138,516,Burundi,Micombero,1966,1967,B,3626,26,1966-11-28,2496,0,0,34,other,0,1.771,1.0398074213245654,5.820557595129282,-7
138,516,Burundi,Micombero,1967,1968,B,3626,27,1966-11-28,2496,0,34,399,dominant-party,0,1.832,1.0528735632183908,5.845073681892164,-7
138,516,Burundi,Micombero,1968,1969,B,3626,28,1966-11-28,2496,0,399,764,dominant-party,0,1.856,1.044221897153145,5.867054287332962,-7
138,516,Burundi,Micombero,1969,1970,B,3626,29,1966-11-28,2496,0,764,1129,dominant-party,0,1.893,1.0420565892326323,5.885917903018223,-7
138,516,Burundi,Micombero,1970,1971,B,3626,30,1966-11-28,2496,0,1129,1494,dominant-party,0,2.049,1.0897776832251886,5.904284974156022,-7
138,516,Burundi,Micombero,1971,1972,B,3626,31,1966-11-28,2496,0,1494,1859,dominant-party,0,2.111,1.0835643157786674,5.9184367605744255,-7
138,516,Burundi,Micombero,1972,1973,B,3626,32,1966-11-28,2496,0,1859,2224,dominant-party,6,2.111,1.0533932135728543,5.925180503431949,-7
138,516,Burundi,Micombero,1973,1974,B,3626,33,1966-11-28,2496,0,2224,2589,dominant-party,4,2.165,1.0480201374770064,5.937055878662365,-7
138,516,Burundi,Micombero,1974,1975,B,3626,34,1966-11-28,2496,0,2589,2954,dominant-party,0,2.186,1.0289964225192996,5.950233614817407,-7
138,516,Burundi,Micombero,1975,1976,B,3626,35,1966-11-28,2496,1,2954,3626,dominant-party,0,2.227,1.0310185185185183,5.966538969883457,-7
139,516,Burundi,Bagaza,1976,1977,B,3950,30,1976-11-09,6454,0,0,53,dominant-party,0,2.346,1.062981422745809,5.987908230905205,-7
139,516,Burundi,Bagaza,1977,1978,B,3950,31,1976-11-09,6454,0,53,418,dominant-party,0,2.467,1.0828724431568784,6.013812950771744,-7
139,516,Burundi,Bagaza,1978,1979,B,3950,32,1976-11-09,6454,0,418,783,dominant-party,0,2.502,1.0666780354706684,6.038987241710449,-7
139,516,Burundi,Bagaza,1979,1980,B,3950,33,1976-11-09,6454,0,783,1148,dominant-party,0,2.494,1.0360584911930875,6.0687195265215035,-7
139,516,Burundi,Bagaza,1980,1981,B,3950,34,1976-11-09,6454,0,1148,1513,dominant-party,0,2.475,1.0074080104200587,6.098694314625482,-7
139,516,Burundi,Bagaza,1981,1982,B,3950,35,1976-11-09,6454,0,1513,1878,dominant-party,0,2.521,1.011718436471627,6.127249024629397,-7
139,516,Burundi,Bagaza,1982,1983,B,3950,36,1976-11-09,6454,0,1878,2243,dominant-party,0,2.533,1.011177644710579,6.153808711335197,-7
139,516,Burundi,Bagaza,1983,1984,B,3950,37,1976-11-09,6454,0,2243,2608,dominant-party,0,2.554,1.015345471893138,6.180267139876623,-7
139,516,Burundi,Bagaza,1984,1985,B,3950,38,1976-11-09,6454,0,2608,2973,dominant-party,0,2.588,1.0212295793544315,6.206285561992523,-7
139,516,Burundi,Bagaza,1985,1986,B,3950,39,1976-11-09,6454,0,2973,3338,dominant-party,0,2.677,1.039773168647557,6.231148547852253,-7
139,516,Burundi,Bagaza,1986,1987,B,3950,40,1976-11-09,6454,1,3338,3950,dominant-party,0,2.735,1.0449300832887598,6.256582708425935,-7
140,516,Burundi,Buyoya,1987,1988,B,2137,38,1987-09-03,8591,0,0,120,dominant-party,0,2.762,1.0370982276960048,6.280399584271533,-6
140,516,Burundi,Buyoya,1988,1989,B,2137,39,1987-09-03,8591,0,120,485,military,3,2.799,1.032003539561979,6.304924009420122,-6
140,516,Burundi,Buyoya,1989,1990,B,2137,40,1987-09-03,8591,0,485,850,military,0,2.804,1.0176380924729622,6.327817133714275,-6
140,516,Burundi,Buyoya,1990,1991,B,2137,41,1987-09-03,8591,0,850,1215,military,0,2.831,1.0160792477209102,6.351566113464616,-6
140,516,Burundi,Buyoya,1991,1992,B,2137,42,1987-09-03,8591,0,1215,1580,military,1,2.846,1.0133884062099416,6.372074987828939,-6
140,516,Burundi,Buyoya,1992,1993,B,2137,43,1987-09-03,8591,0,1580,2137,military,0,2.793,0.9923257301215094,6.392417825536289,-6
141,516,Burundi,Buyoya,1996,1997,B,2470,47,1996-07-25,12172,0,0,160,presidential,4,2.21,0.8752475247524752,6.44898116208795,-5
141,516,Burundi,Buyoya,1997,1998,B,2470,48,1996-07-25,12172,0,160,525,military,4,2.134,0.8916931305365202,6.460467676020134,-5
141,516,Burundi,Buyoya,1998,1999,B,2470,49,1996-07-25,12172,0,525,890,military,4,2.117,0.9281830936513503,6.47562376162796,-1
141,516,Burundi,Buyoya,1999,2000,B,2470,50,1996-07-25,12172,0,890,1255,military,4,2.071,0.9490422509394191,6.494553822352202,-1
141,516,Burundi,Buyoya,2000,2001,B,2470,51,1996-07-25,12172,0,1255,1620,military,4,2.019,0.9567813477395509,6.5152903018009924,-1
141,516,Burundi,Buyoya,2001,2002,B,2470,52,1996-07-25,12172,0,1620,1985,military,4,1.997,0.9658541303927258,6.539419756836319,-1
141,516,Burundi,Buyoya,2002,2003,B,2470,53,1996-07-25,12172,0,1985,2470,military,4,1.991,0.9764590485532123,6.567369795588594,-1
142,516,Burundi,Nkurunziza,2015,2016,A,1748,52,2015-08-26,18421,0,0,128,presidential,1,1.823,0.9572568788069733,6.996614697290999,-1
142,516,Burundi,Nkurunziza,2016,2017,A,1748,53,2015-08-26,18421,0,128,493,personal,1,1.765,0.9415341939613784,7.021164318203535,-1
142,516,Burundi,Nkurunziza,2017,2018,A,1748,54,2015-08-26,18421,0,493,858,personal,1,1.746,0.9497389033942558,7.0468909383264915,-1
142,516,Burundi,Nkurunziza,2018,2019,A,1748,55,2015-08-26,18421,0,858,1223,personal,1,1.733,0.9640631953716066,7.069528830754943,-1
142,516,Burundi,Nkurunziza,2019,2020,A,1748,56,2015-08-26,18421,0,1223,1748,personal,1,1.743,0.989216799091941,7.084160200290883,-1
143,517,Rwanda,Habyarimana,1973,1974,B,7580,36,1973-07-05,8861,0,0,180,dominant-party,0,2.266,1.0130543633762517,6.069905973414545,-7
143,517,Rwanda,Habyarimana,1974,1975,B,7580,37,1973-07-05,8861,0,180,545,military,0,2.278,1.0076079263977353,6.100832273163018,-7
143,517,Rwanda,Habyarimana,1975,1976,B,7580,38,1973-07-05,8861,0,545,910,military,0,2.317,1.01819300404289,6.134239337599104,-7
143,517,Rwanda,Habyarimana,1976,1977,B,7580,39,1973-07-05,8861,0,910,1275,military,0,2.464,1.0636277302943968,6.1682478795429265,-7
143,517,Rwanda,Habyarimana,1977,1978,B,7580,40,1973-07-05,8861,0,1275,1640,military,0,2.563,1.077977792732167,6.201792326110079,-7
143,517,Rwanda,Habyarimana,1978,1979,B,7580,41,1973-07-05,8861,0,1640,2005,military,0,2.68,1.0892537798731914,6.234787125459335,-7
143,517,Rwanda,Habyarimana,1979,1980,B,7580,42,1973-07-05,8861,0,2005,2370,military,0,2.817,1.0968771902499805,6.269497718272138,-7
143,517,Rwanda,Habyarimana,1980,1981,B,7580,43,1973-07-05,8861,0,2370,2735,military,0,2.922,1.0865684962070505,6.302734353703997,-7
143,517,Rwanda,Habyarimana,1981,1982,B,7580,44,1973-07-05,8861,0,2735,3100,military,0,3.013,1.0764558770989638,6.337275187647857,-7
143,517,Rwanda,Habyarimana,1982,1983,B,7580,45,1973-07-05,8861,0,3100,3465,military,0,3.03,1.0475729497994746,6.370698609844685,-7
143,517,Rwanda,Habyarimana,1983,1984,B,7580,46,1973-07-05,8861,0,3465,3830,military,0,3.035,1.0241614361881624,6.405157381124773,-7
143,517,Rwanda,Habyarimana,1984,1985,B,7580,47,1973-07-05,8861,0,3830,4195,military,0,2.965,0.9906448379552288,6.440046614289551,-7
143,517,Rwanda,Habyarimana,1985,1986,B,7580,48,1973-07-05,8861,0,4195,4560,military,0,2.951,0.9840602907829799,6.477223100683104,-7
143,517,Rwanda,Habyarimana,1986,1987,B,7580,49,1973-07-05,8861,0,4560,4925,military,0,2.932,0.9830349359619124,6.516707736481965,-7
143,517,Rwanda,Habyarimana,1987,1988,B,7580,50,1973-07-05,8861,0,4925,5290,military,0,2.854,0.9683110538101378,6.556002487067628,-7
143,517,Rwanda,Habyarimana,1988,1989,B,7580,51,1973-07-05,8861,0,5290,5655,military,0,2.789,0.9623214408943482,6.592463543482236,-7
143,517,Rwanda,Habyarimana,1989,1990,B,7580,52,1973-07-05,8861,0,5655,6020,military,0,2.722,0.9552217855137562,6.617892163116747,-7
143,517,Rwanda,Habyarimana,1990,1991,B,7580,53,1973-07-05,8861,0,6020,6385,military,3,2.616,0.940127937899806,6.625959846219028,-7
143,517,Rwanda,Habyarimana,1991,1992,B,7580,54,1973-07-05,8861,0,6385,6750,military,3,2.506,0.9290427819381626,6.6160517981623554,-7
143,517,Rwanda,Habyarimana,1992,1993,B,7580,55,1973-07-05,8861,0,6750,7115,military,3,2.441,0.9335322013155882,6.5912950594982265,-7
143,517,Rwanda,Habyarimana,1993,1994,B,7580,56,1973-07-05,8861,1,7115,7580,military,3,2.212,0.8850124029767145,6.551631611633967,-7
144,517,Rwanda,Paul Kagame,2003,2004,A,7972,46,2003-07-19,20224,0,0,166,dominant-party,0,2.615,1.093776141877196,6.803495268657228,-3
144,517,Rwanda,Paul Kagame,2004,2005,A,7972,47,2003-07-19,20224,0,166,531,dominant-party,0,2.738,1.0933631499081542,6.821142368048908,-3
144,517,Rwanda,Paul Kagame,2005,2006,A,7972,48,2003-07-19,20224,0,531,896,dominant-party,0,2.893,1.0995819080197644,6.842811342341472,-3
144,517,Rwanda,Paul Kagame,2006,2007,A,7972,49,2003-07-19,20224,0,896,1261,dominant-party,0,3.06,1.1058109280138768,6.866154856565487,-3
144,517,Rwanda,Paul Kagame,2007,2008,A,7972,50,2003-07-19,20224,0,1261,1626,dominant-party,0,3.207,1.1048714945221525,6.892578695028585,-3
144,517,Rwanda,Paul Kagame,2008,2009,A,7972,51,2003-07-19,20224,0,1626,1991,dominant-party,0,3.406,1.112780972294825,6.918602237447572,-3
144,517,Rwanda,Paul Kagame,2009,2010,A,7972,52,2003-07-19,20224,0,1991,2356,dominant-party,0,3.569,1.1059807871087697,6.9439367629691375,-3
144,517,Rwanda,Paul Kagame,2010,2011,A,7972,53,2003-07-19,20224,0,2356,2721,dominant-party,0,3.737,1.1004770598975204,6.967852703030718,-4
144,517,Rwanda,Paul Kagame,2011,2012,A,7972,54,2003-07-19,20224,0,2721,3086,dominant-party,0,3.9,1.0943375049104886,6.9935227993694555,-4
144,517,Rwanda,Paul Kagame,2012,2013,A,7972,55,2003-07-19,20224,0,3086,3451,dominant-party,0,4.077,1.0907485686767617,7.021096464211015,-4
144,517,Rwanda,Paul Kagame,2013,2014,A,7972,56,2003-07-19,20224,0,3451,3816,dominant-party,0,4.201,1.0780640525559433,7.045253792167771,-3
144,517,Rwanda,Paul Kagame,2014,2015,A,7972,57,2003-07-19,20224,0,3816,4181,dominant-party,0,4.33,1.0693998518152632,7.068326162269394,-3
144,517,Rwanda,Paul Kagame,2015,2016,A,7972,58,2003-07-19,20224,0,4181,4546,dominant-party,0,4.464,1.064276177760824,7.088887795814841,-3
144,517,Rwanda,Paul Kagame,2016,2017,A,7972,59,2003-07-19,20224,0,4546,4911,dominant-party,0,4.618,1.0645458736745044,7.111544742391333,-3
144,517,Rwanda,Paul Kagame,2017,2018,A,7972,60,2003-07-19,20224,0,4911,5276,dominant-party,0,4.808,1.0722090896926986,7.135572690773838,-3
144,517,Rwanda,Paul Kagame,2018,2019,A,7972,61,2003-07-19,20224,0,5276,5641,dominant-party,0,5.023,1.080540377748139,7.158054747921581,-3
144,517,Rwanda,Paul Kagame,2019,2020,A,7972,62,2003-07-19,20224,0,5641,6006,dominant-party,0,5.21,1.0798822700327488,7.175903553000022,-3
144,517,Rwanda,Paul Kagame,2020,2021,A,7972,63,2003-07-19,20224,0,6006,6371,dominant-party,0,5.1165,1.080211323890444,7.166979150460801,-3
144,517,Rwanda,Paul Kagame,2021,2022,A,7972,64,2003-07-19,20224,0,6371,6736,dominant-party,0,5.21,1.0798822700327488,7.175903553000022,-3
144,517,Rwanda,Paul Kagame,2022,2023,A,7972,65,2003-07-19,20224,0,6736,7101,dominant-party,0,NA,NA,NA,-3
144,517,Rwanda,Paul Kagame,2023,2024,A,7972,66,2003-07-19,20224,0,7101,7466,dominant-party,0,NA,NA,NA,-3
144,517,Rwanda,Paul Kagame,2024,2025,A,7972,67,2003-07-19,20224,0,7466,7972,dominant-party,0,NA,NA,NA,-3
145,520,Somalia,Siad Barre,1969,1970,B,7767,57,1969-10-21,7695,0,0,72,presidential,0,1.893,1.0864325068870524,5.88109986480092,-7
145,520,Somalia,Siad Barre,1970,1971,B,7767,58,1969-10-21,7695,0,72,437,personal,0,1.981,1.0908590308370045,5.901548045235606,-7
145,520,Somalia,Siad Barre,1971,1972,B,7767,59,1969-10-21,7695,0,437,802,personal,0,2.077,1.0935032115404864,5.918969120257795,-7
145,520,Somalia,Siad Barre,1972,1973,B,7767,60,1969-10-21,7695,0,802,1167,personal,0,2.18,1.0960281548516844,5.9396658618740945,-7
145,520,Somalia,Siad Barre,1973,1974,B,7767,61,1969-10-21,7695,0,1167,1532,personal,0,2.3,1.1024829834148213,5.968451772798909,-7
145,520,Somalia,Siad Barre,1974,1975,B,7767,62,1969-10-21,7695,0,1532,1897,personal,0,2.412,1.1013698630136985,6.010767049362479,-7
145,520,Somalia,Siad Barre,1975,1976,B,7767,63,1969-10-21,7695,0,1897,2262,personal,0,2.52,1.0967011924449472,6.074669940521989,-7
145,520,Somalia,Siad Barre,1976,1977,B,7767,64,1969-10-21,7695,0,2262,2627,personal,0,2.604,1.083555259653795,6.153292112668778,-7
145,520,Somalia,Siad Barre,1977,1978,B,7767,65,1969-10-21,7695,0,2627,2992,personal,0,2.654,1.0624499599679744,6.237750241362782,-7
145,520,Somalia,Siad Barre,1978,1979,B,7767,66,1969-10-21,7695,0,2992,3357,personal,1,2.701,1.0476301295477466,6.322452127605731,-7
145,520,Somalia,Siad Barre,1979,1980,B,7767,67,1969-10-21,7695,0,3357,3722,personal,0,2.764,1.0435701880238615,6.3965662558612655,-7
145,520,Somalia,Siad Barre,1980,1981,B,7767,68,1969-10-21,7695,0,3722,4087,personal,0,2.836,1.0457998377461466,6.455498832720168,-7
145,520,Somalia,Siad Barre,1981,1982,B,7767,69,1969-10-21,7695,0,4087,4452,personal,0,2.931,1.0553795189399395,6.499242531535411,-7
145,520,Somalia,Siad Barre,1982,1983,B,7767,70,1969-10-21,7695,0,4452,4817,personal,0,3.047,1.0669514671895792,6.5286754963586455,-7
145,520,Somalia,Siad Barre,1983,1984,B,7767,71,1969-10-21,7695,0,4817,5182,personal,0,3.155,1.0707255820267425,6.547171276046688,-7
145,520,Somalia,Siad Barre,1984,1985,B,7767,72,1969-10-21,7695,0,5182,5547,personal,0,3.266,1.0718739744010501,6.560548229882493,-7
146,520,Somalia,Siad Barre,1984,1985,A,2288,67,1984-10-21,7695,0,0,72,personal,0,3.266,1.0718739744010501,6.560548229882493,-7
145,520,Somalia,Siad Barre,1985,1986,B,7767,73,1969-10-21,7695,0,5547,5912,personal,0,3.357,1.0653084539223152,6.572955043787176,-7
146,520,Somalia,Siad Barre,1985,1986,A,2288,68,1984-10-21,7695,0,72,437,personal,0,3.357,1.0653084539223152,6.572955043787176,-7
145,520,Somalia,Siad Barre,1986,1987,B,7767,74,1969-10-21,7695,0,5912,6277,personal,0,3.43,1.0550599815441404,6.585792272553482,-7
146,520,Somalia,Siad Barre,1986,1987,A,2288,69,1984-10-21,7695,0,437,802,personal,0,3.43,1.0550599815441404,6.585792272553482,-7
145,520,Somalia,Siad Barre,1987,1988,B,7767,75,1969-10-21,7695,0,6277,6642,personal,0,3.479,1.0424282375501888,6.599007541938278,-7
146,520,Somalia,Siad Barre,1987,1988,A,2288,70,1984-10-21,7695,0,802,1167,personal,0,3.479,1.0424282375501888,6.599007541938278,-7
145,520,Somalia,Siad Barre,1988,1989,B,7767,76,1969-10-21,7695,0,6642,7007,personal,5,3.525,1.0333001113912177,6.613228501558338,-7
146,520,Somalia,Siad Barre,1988,1989,A,2288,71,1984-10-21,7695,0,1167,1532,personal,5,3.525,1.0333001113912177,6.613228501558338,-7
145,520,Somalia,Siad Barre,1989,1990,B,7767,77,1969-10-21,7695,0,7007,7372,personal,5,3.565,1.0270223553814242,6.628234479227061,-7
146,520,Somalia,Siad Barre,1989,1990,A,2288,72,1984-10-21,7695,0,1532,1897,personal,5,3.565,1.0270223553814242,6.628234479227061,-7
145,520,Somalia,Siad Barre,1990,1991,B,7767,78,1969-10-21,7695,1,7372,7767,personal,5,3.597,1.02210729711298,6.637174148343052,-7
146,520,Somalia,Siad Barre,1990,1991,A,2288,73,1984-10-21,7695,1,1897,2288,personal,5,3.597,1.02210729711298,6.637174148343052,-7
147,522,Djibouti,Gouled Aptidon,1982,1983,A,6159,65,1982-06-27,10719,0,0,188,personal,0,8.014,0.9357121173201316,3.6788038654163318,-8
147,522,Djibouti,Gouled Aptidon,1983,1984,A,6159,66,1982-06-27,10719,0,188,553,personal,0,7.871,0.953690689671885,3.7111545126276133,-8
147,522,Djibouti,Gouled Aptidon,1984,1985,A,6159,67,1982-06-27,10719,0,553,918,personal,0,7.7,0.9584266865820266,3.743911998783305,-8
147,522,Djibouti,Gouled Aptidon,1985,1986,A,6159,68,1982-06-27,10719,0,918,1283,personal,0,7.505,0.9558561312343982,3.7833483710649674,-8
147,522,Djibouti,Gouled Aptidon,1986,1987,A,6159,69,1982-06-27,10719,0,1283,1648,personal,0,7.263,0.9468620446901155,3.8335424103544975,-8
147,522,Djibouti,Gouled Aptidon,1987,1988,A,6159,70,1982-06-27,10719,0,1648,2013,personal,0,7.002,0.9375753193540611,3.8897160449056054,-8
147,522,Djibouti,Gouled Aptidon,1988,1989,A,6159,71,1982-06-27,10719,0,2013,2378,personal,0,6.733,0.9298953125431594,3.948046304604802,-8
147,522,Djibouti,Gouled Aptidon,1989,1990,A,6159,72,1982-06-27,10719,0,2378,2743,personal,0,6.355,0.9115554535544209,4.007878491071668,-8
147,522,Djibouti,Gouled Aptidon,1990,1991,A,6159,73,1982-06-27,10719,0,2743,3108,personal,0,5.983,0.8973782097432205,4.066253682055575,-8
147,522,Djibouti,Gouled Aptidon,1991,1992,A,6159,74,1982-06-27,10719,0,3108,3473,personal,1,5.662,0.8920749960611313,4.110299929012228,-8
147,522,Djibouti,Gouled Aptidon,1992,1993,A,6159,75,1982-06-27,10719,0,3473,3838,personal,1,5.739,0.9416841690732475,4.130531832983813,-7
147,522,Djibouti,Gouled Aptidon,1993,1994,A,6159,76,1982-06-27,10719,0,3838,4203,personal,1,5.911,0.996795952782462,4.140782756327885,-7
147,522,Djibouti,Gouled Aptidon,1994,1995,A,6159,77,1982-06-27,10719,0,4203,4568,personal,1,5.756,0.9906715775704795,4.1523933203286765,-7
147,522,Djibouti,Gouled Aptidon,1995,1996,A,6159,78,1982-06-27,10719,0,4568,4933,personal,0,5.727,0.9944434797707935,4.1671147351594575,-7
147,522,Djibouti,Gouled Aptidon,1996,1997,A,6159,79,1982-06-27,10719,0,4933,5298,personal,0,5.537,0.9656435298221137,4.189381977556852,-6
147,522,Djibouti,Gouled Aptidon,1997,1998,A,6159,80,1982-06-27,10719,0,5298,5663,personal,0,5.456,0.9610032761475323,4.218315818690935,-6
147,522,Djibouti,Gouled Aptidon,1998,1999,A,6159,81,1982-06-27,10719,0,5663,6159,personal,0,5.349,0.9611859838274932,4.249837198365927,-6
148,522,Djibouti,Guelleh,2010,2011,A,5487,63,2010-05-08,20224,0,0,238,personal,0,6.557,1.0291947888871449,4.452974261048681,2
148,522,Djibouti,Guelleh,2011,2012,A,5487,64,2010-05-08,20224,0,238,603,personal,0,6.8,1.044322265565009,4.474377895738068,2
148,522,Djibouti,Guelleh,2012,2013,A,5487,65,2010-05-08,20224,0,603,968,personal,0,7.156,1.0701040794353391,4.495143243922919,2
148,522,Djibouti,Guelleh,2013,2014,A,5487,66,2010-05-08,20224,0,968,1333,personal,0,7.702,1.1096064081138708,4.51656845414522,3
148,522,Djibouti,Guelleh,2014,2015,A,5487,67,2010-05-08,20224,0,1333,1698,personal,0,8.188,1.1246325852264925,4.535166089099318,3
148,522,Djibouti,Guelleh,2015,2016,A,5487,68,2010-05-08,20224,0,1698,2063,personal,0,8.625,1.120974240336877,4.552444286965012,3
148,522,Djibouti,Guelleh,2016,2017,A,5487,69,2010-05-08,20224,0,2063,2428,personal,0,9.135,1.1193206881340978,4.569760601250198,3
148,522,Djibouti,Guelleh,2017,2018,A,5487,70,2010-05-08,20224,0,2428,2793,personal,0,9.911,1.1376001469204104,4.586680296674246,3
148,522,Djibouti,Guelleh,2018,2019,A,5487,71,2010-05-08,20224,0,2793,3158,personal,0,10.705,1.1494931706898033,4.605550113806377,3
148,522,Djibouti,Guelleh,2019,2020,A,5487,72,2010-05-08,20224,0,3158,3523,personal,0,11.417,1.1464462876307915,4.625345292924724,3
148,522,Djibouti,Guelleh,2020,2021,A,5487,73,2010-05-08,20224,0,3523,3888,personal,0,11.061,1.1479697291602973,4.61544770336555,3
148,522,Djibouti,Guelleh,2021,2022,A,5487,74,2010-05-08,20224,0,3888,4253,personal,0,11.417,1.1464462876307915,4.625345292924724,3
148,522,Djibouti,Guelleh,2022,2023,A,5487,75,2010-05-08,20224,0,4253,4618,personal,0,NA,NA,NA,3
148,522,Djibouti,Guelleh,2023,2024,A,5487,76,2010-05-08,20224,0,4618,4983,personal,0,NA,NA,NA,3
148,522,Djibouti,Guelleh,2024,2025,A,5487,77,2010-05-08,20224,0,4983,5487,personal,0,NA,NA,NA,3
149,530,Ethiopia,Mengistu Marriam,1977,1978,B,5212,40,1977-02-11,7810,0,0,324,military,8,2.216,1.0087399854333576,8.189566794734484,-7
149,530,Ethiopia,Mengistu Marriam,1978,1979,B,5212,41,1977-02-11,7810,0,324,689,military,8,2.218,1.0068088969586928,8.204651052354443,-7
149,530,Ethiopia,Mengistu Marriam,1979,1980,B,5212,42,1977-02-11,7810,0,689,1054,military,8,2.252,1.0165207186061207,8.220386684298456,-7
149,530,Ethiopia,Mengistu Marriam,1980,1981,B,5212,43,1977-02-11,7810,0,1054,1419,military,6,2.28,1.0209564750134335,8.240879058396992,-7
149,530,Ethiopia,Mengistu Marriam,1981,1982,B,5212,44,1977-02-11,7810,0,1419,1784,military,6,2.273,1.0112109618293443,8.270687098824508,-7
149,530,Ethiopia,Mengistu Marriam,1982,1983,B,5212,45,1977-02-11,7810,0,1784,2149,military,6,2.263,1.002569555201134,8.302624272640802,-7
149,530,Ethiopia,Mengistu Marriam,1983,1984,B,5212,46,1977-02-11,7810,0,2149,2514,military,6,2.269,1.0007056540531005,8.3346247241424,-7
149,530,Ethiopia,Mengistu Marriam,1984,1985,B,5212,47,1977-02-11,7810,0,2514,2879,military,6,2.215,0.9800884955752213,8.364823291725084,-8
149,530,Ethiopia,Mengistu Marriam,1985,1986,B,5212,48,1977-02-11,7810,0,2879,3244,military,6,2.15,0.9623992837958818,8.393391454661458,-8
149,530,Ethiopia,Mengistu Marriam,1986,1987,B,5212,49,1977-02-11,7810,0,3244,3609,military,6,2.163,0.9778481012658228,8.421446096178263,-8
149,530,Ethiopia,Mengistu Marriam,1987,1988,B,5212,50,1977-02-11,7810,0,3609,3974,military,6,2.202,1.0010000909173562,8.450851659163906,-8
149,530,Ethiopia,Mengistu Marriam,1988,1989,B,5212,51,1977-02-11,7810,0,3974,4339,military,6,2.181,0.9994500962331593,8.47978536199577,-8
149,530,Ethiopia,Mengistu Marriam,1989,1990,B,5212,52,1977-02-11,7810,0,4339,4704,military,6,2.124,0.9815157116451017,8.512625575724009,-8
149,530,Ethiopia,Mengistu Marriam,1990,1991,B,5212,53,1977-02-11,7810,1,4704,5212,military,6,2.024,0.9463250420796709,8.54722372703429,-8
150,531,Eritrea,Afeworki,2003,2004,A,8028,54,2003-05-24,20224,0,0,222,dominant-party,0,4.184,0.9757917813330846,5.621038343644333,-7
150,531,Eritrea,Afeworki,2004,2005,A,8028,55,2003-05-24,20224,0,222,587,dominant-party,0,4.118,0.9704939668174963,5.661431534115671,-7
150,531,Eritrea,Afeworki,2005,2006,A,8028,56,2003-05-24,20224,0,587,952,dominant-party,0,4.035,0.9641577060931898,5.697915296378154,-7
150,531,Eritrea,Afeworki,2006,2007,A,8028,57,2003-05-24,20224,0,952,1317,dominant-party,0,3.966,0.9639315574567374,5.729394989210244,-7
150,531,Eritrea,Afeworki,2007,2008,A,8028,58,2003-05-24,20224,0,1317,1682,dominant-party,0,3.893,0.9638047138047138,5.7570293595425746,-7
150,531,Eritrea,Afeworki,2008,2009,A,8028,59,2003-05-24,20224,0,1682,2047,dominant-party,0,3.831,0.9653278234137983,5.783144951024873,-7
150,531,Eritrea,Afeworki,2009,2010,A,8028,60,2003-05-24,20224,0,2047,2412,dominant-party,0,3.847,0.9827815246270182,5.804912052506206,-7
150,531,Eritrea,Afeworki,2010,2011,A,8028,61,2003-05-24,20224,0,2412,2777,dominant-party,0,3.876,0.9983001081749343,5.821565510312585,-7
150,531,Eritrea,Afeworki,2011,2012,A,8028,62,2003-05-24,20224,0,2777,3142,dominant-party,0,3.935,1.01511711897637,5.830550211912869,-7
150,531,Eritrea,Afeworki,2012,2013,A,8028,63,2003-05-24,20224,0,3142,3507,dominant-party,0,3.945,1.01497375733251,5.832920061973455,-7
150,531,Eritrea,Afeworki,2013,2014,A,8028,64,2003-05-24,20224,0,3507,3872,dominant-party,0,3.958,1.0117069679464241,5.833312539301212,-7
150,531,Eritrea,Afeworki,2014,2015,A,8028,65,2003-05-24,20224,0,3872,4237,dominant-party,0,3.972,1.008838768668089,5.833212970084418,-7
150,531,Eritrea,Afeworki,2015,2016,A,8028,66,2003-05-24,20224,0,4237,4602,dominant-party,0,3.974,1.0043469470279014,5.833690226484101,-7
150,531,Eritrea,Afeworki,2016,2017,A,8028,67,2003-05-24,20224,0,4602,4967,dominant-party,0,3.989,1.0053936888799273,5.834755179963783,-7
150,531,Eritrea,Afeworki,2017,2018,A,8028,68,2003-05-24,20224,0,4967,5332,dominant-party,0,4.002,1.005780346820809,5.83561450751982,-7
150,531,Eritrea,Afeworki,2018,2019,A,8028,69,2003-05-24,20224,0,5332,5697,dominant-party,0,4.011,1.0053639462602768,5.836163622669626,-7
150,531,Eritrea,Afeworki,2019,2020,A,8028,70,2003-05-24,20224,0,5697,6062,dominant-party,0,4.021,1.0054008101215182,5.838196810704765,-7
150,531,Eritrea,Afeworki,2020,2021,A,8028,71,2003-05-24,20224,0,6062,6427,dominant-party,0,4.016,1.0053823781908975,5.837180216687195,-7
150,531,Eritrea,Afeworki,2021,2022,A,8028,72,2003-05-24,20224,0,6427,6792,dominant-party,0,4.021,1.0054008101215182,5.838196810704765,-7
150,531,Eritrea,Afeworki,2022,2023,A,8028,73,2003-05-24,20224,0,6792,7157,dominant-party,0,NA,NA,NA,-7
150,531,Eritrea,Afeworki,2023,2024,A,8028,74,2003-05-24,20224,0,7157,7522,dominant-party,0,NA,NA,NA,-7
150,531,Eritrea,Afeworki,2024,2025,A,8028,75,2003-05-24,20224,0,7522,8028,dominant-party,0,NA,NA,NA,-7
151,540,Angola,Dos Santos,1992,1993,A,9146,50,1992-09-10,17434,0,0,113,dominant-party,7,5.077,0.9584308691384127,7.100009839746477,-7
151,540,Angola,Dos Santos,1993,1994,A,9146,51,1992-09-10,17434,0,113,478,dominant-party,7,4.52,0.875561754222842,7.131107608500661,-7
151,540,Angola,Dos Santos,1994,1995,A,9146,52,1992-09-10,17434,0,478,843,dominant-party,7,4.383,0.8819623309723117,7.164769101482799,-7
151,540,Angola,Dos Santos,1995,1996,A,9146,53,1992-09-10,17434,0,843,1208,dominant-party,7,4.492,0.942351262901737,7.195965711826979,-7
151,540,Angola,Dos Santos,1996,1997,A,9146,54,1992-09-10,17434,0,1208,1573,dominant-party,7,4.824,1.035370879120879,7.230278536515829,-7
151,540,Angola,Dos Santos,1997,1998,A,9146,55,1992-09-10,17434,0,1573,1938,dominant-party,7,5.04,1.0834515671353024,7.26078257834687,-6
151,540,Angola,Dos Santos,1998,1999,A,9146,56,1992-09-10,17434,0,1938,2303,dominant-party,7,5.199,1.085930319993316,7.29079889355554,-6
151,540,Angola,Dos Santos,1999,2000,A,9146,57,1992-09-10,17434,0,2303,2668,dominant-party,7,5.243,1.0571417049762077,7.3220109697878915,-6
151,540,Angola,Dos Santos,2000,2001,A,9146,58,1992-09-10,17434,0,2668,3033,dominant-party,7,5.323,1.0384720433883492,7.352610957611875,-6
151,540,Angola,Dos Santos,2001,2002,A,9146,59,1992-09-10,17434,0,3033,3398,dominant-party,7,5.567,1.0554755043227666,7.383170489174715,-6
151,540,Angola,Dos Santos,2002,2003,A,9146,60,1992-09-10,17434,0,3398,3763,dominant-party,7,6.007,1.0986137020373823,7.418150810271617,-2
151,540,Angola,Dos Santos,2003,2004,A,9146,61,1992-09-10,17434,0,3763,4128,dominant-party,1,6.403,1.1216410328276636,7.452141976467767,-2
151,540,Angola,Dos Santos,2004,2005,A,9146,62,1992-09-10,17434,0,4128,4493,dominant-party,1,7.094,1.1670066460485622,7.488073569316707,-2
151,540,Angola,Dos Santos,2005,2006,A,9146,63,1992-09-10,17434,0,4493,4858,dominant-party,1,8.16,1.2277692516024195,7.524727968993923,-2
151,540,Angola,Dos Santos,2006,2007,A,9146,64,1992-09-10,17434,0,4858,5223,dominant-party,0,9.439,1.2719995687680241,7.561916798761827,-2
151,540,Angola,Dos Santos,2007,2008,A,9146,65,1992-09-10,17434,0,5223,5588,dominant-party,0,10.732,1.2828727168403937,7.598137139566762,-2
151,540,Angola,Dos Santos,2008,2009,A,9146,66,1992-09-10,17434,0,5588,5953,dominant-party,0,11.779,1.2476696890094061,7.635777687041573,-2
151,540,Angola,Dos Santos,2009,2010,A,9146,67,1992-09-10,17434,0,5953,6318,dominant-party,0,12.157,1.1629708994202843,7.670930261969877,-2
151,540,Angola,Dos Santos,2010,2011,A,9146,68,1992-09-10,17434,0,6318,6683,dominant-party,0,12.758,1.121779653565462,7.708379234343062,-2
151,540,Angola,Dos Santos,2011,2012,A,9146,69,1992-09-10,17434,0,6683,7048,dominant-party,0,13.422,1.102912174599001,7.748135122117064,-2
151,540,Angola,Dos Santos,2012,2013,A,9146,70,1992-09-10,17434,0,7048,7413,dominant-party,0,13.895,1.0853603286935058,7.784505694635391,-2
151,540,Angola,Dos Santos,2013,2014,A,9146,71,1992-09-10,17434,0,7413,7778,dominant-party,0,14.214,1.0695903440387684,7.821665579877231,-2
151,540,Angola,Dos Santos,2014,2015,A,9146,72,1992-09-10,17434,0,7778,8143,dominant-party,0,14.254,1.039785244299199,7.855512506855544,-2
151,540,Angola,Dos Santos,2015,2016,A,9146,73,1992-09-10,17434,0,8143,8508,dominant-party,0,13.869,0.9955637867172021,7.887138361793646,-2
151,540,Angola,Dos Santos,2016,2017,A,9146,74,1992-09-10,17434,0,8508,9146,dominant-party,0,13.223,0.9519113094809589,7.921118636639877,-2
153,552,Zimbabwe,Mugabe,1987,1988,A,11223,63,1987-03-04,17494,0,0,303,dominant-party,1,6.307,0.9742045103490887,6.914313725279383,-6
153,552,Zimbabwe,Mugabe,1988,1989,A,11223,64,1987-03-04,17494,0,303,668,dominant-party,0,6.413,0.998971898560658,6.949072830693642,-6
153,552,Zimbabwe,Mugabe,1989,1990,A,11223,65,1987-03-04,17494,0,668,1033,dominant-party,0,6.541,1.0181812521403444,6.981006670089328,-6
153,552,Zimbabwe,Mugabe,1990,1991,A,11223,66,1987-03-04,17494,0,1033,1398,dominant-party,0,6.705,1.0363214837712518,7.00899059770294,-6
153,552,Zimbabwe,Mugabe,1991,1992,A,11223,67,1987-03-04,17494,0,1398,1763,dominant-party,0,6.728,1.0289349727778796,7.03532317525659,-6
153,552,Zimbabwe,Mugabe,1992,1993,A,11223,68,1987-03-04,17494,0,1763,2128,dominant-party,0,6.433,0.9800426569165143,7.055526798016685,-6
153,552,Zimbabwe,Mugabe,1993,1994,A,11223,69,1987-03-04,17494,0,2128,2493,dominant-party,0,6.378,0.9727009303034924,7.074594263589868,-6
153,552,Zimbabwe,Mugabe,1994,1995,A,11223,70,1987-03-04,17494,0,2493,2858,dominant-party,0,6.549,0.9985362729850883,7.090400949912096,-6
153,552,Zimbabwe,Mugabe,1995,1996,A,11223,71,1987-03-04,17494,0,2858,3223,dominant-party,0,6.654,1.0161260765988638,7.103526811300494,-6
153,552,Zimbabwe,Mugabe,1996,1997,A,11223,72,1987-03-04,17494,0,3223,3588,dominant-party,0,6.911,1.0495064540622627,7.117248486830963,-6
153,552,Zimbabwe,Mugabe,1997,1998,A,11223,73,1987-03-04,17494,0,3588,3953,dominant-party,0,6.994,1.0443170280117064,7.126828959596621,-6
153,552,Zimbabwe,Mugabe,1998,1999,A,11223,74,1987-03-04,17494,0,3953,4318,dominant-party,0,6.982,1.0240539747726607,7.1351888151384575,-6
153,552,Zimbabwe,Mugabe,1999,2000,A,11223,75,1987-03-04,17494,0,4318,4683,dominant-party,0,6.84,0.9947354643553126,7.143591536013678,-3
153,552,Zimbabwe,Mugabe,2000,2001,A,11223,76,1987-03-04,17494,0,4683,5048,dominant-party,0,6.575,0.958398927176258,7.149910556677542,-3
153,552,Zimbabwe,Mugabe,2001,2002,A,11223,77,1987-03-04,17494,0,5048,5413,dominant-party,0,6.315,0.9367768349848692,7.156642987380941,-4
153,552,Zimbabwe,Mugabe,2002,2003,A,11223,78,1987-03-04,17494,0,5413,5778,dominant-party,0,5.808,0.8929889298892988,7.159516607388305,-4
153,552,Zimbabwe,Mugabe,2003,2004,A,11223,79,1987-03-04,17494,0,5778,6143,dominant-party,0,5.15,0.8390901981230449,7.160407922564507,-4
153,552,Zimbabwe,Mugabe,2004,2005,A,11223,80,1987-03-04,17494,0,6143,6508,dominant-party,0,4.718,0.8258069033116291,7.163383058042822,-4
153,552,Zimbabwe,Mugabe,2005,2006,A,11223,81,1987-03-04,17494,0,6508,6873,dominant-party,0,4.377,0.8299833131067961,7.167761380552428,-4
153,552,Zimbabwe,Mugabe,2006,2007,A,11223,82,1987-03-04,17494,0,6873,7238,dominant-party,0,4.125,0.8530482256596905,7.173443244599621,-4
153,552,Zimbabwe,Mugabe,2007,2008,A,11223,83,1987-03-04,17494,0,7238,7603,dominant-party,0,3.908,0.8770984828081514,7.1814208273105375,-4
153,552,Zimbabwe,Mugabe,2008,2009,A,11223,84,1987-03-04,17494,0,7603,7968,dominant-party,0,3.656,0.8795227097767515,7.190292388782821,-4
153,552,Zimbabwe,Mugabe,2009,2010,A,11223,85,1987-03-04,17494,0,7968,8333,dominant-party,0,3.848,0.9661544641960429,7.209503704782989,1
153,552,Zimbabwe,Mugabe,2010,2011,A,11223,86,1987-03-04,17494,0,8333,8698,dominant-party,0,4.171,1.058199715851431,7.226450435500669,1
153,552,Zimbabwe,Mugabe,2011,2012,A,11223,87,1987-03-04,17494,0,8698,9063,dominant-party,0,4.508,1.1218953760390225,7.240638941509483,1
153,552,Zimbabwe,Mugabe,2012,2013,A,11223,88,1987-03-04,17494,0,9063,9428,dominant-party,0,4.829,1.149105273177232,7.255689433277718,1
153,552,Zimbabwe,Mugabe,2013,2014,A,11223,89,1987-03-04,17494,0,9428,9793,dominant-party,0,4.994,1.1172259507829978,7.270776939836883,4
153,552,Zimbabwe,Mugabe,2014,2015,A,11223,90,1987-03-04,17494,0,9793,10158,dominant-party,0,5.036,1.0697595377687144,7.28411352937311,4
153,552,Zimbabwe,Mugabe,2015,2016,A,11223,91,1987-03-04,17494,0,10158,10523,dominant-party,0,5.009,1.0274450278962917,7.295779847866265,4
153,552,Zimbabwe,Mugabe,2016,2017,A,11223,92,1987-03-04,17494,1,10523,11223,dominant-party,0,5.098,1.0209885444204119,7.308816705100115,4
152,552,Zimbabwe,Mnangagwa,2017,2018,B,2730,75,2017-11-24,20224,0,0,38,dominant-party,0,5.433,1.0623777864685178,7.320213875542842,4
152,552,Zimbabwe,Mnangagwa,2018,2019,B,2730,76,2017-11-24,20224,0,38,403,dominant-party,0,5.671,1.0803139406408353,7.3323162287246175,4
152,552,Zimbabwe,Mnangagwa,2019,2020,B,2730,77,2017-11-24,20224,0,403,768,dominant-party,0,5.818,1.0762514336453437,7.341874573170256,4
152,552,Zimbabwe,Mnangagwa,2020,2021,B,2730,78,2017-11-24,20224,0,768,1133,dominant-party,0,5.7445,1.0782826871430895,7.337095400947437,4
152,552,Zimbabwe,Mnangagwa,2021,2022,B,2730,79,2017-11-24,20224,0,1133,1498,dominant-party,0,5.818,1.0762514336453437,7.341874573170256,4
152,552,Zimbabwe,Mnangagwa,2022,2023,B,2730,80,2017-11-24,20224,0,1498,1863,dominant-party,0,NA,NA,NA,4
152,552,Zimbabwe,Mnangagwa,2023,2024,B,2730,81,2017-11-24,20224,0,1863,2228,dominant-party,0,NA,NA,NA,4
152,552,Zimbabwe,Mnangagwa,2024,2025,B,2730,82,2017-11-24,20224,0,2228,2730,dominant-party,0,NA,NA,NA,4
154,553,Malawi,Banda,1971,1972,A,8355,65,1971-07-06,8906,0,0,179,personal,0,2.131,1.060093523032534,6.227506554527906,-9
154,553,Malawi,Banda,1972,1973,A,8355,66,1971-07-06,8906,0,179,544,personal,0,2.236,1.081656346749226,6.25602639511896,-9
154,553,Malawi,Banda,1973,1974,A,8355,67,1971-07-06,8906,0,544,909,personal,0,2.311,1.0813213550439829,6.283941978425796,-9
154,553,Malawi,Banda,1974,1975,A,8355,68,1971-07-06,8906,0,909,1274,personal,0,2.385,1.0762635379061372,6.313933841413798,-9
154,553,Malawi,Banda,1975,1976,A,8355,69,1971-07-06,8906,0,1274,1639,personal,0,2.436,1.0592225410905296,6.347982728760149,-9
154,553,Malawi,Banda,1976,1977,A,8355,70,1971-07-06,8906,0,1639,2004,personal,0,2.473,1.0442530191706783,6.380861247037082,-9
154,553,Malawi,Banda,1977,1978,A,8355,71,1971-07-06,8906,0,2004,2369,personal,0,2.515,1.0375412541254125,6.411295963845293,-9
154,553,Malawi,Banda,1978,1979,A,8355,72,1971-07-06,8906,0,2369,2734,personal,0,2.566,1.0367676767676766,6.442299691696586,-9
154,553,Malawi,Banda,1979,1980,A,8355,73,1971-07-06,8906,0,2734,3099,personal,0,2.563,1.0208715048195651,6.471717039374397,-9
154,553,Malawi,Banda,1980,1981,A,8355,74,1971-07-06,8906,0,3099,3464,personal,0,2.525,0.9986552760639139,6.501526879641323,-9
154,553,Malawi,Banda,1981,1982,A,8355,75,1971-07-06,8906,0,3464,3829,personal,0,2.485,0.981902955587166,6.531199733278724,-9
154,553,Malawi,Banda,1982,1983,A,8355,76,1971-07-06,8906,0,3829,4194,personal,0,2.482,0.9832818318675225,6.5612258377969646,-9
154,553,Malawi,Banda,1983,1984,A,8355,77,1971-07-06,8906,0,4194,4559,personal,0,2.506,0.9975320436270997,6.592496438760121,-9
154,553,Malawi,Banda,1984,1985,A,8355,78,1971-07-06,8906,0,4559,4924,personal,0,2.537,1.0119664938173114,6.6267270207292235,-9
154,553,Malawi,Banda,1985,1986,A,8355,79,1971-07-06,8906,0,4924,5289,personal,0,2.558,1.0176639083386378,6.666797746703225,-9
154,553,Malawi,Banda,1986,1987,A,8355,80,1971-07-06,8906,0,5289,5654,personal,0,2.475,0.9854276158623985,6.712536914733109,-9
154,553,Malawi,Banda,1987,1988,A,8355,81,1971-07-06,8906,0,5654,6019,personal,0,2.381,0.9556875652243717,6.765350346984929,-9
154,553,Malawi,Banda,1988,1989,A,8355,82,1971-07-06,8906,0,6019,6384,personal,0,2.294,0.9367088607594938,6.818991822542787,-9
154,553,Malawi,Banda,1989,1990,A,8355,83,1971-07-06,8906,0,6384,6749,personal,0,2.248,0.9401137504182001,6.868315661871133,-9
154,553,Malawi,Banda,1990,1991,A,8355,84,1971-07-06,8906,0,6749,7114,personal,0,2.198,0.9477406002069679,6.907783278590144,-9
154,553,Malawi,Banda,1991,1992,A,8355,85,1971-07-06,8906,0,7114,7479,personal,0,2.203,0.9727128223242669,6.934875187207941,-9
154,553,Malawi,Banda,1992,1993,A,8355,86,1971-07-06,8906,0,7479,7844,personal,0,2.136,0.9639859193067966,6.951430479236926,-9
154,553,Malawi,Banda,1993,1994,A,8355,87,1971-07-06,8906,0,7844,8355,personal,0,2.182,0.9948025895869426,6.962451775901165,-6
155,565,Namibia,Nujoma,1998,1999,A,2557,69,1998-03-21,12863,0,0,286,dominant-party,0,13.261,1.0294049153094968,5.226912660353171,6
155,565,Namibia,Nujoma,1999,2000,A,2557,70,1998-03-21,12863,0,286,651,dominant-party,0,13.413,1.0263375367286973,5.247181954433266,6
155,565,Namibia,Nujoma,2000,2001,A,2557,71,1998-03-21,12863,0,651,1016,dominant-party,0,13.583,1.0253797143461063,5.267244568793459,6
155,565,Namibia,Nujoma,2001,2002,A,2557,72,1998-03-21,12863,0,1016,1381,dominant-party,0,13.678,1.020639634665035,5.286234663805056,6
155,565,Namibia,Nujoma,2002,2003,A,2557,73,1998-03-21,12863,0,1381,1746,dominant-party,0,14.003,1.0305719921104537,5.301796308007465,6
155,565,Namibia,Nujoma,2003,2004,A,2557,74,1998-03-21,12863,0,1746,2111,dominant-party,0,14.445,1.0448916408668731,5.3182817454675995,6
155,565,Namibia,Nujoma,2004,2005,A,2557,75,1998-03-21,12863,0,2111,2557,dominant-party,0,15.257,1.0749513851703631,5.3353674563713245,6
156,570,Lesotho,Lekhanya,1986,1987,B,1924,48,1986-01-24,7791,0,0,342,dominant-party,0,3.318,1.0289010171173405,5.111306833667951,-10
156,570,Lesotho,Lekhanya,1987,1988,B,1924,49,1986-01-24,7791,0,342,707,military,0,3.396,1.0391040939966953,5.132988610830353,-10
156,570,Lesotho,Lekhanya,1988,1989,B,1924,50,1986-01-24,7791,0,707,1072,military,0,3.558,1.0641861578034335,5.154036981367835,-10
156,570,Lesotho,Lekhanya,1989,1990,B,1924,51,1986-01-24,7791,0,1072,1437,military,0,3.709,1.076632801161103,5.175652433800046,-10
156,570,Lesotho,Lekhanya,1990,1991,B,1924,52,1986-01-24,7791,1,1437,1924,military,0,3.842,1.0778207933568984,5.195686455461076,-7
157,570,Lesotho,Ramaema,1991,1992,B,701,58,1991-05-02,8492,0,0,244,military,0,3.961,1.0725116430196036,5.216130695560089,-4
157,570,Lesotho,Ramaema,1992,1993,B,701,59,1991-05-02,8492,0,244,701,military,0,4.071,1.0634240635285512,5.23729797932199,-4
158,572,Eswatini,Ntombe Thwala,1983,1984,B,989,33,1983-08-10,5958,0,0,144,other,0,7.975,1.0352840378024717,4.254235875892425,-7
158,572,Eswatini,Ntombe Thwala,1984,1985,B,989,34,1983-08-10,5958,0,144,509,other,0,8.046,1.0254645560908464,4.288375078592426,-7
158,572,Eswatini,Ntombe Thwala,1985,1986,B,989,35,1983-08-10,5958,0,509,989,other,0,8.256,1.031948402579871,4.321373887461932,-7
159,580,Madagascar,Rajoelina,2009,2010,B,1775,35,2009-03-17,16095,0,0,290,presidential,0,2.795,1.013783097569822,7.691403366035558,0
159,580,Madagascar,Rajoelina,2010,2011,B,1775,36,2009-03-17,16095,0,290,655,personal,0,2.781,0.999856187531459,7.720612082581033,0
159,580,Madagascar,Rajoelina,2011,2012,B,1775,37,2009-03-17,16095,0,655,1020,personal,0,2.773,0.9929103408765396,7.749207371830534,3
159,580,Madagascar,Rajoelina,2012,2013,B,1775,38,2009-03-17,16095,0,1020,1385,personal,0,2.763,0.9903935766004731,7.77574528689146,3
159,580,Madagascar,Rajoelina,2013,2014,B,1775,39,2009-03-17,16095,0,1385,1775,personal,0,2.751,0.992209478467864,7.801643743421904,3
160,581,Comoros,Soilih,1975,1976,B,1014,38,1975-08-03,3054,0,0,151,military,0,3.415,1.025033017168928,3.3472690396365996,-5
160,581,Comoros,Soilih,1976,1977,B,1014,39,1975-08-03,3054,0,151,516,military,0,3.394,1.0096382674916706,3.3821164938493635,-5
160,581,Comoros,Soilih,1977,1978,B,1014,40,1975-08-03,3054,1,516,1014,military,0,3.372,0.9978102621767178,3.424230080772728,-5
161,581,Comoros,Bob Denard,1978,1979,B,4237,49,1978-05-13,7291,0,0,233,military,0,3.404,1.0035377358490567,3.4612885278724463,0
161,581,Comoros,Bob Denard,1979,1980,B,4237,50,1978-05-13,7291,0,233,598,military,0,3.515,1.027777777777778,3.496689363121376,0
161,581,Comoros,Bob Denard,1980,1981,B,4237,51,1978-05-13,7291,0,598,963,military,0,3.653,1.0534663744376513,3.5283291737894364,0
161,581,Comoros,Bob Denard,1981,1982,B,4237,52,1978-05-13,7291,0,963,1328,military,0,3.744,1.0583446404341927,3.55820113047182,0
161,581,Comoros,Bob Denard,1982,1983,B,4237,53,1978-05-13,7291,0,1328,1693,military,0,3.859,1.0616231086657495,3.586652911317826,-3
161,581,Comoros,Bob Denard,1983,1984,B,4237,54,1978-05-13,7291,0,1693,2058,military,0,3.954,1.055807743658211,3.613778681604686,-3
161,581,Comoros,Bob Denard,1984,1985,B,4237,55,1978-05-13,7291,0,2058,2423,military,0,4.013,1.0438016958851375,3.6405029543735754,-9
161,581,Comoros,Bob Denard,1985,1986,B,4237,56,1978-05-13,7291,0,2423,2788,military,0,4.018,1.0256279354706963,3.66791114767774,-9
161,581,Comoros,Bob Denard,1986,1987,B,4237,57,1978-05-13,7291,0,2788,3153,military,0,4.018,1.0114792065250227,3.6972195783889377,-9
161,581,Comoros,Bob Denard,1987,1988,B,4237,58,1978-05-13,7291,0,3153,3518,military,0,3.994,0.9986497974696205,3.7253078107274877,-9
161,581,Comoros,Bob Denard,1988,1989,B,4237,59,1978-05-13,7291,1,3518,4237,military,0,3.96,0.9898515222716592,3.752792779857589,-9
162,581,Comoros,Djohar,1989,1990,B,2111,71,1989-12-18,9402,0,0,14,military,0,3.927,0.9858412411507758,3.7795881542393985,-9
162,581,Comoros,Djohar,1990,1991,B,2111,72,1989-12-18,9402,0,14,379,other,0,3.997,1.0044732609569762,3.8060400738875133,4
162,581,Comoros,Djohar,1991,1992,B,2111,73,1989-12-18,9402,0,379,744,other,0,3.988,1.0037249572133293,3.8319619642532188,4
162,581,Comoros,Djohar,1992,1993,B,2111,74,1989-12-18,9402,0,744,1109,other,0,4.048,1.0160642570281124,3.858622228701031,4
162,581,Comoros,Djohar,1993,1994,B,2111,75,1989-12-18,9402,0,1109,1474,other,0,4.023,1.0066056147725566,3.885535282591043,4
162,581,Comoros,Djohar,1994,1995,B,2111,76,1989-12-18,9402,1,1474,2111,other,0,3.882,0.973517905507072,3.9096000724953925,4
163,581,Comoros,Azali Assoumani,1999,2000,B,997,40,1999-04-30,20224,0,0,246,other,0,3.762,0.9867799811142588,4.037633107304659,-2
163,581,Comoros,Azali Assoumani,2000,2001,B,997,41,1999-04-30,20224,0,246,611,military,0,3.805,1.0024765517968175,4.062492632772918,-1
163,581,Comoros,Azali Assoumani,2001,2002,B,997,42,1999-04-30,20224,0,611,976,military,0,3.853,1.0139473684210527,4.0889466865355075,0
163,581,Comoros,Azali Assoumani,2002,2003,B,997,43,1999-04-30,20224,0,976,1341,military,0,3.878,1.017207008708425,4.113754955741924,4
163,581,Comoros,Azali Assoumani,2003,2004,B,997,44,1999-04-30,20224,0,1341,1706,military,0,3.86,1.007412047186554,4.138361447638875,4
163,581,Comoros,Azali Assoumani,2004,2005,B,997,45,1999-04-30,20224,0,1706,2071,military,0,3.842,0.998544547250234,4.163310766686823,6
163,581,Comoros,Azali Assoumani,2005,2006,B,997,46,1999-04-30,20224,0,2071,2436,military,0,3.86,1.0003628258954025,4.188441885601216,6
163,581,Comoros,Azali Assoumani,2006,2007,B,997,47,1999-04-30,20224,0,2436,2801,military,0,3.903,1.0088921056713023,4.213075296818099,9
163,581,Comoros,Azali Assoumani,2007,2008,B,997,48,1999-04-30,20224,0,2801,3166,presidential,0,3.882,1.0032563188091177,4.236625069478872,9
163,581,Comoros,Azali Assoumani,2008,2009,B,997,49,1999-04-30,20224,0,3166,3531,presidential,0,3.918,1.0095336253542901,4.261214014457134,9
163,581,Comoros,Azali Assoumani,2009,2010,B,997,50,1999-04-30,20224,0,3531,3896,presidential,0,3.935,1.009077854138886,4.28572221077266,9
163,581,Comoros,Azali Assoumani,2010,2011,B,997,51,1999-04-30,20224,0,3896,4261,presidential,0,3.946,1.0074550653594772,4.309227421106517,9
164,581,Comoros,Sambi,2010,2011,A,365,52,2010-05-26,15120,0,0,365,presidential,0,3.946,1.0074550653594772,4.309227421106517,9
163,581,Comoros,Azali Assoumani,2011,2012,B,997,52,1999-04-30,20224,0,4261,4626,presidential,0,4.004,1.017018034036068,4.332573750954351,9
163,581,Comoros,Azali Assoumani,2012,2013,B,997,53,1999-04-30,20224,0,4626,4991,presidential,0,4.082,1.0264018104098567,4.35599062012304,9
163,581,Comoros,Azali Assoumani,2013,2014,B,997,54,1999-04-30,20224,0,4991,5356,presidential,0,4.186,1.0385550538381383,4.378796423153597,9
163,581,Comoros,Azali Assoumani,2014,2015,B,997,55,1999-04-30,20224,0,5356,5721,presidential,0,4.248,1.0378188214599826,4.400615290110192,9
163,581,Comoros,Azali Assoumani,2015,2016,B,997,56,1999-04-30,20224,0,5721,6086,presidential,0,4.294,1.0315172480061496,4.418732168182296,9
163,581,Comoros,Azali Assoumani,2016,2017,B,997,57,1999-04-30,20224,0,6086,6451,presidential,0,4.385,1.0344420853974994,4.439505136169199,9
163,581,Comoros,Azali Assoumani,2017,2018,B,997,58,1999-04-30,20224,0,6451,6816,presidential,0,4.592,1.0578207786224372,4.4587098594448396,9
163,581,Comoros,Azali Assoumani,2018,2019,B,997,59,1999-04-30,20224,0,6816,7181,presidential,0,4.725,1.062084157525625,4.4764728049658276,-3
163,581,Comoros,Azali Assoumani,2019,2020,B,997,60,1999-04-30,20224,0,7181,7546,presidential,0,4.837,1.0592125432488066,4.489029550853278,-3
163,581,Comoros,Azali Assoumani,2020,2021,B,997,61,1999-04-30,20224,0,7546,7911,presidential,0,4.781,1.0606483503872157,4.482751177909552,-3
163,581,Comoros,Azali Assoumani,2021,2022,B,997,62,1999-04-30,20224,0,7911,8276,presidential,0,4.837,1.0592125432488066,4.489029550853278,-3
163,581,Comoros,Azali Assoumani,2022,2023,B,997,63,1999-04-30,20224,0,8276,8641,presidential,0,NA,NA,NA,-3
163,581,Comoros,Azali Assoumani,2023,2024,B,997,64,1999-04-30,20224,0,8641,9006,presidential,0,NA,NA,NA,-3
163,581,Comoros,Azali Assoumani,2024,2025,B,997,65,1999-04-30,20224,0,9006,997,presidential,0,NA,NA,NA,-3
165,615,Algeria,Boumedienne,1965,1966,B,4939,38,1965-06-19,3282,0,0,196,dominant-party,0,8.319,1.0565687868319449,7.181859589400168,-9
165,615,Algeria,Boumedienne,1966,1967,B,4939,39,1965-06-19,3282,0,196,561,dominant-party,0,8.426,1.050309134423614,7.21005228115976,-9
165,615,Algeria,Boumedienne,1967,1968,B,4939,40,1965-06-19,3282,0,561,926,dominant-party,0,8.82,1.0633424155474644,7.23968363637393,-9
165,615,Algeria,Boumedienne,1968,1969,B,4939,41,1965-06-19,3282,0,926,1291,dominant-party,0,9.428,1.0941670728593647,7.268261374677896,-9
165,615,Algeria,Boumedienne,1969,1970,B,4939,42,1965-06-19,3282,0,1291,1656,dominant-party,0,10.231,1.1311471784892977,7.296196296084506,-9
165,615,Algeria,Boumedienne,1970,1971,B,4939,43,1965-06-19,3282,0,1656,2021,dominant-party,0,11.371,1.1777073494075732,7.323171378009258,-9
165,615,Algeria,Boumedienne,1971,1972,B,4939,44,1965-06-19,3282,0,2021,2386,dominant-party,0,11.782,1.1409590951348,7.349937970025464,-9
165,615,Algeria,Boumedienne,1972,1973,B,4939,45,1965-06-19,3282,0,2386,2751,dominant-party,0,12.774,1.1490303313784045,7.37894507944855,-9
165,615,Algeria,Boumedienne,1973,1974,B,4939,46,1965-06-19,3282,0,2751,3116,dominant-party,0,13.639,1.1404418281853603,7.408029229124633,-9
165,615,Algeria,Boumedienne,1974,1975,B,4939,47,1965-06-19,3282,0,3116,3481,dominant-party,0,14.7,1.1436840631126879,7.438988641045359,-9
165,615,Algeria,Boumedienne,1975,1976,B,4939,48,1965-06-19,3282,0,3481,3846,dominant-party,0,15.53,1.1348191450493241,7.46850528059683,-9
165,615,Algeria,Boumedienne,1976,1977,B,4939,49,1965-06-19,3282,0,3846,4211,dominant-party,0,16.344,1.1196514447778372,7.499376250194203,-9
165,615,Algeria,Boumedienne,1977,1978,B,4939,50,1965-06-19,3282,0,4211,4939,dominant-party,0,17.297,1.1157915107728036,7.529696426533165,-9
166,615,Algeria,Bouteflika,2008,2009,A,3992,71,2008-04-27,17988,0,0,249,military,0,24.841,1.0544971388789839,8.217170215635168,2
166,615,Algeria,Bouteflika,2009,2010,A,3992,72,2008-04-27,17988,0,249,614,military,0,25.06,1.0356826992222048,8.233453471005811,2
166,615,Algeria,Bouteflika,2010,2011,A,3992,73,2008-04-27,17988,0,614,979,military,0,25.703,1.0388744280794788,8.252928642551488,2
166,615,Algeria,Bouteflika,2011,2012,A,3992,74,2008-04-27,17988,0,979,1344,military,0,26.23,1.0393387539029686,8.272805829800332,2
166,615,Algeria,Bouteflika,2012,2013,A,3992,75,2008-04-27,17988,0,1344,1709,military,0,26.531,1.0334203248549059,8.2918291766968,2
166,615,Algeria,Bouteflika,2013,2014,A,3992,76,2008-04-27,17988,0,1709,2074,military,0,26.609,1.0223771064987361,8.309095136840526,2
166,615,Algeria,Bouteflika,2014,2015,A,3992,77,2008-04-27,17988,0,2074,2439,military,0,26.638,1.0112291304446857,8.327370047946339,2
166,615,Algeria,Bouteflika,2015,2016,A,3992,78,2008-04-27,17988,0,2439,2804,military,0,26.428,0.9977649581684738,8.341611431082315,2
166,615,Algeria,Bouteflika,2016,2017,A,3992,79,2008-04-27,17988,0,2804,3169,military,0,26.284,0.9919239187863235,8.359555739859394,2
166,615,Algeria,Bouteflika,2017,2018,A,3992,80,2008-04-27,17988,0,3169,3534,military,0,25.648,0.9744162544545503,8.37761452224552,2
166,615,Algeria,Bouteflika,2018,2019,A,3992,81,2008-04-27,17988,1,3534,3992,military,0,25.109,0.9649365522224016,8.39344419475253,2
168,616,Tunisia,Ben Ali Bourguiba,1975,1976,A,4488,72,1975-07-25,6519,0,0,160,dominant-party,0,9.089,1.1033017722748242,6.40085029279583,-9
168,616,Tunisia,Ben Ali Bourguiba,1976,1977,A,4488,73,1975-07-25,6519,0,160,525,dominant-party,0,9.491,1.093508767887181,6.425063494459918,-9
168,616,Tunisia,Ben Ali Bourguiba,1977,1978,A,4488,74,1975-07-25,6519,0,525,890,dominant-party,0,9.832,1.0847547386305965,6.44851590668758,-8
168,616,Tunisia,Ben Ali Bourguiba,1978,1979,A,4488,75,1975-07-25,6519,0,890,1255,dominant-party,0,10.198,1.0785371322207415,6.472876293130366,-8
168,616,Tunisia,Ben Ali Bourguiba,1979,1980,A,4488,76,1975-07-25,6519,0,1255,1620,dominant-party,0,10.606,1.0774951235370611,6.497201746774456,-8
168,616,Tunisia,Ben Ali Bourguiba,1980,1981,A,4488,77,1975-07-25,6519,0,1620,1985,dominant-party,0,11.01,1.0765199366407885,6.5243050552064155,-8
168,616,Tunisia,Ben Ali Bourguiba,1981,1982,A,4488,78,1975-07-25,6519,0,1985,2350,dominant-party,0,11.313,1.068090409562114,6.551256033893172,-8
168,616,Tunisia,Ben Ali Bourguiba,1982,1983,A,4488,79,1975-07-25,6519,0,2350,2715,dominant-party,0,11.424,1.0470935454895418,6.576954131294712,-8
168,616,Tunisia,Ben Ali Bourguiba,1983,1984,A,4488,80,1975-07-25,6519,0,2715,3080,dominant-party,0,11.62,1.0380004645096743,6.604210726648328,-8
168,616,Tunisia,Ben Ali Bourguiba,1984,1985,A,4488,81,1975-07-25,6519,0,3080,3445,dominant-party,0,11.825,1.0337984333473214,6.633841980416181,-8
168,616,Tunisia,Ben Ali Bourguiba,1985,1986,A,4488,82,1975-07-25,6519,0,3445,3810,dominant-party,0,12.018,1.0324742268041238,6.661225386533385,-8
168,616,Tunisia,Ben Ali Bourguiba,1986,1987,A,4488,83,1975-07-25,6519,1,3810,4488,dominant-party,0,11.996,1.0186301649032827,6.686578542219506,-8
167,616,Tunisia,Zine Al-Abidine Ben Ali,1987,1988,B,8469,51,1987-11-07,14988,0,0,55,dominant-party,0,12.164,1.0200761451117857,6.709800558585033,-6
167,616,Tunisia,Zine Al-Abidine Ben Ali,1988,1989,B,8469,52,1987-11-07,14988,0,55,420,dominant-party,0,12.266,1.0176044069090244,6.732074821192312,-6
167,616,Tunisia,Zine Al-Abidine Ben Ali,1989,1990,B,8469,53,1987-11-07,14988,0,420,785,dominant-party,0,12.481,1.0242921624948707,6.754686846647072,-6
167,616,Tunisia,Zine Al-Abidine Ben Ali,1990,1991,B,8469,54,1987-11-07,14988,0,785,1150,dominant-party,0,12.864,1.041265318677049,6.776493309268307,-6
167,616,Tunisia,Zine Al-Abidine Ben Ali,1991,1992,B,8469,55,1987-11-07,14988,0,1150,1515,dominant-party,0,13.302,1.0544255433834837,6.796510820165336,-6
167,616,Tunisia,Zine Al-Abidine Ben Ali,1992,1993,B,8469,56,1987-11-07,14988,0,1515,1880,dominant-party,0,13.895,1.0720127144796938,6.817778053663736,-6
167,616,Tunisia,Zine Al-Abidine Ben Ali,1993,1994,B,8469,57,1987-11-07,14988,0,1880,2245,dominant-party,0,14.354,1.0728593637885673,6.838375189678899,-3
167,616,Tunisia,Zine Al-Abidine Ben Ali,1994,1995,B,8469,58,1987-11-07,14988,0,2245,2610,dominant-party,0,14.824,1.0704949522667861,6.856835599002557,-3
167,616,Tunisia,Zine Al-Abidine Ben Ali,1995,1996,B,8469,59,1987-11-07,14988,0,2610,2975,dominant-party,0,15.357,1.0704427591590921,6.874756767718561,-3
167,616,Tunisia,Zine Al-Abidine Ben Ali,1996,1997,B,8469,60,1987-11-07,14988,0,2975,3340,dominant-party,0,16.081,1.0791024144086108,6.889813279643697,-3
167,616,Tunisia,Zine Al-Abidine Ben Ali,1997,1998,B,8469,61,1987-11-07,14988,0,3340,3705,dominant-party,0,16.661,1.0780050985416103,6.902750777327276,-3
167,616,Tunisia,Zine Al-Abidine Ben Ali,1998,1999,B,8469,62,1987-11-07,14988,0,3705,4070,dominant-party,0,17.182,1.0724673865551462,6.914741816194154,-3
167,616,Tunisia,Zine Al-Abidine Ben Ali,1999,2000,B,8469,63,1987-11-07,14988,0,4070,4435,dominant-party,0,17.733,1.0680728551810539,6.924745130601771,-3
167,616,Tunisia,Zine Al-Abidine Ben Ali,2000,2001,B,8469,64,1987-11-07,14988,0,4435,4800,dominant-party,0,18.24,1.0617367312013224,6.935029921117017,-3
167,616,Tunisia,Zine Al-Abidine Ben Ali,2001,2002,B,8469,65,1987-11-07,14988,0,4800,5165,dominant-party,0,18.671,1.0550137308305176,6.943848028230008,-3
167,616,Tunisia,Zine Al-Abidine Ben Ali,2002,2003,B,8469,66,1987-11-07,14988,0,5165,5530,dominant-party,0,19.017,1.0466959479541629,6.951825751479845,-4
167,616,Tunisia,Zine Al-Abidine Ben Ali,2003,2004,B,8469,67,1987-11-07,14988,0,5530,5895,dominant-party,0,19.541,1.04831441385378,6.9610761165142,-4
167,616,Tunisia,Zine Al-Abidine Ben Ali,2004,2005,B,8469,68,1987-11-07,14988,0,5895,6260,dominant-party,0,20.235,1.0571658446877874,6.969068604764013,-4
167,616,Tunisia,Zine Al-Abidine Ben Ali,2005,2006,B,8469,69,1987-11-07,14988,0,6260,6625,dominant-party,0,20.898,1.062300481893414,6.977082627858623,-4
167,616,Tunisia,Zine Al-Abidine Ben Ali,2006,2007,B,8469,70,1987-11-07,14988,0,6625,6990,dominant-party,0,21.712,1.0705797658846385,6.986279911886107,-4
167,616,Tunisia,Zine Al-Abidine Ben Ali,2007,2008,B,8469,71,1987-11-07,14988,0,6990,7355,dominant-party,0,22.621,1.0771186682792575,6.99705653220287,-4
167,616,Tunisia,Zine Al-Abidine Ben Ali,2008,2009,B,8469,72,1987-11-07,14988,0,7355,7720,dominant-party,0,23.407,1.0749680820772827,7.008780008690119,-4
167,616,Tunisia,Zine Al-Abidine Ben Ali,2009,2010,B,8469,73,1987-11-07,14988,0,7720,8085,dominant-party,0,24.004,1.0654995472381528,7.018633643274515,-4
167,616,Tunisia,Zine Al-Abidine Ben Ali,2010,2011,B,8469,74,1987-11-07,14988,1,8085,8469,dominant-party,0,24.319,1.0476637688152124,7.028486852314675,-4
169,620,Libya,Qaddafi,1969,1970,B,15331,27,1969-09-01,15209,0,0,122,other,0,32.779,1.245961335249086,5.3364750148480535,-7
169,620,Libya,Qaddafi,1970,1971,B,15331,28,1969-09-01,15209,0,122,487,personal,0,33.894,1.1617560360310952,5.3798743118003465,-7
169,620,Libya,Qaddafi,1971,1972,B,15331,29,1969-09-01,15209,0,487,852,personal,0,34.002,1.083093898717565,5.42371577594237,-7
169,620,Libya,Qaddafi,1972,1973,B,15331,30,1969-09-01,15209,0,852,1217,personal,0,34.829,1.0514034208572067,5.470698009111153,-7
169,620,Libya,Qaddafi,1973,1974,B,15331,31,1969-09-01,15209,0,1217,1582,personal,0,35.981,1.0491005044172959,5.519675324639091,-7
169,620,Libya,Qaddafi,1974,1975,B,15331,32,1969-09-01,15209,0,1582,1947,personal,0,38.653,1.0896825083587525,5.570376788416014,-7
169,620,Libya,Qaddafi,1975,1976,B,15331,33,1969-09-01,15209,0,1947,2312,personal,0,41.052,1.1124178259997723,5.616232770976574,-7
169,620,Libya,Qaddafi,1976,1977,B,15331,34,1969-09-01,15209,0,2312,2677,personal,0,44.755,1.1459773646745532,5.658924569014374,-7
169,620,Libya,Qaddafi,1977,1978,B,15331,35,1969-09-01,15209,0,2677,3042,personal,0,47.543,1.1429484960381566,5.695817505001904,-7
169,620,Libya,Qaddafi,1978,1979,B,15331,36,1969-09-01,15209,0,3042,3407,personal,0,48.617,1.101826670292811,5.732308381185036,-7
169,620,Libya,Qaddafi,1979,1980,B,15331,37,1969-09-01,15209,0,3407,3772,personal,0,48.762,1.056694217025168,5.774290641946807,-7
169,620,Libya,Qaddafi,1980,1981,B,15331,38,1969-09-01,15209,0,3772,4137,personal,0,46.87,0.9907122051854389,5.815589168988989,-7
169,620,Libya,Qaddafi,1981,1982,B,15331,39,1969-09-01,15209,0,4137,4502,personal,0,42.802,0.9122569204668491,5.858133134486126,-7
169,620,Libya,Qaddafi,1982,1983,B,15331,40,1969-09-01,15209,0,4502,4867,personal,0,40.299,0.8862766659335826,5.898581419627926,-7
169,620,Libya,Qaddafi,1983,1984,B,15331,41,1969-09-01,15209,0,4867,5232,personal,0,38.132,0.879164457150762,5.9384091748568935,-7
169,620,Libya,Qaddafi,1984,1985,B,15331,42,1969-09-01,15209,0,5232,5597,personal,0,36.042,0.882754904602121,5.9731478153220845,-7
169,620,Libya,Qaddafi,1985,1986,B,15331,43,1969-09-01,15209,0,5597,5962,personal,0,34.75,0.9048301002473635,6.000196314031428,-7
169,620,Libya,Qaddafi,1986,1987,B,15331,44,1969-09-01,15209,0,5962,6327,personal,0,32.26,0.8887884815657665,6.0243551713019565,-7
169,620,Libya,Qaddafi,1987,1988,B,15331,45,1969-09-01,15209,0,6327,6692,personal,0,29.903,0.8739121031989573,6.049393774905618,-7
169,620,Libya,Qaddafi,1988,1989,B,15331,46,1969-09-01,15209,0,6692,7057,personal,0,29.453,0.9067595192355056,6.075143711772936,-7
169,620,Libya,Qaddafi,1989,1990,B,15331,47,1969-09-01,15209,0,7057,7422,personal,0,29.857,0.9555891258009385,6.101143723909825,-7
169,620,Libya,Qaddafi,1990,1991,B,15331,48,1969-09-01,15209,0,7422,7787,personal,0,30.749,1.0100051240950716,6.1282568671248026,-7
169,620,Libya,Qaddafi,1991,1992,B,15331,49,1969-09-01,15209,0,7787,8152,personal,0,32.265,1.0597660073442952,6.153200670292828,-7
169,620,Libya,Qaddafi,1992,1993,B,15331,50,1969-09-01,15209,0,8152,8517,personal,0,32.751,1.0559729163308076,6.176850154899577,-7
169,620,Libya,Qaddafi,1993,1994,B,15331,51,1969-09-01,15209,0,8517,8882,personal,0,32.739,1.0336825354727488,6.198842471463657,-7
169,620,Libya,Qaddafi,1994,1995,B,15331,52,1969-09-01,15209,0,8882,9247,personal,0,32.837,1.0176272615144322,6.219414529006274,-7
169,620,Libya,Qaddafi,1995,1996,B,15331,53,1969-09-01,15209,0,9247,9612,personal,0,32.931,1.006922573582921,6.236338278558901,-7
169,620,Libya,Qaddafi,1996,1997,B,15331,54,1969-09-01,15209,0,9612,9977,personal,0,33.331,1.0125524792057794,6.252210194629245,-7
169,620,Libya,Qaddafi,1997,1998,B,15331,55,1969-09-01,15209,0,9977,10342,personal,0,33.836,1.0211620411168922,6.269987931524716,-7
169,620,Libya,Qaddafi,1998,1999,B,15331,56,1969-09-01,15209,0,10342,10707,personal,0,33.286,1.0012573621864866,6.286738974551838,-7
169,620,Libya,Qaddafi,1999,2000,B,15331,57,1969-09-01,15209,0,10707,11072,personal,0,32.163,0.9714159725032769,6.305727691789675,-7
169,620,Libya,Qaddafi,2000,2001,B,15331,58,1969-09-01,15209,0,11072,11437,personal,0,32.103,0.9744777469508678,6.325449765089125,-7
169,620,Libya,Qaddafi,2001,2002,B,15331,59,1969-09-01,15209,0,11437,11802,personal,0,32.043,0.9803219707399453,6.3413869941678715,-7
169,620,Libya,Qaddafi,2002,2003,B,15331,60,1969-09-01,15209,0,11802,12167,personal,0,32.345,0.9986723477831295,6.357670674664011,-7
169,620,Libya,Qaddafi,2003,2004,B,15331,61,1969-09-01,15209,0,12167,12532,personal,0,34.305,1.0525653692032966,6.376567071173446,-7
169,620,Libya,Qaddafi,2004,2005,B,15331,62,1969-09-01,15209,0,12532,12897,personal,0,36.314,1.0865298306504698,6.394326269346031,-7
169,620,Libya,Qaddafi,2005,2006,B,15331,63,1969-09-01,15209,0,12897,13262,personal,0,39.042,1.1215807042844257,6.414006348305095,-7
169,620,Libya,Qaddafi,2006,2007,B,15331,64,1969-09-01,15209,0,13262,13627,personal,0,41.477,1.1302681992337165,6.430781816783267,-7
169,620,Libya,Qaddafi,2007,2008,B,15331,65,1969-09-01,15209,0,13627,13992,personal,0,43.6,1.1194528032536022,6.4508621305664935,-7
169,620,Libya,Qaddafi,2008,2009,B,15331,66,1969-09-01,15209,0,13992,14357,personal,0,45.338,1.1016615558071836,6.468705982626294,-7
169,620,Libya,Qaddafi,2009,2010,B,15331,67,1969-09-01,15209,0,14357,14722,personal,0,44.361,1.0373541984304409,6.483822691870501,-7
169,620,Libya,Qaddafi,2010,2011,B,15331,68,1969-09-01,15209,1,14722,15331,personal,0,40.504,0.9407283537718321,6.493758378419299,-7
170,625,Sudan,Abboud,1958,1959,B,2175,58,1958-11-18,-1887,0,0,44,parliamentary,5,4.037,1.0209914011127972,6.687030051165057,-7
170,625,Sudan,Abboud,1959,1960,B,2175,59,1958-11-18,-1887,0,44,409,military,5,4.149,1.0360585326874094,6.708532090931017,-7
170,625,Sudan,Abboud,1960,1961,B,2175,60,1958-11-18,-1887,0,409,774,military,5,4.218,1.0368221818003047,6.728217045148648,-7
170,625,Sudan,Abboud,1961,1962,B,2175,61,1958-11-18,-1887,0,774,1139,military,5,4.218,1.0239852398523985,6.754423430487648,-7
170,625,Sudan,Abboud,1962,1963,B,2175,62,1958-11-18,-1887,0,1139,1504,military,5,4.23,1.0142911950892002,6.7812085793548516,-7
170,625,Sudan,Abboud,1963,1964,B,2175,63,1958-11-18,-1887,1,1504,2175,military,5,4.137,0.9872565864833904,6.808853858385049,-4
171,625,Sudan,Nimeiri,1969,1970,B,785,39,1969-05-25,564,0,0,221,parliamentary,5,3.883,0.9890977635131692,6.982549158704613,-6
171,625,Sudan,Nimeiri,1970,1971,B,785,40,1969-05-25,564,1,221,785,personal,5,3.835,0.987079172243385,7.012557538844189,-6
172,625,Sudan,Abdul Rahman Swaredahab,1985,1986,B,395,51,1985-04-06,5969,0,0,395,personal,6,3.965,0.9380618907920886,7.543184359695372,-3
173,625,Sudan,Al-Bashir,1989,1990,B,10877,45,1989-06-30,17997,0,0,185,parliamentary,6,3.864,0.9879320924524442,7.658373879945921,-7
173,625,Sudan,Al-Bashir,1990,1991,B,10877,46,1989-06-30,17997,0,185,550,personal,6,3.702,0.9594153319856943,7.686906746253158,-7
173,625,Sudan,Al-Bashir,1991,1992,B,10877,47,1989-06-30,17997,0,550,915,personal,6,3.716,0.9730295888976173,7.7211194196885895,-7
173,625,Sudan,Al-Bashir,1992,1993,B,10877,48,1989-06-30,17997,0,915,1280,personal,6,3.738,0.9886273472626289,7.753466881927968,-7
173,625,Sudan,Al-Bashir,1993,1994,B,10877,49,1989-06-30,17997,0,1280,1645,personal,6,3.776,1.004469035965099,7.78829944784865,-7
173,625,Sudan,Al-Bashir,1994,1995,B,10877,50,1989-06-30,17997,0,1645,2010,personal,6,3.822,1.0189826170416978,7.820940794658877,-7
173,625,Sudan,Al-Bashir,1995,1996,B,10877,51,1989-06-30,17997,0,2010,2375,personal,6,3.898,1.028496042216359,7.848230396760382,-7
173,625,Sudan,Al-Bashir,1996,1997,B,10877,52,1989-06-30,17997,0,2375,2740,personal,6,4.003,1.0404428965015335,7.87256451908297,-7
173,625,Sudan,Al-Bashir,1997,1998,B,10877,53,1989-06-30,17997,0,2740,3105,personal,6,4.205,1.0670422249289484,7.897235875964407,-7
173,625,Sudan,Al-Bashir,1998,1999,B,10877,54,1989-06-30,17997,0,3105,3470,personal,6,4.333,1.0692956912294556,7.921091774572237,-7
173,625,Sudan,Al-Bashir,1999,2000,B,10877,55,1989-06-30,17997,0,3470,3835,personal,6,4.465,1.0679774205893608,7.943896951367307,-6
173,625,Sudan,Al-Bashir,2000,2001,B,10877,56,1989-06-30,17997,0,3835,4200,personal,6,4.623,1.0687040547413196,7.967464564021949,-6
173,625,Sudan,Al-Bashir,2001,2002,B,10877,57,1989-06-30,17997,0,4200,4565,personal,6,4.778,1.0663274415282984,7.992318337776318,-6
173,625,Sudan,Al-Bashir,2002,2003,B,10877,58,1989-06-30,17997,0,4565,4930,personal,6,4.978,1.0739094792250938,8.016799300762566,-6
173,625,Sudan,Al-Bashir,2003,2004,B,10877,59,1989-06-30,17997,0,4930,5295,personal,5,5.206,1.0823284823284824,8.039822330641838,-6
173,625,Sudan,Al-Bashir,2004,2005,B,10877,60,1989-06-30,17997,0,5295,5660,personal,5,5.44,1.086913086913087,8.064264079399274,-6
173,625,Sudan,Al-Bashir,2005,2006,B,10877,61,1989-06-30,17997,0,5660,6025,personal,5,5.815,1.1090132356867681,8.089564986293974,-3
173,625,Sudan,Al-Bashir,2006,2007,B,10877,62,1989-06-30,17997,0,6025,6390,personal,5,6.286,1.133633904418395,8.114541023280193,-3
173,625,Sudan,Al-Bashir,2007,2008,B,10877,63,1989-06-30,17997,0,6390,6755,personal,5,6.752,1.1444455744262516,8.136542249486117,-3
173,625,Sudan,Al-Bashir,2008,2009,B,10877,64,1989-06-30,17997,0,6755,7120,personal,5,7.126,1.1340271810051243,8.160487675581617,-3
173,625,Sudan,Al-Bashir,2009,2010,B,10877,65,1989-06-30,17997,0,7120,7485,personal,5,7.394,1.1077817397297216,8.18554251238224,-3
173,625,Sudan,Al-Bashir,2010,2011,B,10877,66,1989-06-30,17997,0,7485,7850,personal,5,7.605,1.0813923726644483,8.209740699149611,-2
173,625,Sudan,Al-Bashir,2011,2012,B,10877,67,1989-06-30,17997,0,7850,8215,personal,5,7.798,1.0631220177232448,8.23308020884565,-2
173,625,Sudan,Al-Bashir,2012,2013,B,10877,68,1989-06-30,17997,0,8215,8580,personal,5,7.752,1.0287989382879894,8.254652151324857,-2
173,625,Sudan,Al-Bashir,2013,2014,B,10877,69,1989-06-30,17997,0,8580,8945,personal,5,7.929,1.0303290191797911,8.27690755043477,-2
173,625,Sudan,Al-Bashir,2014,2015,B,10877,70,1989-06-30,17997,0,8945,9310,personal,5,8.121,1.0357097309016707,8.302187438220626,-2
173,625,Sudan,Al-Bashir,2015,2016,B,10877,71,1989-06-30,17997,0,9310,9675,personal,5,8.232,1.033340028118096,8.324330511685835,-2
173,625,Sudan,Al-Bashir,2016,2017,B,10877,72,1989-06-30,17997,0,9675,10040,personal,5,8.415,1.0401987688199954,8.351392175879381,-2
173,625,Sudan,Al-Bashir,2017,2018,B,10877,73,1989-06-30,17997,0,10040,10405,personal,5,8.614,1.0425794582556704,8.378694281080199,-2
173,625,Sudan,Al-Bashir,2018,2019,B,10877,74,1989-06-30,17997,1,10405,10877,personal,5,8.597,1.023964363133948,8.401758321659123,-2
174,625,Sudan,Abdel Fattah al-Burhan,2019,2020,B,2227,59,2019-04-11,20224,0,0,265,personal,5,8.554,1.0084410072620957,8.415905260405031,-2
174,625,Sudan,Abdel Fattah al-Burhan,2020,2021,B,2227,60,2019-04-11,20224,0,265,630,other,5,8.5755,1.0162026851980217,8.408831791032078,-2
174,625,Sudan,Abdel Fattah al-Burhan,2021,2022,B,2227,61,2019-04-11,20224,0,630,995,other,5,8.554,1.0084410072620957,8.415905260405031,-2
174,625,Sudan,Abdel Fattah al-Burhan,2022,2023,B,2227,62,2019-04-11,20224,0,995,1360,other,5,NA,NA,NA,-2
174,625,Sudan,Abdel Fattah al-Burhan,2023,2024,B,2227,63,2019-04-11,20224,0,1360,1725,other,5,NA,NA,NA,-2
174,625,Sudan,Abdel Fattah al-Burhan,2024,2025,B,2227,64,2019-04-11,20224,0,1725,2227,other,5,NA,NA,NA,-2
175,630,Iran,Mohammad Reza,1953,1954,B,9281,34,1953-08-19,3302,0,0,135,other,1,5.908,1.0104672641444894,7.509696296727572,-10
175,630,Iran,Mohammad Reza,1954,1955,B,9281,35,1953-08-19,3302,0,135,500,other,0,5.885,0.9952646710637577,7.541372176218793,-10
175,630,Iran,Mohammad Reza,1955,1956,B,9281,36,1953-08-19,3302,0,500,865,other,0,5.943,1.0025980160604628,7.573530748871204,-10
175,630,Iran,Mohammad Reza,1956,1957,B,9281,37,1953-08-19,3302,0,865,1230,other,0,6.195,1.0367853795688848,7.603687577497921,-10
175,630,Iran,Mohammad Reza,1957,1958,B,9281,38,1953-08-19,3302,0,1230,1595,other,0,6.644,1.0865085854456256,7.631957229644163,-10
175,630,Iran,Mohammad Reza,1958,1959,B,9281,39,1953-08-19,3302,0,1595,1960,other,0,7.151,1.1237349927713873,7.662775713257859,-10
175,630,Iran,Mohammad Reza,1959,1960,B,9281,40,1953-08-19,3302,0,1960,2325,other,0,7.669,1.1411523123623595,7.693840282076336,-10
175,630,Iran,Mohammad Reza,1960,1961,B,9281,41,1953-08-19,3302,0,2325,2690,other,0,8.289,1.1529153221319683,7.730618018625099,-10
175,630,Iran,Mohammad Reza,1961,1962,B,9281,42,1953-08-19,3302,0,2690,3055,other,0,8.797,1.1409857328145268,7.761501872947033,-10
175,630,Iran,Mohammad Reza,1962,1963,B,9281,43,1953-08-19,3302,0,3055,3420,other,0,9.17,1.116223585548739,7.788834083772257,-10
175,630,Iran,Mohammad Reza,1963,1964,B,9281,44,1953-08-19,3302,0,3420,3785,other,1,9.672,1.1092506365116865,7.81703428606787,-10
175,630,Iran,Mohammad Reza,1964,1965,B,9281,45,1953-08-19,3302,0,3785,4150,other,0,10.243,1.1092460635463821,7.84438143736623,-10
175,630,Iran,Mohammad Reza,1965,1966,B,9281,46,1953-08-19,3302,0,4150,4515,other,0,11.032,1.1276935028826103,7.872416277357226,-10
175,630,Iran,Mohammad Reza,1966,1967,B,9281,47,1953-08-19,3302,0,4515,4880,other,0,11.895,1.143486118588018,7.899375722097071,-10
175,630,Iran,Mohammad Reza,1967,1968,B,9281,48,1953-08-19,3302,0,4880,5245,other,0,12.92,1.158495032459381,7.927542590464116,-10
175,630,Iran,Mohammad Reza,1968,1969,B,9281,49,1953-08-19,3302,0,5245,5610,other,0,14.182,1.1764998672683835,7.956619044401418,-10
175,630,Iran,Mohammad Reza,1969,1970,B,9281,50,1953-08-19,3302,0,5610,5975,other,0,15.462,1.1804675451588766,7.983289983532357,-10
175,630,Iran,Mohammad Reza,1970,1971,B,9281,51,1953-08-19,3302,0,5975,6340,other,0,16.756,1.1764375482693252,8.006835458172402,-10
175,630,Iran,Mohammad Reza,1971,1972,B,9281,52,1953-08-19,3302,0,6340,6705,other,0,18.324,1.1800010303436197,8.032422828649208,-10
175,630,Iran,Mohammad Reza,1972,1973,B,9281,53,1953-08-19,3302,0,6705,7070,other,0,20.106,1.1850760344217848,8.06233477228214,-10
175,630,Iran,Mohammad Reza,1973,1974,B,9281,54,1953-08-19,3302,0,7070,7435,other,0,21.795,1.1788345250586847,8.09378089162614,-10
175,630,Iran,Mohammad Reza,1974,1975,B,9281,55,1953-08-19,3302,0,7435,7800,other,1,23.263,1.1603188220741392,8.127360261652738,-10
175,630,Iran,Mohammad Reza,1975,1976,B,9281,56,1953-08-19,3302,0,7800,8165,other,1,24.235,1.1248758389573257,8.156804216136615,-10
175,630,Iran,Mohammad Reza,1976,1977,B,9281,57,1953-08-19,3302,0,8165,8530,other,0,25.264,1.1016631345769776,8.19010673027719,-10
175,630,Iran,Mohammad Reza,1977,1978,B,9281,58,1953-08-19,3302,0,8530,8895,other,0,24.392,1.025313369595373,8.222897027337705,-10
175,630,Iran,Mohammad Reza,1978,1979,B,9281,59,1953-08-19,3302,1,8895,9281,other,4,21.975,0.9223195023881675,8.254868226176521,-10
176,640,Turkey,Gursel,1960,1961,B,532,65,1960-05-27,-2974,0,0,532,dominant-party,0,7.947,1.0556027841241167,7.985250156404327,4
177,640,Turkey,Erim,1971,1972,B,395,59,1971-03-19,837,0,0,395,parliamentary,0,12.015,1.0770182326682085,8.251102733303915,-2
178,640,Turkey,Evren,1980,1981,B,1159,63,1980-09-20,5074,0,0,103,parliamentary,4,15.562,0.9887037954738941,8.460231440589792,-5
178,640,Turkey,Evren,1981,1982,B,1159,64,1980-09-20,5074,0,103,468,military,2,15.848,1.0034190198809674,8.483729061299174,-5
178,640,Turkey,Evren,1982,1983,B,1159,65,1980-09-20,5074,0,468,1159,military,2,16.15,1.0190431720952535,8.507956867599367,-5
179,640,Turkey,Erdogan,2017,2018,A,2985,63,2017-03-14,20224,0,0,293,presidential,2,46.12,1.0515899255313812,9.072798548312663,-4
179,640,Turkey,Erdogan,2018,2019,A,2985,64,2017-03-14,20224,0,293,658,presidential,2,47.345,1.0541162745132964,9.084203742004076,-4
179,640,Turkey,Erdogan,2019,2020,A,2985,65,2017-03-14,20224,0,658,1023,presidential,2,47.988,1.0461009914285466,9.085944381352233,-4
179,640,Turkey,Erdogan,2020,2021,A,2985,66,2017-03-14,20224,0,1023,1388,dominant-party,2,47.6665,1.0501086329709215,9.085074061678155,-4
179,640,Turkey,Erdogan,2021,2022,A,2985,67,2017-03-14,20224,0,1388,1753,dominant-party,2,47.988,1.0461009914285466,9.085944381352233,-4
179,640,Turkey,Erdogan,2022,2023,A,2985,68,2017-03-14,20224,0,1753,2118,dominant-party,2,NA,NA,NA,-4
179,640,Turkey,Erdogan,2023,2024,A,2985,69,2017-03-14,20224,0,2118,2483,dominant-party,2,NA,NA,NA,-4
179,640,Turkey,Erdogan,2024,2025,A,2985,70,2017-03-14,20224,0,2483,2985,dominant-party,2,NA,NA,NA,-4
180,645,Iraq,Karrim Kassem,1958,1959,B,1670,44,1958-07-14,-2519,0,0,171,other,1,12.251,1.0673090326177863,6.498792561362797,-5
180,645,Iraq,Karrim Kassem,1959,1960,B,1670,45,1958-07-14,-2519,0,171,536,personal,1,12.73,1.0717472932697973,6.536559704835867,-5
180,645,Iraq,Karrim Kassem,1960,1961,B,1670,46,1958-07-14,-2519,0,536,901,personal,0,13.421,1.0881127272137634,6.583445182784649,-5
180,645,Iraq,Karrim Kassem,1961,1962,B,1670,47,1958-07-14,-2519,0,901,1266,personal,5,14.09,1.0966175303145869,6.619555739333964,-5
180,645,Iraq,Karrim Kassem,1962,1963,B,1670,48,1958-07-14,-2519,1,1266,1670,personal,5,14.531,1.0840308550795996,6.651056236795953,-5
181,645,Iraq,Salem Aref,1963,1964,B,1160,42,1963-02-08,-1359,0,0,327,personal,5,14.767,1.0617782826902888,6.681899302366163,-5
181,645,Iraq,Salem Aref,1964,1965,B,1160,43,1963-02-08,-1359,0,327,692,personal,5,15.319,1.0619315661047029,6.7128796485368225,-5
181,645,Iraq,Salem Aref,1965,1966,B,1160,44,1963-02-08,-1359,0,692,1160,personal,5,15.81,1.060831756511937,6.7462299733237145,-5
182,645,Iraq,Hassan Al-Bakr,1968,1969,B,4016,54,1968-07-17,3483,0,0,168,personal,5,15.642,0.9955828252097203,6.844030293501343,-7
182,645,Iraq,Hassan Al-Bakr,1969,1970,B,4016,55,1968-07-17,3483,0,168,533,dominant-party,5,15.511,0.9848379027035263,6.880212433333909,-7
182,645,Iraq,Hassan Al-Bakr,1970,1971,B,4016,56,1968-07-17,3483,0,533,898,dominant-party,5,15.324,0.9790066825958627,6.918558711187381,-7
182,645,Iraq,Hassan Al-Bakr,1971,1972,B,4016,57,1968-07-17,3483,0,898,1263,dominant-party,5,15.532,0.9980337475743128,6.954195064125923,-7
182,645,Iraq,Hassan Al-Bakr,1972,1973,B,4016,58,1968-07-17,3483,0,1263,1628,dominant-party,5,16.043,1.0277122943678572,6.987443154479413,-7
182,645,Iraq,Hassan Al-Bakr,1973,1974,B,4016,59,1968-07-17,3483,0,1628,1993,dominant-party,5,17.323,1.0863130698706935,7.021615073225817,-7
182,645,Iraq,Hassan Al-Bakr,1974,1975,B,4016,60,1968-07-17,3483,0,1993,2358,dominant-party,6,19.015,1.1422204067902495,7.056792335064611,-7
182,645,Iraq,Hassan Al-Bakr,1975,1976,B,4016,61,1968-07-17,3483,0,2358,2723,dominant-party,6,21.067,1.1838053495167453,7.091182890538611,-7
182,645,Iraq,Hassan Al-Bakr,1976,1977,B,4016,62,1968-07-17,3483,0,2723,3088,dominant-party,5,23.146,1.1981075429115682,7.125522805335383,-7
182,645,Iraq,Hassan Al-Bakr,1977,1978,B,4016,63,1968-07-17,3483,0,3088,3453,dominant-party,5,24.302,1.1588604999380083,7.15876688363882,-7
182,645,Iraq,Hassan Al-Bakr,1978,1979,B,4016,64,1968-07-17,3483,0,3453,4016,dominant-party,5,26.38,1.1579317004652796,7.1924950270397945,-7
183,651,Egypt,Naguib,1952,1953,B,844,51,1952-07-23,-5527,0,0,162,other,1,3.367,0.9993470260002374,7.754285130240101,-7
183,651,Egypt,Naguib,1953,1954,B,844,52,1952-07-23,-5527,0,162,844,dominant-party,0,3.326,0.9787534577129068,7.778705489820267,-7
184,651,Egypt,Tantawi,2011,2012,B,505,80,2011-02-11,15521,0,0,505,dominant-party,1,20.02,1.0732052491637363,9.109554819640612,-2
185,651,Egypt,Mansour,2013,2014,B,339,68,2013-07-04,16229,0,0,339,presidential,1,20.367,1.0284493728413016,9.156699376525442,-4
188,652,Syria,Kuwatli,1947,1948,A,591,56,1947-08-17,-7582,0,0,137,military,0,6.109,1.016912474614642,5.836382600453015,4
188,652,Syria,Kuwatli,1948,1949,A,591,57,1947-08-17,-7582,1,137,591,military,5,6.157,1.0164426981873411,5.849411231541224,4
186,652,Syria,"Atassi, H.",1954,1955,B,555,79,1954-02-28,-5231,0,0,555,military,0,8.285,1.1333169183628804,5.987476605830121,4
187,652,Syria,"El-Atassi, N.",1966,1967,B,1722,37,1966-02-25,316,0,0,310,dominant-party,0,8.326,0.9650871661721069,6.369001605907285,-8
187,652,Syria,"El-Atassi, N.",1967,1968,B,1722,38,1966-02-25,316,0,310,675,dominant-party,4,8.45,0.9852618814420969,6.40225379015618,-8
187,652,Syria,"El-Atassi, N.",1968,1969,B,1722,39,1966-02-25,316,0,675,1040,dominant-party,4,8.707,1.0161519968256192,6.4369177020987145,-8
187,652,Syria,"El-Atassi, N.",1969,1970,B,1722,40,1966-02-25,316,1,1040,1722,dominant-party,4,9.226,1.06533336412554,6.471384471974228,-8
189,660,Lebanon,EL Khoury,1948,1949,A,1396,58,1948-11-22,-6314,0,0,40,parliamentary,5,10.887,1.0289975614827698,4.855189331307656,1
189,660,Lebanon,EL Khoury,1949,1950,A,1396,59,1948-11-22,-6314,0,40,405,parliamentary,5,11.045,1.0292610194762837,4.871740975226946,1
189,660,Lebanon,EL Khoury,1950,1951,A,1396,60,1948-11-22,-6314,0,405,770,parliamentary,0,11.869,1.0771003865909214,4.907967446248719,1
189,660,Lebanon,EL Khoury,1951,1952,A,1396,61,1948-11-22,-6314,0,770,1396,parliamentary,0,13.406,1.1570062484896606,4.940820656480561,1
190,660,Lebanon,Elias Hrawi,1995,1996,A,1097,65,1995-11-23,10554,0,0,39,other,0,20.034,1.1314808539478143,5.9636281856133175,3
190,660,Lebanon,Elias Hrawi,1996,1997,A,1097,66,1995-11-23,10554,0,39,404,other,0,20.999,1.111222826662151,5.988394840375598,3
190,660,Lebanon,Elias Hrawi,1997,1998,A,1097,67,1995-11-23,10554,0,404,1097,other,0,21.374,1.0763637096124405,6.006466453676327,3
191,660,Lebanon,Emile Lahoud,2004,2005,A,1094,68,2004-11-24,13840,0,0,38,other,0,24.11,1.0433345161541592,6.220955908378326,3
191,660,Lebanon,Emile Lahoud,2005,2006,A,1094,69,2004-11-24,13840,0,38,403,other,0,24.63,1.0445469812889108,6.247628862318176,6
191,660,Lebanon,Emile Lahoud,2006,2007,A,1094,70,2004-11-24,13840,0,403,1094,parliamentary,2,25.15,1.0446521287642783,6.262748527750126,6
192,678,Yemen,AL-Sallal,1962,1963,B,1865,45,1962-09-27,-788,0,0,96,other,0,3.138,1.0142210730446024,6.421308397416149,0
192,678,Yemen,AL-Sallal,1963,1964,B,1865,46,1962-09-27,-788,0,96,461,military,0,3.159,1.0141252006420547,6.439575585354078,0
192,678,Yemen,AL-Sallal,1964,1965,B,1865,47,1962-09-27,-788,0,461,826,military,0,3.182,1.0144742715041764,6.456028407603353,0
192,678,Yemen,AL-Sallal,1965,1966,B,1865,48,1962-09-27,-788,0,826,1191,military,0,3.214,1.0167668459348307,6.473970940046244,0
192,678,Yemen,AL-Sallal,1966,1967,B,1865,49,1962-09-27,-788,1,1191,1865,military,0,3.253,1.020005016932146,6.491557784294929,-3
193,678,Yemen,Al-Iryani,1967,1968,B,2412,50,1967-11-05,1624,0,0,57,military,0,3.316,1.0282808236169685,6.508244409162187,-3
193,678,Yemen,Al-Iryani,1968,1969,B,2412,51,1967-11-05,1624,0,57,422,personal,0,3.424,1.0446030874366954,6.524074656520283,-3
193,678,Yemen,Al-Iryani,1969,1970,B,2412,52,1967-11-05,1624,0,422,787,personal,0,3.602,1.0714498185495864,6.541360391934656,-3
193,678,Yemen,Al-Iryani,1970,1971,B,2412,53,1967-11-05,1624,0,787,1152,personal,0,3.955,1.1267806267806266,6.559477834286149,-3
193,678,Yemen,Al-Iryani,1971,1972,B,2412,54,1967-11-05,1624,0,1152,1517,personal,0,4.363,1.1690782422293677,6.5784272615450154,-3
193,678,Yemen,Al-Iryani,1972,1973,B,2412,55,1967-11-05,1624,0,1517,1882,personal,0,4.734,1.1789022811036955,6.596995622412466,-3
193,678,Yemen,Al-Iryani,1973,1974,B,2412,56,1967-11-05,1624,1,1882,2412,personal,0,5.1,1.1721982164199685,6.616233845607635,-3
194,678,Yemen,Al-Hamadi,1974,1975,B,1216,31,1974-06-13,2840,0,0,202,personal,0,5.434,1.151954549308912,6.637261963124696,-4
194,678,Yemen,Al-Hamadi,1975,1976,B,1216,32,1974-06-13,2840,0,202,567,military,0,5.828,1.1445854118386425,6.661867528187334,-4
194,678,Yemen,Al-Hamadi,1976,1977,B,1216,33,1974-06-13,2840,1,567,1216,military,0,6.292,1.1486782532495983,6.688141739837256,-4
195,678,Yemen,Saleh al-Hashidi,2001,2002,A,3877,59,2001-07-17,15397,0,0,168,personal,0,6.0600000000000005,1.1466318325441205,6.675004634012295,-4
195,678,Yemen,Saleh al-Hashidi,2002,2003,A,3877,60,2001-07-17,15397,0,168,533,personal,0,6.292,1.1486782532495983,6.688141739837256,-4
195,678,Yemen,Saleh al-Hashidi,2003,2004,A,3877,61,2001-07-17,15397,0,533,898,personal,0,NA,NA,NA,-4
195,678,Yemen,Saleh al-Hashidi,2004,2005,A,3877,62,2001-07-17,15397,0,898,1263,personal,0,NA,NA,NA,-4
195,678,Yemen,Saleh al-Hashidi,2005,2006,A,3877,63,2001-07-17,15397,0,1263,1628,personal,0,NA,NA,NA,-4
195,678,Yemen,Saleh al-Hashidi,2006,2007,A,3877,64,2001-07-17,15397,0,1628,1993,personal,0,NA,NA,NA,-4
195,678,Yemen,Saleh al-Hashidi,2007,2008,A,3877,65,2001-07-17,15397,0,1993,2358,personal,0,NA,NA,NA,-4
195,678,Yemen,Saleh al-Hashidi,2008,2009,A,3877,66,2001-07-17,15397,0,2358,2723,personal,0,NA,NA,NA,-4
195,678,Yemen,Saleh al-Hashidi,2009,2010,A,3877,67,2001-07-17,15397,0,2723,3088,personal,0,NA,NA,NA,-4
195,678,Yemen,Saleh al-Hashidi,2010,2011,A,3877,68,2001-07-17,15397,0,3088,3453,personal,0,NA,NA,NA,-4
195,678,Yemen,Saleh al-Hashidi,2011,2012,A,3877,69,2001-07-17,15397,0,3453,3877,personal,0,NA,NA,NA,-4
196,680,Yemen,Ali Nassir Hassani,1978,1978,B,183,39,1978-06-27,3282,0,0,183,dominant-party,2,1.606,1.0057615230460923,6.4324769630031184,-8
197,680,Yemen,Attas,1986,1987,B,1579,47,1986-01-24,7446,0,0,342,dominant-party,2,1.626,1.0038276330411162,6.444620802989824,-7
197,680,Yemen,Attas,1987,1988,B,1579,48,1986-01-24,7446,0,342,707,dominant-party,2,1.63,1.004313000616143,6.449242180011871,-7
197,680,Yemen,Attas,1988,1989,B,1579,49,1986-01-24,7446,0,707,1072,dominant-party,0,1.639,1.006880452143998,6.450459363631214,-7
197,680,Yemen,Attas,1989,1990,B,1579,50,1986-01-24,7446,0,1072,1579,dominant-party,0,1.639,1.0041661561083202,6.4494319684457855,-7
198,694,Qatar,Khalifah Ath-Thani,1972,1973,B,8526,40,1972-02-22,9308,0,0,314,other,0,163.424,1.1514830389051103,2.626695522059378,-10
198,694,Qatar,Khalifah Ath-Thani,1973,1974,B,8526,41,1972-02-22,9308,0,314,679,other,0,190.831,1.2373368640551081,2.706649220186582,-10
198,694,Qatar,Khalifah Ath-Thani,1974,1975,B,8526,42,1972-02-22,9308,0,679,1044,other,0,238.583,1.3606148638090578,2.7822914977011663,-10
198,694,Qatar,Khalifah Ath-Thani,1975,1976,B,8526,43,1972-02-22,9308,0,1044,1409,other,0,258.441,1.294399006315705,2.8512265974442617,-10
198,694,Qatar,Khalifah Ath-Thani,1976,1977,B,8526,44,1972-02-22,9308,0,1409,1774,other,0,263.05,1.180306713726377,2.9157687294136063,-10
198,694,Qatar,Khalifah Ath-Thani,1977,1978,B,8526,45,1972-02-22,9308,0,1774,2139,other,0,250.879,1.043777417572542,2.975529566236472,-10
198,694,Qatar,Khalifah Ath-Thani,1978,1979,B,8526,46,1972-02-22,9308,0,2139,2504,other,0,245.081,0.9756145136198543,3.038168963751248,-10
198,694,Qatar,Khalifah Ath-Thani,1979,1980,B,8526,47,1972-02-22,9308,0,2504,2869,other,0,239.079,0.9513461676203514,3.107050009685944,-10
198,694,Qatar,Khalifah Ath-Thani,1980,1981,B,8526,48,1972-02-22,9308,0,2869,3234,other,0,225.277,0.9207260950525026,3.1870135717194175,-10
198,694,Qatar,Khalifah Ath-Thani,1981,1982,B,8526,49,1972-02-22,9308,0,3234,3599,other,0,194.123,0.8407676802325631,3.2760497941427187,-10
198,694,Qatar,Khalifah Ath-Thani,1982,1983,B,8526,50,1972-02-22,9308,0,3599,3964,other,0,159.141,0.7487571762894737,3.367985247456042,-10
198,694,Qatar,Khalifah Ath-Thani,1983,1984,B,8526,51,1972-02-22,9308,0,3964,4329,other,0,130.215,0.6869075313741315,3.4691675081014224,-10
198,694,Qatar,Khalifah Ath-Thani,1984,1985,B,8526,52,1972-02-22,9308,0,4329,4694,other,0,109.609,0.669682843230099,3.567078984365112,-10
198,694,Qatar,Khalifah Ath-Thani,1985,1986,B,8526,53,1972-02-22,9308,0,4694,5059,other,0,90.659,0.6629572049310637,3.652708086975761,-10
198,694,Qatar,Khalifah Ath-Thani,1986,1987,B,8526,54,1972-02-22,9308,0,5059,5424,other,0,75.223,0.6658705808829648,3.724608501568182,-10
198,694,Qatar,Khalifah Ath-Thani,1987,1988,B,8526,55,1972-02-22,9308,0,5424,5789,other,0,69.127,0.7279085489003502,3.780729107743815,-10
198,694,Qatar,Khalifah Ath-Thani,1988,1989,B,8526,56,1972-02-22,9308,0,5789,6154,other,0,65.845,0.8020820390632042,3.829792907159174,-10
198,694,Qatar,Khalifah Ath-Thani,1989,1990,B,8526,57,1972-02-22,9308,0,6154,6519,other,0,64.517,0.8828971100607327,3.87107600309474,-10
198,694,Qatar,Khalifah Ath-Thani,1990,1991,B,8526,58,1972-02-22,9308,0,6519,6884,other,0,64.415,0.949717952271568,3.903890022197957,-10
198,694,Qatar,Khalifah Ath-Thani,1991,1992,B,8526,59,1972-02-22,9308,0,6884,7249,other,0,64.005,0.9759567440966853,3.9279947749378445,-10
198,694,Qatar,Khalifah Ath-Thani,1992,1993,B,8526,60,1972-02-22,9308,0,7249,7614,other,0,67.194,1.0306586987999118,3.9454577815143836,-10
198,694,Qatar,Khalifah Ath-Thani,1993,1994,B,8526,61,1972-02-22,9308,0,7614,7979,other,0,68.798,1.0457879968017416,3.9589256751143655,-10
198,694,Qatar,Khalifah Ath-Thani,1994,1995,B,8526,62,1972-02-22,9308,1,7979,8526,other,0,71.528,1.0645948681312138,3.971404501943227,-10
199,694,Qatar,Hamad ibn Khalifah Al Thani,1995,1996,B,6573,43,1995-06-27,15881,0,0,188,other,0,75.766,1.090814331497217,3.984808675153794,-10
199,694,Qatar,Hamad ibn Khalifah Al Thani,1996,1997,B,6573,44,1995-06-27,15881,0,188,553,other,0,82.183,1.1243498080548555,4.002320643408926,-10
199,694,Qatar,Hamad ibn Khalifah Al Thani,1997,1998,B,6573,45,1995-06-27,15881,0,553,918,other,0,93.933,1.1974895973565047,4.026119253226534,-10
199,694,Qatar,Hamad ibn Khalifah Al Thani,1998,1999,B,6573,46,1995-06-27,15881,0,918,1283,other,0,104.457,1.2206713768530875,4.053661446946566,-10
199,694,Qatar,Hamad ibn Khalifah Al Thani,1999,2000,B,6573,47,1995-06-27,15881,0,1283,1648,other,0,117.383,1.2389439375836462,4.089030467398332,-10
199,694,Qatar,Hamad ibn Khalifah Al Thani,2000,2001,B,6573,48,1995-06-27,15881,0,1648,2013,other,0,131.809,1.244032731494153,4.1293738111414955,-10
199,694,Qatar,Hamad ibn Khalifah Al Thani,2001,2002,B,6573,49,1995-06-27,15881,0,2013,2378,other,0,140.055,1.1916795572777072,4.170827093829074,-10
199,694,Qatar,Hamad ibn Khalifah Al Thani,2002,2003,B,6573,50,1995-06-27,15881,0,2378,2743,other,0,147.745,1.1516504040071773,4.220448439017827,-10
199,694,Qatar,Hamad ibn Khalifah Al Thani,2003,2004,B,6573,51,1995-06-27,15881,0,2743,3108,other,0,156.896,1.1305570927873085,4.291732602936599,-10
199,694,Qatar,Hamad ibn Khalifah Al Thani,2004,2005,B,6573,52,1995-06-27,15881,0,3108,3473,other,0,168.4,1.1303454802961452,4.393325066331678,-10
199,694,Qatar,Hamad ibn Khalifah Al Thani,2005,2006,B,6573,53,1995-06-27,15881,0,3473,3838,other,0,175.778,1.1141069423000378,4.5258130765716835,-10
199,694,Qatar,Hamad ibn Khalifah Al Thani,2006,2007,B,6573,54,1995-06-27,15881,0,3838,4203,other,0,186.009,1.1140558294642728,4.68100095898214,-10
199,694,Qatar,Hamad ibn Khalifah Al Thani,2007,2008,B,6573,55,1995-06-27,15881,0,4203,4568,other,0,191.722,1.0908108169616697,4.842926449670147,-10
199,694,Qatar,Hamad ibn Khalifah Al Thani,2008,2009,B,6573,56,1995-06-27,15881,0,4568,4933,other,0,197.058,1.0721712531570775,4.998265772693248,-10
199,694,Qatar,Hamad ibn Khalifah Al Thani,2009,2010,B,6573,57,1995-06-27,15881,0,4933,5298,other,0,197.816,1.0429119880892002,5.133601908800335,-10
199,694,Qatar,Hamad ibn Khalifah Al Thani,2010,2011,B,6573,58,1995-06-27,15881,0,5298,5663,other,0,207.496,1.0585439663871377,5.249835904725132,-10
199,694,Qatar,Hamad ibn Khalifah Al Thani,2011,2012,B,6573,59,1995-06-27,15881,0,5663,6028,other,0,218.954,1.0806715588433298,5.346650283338675,-10
199,694,Qatar,Hamad ibn Khalifah Al Thani,2012,2013,B,6573,60,1995-06-27,15881,0,6028,6573,other,0,220.781,1.0593030452785468,5.424866313537796,-10
200,700,Afghanistan,Sardar Mohammad Daud Khan,1973,1974,B,1745,64,1973-07-17,3038,0,0,168,other,0,3.704,0.9192435598352112,7.2059291198417315,-7
200,700,Afghanistan,Sardar Mohammad Daud Khan,1974,1975,B,1745,65,1973-07-17,3038,0,168,533,personal,0,3.729,0.9537084398976982,7.232736026346848,-7
200,700,Afghanistan,Sardar Mohammad Daud Khan,1975,1976,B,1745,66,1973-07-17,3038,0,533,898,personal,0,3.787,0.9918805657412257,7.256871527825544,-7
200,700,Afghanistan,Sardar Mohammad Daud Khan,1976,1977,B,1745,67,1973-07-17,3038,0,898,1263,personal,0,3.835,1.0170795098923249,7.280933393383115,-7
200,700,Afghanistan,Sardar Mohammad Daud Khan,1977,1978,B,1745,68,1973-07-17,3038,1,1263,1745,personal,0,3.812,1.0102295012455609,7.301018242807232,-7
201,700,Afghanistan,Taraki,1978,1979,B,331,61,1978-04-30,3372,1,0,331,personal,7,3.85,1.0124651554199757,7.314846397751504,-7
202,701,Turkmenistan,Niyazov,1999,2000,A,2612,59,1999-10-27,13503,0,0,66,dominant-party,0,10.24,1.0668222449107163,6.159488545867747,-9
202,701,Turkmenistan,Niyazov,2000,2001,A,2612,60,1999-10-27,13503,0,66,431,dominant-party,0,11.375,1.1503145035697673,6.1716922466453585,-9
202,701,Turkmenistan,Niyazov,2001,2002,A,2612,61,1999-10-27,13503,0,431,796,dominant-party,0,12.529,1.1917852522639067,6.1813118807362954,-9
202,701,Turkmenistan,Niyazov,2002,2003,A,2612,62,1999-10-27,13503,0,796,1161,dominant-party,0,13.757,1.2009602793539937,6.190061275204033,-9
202,701,Turkmenistan,Niyazov,2003,2004,A,2612,63,1999-10-27,13503,0,1161,1526,dominant-party,0,15.178,1.2030945322532063,6.198244949333496,-9
202,701,Turkmenistan,Niyazov,2004,2005,A,2612,64,1999-10-27,13503,0,1526,1891,dominant-party,0,16.749,1.2034402483186755,6.208237851414348,-9
202,701,Turkmenistan,Niyazov,2005,2006,A,2612,65,1999-10-27,13503,0,1891,2612,dominant-party,0,18.639,1.2126554936761567,6.219979645795531,-9
203,702,Tajikistan,Rakhmonov,2003,2004,A,7848,47,2003-11-20,20224,0,0,42,personal,0,4.616,1.1505483549351945,6.541174288923939,-3
203,702,Tajikistan,Rakhmonov,2004,2005,A,7848,48,2003-11-20,20224,0,42,407,personal,0,4.985,1.1599497393894267,6.560323202124582,-3
203,702,Tajikistan,Rakhmonov,2005,2006,A,7848,49,2003-11-20,20224,0,407,772,personal,0,5.282,1.1447271466343028,6.5792414897406175,-3
203,702,Tajikistan,Rakhmonov,2006,2007,A,7848,50,2003-11-20,20224,0,772,1137,personal,0,5.589,1.130735615440641,6.598006177410397,-3
203,702,Tajikistan,Rakhmonov,2007,2008,A,7848,51,2003-11-20,20224,0,1137,1502,personal,0,5.888,1.116843702579666,6.619151448508594,-3
203,702,Tajikistan,Rakhmonov,2008,2009,A,7848,52,2003-11-20,20224,0,1502,1867,personal,0,6.221,1.112283211156803,6.640099338259324,-3
203,702,Tajikistan,Rakhmonov,2009,2010,A,7848,53,2003-11-20,20224,0,1867,2232,personal,0,6.453,1.0962185302211802,6.661430097967745,-3
203,702,Tajikistan,Rakhmonov,2010,2011,A,7848,54,2003-11-20,20224,0,2232,2597,personal,0,6.764,1.0939673297751902,6.6837325913408066,-3
203,702,Tajikistan,Rakhmonov,2011,2012,A,7848,55,2003-11-20,20224,0,2597,2962,personal,0,7.091,1.0937162599870438,6.704183936262894,-3
203,702,Tajikistan,Rakhmonov,2012,2013,A,7848,56,2003-11-20,20224,0,2962,3327,personal,0,7.44,1.0951161352998322,6.725661296291232,-3
203,702,Tajikistan,Rakhmonov,2013,2014,A,7848,57,2003-11-20,20224,0,3327,3692,personal,0,7.753,1.0919410720824765,6.7467587195026235,-3
203,702,Tajikistan,Rakhmonov,2014,2015,A,7848,58,2003-11-20,20224,0,3692,4057,personal,0,8.008,1.0805267702936097,6.767786065127729,-3
203,702,Tajikistan,Rakhmonov,2015,2016,A,7848,59,2003-11-20,20224,0,4057,4422,personal,0,8.175,1.0625991109262485,6.7857650304041535,-3
203,702,Tajikistan,Rakhmonov,2016,2017,A,7848,60,2003-11-20,20224,0,4422,4787,personal,0,8.403,1.0562105633625782,6.805960620314908,-3
203,702,Tajikistan,Rakhmonov,2017,2018,A,7848,61,2003-11-20,20224,0,4787,5152,personal,0,8.612,1.0515005738565602,6.827744070812486,-3
203,702,Tajikistan,Rakhmonov,2018,2019,A,7848,62,2003-11-20,20224,0,5152,5517,personal,0,8.788,1.0465393226313533,6.849526410056582,-3
203,702,Tajikistan,Rakhmonov,2019,2020,A,7848,63,2003-11-20,20224,0,5517,5882,personal,0,8.843,1.0325541206417412,6.868953118223581,-3
203,702,Tajikistan,Rakhmonov,2020,2021,A,7848,64,2003-11-20,20224,0,5882,6247,personal,0,8.8155,1.0395467216365473,6.8592397641400815,-3
203,702,Tajikistan,Rakhmonov,2021,2022,A,7848,65,2003-11-20,20224,0,6247,6612,personal,0,8.843,1.0325541206417412,6.868953118223581,-3
203,702,Tajikistan,Rakhmonov,2022,2023,A,7848,66,2003-11-20,20224,0,6612,6977,personal,0,NA,NA,NA,-3
203,702,Tajikistan,Rakhmonov,2023,2024,A,7848,67,2003-11-20,20224,0,6977,7342,personal,0,NA,NA,NA,-3
203,702,Tajikistan,Rakhmonov,2024,2025,A,7848,68,2003-11-20,20224,0,7342,7848,personal,0,NA,NA,NA,-3
204,703,Kyrgyzstan,Akayev,2000,2001,A,1610,54,2000-10-27,12867,0,0,66,personal,0,6.732,1.0150171883481094,6.243288845383089,-3
204,703,Kyrgyzstan,Akayev,2001,2002,A,1610,55,2000-10-27,12867,0,66,431,personal,0,6.888,1.0307365396701882,6.253848042159795,-3
204,703,Kyrgyzstan,Akayev,2002,2003,A,1610,56,2000-10-27,12867,0,431,796,personal,0,7.006,1.0363292112892728,6.261739745154463,-3
204,703,Kyrgyzstan,Akayev,2003,2004,A,1610,57,2000-10-27,12867,0,796,1161,personal,0,7.29,1.0558790301555574,6.270279295792653,-3
204,703,Kyrgyzstan,Akayev,2004,2005,A,1610,58,2000-10-27,12867,1,1161,1610,personal,0,7.548,1.0641777577261449,6.280053083597073,-3
205,704,Uzbekistan,Karimov,2002,2003,A,5276,54,2002-03-24,17046,0,0,283,dominant-party,0,10.307,1.0487809841670397,7.900477652626042,-9
205,704,Uzbekistan,Karimov,2003,2004,A,5276,55,2002-03-24,17046,0,283,648,dominant-party,0,10.682,1.0593859092351634,7.911996080469448,-9
205,704,Uzbekistan,Karimov,2004,2005,A,5276,56,2002-03-24,17046,0,648,1013,dominant-party,0,11.17,1.074617101516201,7.923882658005464,-9
205,704,Uzbekistan,Karimov,2005,2006,A,5276,57,2002-03-24,17046,0,1013,1378,dominant-party,0,11.76,1.08999907313004,7.937488618245357,-9
205,704,Uzbekistan,Karimov,2006,2007,A,5276,58,2002-03-24,17046,0,1378,1743,dominant-party,0,12.41,1.101564025635108,7.950208419084295,-9
205,704,Uzbekistan,Karimov,2007,2008,A,5276,59,2002-03-24,17046,0,1743,2108,dominant-party,0,13.369,1.1255072317354482,7.963628806750895,-9
205,704,Uzbekistan,Karimov,2008,2009,A,5276,60,2002-03-24,17046,0,2108,2473,dominant-party,0,14.414,1.1417391442105096,7.9784518581255695,-9
205,704,Uzbekistan,Karimov,2009,2010,A,5276,61,2002-03-24,17046,0,2473,2838,dominant-party,0,15.495,1.1486626734669672,7.99599563126729,-9
205,704,Uzbekistan,Karimov,2010,2011,A,5276,62,2002-03-24,17046,0,2838,3203,dominant-party,0,16.477,1.1416198988429294,8.013248837313768,-9
205,704,Uzbekistan,Karimov,2011,2012,A,5276,63,2002-03-24,17046,0,3203,3568,dominant-party,0,17.501,1.1326628352490422,8.029238684926435,-9
205,704,Uzbekistan,Karimov,2012,2013,A,5276,64,2002-03-24,17046,0,3568,3933,dominant-party,0,18.604,1.12763816658787,8.043602014610444,-9
205,704,Uzbekistan,Karimov,2013,2014,A,5276,65,2002-03-24,17046,0,3933,4298,dominant-party,0,19.732,1.123575032172101,8.057388574971037,-9
205,704,Uzbekistan,Karimov,2014,2015,A,5276,66,2002-03-24,17046,0,4298,4663,dominant-party,0,20.713,1.113278940522644,8.070332799488906,-9
205,704,Uzbekistan,Karimov,2015,2016,A,5276,67,2002-03-24,17046,0,4663,5276,dominant-party,0,21.598,1.1002771324937848,8.082814279010625,-9
206,705,Kazakhstan,Nazarbayev,2007,2008,A,4348,58,2007-04-24,17975,0,0,252,personal,0,37.343,1.190807222076953,7.425058080468679,-6
206,705,Kazakhstan,Nazarbayev,2008,2009,A,4348,59,2007-04-24,17975,0,252,617,personal,0,39.416,1.1552778282558867,7.438885756848487,-6
206,705,Kazakhstan,Nazarbayev,2009,2010,A,4348,60,2007-04-24,17975,0,617,982,personal,0,40.727,1.1118239295893073,7.453960980864705,-6
206,705,Kazakhstan,Nazarbayev,2010,2011,A,4348,61,2007-04-24,17975,0,982,1347,personal,0,43.19,1.1067491454020837,7.469793843907444,-6
206,705,Kazakhstan,Nazarbayev,2011,2012,A,4348,62,2007-04-24,17975,0,1347,1712,personal,0,45.937,1.1116677072594656,7.485204810454838,-6
206,705,Kazakhstan,Nazarbayev,2012,2013,A,4348,63,2007-04-24,17975,0,1712,2077,personal,0,48.104,1.106480075814035,7.5001629173882645,-6
206,705,Kazakhstan,Nazarbayev,2013,2014,A,4348,64,2007-04-24,17975,0,2077,2442,personal,0,49.872,1.0945002853004435,7.513481180372213,-6
206,705,Kazakhstan,Nazarbayev,2014,2015,A,4348,65,2007-04-24,17975,0,2442,2807,personal,0,50.726,1.066438491521219,7.524821311186739,-6
206,705,Kazakhstan,Nazarbayev,2015,2016,A,4348,66,2007-04-24,17975,0,2807,3172,personal,0,50.496,1.0299630815672998,7.5336038662406235,-6
206,705,Kazakhstan,Nazarbayev,2016,2017,A,4348,67,2007-04-24,17975,0,3172,3537,personal,0,50.565,1.0122596221217715,7.545036093002358,-6
206,705,Kazakhstan,Nazarbayev,2017,2018,A,4348,68,2007-04-24,17975,0,3537,3902,personal,0,51.525,1.0175406028816987,7.557989217386977,-6
206,705,Kazakhstan,Nazarbayev,2018,2019,A,4348,69,2007-04-24,17975,1,3902,4348,personal,0,52.291,1.0228948799505484,7.569377736143248,-6
207,710,China,Xi Jinping,2022,2023,A,913,65,2022-11-15,20224,0,0,47,NA,NA,NA,NA,NA,NA
207,710,China,Xi Jinping,2023,2024,A,913,66,2022-11-15,20224,0,47,412,NA,NA,NA,NA,NA,NA
207,710,China,Xi Jinping,2024,2025,A,913,67,2022-11-15,20224,0,412,913,NA,NA,NA,NA,NA,NA
208,732,South Korea,Rhee,1954,1955,A,2082,77,1954-08-15,-3536,0,0,139,personal,0,3.19,1.1273678258411082,7.715920342351323,-4
208,732,South Korea,Rhee,1955,1956,A,2082,78,1954-08-15,-3536,0,139,504,personal,0,3.303,1.1115972268964125,7.729501897548086,-4
208,732,South Korea,Rhee,1956,1957,A,2082,79,1954-08-15,-3536,0,504,869,personal,0,3.38,1.0814615729186663,7.751742379131657,-4
208,732,South Korea,Rhee,1957,1958,A,2082,80,1954-08-15,-3536,0,869,1234,personal,0,3.49,1.065779026445978,7.776990461372552,-4
208,732,South Korea,Rhee,1958,1959,A,2082,81,1954-08-15,-3536,0,1234,1599,personal,0,3.578,1.0560179446313678,7.805633129415828,-4
208,732,South Korea,Rhee,1959,1960,A,2082,82,1954-08-15,-3536,1,1599,2082,personal,0,3.643,1.0472001839714844,7.836484728254535,-4
209,770,Pakistan,Ayub Khan,1958,1959,B,3822,51,1958-10-07,-282,0,0,86,other,9,2.503,1.0056247488951386,8.462287062806022,8
209,770,Pakistan,Ayub Khan,1959,1960,B,3822,52,1958-10-07,-282,0,86,451,military,9,2.528,1.012495994873438,8.486426720236029,8
209,770,Pakistan,Ayub Khan,1960,1961,B,3822,53,1958-10-07,-282,0,451,816,military,9,2.58,1.024866926193692,8.50876799894804,8
209,770,Pakistan,Ayub Khan,1961,1962,B,3822,54,1958-10-07,-282,0,816,1181,military,9,2.661,1.0421398919088276,8.532280010866677,8
209,770,Pakistan,Ayub Khan,1962,1963,B,3822,55,1958-10-07,-282,0,1181,1546,military,9,2.758,1.0583269378357636,8.557248556150958,8
209,770,Pakistan,Ayub Khan,1963,1964,B,3822,56,1958-10-07,-282,0,1546,1911,military,9,2.866,1.0699619204061823,8.582954339840374,8
209,770,Pakistan,Ayub Khan,1964,1965,B,3822,57,1958-10-07,-282,0,1911,2276,military,9,2.989,1.0787498195467013,8.609608093035671,8
209,770,Pakistan,Ayub Khan,1965,1966,B,3822,58,1958-10-07,-282,0,2276,2641,military,9,3.113,1.0818794745256133,8.635783723182087,8
209,770,Pakistan,Ayub Khan,1966,1967,B,3822,59,1958-10-07,-282,0,2641,3006,military,9,3.243,1.0832386932994857,8.662409103388754,8
209,770,Pakistan,Ayub Khan,1967,1968,B,3822,60,1958-10-07,-282,0,3006,3371,military,9,3.347,1.075652397480396,8.689914647685889,8
209,770,Pakistan,Ayub Khan,1968,1969,B,3822,61,1958-10-07,-282,1,3371,3822,military,9,3.471,1.0737486852688238,8.717207471484937,8
210,770,Pakistan,Bhutto,1971,1972,B,2024,43,1971-12-20,2742,0,0,12,military,9,3.755,1.048765501061334,8.799297185274275,8
210,770,Pakistan,Bhutto,1972,1973,B,2024,44,1971-12-20,2742,0,12,377,parliamentary,0,3.758,1.0260470703871567,8.824587445897677,8
210,770,Pakistan,Bhutto,1973,1974,B,2024,45,1971-12-20,2742,0,377,742,parliamentary,2,3.809,1.0211248726609834,8.848970997850804,8
210,770,Pakistan,Bhutto,1974,1975,B,2024,46,1971-12-20,2742,0,742,1107,parliamentary,2,3.877,1.0241441251056635,8.877787703800662,8
210,770,Pakistan,Bhutto,1975,1976,B,2024,47,1971-12-20,2742,0,1107,1472,parliamentary,2,3.964,1.0342848197046393,8.905110975119685,8
210,770,Pakistan,Bhutto,1976,1977,B,2024,48,1971-12-20,2742,1,1472,2024,personal,2,4.086,1.0480147737765466,8.93594155186723,8
211,770,Pakistan,Zia,1977,1978,B,4061,53,1977-07-05,6803,0,0,180,personal,2,4.202,1.0537666766977631,8.963430372798612,-7
211,770,Pakistan,Zia,1978,1979,B,4061,54,1977-07-05,6803,0,180,545,military,0,4.343,1.0607170769831964,8.992947130892466,-7
211,770,Pakistan,Zia,1979,1980,B,4061,55,1977-07-05,6803,0,545,910,military,0,4.474,1.0617494897717026,9.023577085288924,-7
211,770,Pakistan,Zia,1980,1981,B,4061,56,1977-07-05,6803,0,910,1275,military,0,4.67,1.0723306544202065,9.056264289366483,-7
211,770,Pakistan,Zia,1981,1982,B,4061,57,1977-07-05,6803,0,1275,1640,military,0,4.874,1.080086867881044,9.08955077112888,-7
211,770,Pakistan,Zia,1982,1983,B,4061,58,1977-07-05,6803,0,1640,2005,military,0,5.073,1.0824016386447044,9.124016940116212,-7
211,770,Pakistan,Zia,1983,1984,B,4061,59,1977-07-05,6803,0,2005,2370,military,1,5.258,1.0797157994168138,9.155771825063203,-7
211,770,Pakistan,Zia,1984,1985,B,4061,60,1977-07-05,6803,0,2370,2735,military,1,5.421,1.0715132827324478,9.187246448301424,-7
211,770,Pakistan,Zia,1985,1986,B,4061,61,1977-07-05,6803,0,2735,3100,military,1,5.612,1.0694412683893588,9.216990113356834,-4
211,770,Pakistan,Zia,1986,1987,B,4061,62,1977-07-05,6803,0,3100,3465,military,1,5.768,1.0629514963880289,9.246343317509735,-4
211,770,Pakistan,Zia,1987,1988,B,4061,63,1977-07-05,6803,1,3465,4061,military,1,5.901,1.0552575107296138,9.27758977784316,-4
212,770,Pakistan,Musharraf,1999,2000,B,3231,56,1999-10-14,14109,0,0,79,parliamentary,1,7,1.0136994236394705,9.605336133899353,-6
212,770,Pakistan,Musharraf,2000,2001,B,3231,57,1999-10-14,14109,0,79,444,military,0,7.073,1.016995456375453,9.633716646493058,-6
212,770,Pakistan,Musharraf,2001,2002,B,3231,58,1999-10-14,14109,0,444,809,military,1,7.141,1.0194147037830121,9.659238846004433,-6
212,770,Pakistan,Musharraf,2002,2003,B,3231,59,1999-10-14,14109,0,809,1174,military,1,7.26,1.0253657985424551,9.683058750453403,-5
212,770,Pakistan,Musharraf,2003,2004,B,3231,60,1999-10-14,14109,0,1174,1539,military,1,7.486,1.0408787541713014,9.70716781679478,-5
212,770,Pakistan,Musharraf,2004,2005,B,3231,61,1999-10-14,14109,0,1539,1904,military,5,7.807,1.0616857508091495,9.729752724044495,-5
212,770,Pakistan,Musharraf,2005,2006,B,3231,62,1999-10-14,14109,0,1904,2269,military,6,8.164,1.078239737968197,9.75198640958401,-5
212,770,Pakistan,Musharraf,2006,2007,B,3231,63,1999-10-14,14109,0,2269,2634,military,6,8.498,1.083513961494326,9.775457741278673,-5
212,770,Pakistan,Musharraf,2007,2008,B,3231,64,1999-10-14,14109,0,2634,3231,military,6,8.74,1.0738419953311218,9.797239587656147,2
213,771,Bangladesh,Ziaur Rahman,1975,1976,B,2032,39,1975-11-06,4167,0,0,56,dominant-party,2,2.321,0.9799037406062653,8.948231824810236,-7
213,771,Bangladesh,Ziaur Rahman,1976,1977,B,2032,40,1975-11-06,4167,0,56,421,personal,2,2.355,1.0099493953169225,8.970797331118101,-7
213,771,Bangladesh,Ziaur Rahman,1977,1978,B,2032,41,1975-11-06,4167,0,421,786,personal,2,2.376,1.0187805505531258,8.996412599619724,-7
213,771,Bangladesh,Ziaur Rahman,1978,1979,B,2032,42,1975-11-06,4167,0,786,1151,personal,2,2.421,1.0266304808752438,9.024103921978245,-4
213,771,Bangladesh,Ziaur Rahman,1979,1980,B,2032,43,1975-11-06,4167,0,1151,1516,personal,2,2.458,1.0300896823401224,9.051642954719489,-4
213,771,Bangladesh,Ziaur Rahman,1980,1981,B,2032,44,1975-11-06,4167,1,1516,2032,personal,2,2.464,1.0203743581248965,9.078180495536065,-4
214,771,Bangladesh,Ershad,1982,1983,B,3176,52,1982-03-27,7644,0,0,280,personal,2,2.498,1.013058642225647,9.131543130054752,-7
214,771,Bangladesh,Ershad,1983,1984,B,3176,53,1982-03-27,7644,0,280,645,personal,2,2.534,1.0183250281305256,9.158011278175692,-7
214,771,Bangladesh,Ershad,1984,1985,B,3176,54,1982-03-27,7644,0,645,1010,personal,2,2.6,1.0330578512396695,9.183531196045099,-7
214,771,Bangladesh,Ershad,1985,1986,B,3176,55,1982-03-27,7644,0,1010,1375,personal,2,2.648,1.036967418546366,9.209178196912283,-7
214,771,Bangladesh,Ershad,1986,1987,B,3176,56,1982-03-27,7644,0,1375,1740,personal,2,2.683,1.0348684718043661,9.233291762201292,-5
214,771,Bangladesh,Ershad,1987,1988,B,3176,57,1982-03-27,7644,0,1740,2105,personal,2,2.707,1.0275584573337382,9.2588551649011,-5
214,771,Bangladesh,Ershad,1988,1989,B,3176,58,1982-03-27,7644,0,2105,2470,personal,2,2.745,1.0255548083389374,9.282505951763808,-5
214,771,Bangladesh,Ershad,1989,1990,B,3176,59,1982-03-27,7644,1,2470,3176,personal,2,2.812,1.0342037513791835,9.307512998168201,-5
215,775,Myanmar,Ne Win,1958,1959,B,503,47,1958-10-29,-3579,0,0,64,parliamentary,4,1.808,1.060534960112623,7.756828704976505,1
215,775,Myanmar,Ne Win,1959,1960,B,503,48,1958-10-29,-3579,0,64,503,military,4,1.901,1.0758347481607244,7.768543448866086,1
216,775,Myanmar,Ne Win,1962,1963,B,9642,51,1962-03-02,6780,0,0,305,parliamentary,4,2.051,1.0529828524489169,7.801481332606868,-6
216,775,Myanmar,Ne Win,1963,1964,B,9642,52,1962-03-02,6780,0,305,670,military,4,2.091,1.0432049491119537,7.819976140156567,-6
216,775,Myanmar,Ne Win,1964,1965,B,9642,53,1962-03-02,6780,0,670,1035,military,4,2.083,1.0206781654253234,7.838614966353858,-7
216,775,Myanmar,Ne Win,1965,1966,B,9642,54,1962-03-02,6780,0,1035,1400,military,4,2.081,1.008822959084739,7.859065990191857,-7
216,775,Myanmar,Ne Win,1966,1967,B,9642,55,1962-03-02,6780,0,1400,1765,military,4,2.046,0.9882148377125192,7.879795521547037,-7
216,775,Myanmar,Ne Win,1967,1968,B,9642,56,1962-03-02,6780,0,1765,2130,military,4,2.026,0.9809237920015493,7.9007125641907,-7
216,775,Myanmar,Ne Win,1968,1969,B,9642,57,1962-03-02,6780,0,2130,2495,military,4,2.066,1.0027179188507085,7.923828719430627,-7
216,775,Myanmar,Ne Win,1969,1970,B,9642,58,1962-03-02,6780,0,2495,2860,military,4,2.11,1.021396069319392,7.946240988456659,-7
216,775,Myanmar,Ne Win,1970,1971,B,9642,59,1962-03-02,6780,0,2860,3225,military,4,2.142,1.030798845043311,7.968622431963535,-7
216,775,Myanmar,Ne Win,1971,1972,B,9642,60,1962-03-02,6780,0,3225,3590,military,4,2.158,1.027423347933727,7.990013566999532,-7
216,775,Myanmar,Ne Win,1972,1973,B,9642,61,1962-03-02,6780,0,3590,3955,military,4,2.153,1.0127951829899333,8.012782282636042,-7
216,775,Myanmar,Ne Win,1973,1974,B,9642,62,1962-03-02,6780,0,3955,4320,military,4,2.151,1.0038267687138323,8.036160970202701,-7
216,775,Myanmar,Ne Win,1974,1975,B,9642,63,1962-03-02,6780,0,4320,4685,military,4,2.2,1.0181414291003332,8.059318903393892,-9
216,775,Myanmar,Ne Win,1975,1976,B,9642,64,1962-03-02,6780,0,4685,5050,military,4,2.26,1.0346090459622779,8.082455697045555,-9
216,775,Myanmar,Ne Win,1976,1977,B,9642,65,1962-03-02,6780,0,5050,5415,military,4,2.344,1.0550954267194814,8.104862066065733,-9
216,775,Myanmar,Ne Win,1977,1978,B,9642,66,1962-03-02,6780,0,5415,5780,military,4,2.429,1.0668482080112438,8.12556737698644,-9
216,775,Myanmar,Ne Win,1978,1979,B,9642,67,1962-03-02,6780,0,5780,6145,military,4,2.514,1.0700604409636503,8.145196030991128,-9
216,775,Myanmar,Ne Win,1979,1980,B,9642,68,1962-03-02,6780,0,6145,6510,military,4,2.6,1.070223100353997,8.164346339545876,-9
216,775,Myanmar,Ne Win,1980,1981,B,9642,69,1962-03-02,6780,0,6510,6875,military,4,2.714,1.0768986588366003,8.184433415078681,-9
216,775,Myanmar,Ne Win,1981,1982,B,9642,70,1962-03-02,6780,0,6875,7240,military,4,2.822,1.0788286566251242,8.20548751587065,-9
216,775,Myanmar,Ne Win,1982,1983,B,9642,71,1962-03-02,6780,0,7240,7605,military,4,2.928,1.0782147591692444,8.227674767235568,-9
216,775,Myanmar,Ne Win,1983,1984,B,9642,72,1962-03-02,6780,0,7605,7970,military,4,3.01,1.069347733409123,8.248863971924708,-9
216,775,Myanmar,Ne Win,1984,1985,B,9642,73,1962-03-02,6780,0,7970,8335,military,4,3.078,1.0575865860362836,8.269618105927721,-9
216,775,Myanmar,Ne Win,1985,1986,B,9642,74,1962-03-02,6780,0,8335,8700,military,4,3.077,1.0315119007710358,8.288901410681378,-9
216,775,Myanmar,Ne Win,1986,1987,B,9642,75,1962-03-02,6780,0,8700,9065,military,4,3.015,0.9978157267672757,8.307064083644706,-9
216,775,Myanmar,Ne Win,1987,1988,B,9642,76,1962-03-02,6780,0,9065,9642,military,4,2.884,0.9572490706319703,8.326135102017881,-9
217,775,Myanmar,Saw Maung,1988,1989,B,1313,60,1988-09-18,8148,0,0,105,military,5,2.719,0.920259933662763,8.344046694733708,-4
217,775,Myanmar,Saw Maung,1989,1990,B,1313,61,1988-09-18,8148,0,105,470,military,4,2.667,0.9284918535022977,8.364853570631078,-4
217,775,Myanmar,Saw Maung,1990,1991,B,1313,62,1988-09-18,8148,0,470,835,military,4,2.586,0.9321606228822723,8.380947489814346,-5
217,775,Myanmar,Saw Maung,1991,1992,B,1313,63,1988-09-18,8148,0,835,1313,military,4,2.584,0.961309523809524,8.397878207926755,-5
218,775,Myanmar,Myint Swe,2021,2022,B,1565,70,2021-02-01,20224,0,0,334,dominant-party,4,2.585,0.9467350733458981,8.38941284887055,-5
218,775,Myanmar,Myint Swe,2022,2023,B,1565,71,2021-02-01,20224,0,334,699,dominant-party,4,2.584,0.961309523809524,8.397878207926755,-5
218,775,Myanmar,Myint Swe,2023,2024,B,1565,72,2021-02-01,20224,0,699,1064,dominant-party,4,NA,NA,NA,-5
218,775,Myanmar,Myint Swe,2024,2025,B,1565,73,2021-02-01,20224,0,1064,1565,dominant-party,4,NA,NA,NA,-5
219,781,Maldives,Waheed Hassan,2012,2013,B,649,59,2012-02-07,16026,0,0,649,presidential,NA,28.463,1.0254424141111367,3.7525347728430583,NA
220,800,Thailand,Sarit,1958,1959,B,1875,50,1958-10-20,-2216,0,0,73,military,0,3.036,1.0316705178741334,7.899081495594342,-7
220,800,Thailand,Sarit,1959,1960,B,1875,51,1958-10-20,-2216,0,73,438,military,0,3.191,1.0611199787177439,7.932107276204222,-7
220,800,Thailand,Sarit,1960,1961,B,1875,52,1958-10-20,-2216,0,438,803,military,0,3.408,1.097231165486156,7.968957454371292,-7
220,800,Thailand,Sarit,1961,1962,B,1875,53,1958-10-20,-2216,0,803,1168,military,0,3.565,1.1031004393836252,8.000691489152011,-7
220,800,Thailand,Sarit,1962,1963,B,1875,54,1958-10-20,-2216,0,1168,1875,military,0,3.729,1.101364522417154,8.031012699438627,-7
221,800,Thailand,Panyarachun,1991,1992,B,394,59,1991-03-07,8129,0,0,394,parliamentary,0,16.371,1.1696244855967077,8.70483822002333,-1
222,800,Thailand,Chulanont,2006,2007,B,497,63,2006-09-19,13907,0,0,104,parliamentary,1,27.17,1.0910332088503394,8.844459036107374,-5
222,800,Thailand,Chulanont,2007,2008,B,497,64,2006-09-19,13907,0,104,497,military,1,28.29,1.0861052243619276,8.851542032370546,-1
223,800,Thailand,Prayuth Chan-ocha,2014,2015,B,3379,60,2014-05-22,19591,0,0,224,parliamentary,1,34.071,1.0409906689398523,8.885826666245746,-3
223,800,Thailand,Prayuth Chan-ocha,2015,2016,B,3379,61,2014-05-22,19591,0,224,589,military,1,34.475,1.0305010372265697,8.887073538943637,-3
223,800,Thailand,Prayuth Chan-ocha,2016,2017,B,3379,62,2014-05-22,19591,0,589,954,military,1,35.338,1.0344544948918357,8.888279668547245,-3
223,800,Thailand,Prayuth Chan-ocha,2017,2018,B,3379,63,2014-05-22,19591,0,954,1319,military,1,36.58,1.0495509712219895,8.890641591104773,-3
223,800,Thailand,Prayuth Chan-ocha,2018,2019,B,3379,64,2014-05-22,19591,0,1319,1684,military,1,37.501,1.0536060461326666,8.894404493404892,-3
223,800,Thailand,Prayuth Chan-ocha,2019,2020,B,3379,65,2014-05-22,19591,0,1684,2049,military,1,37.955,1.0435856122387255,8.899184533838266,-3
223,800,Thailand,Prayuth Chan-ocha,2020,2021,B,3379,66,2014-05-22,19591,0,2049,2414,military,1,37.727999999999994,1.048595829185696,8.896794513621579,-3
223,800,Thailand,Prayuth Chan-ocha,2021,2022,B,3379,67,2014-05-22,19591,0,2414,2779,military,1,37.955,1.0435856122387255,8.899184533838266,-3
223,800,Thailand,Prayuth Chan-ocha,2022,2023,B,3379,68,2014-05-22,19591,0,2779,3379,military,1,NA,NA,NA,-3
224,811,Cambodia,Lon Nol,1970,1971,B,1849,57,1970-03-18,1925,0,0,289,other,5,2.119,0.9864072246531981,6.639017949609208,-9
224,811,Cambodia,Lon Nol,1971,1972,B,1849,58,1970-03-18,1925,0,289,654,personal,5,2.085,0.974572309993456,6.65382901425257,-9
224,811,Cambodia,Lon Nol,1972,1973,B,1849,59,1970-03-18,1925,0,654,1019,personal,5,2.04,0.9640831758034026,6.665052945639074,-5
224,811,Cambodia,Lon Nol,1973,1974,B,1849,60,1970-03-18,1925,0,1019,1384,personal,5,2.115,1.0052281368821294,6.674195163144731,-5
224,811,Cambodia,Lon Nol,1974,1975,B,1849,61,1970-03-18,1925,1,1384,1849,personal,5,2.04,0.9808635445715934,6.678841361079276,-5
225,811,Cambodia,Hun Sen,1997,1998,B,9543,45,1997-07-06,19591,0,0,179,dominant-party,2,3.185,1.0178970917225951,7.098882121876718,-7
225,811,Cambodia,Hun Sen,1998,1999,B,9543,46,1997-07-06,19591,0,179,544,dominant-party,0,3.258,1.0356007628734902,7.122163992432185,2
225,811,Cambodia,Hun Sen,1999,2000,B,9543,47,1997-07-06,19591,0,544,909,dominant-party,0,3.453,1.071029776674938,7.145428757780665,2
225,811,Cambodia,Hun Sen,2000,2001,B,9543,48,1997-07-06,19591,0,909,1274,dominant-party,0,3.666,1.0981308411214954,7.1664049606135665,2
225,811,Cambodia,Hun Sen,2001,2002,B,9543,49,1997-07-06,19591,0,1274,1639,dominant-party,0,3.881,1.1124806512641174,7.185357469689396,2
225,811,Cambodia,Hun Sen,2002,2003,B,9543,50,1997-07-06,19591,0,1639,2004,dominant-party,0,4.084,1.1132918983753135,7.202477263003888,2
225,811,Cambodia,Hun Sen,2003,2004,B,9543,51,1997-07-06,19591,0,2004,2369,dominant-party,0,4.334,1.1159748686785456,7.218738997078149,2
225,811,Cambodia,Hun Sen,2004,2005,B,9543,52,1997-07-06,19591,0,2369,2734,dominant-party,0,4.659,1.129509309542281,7.234658304971786,2
225,811,Cambodia,Hun Sen,2005,2006,B,9543,53,1997-07-06,19591,0,2734,3099,dominant-party,0,5.078,1.152205481938646,7.250276327456449,2
225,811,Cambodia,Hun Sen,2006,2007,B,9543,54,1997-07-06,19591,0,3099,3464,dominant-party,0,5.471,1.1578345890121053,7.265698917787084,2
225,811,Cambodia,Hun Sen,2007,2008,B,9543,55,1997-07-06,19591,0,3464,3829,dominant-party,0,5.861,1.1536039050505846,7.282691074055473,2
225,811,Cambodia,Hun Sen,2008,2009,B,9543,56,1997-07-06,19591,0,3829,4194,dominant-party,0,6.14,1.1283031349920982,7.299451360959112,2
225,811,Cambodia,Hun Sen,2009,2010,B,9543,57,1997-07-06,19591,0,4194,4559,dominant-party,0,6.258,1.0861566231602333,7.3149741816265506,2
225,811,Cambodia,Hun Sen,2010,2011,B,9543,58,1997-07-06,19591,0,4559,4924,dominant-party,0,6.448,1.0683279210020546,7.332007466212214,2
225,811,Cambodia,Hun Sen,2011,2012,B,9543,59,1997-07-06,19591,0,4924,5289,dominant-party,0,6.726,1.0698946966563803,7.349261692304125,2
225,811,Cambodia,Hun Sen,2012,2013,B,9543,60,1997-07-06,19591,0,5289,5654,dominant-party,0,7.063,1.0821204228588939,7.3660601184609,2
225,811,Cambodia,Hun Sen,2013,2014,B,9543,61,1997-07-06,19591,0,5654,6019,dominant-party,0,7.443,1.0965584300783782,7.381490686473785,2
225,811,Cambodia,Hun Sen,2014,2015,B,9543,62,1997-07-06,19591,0,6019,6384,dominant-party,0,7.788,1.0978910567271907,7.396423633457028,2
225,811,Cambodia,Hun Sen,2015,2016,B,9543,63,1997-07-06,19591,0,6384,6749,dominant-party,0,8.12,1.093161012385568,7.40840086151355,2
225,811,Cambodia,Hun Sen,2016,2017,B,9543,64,1997-07-06,19591,0,6749,7114,dominant-party,0,8.507,1.0928547570720177,7.422366528217525,2
225,811,Cambodia,Hun Sen,2017,2018,B,9543,65,1997-07-06,19591,0,7114,7479,dominant-party,0,8.976,1.0990840965861783,7.436677958737064,-4
225,811,Cambodia,Hun Sen,2018,2019,B,9543,66,1997-07-06,19591,0,7479,7844,dominant-party,0,9.442,1.1021875656619897,7.449228626462535,-4
225,811,Cambodia,Hun Sen,2019,2020,B,9543,67,1997-07-06,19591,0,7844,8209,dominant-party,0,9.816,1.094046053364838,7.45729937441465,-4
225,811,Cambodia,Hun Sen,2020,2021,B,9543,68,1997-07-06,19591,0,8209,8574,dominant-party,0,9.629000000000001,1.0981168095134137,7.453264000438592,-4
225,811,Cambodia,Hun Sen,2021,2022,B,9543,69,1997-07-06,19591,0,8574,8939,dominant-party,0,9.816,1.094046053364838,7.45729937441465,-4
225,811,Cambodia,Hun Sen,2022,2023,B,9543,70,1997-07-06,19591,0,8939,9543,dominant-party,0,NA,NA,NA,-4
226,812,Laos,Boun Oum,1960,1961,B,556,48,1960-12-13,-2750,0,0,19,personal,3,1.749,1.0203010150507525,5.4708368731613675,-4
226,812,Laos,Boun Oum,1961,1962,B,556,49,1960-12-13,-2750,0,19,556,personal,3,1.77,1.0218219605126428,5.486368312335864,-4
227,817,NA,Khanh,1964,1964,B,279,37,1964-01-30,-1884,0,0,279,military,7,1.564,0.9997443109179238,6.433055841667024,-3
228,817,NA,Van Thieu,1965,1966,B,3598,42,1965-06-14,1936,0,0,201,military,7,1.564,0.9987228607918263,6.433603859535514,-3
228,817,NA,Van Thieu,1966,1967,B,3598,43,1965-06-14,1936,0,201,566,military,7,1.581,1.007905138339921,6.433661697271761,-3
228,817,NA,Van Thieu,1967,1968,B,3598,44,1965-06-14,1936,0,566,931,military,7,1.586,1.0086491986771815,6.434788865021158,-3
228,817,NA,Van Thieu,1968,1969,B,3598,45,1965-06-14,1936,0,931,1296,military,7,1.581,1.0036820721178263,6.437780449321689,-3
228,817,NA,Van Thieu,1969,1970,B,3598,46,1965-06-14,1936,0,1296,1661,military,7,1.581,1.0015203344735841,6.441566762928349,-3
228,817,NA,Van Thieu,1970,1971,B,3598,47,1965-06-14,1936,0,1661,2026,military,7,1.582,0.9998735937302491,6.442888831792029,-3
228,817,NA,Van Thieu,1971,1972,B,3598,48,1965-06-14,1936,0,2026,2391,military,7,1.593,1.0053010223400227,6.442688244676054,-3
228,817,NA,Van Thieu,1972,1973,B,3598,49,1965-06-14,1936,0,2391,2756,military,7,1.595,1.0054210791729703,6.44225987241242,-3
228,817,NA,Van Thieu,1973,1974,B,3598,50,1965-06-14,1936,0,2756,3121,military,7,1.601,1.0066649899396378,6.442785359335907,-3
228,817,NA,Van Thieu,1974,1975,B,3598,51,1965-06-14,1936,1,3121,3598,military,7,1.606,1.006644101792654,6.443684416023508,-3
229,840,Philippines,Marcos,1976,1977,A,3344,55,1976-12-30,5899,0,0,2,personal,6,7.583,1.0814626772012892,8.437907313941128,-9
229,840,Philippines,Marcos,1977,1978,A,3344,56,1976-12-30,5899,0,2,367,personal,6,7.829,1.0751462550468291,8.4661156632231709,-9
229,840,Philippines,Marcos,1978,1979,A,3344,57,1976-12-30,5899,0,367,732,personal,6,8.052,1.0675080871824787,8.494589645206384,-9
229,840,Philippines,Marcos,1979,1980,A,3344,58,1976-12-30,5899,0,732,1097,personal,6,8.219,1.0553144500654836,8.521540727172253,-9
229,840,Philippines,Marcos,1980,1981,A,3344,59,1976-12-30,5899,0,1097,1462,personal,6,8.432,1.0509784369936435,8.549468301152011,-9
229,840,Philippines,Marcos,1981,1982,A,3344,60,1976-12-30,5899,0,1462,1827,personal,6,8.581,1.0435871865346726,8.576107551568587,-8
229,840,Philippines,Marcos,1982,1983,A,3344,61,1976-12-30,5899,0,1827,2192,personal,6,8.633,1.0297731230765559,8.604603888666919,-7
229,840,Philippines,Marcos,1983,1984,A,3344,62,1976-12-30,5899,0,2192,2557,personal,6,8.471,1.000448790627362,8.631943900881744,-6
229,840,Philippines,Marcos,1984,1985,A,3344,63,1976-12-30,5899,0,2557,2922,personal,6,8.058,0.9553052756372258,8.656919654901158,-6
229,840,Philippines,Marcos,1985,1986,A,3344,64,1976-12-30,5899,1,2922,3344,personal,6,7.668,0.9258409601313661,8.683420934753434,-6
231,850,Indonesia,Sukarno,1963,1964,A,806,62,1963-12-27,-1391,0,0,5,personal,3,3.42,0.9819121447028424,9.251483850814816,-5
231,850,Indonesia,Sukarno,1964,1965,A,806,63,1963-12-27,-1391,0,5,370,personal,3,3.386,0.9721504450186621,9.274089237667942,-5
231,850,Indonesia,Sukarno,1965,1966,A,806,64,1963-12-27,-1391,1,370,806,personal,8,3.45,0.9934919080804009,9.302673670718118,-5
230,850,Indonesia,Suharto,1966,1967,B,11758,45,1966-03-12,10367,0,0,295,personal,8,3.443,0.9995935431424922,9.331483179495104,-6
230,850,Indonesia,Suharto,1967,1968,B,11758,46,1966-03-12,10367,0,295,660,dominant-party,2,3.506,1.018889857599535,9.357378992387298,-7
230,850,Indonesia,Suharto,1968,1969,B,11758,47,1966-03-12,10367,0,660,1025,dominant-party,2,3.683,1.0542134188229906,9.381902334718488,-7
230,850,Indonesia,Suharto,1969,1970,B,11758,48,1966-03-12,10367,0,1025,1390,dominant-party,2,3.898,1.0839822024471635,9.403320094857408,-7
230,850,Indonesia,Suharto,1970,1971,B,11758,49,1966-03-12,10367,0,1390,1755,dominant-party,2,4.129,1.1064365721635672,9.425189943130736,-7
230,850,Indonesia,Suharto,1971,1972,B,11758,50,1966-03-12,10367,0,1755,2120,dominant-party,2,4.356,1.1128142244022072,9.44721860918311,-7
230,850,Indonesia,Suharto,1972,1973,B,11758,51,1966-03-12,10367,0,2120,2485,dominant-party,2,4.663,1.1247527618312512,9.471432982080042,-7
230,850,Indonesia,Suharto,1973,1974,B,11758,52,1966-03-12,10367,0,2485,2850,dominant-party,2,5.05,1.1427407675597392,9.498050844024691,-7
230,850,Indonesia,Suharto,1974,1975,B,11758,53,1966-03-12,10367,0,2850,3215,dominant-party,2,5.371,1.1394204251347109,9.525688193839214,-7
230,850,Indonesia,Suharto,1975,1976,B,11758,54,1966-03-12,10367,0,3215,3580,dominant-party,4,5.577,1.114642043410481,9.551181550855164,-7
230,850,Indonesia,Suharto,1976,1977,B,11758,55,1966-03-12,10367,0,3580,3945,dominant-party,9,5.87,1.106253062455241,9.57692957681064,-7
230,850,Indonesia,Suharto,1977,1978,B,11758,56,1966-03-12,10367,0,3945,4310,dominant-party,9,6.161,1.0990402797102998,9.602413405219336,-7
230,850,Indonesia,Suharto,1978,1979,B,11758,57,1966-03-12,10367,0,4310,4675,dominant-party,9,6.396,1.0886808510638297,9.62562959835258,-7
230,850,Indonesia,Suharto,1979,1980,B,11758,58,1966-03-12,10367,0,4675,5040,dominant-party,9,6.666,1.0867297032931202,9.649033851891964,-7
230,850,Indonesia,Suharto,1980,1981,B,11758,59,1966-03-12,10367,0,5040,5405,dominant-party,9,7.007,1.0914330218068535,9.672719319573982,-7
230,850,Indonesia,Suharto,1981,1982,B,11758,60,1966-03-12,10367,0,5405,5770,dominant-party,9,7.283,1.086593262316116,9.698586466018842,-7
230,850,Indonesia,Suharto,1982,1983,B,11758,61,1966-03-12,10367,0,5770,6135,dominant-party,9,7.341,1.0579944080938517,9.722384413170102,-7
230,850,Indonesia,Suharto,1983,1984,B,11758,62,1966-03-12,10367,0,6135,6500,dominant-party,9,7.462,1.0433736961324422,9.745256183008403,-7
230,850,Indonesia,Suharto,1984,1985,B,11758,63,1966-03-12,10367,0,6500,6865,dominant-party,9,7.649,1.0409068640792554,9.766654200151992,-7
230,850,Indonesia,Suharto,1985,1986,B,11758,64,1966-03-12,10367,0,6865,7230,dominant-party,9,7.762,1.0350161346241034,9.78637823363164,-7
230,850,Indonesia,Suharto,1986,1987,B,11758,65,1966-03-12,10367,0,7230,7595,dominant-party,9,7.903,1.036676548521657,9.80374102668463,-7
230,850,Indonesia,Suharto,1987,1988,B,11758,66,1966-03-12,10367,0,7595,7960,dominant-party,9,8.088,1.0405516673528201,9.8201602356015,-7
230,850,Indonesia,Suharto,1988,1989,B,11758,67,1966-03-12,10367,0,7960,8325,dominant-party,9,8.381,1.0533393660608803,9.837016605465683,-7
230,850,Indonesia,Suharto,1989,1990,B,11758,68,1966-03-12,10367,0,8325,8690,dominant-party,9,8.815,1.0763388605338347,9.855052590275028,-7
230,850,Indonesia,Suharto,1990,1991,B,11758,69,1966-03-12,10367,0,8690,9055,dominant-party,9,9.316,1.0959226407547702,9.872176281117097,-7
230,850,Indonesia,Suharto,1991,1992,B,11758,70,1966-03-12,10367,0,9055,9420,dominant-party,9,9.872,1.109911854650117,9.889179934982126,-7
230,850,Indonesia,Suharto,1992,1993,B,11758,71,1966-03-12,10367,0,9420,9785,dominant-party,7,10.403,1.111740440720713,9.906062883522708,-7
230,850,Indonesia,Suharto,1993,1994,B,11758,72,1966-03-12,10367,0,9785,10150,dominant-party,2,10.983,1.1118872623458664,9.922664199633854,-7
230,850,Indonesia,Suharto,1994,1995,B,11758,73,1966-03-12,10367,0,10150,10515,dominant-party,0,11.607,1.1121864280101952,9.938087606868685,-7
230,850,Indonesia,Suharto,1995,1996,B,11758,74,1966-03-12,10367,0,10515,10880,dominant-party,0,12.253,1.1115243659058747,9.95377388260524,-7
230,850,Indonesia,Suharto,1996,1997,B,11758,75,1966-03-12,10367,0,10880,11245,dominant-party,0,12.702,1.0959826050942223,9.96868448187544,-7
230,850,Indonesia,Suharto,1997,1998,B,11758,76,1966-03-12,10367,0,11245,11758,dominant-party,1,12.611,1.0481913691069886,9.981355497125788,-7
232,950,Fiji,Rabuka,1987,1987,B,205,39,1987-05-14,6547,0,0,205,dominant-party,0,12.435,0.9959473313256872,4.340957213712896,-1
